de aamnaak(8,1)
luxe luyk(4,1)
grootste kraakpand(4,1)
westberlijnse krakers(3,1)
krakers verdreven(2,1)
krakers eisen(2,1)
piersonstraat in(2,1)
tegen politiegeweld(2,1)
zaanse krakers(1,1)
naamloos gedagvaard(1,1)
voormalige hotels(1,1)
zaanstad willen(1,1)
veertien gekraakte(1,1)
krakers daar(1,1)
geruchtmakende ontruiming(1,1)
gekraakt van(1,1)
tank kun(1,1)
kraakster van(1,1)
onder plein(1,1)
1981 lijkt(1,1)
commandant favre(1,1)
leegstandswet gaat(1,1)
wethouder nieuwenhuijse(1,1)
de stadsoorlog(1,1)
westberlijnse kraakbeweging(1,1)
mohr voorzitter(1,1)
verkiezingen 81(1,1)
de bagwhan(1,1)
leegstandswet wordt(1,1)
jonker frits(1,1)
tejo willemsen(1,1)
anonieme krakers(3,2)
tegen woningnood(2,2)
leegstandswet in(2,2)
anoniem gedagvaard(1,2)
aktiegroep cool(1,2)
piersonstraat te(1,2)
pand weteringschans(1,2)
politie ongemoeid(1,2)
kraken strafbaar(1,2)
coerver goebbels(1,2)
en braakgas(1,2)
notaris slis(1,2)
actiegroep dodewaard(1,2)
geen dictaten(1,2)
minlijn voor(1,2)
gekraakte grand(1,2)
krakers moeten(13,3)
nijmeegse krakers(9,3)
eredivisie eredivisie(5,3)
de piersonstraat(4,3)
groninger krakers(3,3)
baulig in(2,3)
kraakpand van(2,3)
krakers kunnen(1,3)
krakers eruit(1,3)
legale bewoners(1,3)
woonoord vaassen(1,3)
krakers ook(1,3)
krakers maar(1,3)
blauwe aanslag(1,3)
anonieme dagvaarding(1,3)
groenburgwal in(1,3)
huis gekraakt(1,3)
gronings model(1,3)
landelijke kraakdag(1,3)
politiegeweld in(1,3)
zigeuners nu(1,3)
marcus plooijer(1,3)
voor zaanstad(1,3)
de botenmakersstraat(1,3)
twee kraakpanden(1,3)
dodewaard worden(1,3)
de kraakster(3,4)
honderd krakers(2,4)
tegen leegstand(2,4)
gekraakt huis(2,4)
aan krakers(1,4)
westberlijnse wijk(1,4)
dodewaard gaat(1,4)
lucky luyk(1,4)
bij ontruimingen(1,4)
voorjaar 1981(1,4)
zonder pistool(1,4)
grote wetering(13,5)
krakers willen(5,5)
krakers of(3,5)
nijmeegse raad(3,5)
krakers tegen(2,5)
krakersrellen in(2,5)
jongeren nodig(1,5)
op krakers(1,5)
anoniem dagvaarden(1,5)
ongemoeid werd(1,5)
abnormaal gedrag(1,5)
panden gekraakt(1,5)
ontruimde pand(1,5)
geweldloze blokkade(1,5)
kraakactie van(1,5)
voorlopig ongemoeid(1,5)
tegen banken(1,5)
krakers aan(4,6)
krakers bij(3,6)
kraakactie in(3,6)
ben hietbrink(2,6)
zaakjes zelf(2,6)
krakers geen(1,6)
actiegroep cool(1,6)
vijf krakers(1,6)
krakers voor(1,6)
amsterdamse vijzelstraat(1,6)
een ontruimingsbevel(1,6)
slepen tegen(1,6)
amsterdamse kraakbeweging(1,6)
harmoniezaal coerver(1,6)
gemeenschap ongeveer(1,6)
doeve in(1,6)
zaanstad zijn(1,6)
amsterdam huilt(1,6)
amsterdamse toestanden(1,6)
bij freek(1,6)
tegen ontruiming(4,7)
als krakers(2,7)
groninger herestraat(1,7)
zeven krakers(1,7)
voor woongroepen(1,7)
tientallen krakers(1,7)
criminele vereniging(1,7)
jongeren wilden(1,7)
rookbommen naar(1,7)
nijmegen nu(1,7)
keihard optreden(1,7)
slooppanden in(1,7)
bart tammeling(1,7)
de huizenhandel(1,7)
lex hendriks(1,7)
linton kwesi(1,7)
amsterdamse krakers(2,8)
door marisca(2,8)
minister wiegel(2,8)
krakers er(1,8)
illegale bewoners(1,8)
plein 44(1,8)
voorlichtingsprojekt delinkwentie(1,8)
wethouder wallage(1,8)
jan hensema(1,8)
singel 445(3,9)
om krakers(2,9)
jim postma(2,9)
meer woningbouw(1,9)
en wooneenheden(1,9)
nodig mee(1,9)
eerste krans(1,9)
weteringschans 89(1,9)
eenheid achter(1,9)
kraakpand de(1,9)
kraken het(1,9)
koopt twee(1,9)
in rellen(1,9)
brouwer cpn(1,9)
gerenoveerde huizen(1,9)
hand amsterdam(1,9)
regering politieke(1,9)
alternatieve lijst(1,9)
verslaggeefster greetje(1,9)
krakers niet(5,10)
traangas uit(2,10)
krakers werden(2,10)
marisca milikowski(2,10)
zijn bouwers(1,10)
groninger rechtbankpresident(1,10)
aantal krakers(1,10)
voor woongroep(1,10)
burgemeester polak(1,10)
arrestaties bij(1,10)
wethouder barmentloo(1,10)
het berenei(1,10)
in eksit(1,10)
redactie jan(1,10)
voor krakers(15,11)
tussen krakers(2,11)
het osl(2,11)
die krakers(1,11)
bv tegen(1,11)
feiten meningen(1,11)
89 dat(1,11)
frits diderich(1,11)
gewelddadige ontruiming(1,11)
geboeid afgevoerd(1,11)
relschoppers in(1,11)
de leegstandswet(1,11)
politieoptreden bij(1,11)
optreden nodig(1,11)
van wraking(1,11)
gemeenteraad zegt(1,11)
karwei over(1,11)
milieuorganisaties in(1,11)
bij stadsvernieuwing(1,11)
nijmeegse binnenstad(2,12)
langdurige leegstand(2,12)
van kraakpanden(1,12)
laurens meerten(1,12)
de hondstraat(1,12)
rubberkogels en(1,12)
wachter sions(1,12)
tegen krakers(18,13)
met krakers(5,13)
tom hendriks(5,13)
krakers met(4,13)
oude rkz(3,13)
stadsvernieuwing niet(1,13)
thewis wits(1,13)
van falend(1,13)
door rellen(1,13)
tribunaal over(1,13)
naar woensdrecht(1,13)
harry wubs(1,13)
wim bisschop(1,13)
nora salomons(1,13)
gekraakt pand(7,14)
tijdelijke verhuur(3,14)
kraakpanden in(2,14)
geen ontruiming(2,14)
laatste pand(1,14)
te rechte(1,14)
nederlandse tafelvoetbalbond(1,14)
nieuwe veste(1,14)
voor marga(1,14)
met rubberkogels(1,14)
in beijum(1,14)
fred soeteman(1,14)
en leegstand(1,14)
in oosterpoort(1,14)
peter slavenburg(1,14)
andere behuizing(2,15)
tegen langdurige(2,15)
rechter slepen(1,15)
honderden amsterdamse(1,15)
gezelligheid troef(1,15)
gedegen aanpak(1,15)
politie groningen(1,15)
a'dam nog(1,15)
kamer cda(1,15)
ina brouwer(1,15)
stadsvernieuwing op(1,15)
over ontruiming(3,16)
1980 was(2,16)
tante da(1,16)
groep krakers(1,16)
jan diederen(1,16)
groningen weinig(1,16)
voor geweldloze(1,16)
jongeren aangehouden(1,16)
christelijke politiebond(1,16)
jos haagmans(1,16)
op vingers(1,16)
belastinggeld in(1,16)
hevige rellen(3,17)
grimmige sfeer(2,17)
perry sport(2,17)
kraken is(2,17)
jan beijert(2,17)
krakers te(1,17)
george taylor(1,17)
kraker in(1,17)
kost miljoen(1,17)
het multifunctioneel(1,17)
onder brief(1,17)
polak wil(1,17)
oude troep(1,17)
radio stad(1,17)
krakers op(5,18)
en krakers(4,18)
krakers zijn(2,18)
sweelinck conservatorium(2,18)
van nijmeegse(2,18)
bij politiebureau(1,18)
van bne(1,18)
met meterkast(1,18)
hof leeuwarden(1,18)
westduitse consulaat(1,18)
in bijlmer(1,18)
ingegooid bij(1,18)
in bondsrepubliek(1,18)
wiegel voor(1,18)
terrorist in(1,18)
aantal kerncentrales(1,18)
van krakers(9,19)
cees koring(3,19)
door krakers(1,19)
van adriani(1,19)
de groenburgwal(1,19)
aangestoken brand(1,19)
overbodig van(1,19)
multifunctioneel centrum(1,19)
smidter boys(1,19)
snel gebroken(1,19)
weekeinde vol(1,19)
bivakmutsen en(1,19)
over christenen(1,19)
in container(1,19)
gooit hoge(1,19)
jan eijkelboom(2,20)
tegen groninger(1,20)
gekraakte panden(1,20)
kraakpand aan(1,20)
impasse rond(1,20)
cpn wil(1,20)
schutte een(1,20)
leegstand is(1,20)
kerncentrales is(1,20)
krakers uit(7,21)
krakers de(3,21)
de kraakactie(1,21)
gemeente koopt(1,21)
barricade te(1,21)
gekraakte pand(1,21)
en rassendiscriminatie(1,21)
ernstige rellen(1,21)
foto achter(1,21)
keiharde muziek(1,21)
kraker en(1,21)
voor rellen(1,21)
aly knol(1,21)
een tweekamerwoning(1,21)
politieman kan(1,21)
cda van(1,21)
en zaanstad(1,21)
steve miller(1,21)
promoveert op(1,21)
kraakpand in(8,22)
cda en(3,22)
heerlen organiseert(2,22)
henk schaaf(2,22)
massaal achter(1,22)
vrijwillig vertrek(1,22)
de woonkrant(1,22)
gingen duizenden(1,22)
opkomende fascisme(1,22)
in zaanstad(1,22)
vermoedelijk aangestoken(1,22)
voor 1981(1,22)
van cda(1,22)
opzadelen met(1,22)
de pineut(1,22)
ontruiming de(1,22)
krakers en(18,23)
van frigge(3,23)
rellen rond(2,23)
op ontruiming(2,23)
politie voert(1,23)
onlusten tussen(1,23)
weer verbeteren(1,23)
verbale en(1,23)
volgens justitie(1,23)
zijn stukgelopen(1,23)
in kraag(1,23)
verslaggever harry(1,23)
soepel verlopen(1,23)
progressieve samenwerking(1,23)
vvd willen(1,23)
tot rellen(2,24)
verslaggever ben(2,24)
het gekraakte(1,24)
een kraakpand(1,24)
dienst herhuisvesting(1,24)
ook pvda(1,24)
buurt wil(1,24)
stinken en(1,24)
hans werkman(1,24)
krakers in(22,25)
sympathisanten in(2,25)
in gerestaureerd(1,25)
gerestaureerd pand(1,25)
van bouwvergunning(1,25)
houden open(1,25)
westland utrecht(1,25)
krakers die(1,25)
en vooruitlopend(1,25)
eerste heerlense(1,25)
tel 045(1,25)
vijf jongeren(1,25)
roerige jaren(1,25)
opspraak door(1,25)
krakers van(10,26)
oude politiebureau(4,26)
kamervragen over(2,26)
van omstreden(2,26)
herestraat in(1,26)
de stadsvernieuwing(1,26)
opknappen als(1,26)
den uyls(1,26)
bezetters het(1,26)
als herdenking(1,26)
de woonomstandigheden(1,26)
brandjes in(1,26)
naar az(1,26)
jaar ongeslagen(1,26)
koploper uit(1,26)
brandveiligheid van(1,26)
vonhoff van(1,26)
wil open(1,26)
alle inkomensgroepen(1,26)
plaatselijk vlak(1,26)
neil young(1,26)
verslaggevers nijmegen(2,27)
hotel baulig(1,27)
brede steun(1,27)
volgens politie(1,27)
spandoek van(1,27)
van yes(1,27)
opgezadeld met(1,27)
drugs in(1,27)
wiegel in(1,27)
na kritiek(1,27)
meer acties(1,27)
elseviers magazine(1,27)
agt voor(1,27)
ombudsman van(1,27)
een kraker(2,28)
forse klappen(2,28)
de varenbeuk(2,28)
bij rellen(2,28)
falend beleid(2,28)
stan huygens(2,28)
lagere straffen(1,28)
bouwvakkers op(1,28)
pand al(1,28)
verslaggever wim(1,28)
vol geweld(1,28)
weer troef(1,28)
en speelruimte(1,28)
top vijf(1,28)
menselijke behandeling(1,28)
the ex(1,28)
leo derksen(2,29)
weken cel(1,29)
parkeergarage onder(1,29)
wellicht nodig(1,29)
perikelen rond(1,29)
onrust binnen(1,29)
luxe appartement(1,30)
verlaat onder(1,30)
bemiddelt in(1,30)
verslaggevers arnhem(1,30)
de haalbaarheid(1,30)
haalbaarheid van(1,30)
met traangasgranaten(1,30)
en rellen(1,30)
mr overdiep(4,31)
onrust rond(2,31)
ig metall(1,31)
harde aanpak(1,31)
escalatie van(1,31)
in sporthal(1,31)
zijn doodsbang(1,31)
veel tumult(1,31)
parkeergarage in(1,31)
voor eerstejaars(1,31)
worden gediscrimineerd(1,31)
barricades in(2,32)
nico scheepmaker(2,32)
helmut schmidt(1,32)
op aswoensdag(1,32)
bij provincie(1,32)
pvda toch(1,32)
luxe appartementen(1,32)
abnormale situatie(1,32)
kijkers over(1,32)
door ale(2,33)
demonstreren bij(1,33)
gisterochtend na(1,33)
vrijblijvend gesprek(1,33)
kwalificatietoernooi voor(1,33)
vanaf 21.00(1,33)
afgang van(1,33)
tegen verdachten(1,33)
rellen in(14,34)
bij ontruiming(9,34)
groningen koopt(3,34)
pand grote(2,34)
weer treffen(1,34)
dokwerker op(1,34)
de oproerpolitie(1,34)
op beleid(1,34)
sporthal de(1,34)
politie beter(1,35)
van complex(1,35)
lijkt onvermijdelijk(1,35)
een westberlijnse(1,35)
herman wigbold(1,35)
vrijdag verwacht(1,35)
ervan staan(1,35)
het kwalificatietoernooi(1,35)
pvda cpn(1,35)
psp in(1,35)
lege huizen(1,35)
verslaggevers groningen(3,36)
maakt rare(1,36)
demonstratie tot(1,36)
gerard bakker(1,36)
veel gebouwen(1,36)
hele binnenstad(1,36)
pal na(1,36)
hotel hofman(1,36)
maanden cel(2,37)
leuks voor(1,37)
en betogers(1,37)
drie kantoren(1,37)
getrokken pistool(1,37)
rel om(1,37)
miljoen schade(1,37)
de krakers(16,38)
mobiele eenheid(5,38)
tilburgse politie(1,38)
intensiever met(1,38)
voorwaardelijke boete(1,38)
open dag(1,38)
tegen beschuldigingen(1,38)
jan knol(1,38)
binnen gegooid(1,38)
lange mars(1,38)
vroegere uitspraken(1,38)
voor spd(1,38)
en sympathisanten(2,39)
westduitse steden(2,39)
forse nederlaag(2,39)
houden grote(1,39)
verf over(1,39)
bedrijfspand van(1,39)
met verbouwing(1,39)
politieagenten gewond(1,39)
meter rond(1,39)
aan menselijk(1,39)
in harmoniezaal(1,39)
een zaanse(1,39)
vreedzame demonstratie(1,39)
mag maximaal(1,39)
bne akiwa(1,40)
rassendiscriminatie en(1,40)
complete oorlog(1,40)
nijmeegse politie(1,40)
het hoensbroekse(1,40)
diverse ruiten(1,40)
linkse meerderheid(1,40)
toch normaal(1,40)
conflict rond(1,41)
zal john(1,41)
joop wolff(1,41)
in westduitse(2,42)
is vrijblijvend(1,42)
losse stenen(1,42)
aanvang 10.00(1,42)
de voorrondes(1,42)
open nederlandse(1,42)
fors op(1,42)
wel oorlog(1,42)
het westberlijnse(1,42)
hannie schaft(1,42)
hand gelopen(1,42)
luxe flats(2,43)
van barricades(2,43)
zwart geld(2,43)
rechtbank af(1,43)
nijmegen dinsdag(1,43)
noord amsterdam(1,43)
incident ontstond(1,43)
utrecht zonder(1,43)
honderden agenten(1,43)
schaaktoernooi te(1,43)
start terwijl(1,43)
zeer fors(1,43)
open gesprek(1,43)
wilma van(1,43)
andere tekst(1,43)
henk hoekstra(1,43)
freek de(1,43)
van neil(1,43)
groningse politie(2,44)
arnhemse politie(1,44)
de westberlijnse(1,44)
de slopershamer(1,44)
politie gebruikte(1,44)
duitse jongeren(1,44)
verslaggevers amsterdam(6,45)
parlementaire redactie(3,45)
arnhem vrijdag(2,45)
de herestraat(1,45)
afgelopen vrijdag(1,45)
groningen opnieuw(1,45)
vanaf 20.00(1,45)
spullen uit(1,45)
in kro(1,45)
met acties(1,45)
pvda voor(1,45)
helemaal echt(1,45)
wonder door(1,45)
marten toonder(5,46)
nijmegen donderdag(2,46)
moeten eruit(1,46)
klem tussen(1,46)
grote manifestatie(1,46)
pand verlaten(1,46)
geding om(1,46)
correspondent nijmegen(1,46)
standbeeld de(1,46)
een waterkanon(1,46)
ontruiming is(1,46)
schade na(1,46)
een stroman(1,46)
massaal protest(1,46)
bondsrepubliek en(1,46)
bouw meer(1,46)
pvda te(1,46)
wonen alleen(1,46)
west berlijn(29,47)
ton schade(2,47)
twee groninger(1,47)
jaarlijkse herdenking(1,47)
handen staat(1,47)
russen toch(1,47)
koninginnedag werd(1,47)
profiteurs van(1,47)
tv door(1,47)
spd in(1,47)
kraken in(1,47)
van voorpagina(1,47)
de alternatieven(1,47)
pand om(1,47)
greetje van(1,47)
betoging tegen(3,48)
van lucky(2,48)
tegen politie(2,48)
per tegen(1,48)
barricades van(1,48)
weer stuk(1,48)
venray heeft(1,48)
bocholtz de(1,48)
de koploper(1,48)
en pvda(1,48)
diplomatieke status(1,48)
rechtsstaat en(1,48)
groepen jongeren(1,48)
ouders blijven(1,48)
voorlopige balans(1,48)
tussen gemeente(1,48)
nieuwe doorbraak(1,48)
de dokwerker(3,49)
en vvd(2,49)
op justitie(1,49)
aan menselijke(1,49)
het westduitse(1,49)
een kamerdebat(1,49)
geen inschrijfgeld(1,49)
omgetoverd tot(1,49)
tegen luxe(1,49)
op ruiten(1,49)
bij vechtpartijen(1,49)
vechtpartijen op(1,49)
europese steden(1,49)
hoge ogen(1,49)
onze verslaggeefster(2,50)
barricade op(1,50)
door karei(1,50)
kleine kruisstraat(1,50)
door lex(1,50)
de pvda(1,50)
grote kerkstraat(2,51)
met verontrusting(2,51)
voorlopig blijven(1,51)
de februaristaking(1,51)
onenigheid over(1,51)
helft bezet(1,51)
aantal europese(1,51)
felle reacties(1,51)
open huis(2,52)
waarnemers bij(2,52)
uit voormalige(1,52)
amsterdamse grachten(1,52)
anp op(1,52)
goedkope woningen(1,52)
mensen dakloos(1,52)
rumoer rond(1,52)
demonstreren in(1,52)
iedereen staat(1,52)
eredoctoraat in(1,52)
cpn en(1,52)
koud stromend(1,52)
amsterdam wenst(1,53)
vereniging uit(1,53)
hoge graad(1,53)
moment niemand(1,53)
betogingen in(1,53)
bosch woensdag(1,53)
gemiste kans(1,53)
problemen rond(1,53)
jongens vinden(1,53)
11.000 voor(1,53)
ontruiming op(3,54)
200 mensen(1,54)
onder dreiging(1,54)
in panden(1,54)
voor groninger(1,54)
hoofdstad na(1,54)
in schinveld(1,54)
duitse bezetters(1,54)
verschillende groeperingen(1,54)
door zaterdag(1,54)
weekeinde voor(1,54)
in burgemeester(1,54)
alsnog geslaagd(1,54)
kamer tegemoet(1,54)
kraakt in(1,54)
onze reactie(1,54)
grote bevoegdheden(1,54)
sfeer rond(2,55)
utrechtse rechtbank(1,55)
alleen gesteund(1,55)
de spd(1,55)
kransen bij(1,55)
wilhelmina fonds(1,55)
vrezen het(1,55)
deelnemende verenigingen(1,55)
tribunaal in(1,55)
hier helemaal(1,55)
in gemeenteraad(1,55)
nederlands geld(1,55)
in houthem(1,56)
vrijdag stond(1,56)
verenigingen zijn(1,56)
organiserende vereniging(1,56)
district heerlen(1,56)
te einighausen(1,56)
pistool de(1,56)
straatgevechten in(2,57)
door cees(2,57)
beroep vrijgesproken(1,57)
ambassade om(1,57)
over toekomst(1,57)
tanks door(1,57)
juichend in(1,57)
blijft waarschijnlijk(1,57)
met paneermeel(1,57)
tien mensen(1,57)
voor menselijke(1,57)
ruzie tussen(1,57)
geen coalitie(1,57)
duitse jeugd(2,58)
blokkade voor(1,58)
gesprek tussen(1,58)
van westland(1,58)
februari 1941(1,58)
nederlandse kampioenschappen(1,58)
heren aan(1,58)
de knokploeg(1,58)
geen doden(1,58)
flats aan(1,58)
de cpn(1,58)
wel gewenst(1,58)
sociale dienst(2,59)
op brede(1,59)
niet akkoord(1,59)
hilversum maandag(1,59)
stenen in(1,59)
spanning na(1,59)
volt van(1,59)
dr nolensstraat(1,59)
marga en(1,59)
groots opgezet(1,59)
mensen nodig(1,59)
beheersen de(1,59)
door marten(5,60)
duitse steden(3,60)
onze verslaggevers(1,60)
ook laatste(1,60)
flats te(1,60)
protestantse kerken(1,60)
troef op(1,60)
de organiserende(1,60)
niet mals(1,60)
aantal duitse(1,60)
jaren 60(1,60)
ter attentie(1,60)
massaal verzet(1,60)
telefoon staat(1,60)
door tom(5,61)
zover bekend(2,61)
tientallen gewonden(2,61)
politie verrichtte(1,61)
de lufthansa(1,61)
de betogers(1,61)
in hele(1,61)
tweede grote(1,61)
drie delen(1,61)
wij vrezen(1,61)
advocaten aan(1,61)
dode en(1,61)
grote haast(1,61)
de zaanse(1,61)
meningen van(1,61)
met dodelijke(4,62)
met stenen(3,62)
voormalig hotel(2,62)
bossche hof(1,62)
mensen werden(1,62)
is doorbroken(1,62)
weinig verzet(1,62)
duizenden mensen(1,62)
van traangas(1,62)
traangas en(1,62)
met gevolgen(1,62)
kranslegging bij(1,62)
doden zijn(1,62)
van geertsema(1,62)
belangrijkste doel(1,62)
meer mensen(1,62)
in susteren(1,62)
zijn levensgevaarlijk(1,62)
stromend water(1,62)
van zigeuners(1,62)
in hoger(5,63)
hoge raad(2,63)
op wethouder(1,63)
beat van(1,63)
geen enthousiasme(1,63)
huisraad op(1,63)
huurder wordt(1,63)
belendende percelen(1,63)
mensen hebben(1,63)
andere uitslag(1,63)
amsterdamse rechtbank(1,63)
gespannen sfeer(1,63)
agressie tegen(1,63)
het groningse(1,63)
van leegstaande(1,63)
kraak in(1,63)
maar deels(1,63)
hoger beroep(6,64)
met traangas(3,64)
in cijfer(2,64)
lees voor(1,64)
een spandoek(1,64)
spektakel in(1,64)
agenten gewond(1,64)
bij raad(1,64)
vijfde keer(1,64)
in binnenstad(1,64)
de onbetaalbare(1,64)
lekkage en(1,64)
voor ontruiming(2,65)
oud strijders(2,65)
noordwijk heeft(1,65)
rechter tegen(1,65)
wijken weten(1,65)
de holz(1,65)
eervolle tweede(1,65)
21.00 uur(1,65)
utrecht donderdag(1,65)
en televisie(1,65)
sleep in(1,65)
gratis wonen(1,65)
wensen over(2,66)
geding aan(1,66)
uiteindelijk is(1,66)
bezetten dan(1,66)
haag vrijdag(1,66)
lens op(1,66)
proef schrift(1,66)
politie treedt(3,67)
veel problemen(2,67)
barricaden op(1,67)
de winkelende(1,67)
acties met(1,67)
zo nodig(1,67)
gaat dicht(1,67)
de groningse(1,67)
ach tergrond(1,67)
dergelijke gevaarlijke(1,67)
19.00 uur(1,67)
37 heerlen(1,67)
drie laar(1,67)
problemen meer(1,67)
gewoon weer(1,67)
zo mag(3,68)
kraak van(2,68)
in delfshaven(1,68)
in lege(1,68)
snelle actie(1,68)
bloemen gelegd(1,68)
paniek door(1,68)
jonas daniel(1,68)
limburg zeeland(1,68)
geen nieuwbouw(1,68)
met reserves(1,68)
bij praten(1,69)
milde straf(1,69)
speculatie met(1,69)
een hoge(1,69)
duizenden amsterdammers(1,69)
december vorig(1,69)
met jongeren(1,69)
20.00 uur(1,69)
groningen vrijdag(1,69)
haag woensdag(1,69)
door joop(1,69)
aandelen in(1,69)
zw de(2,70)
acties werden(1,70)
met helmen(1,70)
plaats beslag(1,70)
panden niet(1,70)
ontslag na(1,70)
nodig voor(1,70)
nationaal kabinet(1,70)
past beter(2,71)
in a'dam(2,71)
dertig maanden(2,71)
appartement in(1,71)
maand uitstel(1,71)
van overvallen(1,71)
zoekt contact(1,71)
sowjet unie(1,71)
enig juiste(1,71)
reisbureau in(1,71)
drukt zwaar(1,71)
festival in(1,71)
ontruiming in(6,72)
iets leuks(1,72)
mr paulussen(1,72)
hoensbroek op(1,72)
heerlen tel(1,72)
tegen optreden(1,72)
in politie(1,72)
poging nog(1,72)
op politie(4,73)
met eigenaar(2,73)
van vakbeweging(1,73)
met groep(1,73)
in plannen(1,73)
akkoord met(1,73)
staking ook(1,73)
gevaarlijke situaties(1,73)
in amstelveen(1,73)
in treebeek(1,73)
prijs omhoog(1,73)
om luxe(1,73)
nou doen(1,73)
haag zaterdag(1,73)
10.00 uur(1,73)
vrijkomen voor(1,73)
optreden over(1,73)
rotterdam krijgt(1,73)
groep jongeren(1,73)
lust geen(1,73)
maakt plannen(1,73)
zuid noord(1,73)
ons uiterlijk(1,73)
staatkundig gereformeerde(1,73)
situaties te(1,74)
tafels vanaf(1,74)
redelijk overleg(1,74)
de kraak(1,74)
dan wettelijk(1,74)
heer bommel(15,75)
er woensdagavond(1,75)
dinsdagavond uit(1,75)
de illegale(1,75)
georganiseerd het(1,75)
feest ging(1,75)
schaesberg en(1,75)
mei vanaf(1,75)
radio en(1,75)
hervormde synode(1,75)
van lege(1,75)
gereformeerde partij(1,75)
door henk(7,76)
ze bedoelen(2,76)
leegstaande woningen(2,76)
vijf steden(1,76)
en cees(1,76)
het wegdek(1,76)
hoensbroek de(1,76)
bij spanje(1,76)
uur verlaten(2,77)
bouwen woning(1,77)
barricades op(1,77)
het teken(1,77)
bij dienst(1,77)
door bart(1,77)
regering wat(1,77)
gestolen fietsen(1,77)
van terreur(1,77)
hard aangepakt(1,77)
zich zorgen(1,77)
midden limburg(1,77)
henk de(4,78)
in grote(3,78)
sloop van(2,78)
voor advocaat(1,78)
groningen dinsdag(1,78)
werden via(1,78)
week tijdens(1,78)
zoals die(1,78)
voor eventuele(1,78)
vuurwerk door(1,78)
kopstukken in(1,78)
woningbouw op(1,78)
regering komt(1,78)
geen problemen(1,78)
rake klappen(1,78)
of anti(1,78)
van stookolie(1,78)
willen af(1,78)
reacties op(1,78)
slapen door(1,78)
louis du(2,79)
kerkstraat 27(1,79)
een afstandje(1,79)
st gerlach(1,79)
steeds intensiever(1,79)
terreur en(1,79)
arrestaties verricht(1,79)
politie geeft(1,79)
uit hoensbroek(1,79)
een ontruiming(1,79)
gevechten voor(1,79)
plannen rond(1,79)
en nieuwbouw(3,80)
acties tegen(3,80)
huize st(2,80)
vierduizend man(2,80)
woningnood en(2,80)
voor socialisten(2,80)
communisten in(1,80)
zonder stroom(1,80)
felle kritiek(1,80)
voormalige hotel(1,80)
met aankoop(1,80)
sneuvelden in(1,80)
gearresteerd het(1,80)
ontruimd door(1,80)
omwille van(1,80)
het alfabet(1,80)
sint martinus(1,80)
show van(1,80)
toenemende neiging(2,81)
veel gewonden(1,81)
opzij zetten(1,81)
van perry(1,81)
heerestraat te(1,81)
verloop voor(1,81)
slechte naam(1,81)
mand gevallen(1,81)
niet nodig(3,82)
geen vrijbrief(2,82)
door nico(2,82)
pand uit(1,82)
ingezet tegen(1,82)
eigen beleid(1,82)
omgebouwd tot(1,82)
hun ongenoegen(1,82)
niet afwijzend(1,82)
hoofdstad weer(1,82)
de ether(1,82)
gewone politie(1,82)
wonen we(1,82)
op plaatselijk(1,82)
van driekwart(1,82)
hotel willems(2,83)
te wensen(2,83)
er tegenaan(2,83)
tot protesten(1,83)
landelijke actie(1,83)
sfeer in(1,83)
groningen donderdag(1,83)
met gemeente(1,83)
werden ontruimd(1,83)
houten schotten(1,83)
keer hun(1,83)
van redelijk(1,83)
geen studenten(1,83)
het kraakt(1,83)
nieuwbouw en(1,83)
meer slapen(1,83)
st truiden(10,84)
groninger rechtbank(4,84)
gekraakt en(2,84)
voor zover(2,84)
man politie(2,84)
carnaval is(2,84)
even blijven(1,84)
eis voor(1,84)
en gedegen(1,84)
tien gewonden(1,84)
bepleit voor(1,84)
notities van(1,84)
door ondanks(1,84)
verzorgen in(1,84)
nieuwe kans(1,84)
zeven keer(1,84)
problemen voor(1,84)
de bezorger(1,84)
niemand doet(1,84)
zicht door(1,84)
cel voor(2,85)
politie tijdens(2,85)
goede morgen(2,85)
rare sprongen(1,85)
zonder gas(1,85)
met gebak(1,85)
staking om(1,85)
en ontruimd(1,85)
op remise(1,85)
in duitsland(1,85)
volle winst(1,85)
geding niet(2,86)
organiseert op(2,86)
door harry(2,86)
van agt(2,86)
regering doet(1,86)
van grote(1,86)
de zender(1,86)
gemeente eist(1,86)
nieuwe luxe(1,86)
van hiernaast(1,86)
wim de(1,86)
steden tegen(1,86)
zware gevechten(1,86)
wens van(1,86)
geding over(2,87)
hard er(2,87)
woningbouw voor(1,87)
maak ook(1,87)
zender van(1,87)
de nieuwbouw(1,87)
en communisme(1,87)
buit bij(1,87)
er mis(1,87)
we vertellen(1,87)
verrassend in(1,87)
uit protest(2,88)
te blokkeren(1,88)
huiselijke gezelligheid(1,88)
spanning om(1,88)
dan giet(1,88)
jaap de(1,88)
schrift over(1,88)
gooien ze(1,88)
in cel(1,89)
geen telefoon(1,89)
voor verhuur(1,89)
onszelf te(1,89)
ruiten bij(1,89)
foto de(1,89)
enkele ervan(1,89)
tijdelijk onderdak(1,89)
bestookt met(1,89)
sint jozef(1,89)
toen zaten(1,89)
vertellen niet(1,89)
jullie hebben(1,90)
tot enige(1,90)
politie mag(1,90)
snel achteruit(1,90)
de demonstranten(1,90)
van ziekenhuis(1,90)
van burgeroorlog(1,90)
door kamer(1,90)
beter beschermd(1,90)
er profijt(1,90)
cor van(3,91)
optimistisch over(2,91)
behuizing voor(2,91)
in groninger(1,91)
foto een(1,91)
enige honderden(1,91)
ontruimd de(1,91)
de acties(1,91)
gaan iets(1,91)
station groningen(1,91)
nu wonen(1,91)
als monument(1,91)
nemen afscheid(1,91)
voor optreden(1,91)
van premier(1,91)
de wens(1,91)
nu echt(2,92)
enkele ruiten(1,92)
perceel niet(1,92)
stapt op(1,92)
door loopt(1,92)
uitspraak tot(1,92)
aankloppen bij(1,92)
zond op(1,92)
binnenstad van(1,92)
nog verloren(1,92)
foto te(1,93)
weg terecht(1,93)
dagelijks leven(1,93)
duiken op(1,93)
vechten niet(1,93)
van kijkers(1,93)
onzer verslaggevers(12,94)
demonstraties in(2,94)
gegroeid tot(1,94)
hun ramen(1,94)
je reinste(1,94)
actie had(1,94)
gespeeld onder(1,94)
demonstraties tegen(1,94)
strop voor(1,94)
kamer ziet(1,94)
hand toenemende(1,94)
het duitse(1,95)
feest georganiseerd(1,95)
onderdak in(1,95)
wegens huisvredebreuk(1,95)
te voerendaal(1,95)
inschrijving sluit(1,95)
overleg nog(1,95)
giet it(1,95)
bom naar(1,95)
naar oorlog(1,95)
gewone man(1,95)
fel uit(1,95)
in bologna(1,95)
demonstraties en(1,95)
college geen(1,96)
verbouwing tot(1,96)
vele tonnen(1,96)
politie binnen(1,96)
de jaarlijkse(1,96)
het gevang(1,96)
bij banken(1,96)
in duitse(1,96)
geen strafbare(1,96)
in zeist(1,96)
politie laat(1,96)
ontsnappen uit(1,96)
putten een(1,96)
in aparte(1,96)
ongeregeldheden bij(3,97)
agent niet(2,97)
ook ruimte(1,97)
drie panden(1,97)
op instorten(1,97)
guldens schade(1,97)
een tank(1,97)
helpt bij(1,97)
in kader(1,97)
oproep voor(1,97)
in monte(1,97)
in diepste(1,97)
de grote(4,98)
van rechtbank(1,98)
bekijkt de(1,98)
de legale(1,98)
voor onszelf(1,98)
tienduizenden guldens(1,98)
heeft plannen(1,98)
kamer blijkt(1,98)
volledig door(1,98)
wettelijk verplicht(1,98)
de foto(3,99)
redactie den(3,99)
de mari(3,99)
wachten af(1,99)
verbouwd tot(1,99)
in staking(1,99)
op pietermaai(1,99)
springt uit(1,99)
adviseert tot(1,99)
lach je(1,99)
situatie in(1,99)
ben oud(1,99)
door fred(1,99)
doet iets(1,99)
meer woningen(1,99)
eigen dak(1,99)
keuken door(2,100)
in paniek(1,100)
de competitie(1,100)
competitie van(1,100)
lawaai in(1,100)
kraag gepakt(1,100)
provocatie van(1,100)
bij bureau(1,100)
20.000 gulden(1,100)
van meteren(1,100)
en wim(1,100)
wethouder met(1,100)
verbouwing te(1,101)
op burgemeester(1,101)
je lang(1,101)
het zuiderplein(1,101)
het strijdgewoel(1,101)
komende dagen(1,101)
op beschuldiging(1,101)
groene amsterdammer(1,101)
politie maakt(1,101)
advocaat het(1,101)
mooie muziek(1,101)
politie trad(2,102)
pand door(2,102)
ruiten ingegooid(2,102)
woningen uit(1,102)
politie weet(1,102)
jongeman die(1,102)
hebben gistermiddag(1,102)
de terreur(1,102)
van ontruiming(1,102)
tumult in(1,102)
praten op(1,102)
heerlen de(1,102)
te hoensbroek(1,102)
onder druk(1,102)
rechercheurs in(1,102)
te zoenen(1,102)
actie bij(3,103)
bewoners werd(1,103)
zonder incidenten(1,103)
ongenoegen over(1,103)
door sluiting(1,103)
en gewelddadig(1,103)
sloeg als(1,103)
op koninginnedag(1,103)
actie door(1,103)
van subsidies(1,103)
in hoofdstad(4,104)
op tv(2,104)
werden verdacht(1,104)
rustig verloop(1,104)
groep mannen(1,104)
politie stond(1,104)
ruzie over(1,104)
toekomst wellicht(1,104)
kijken van(1,104)
mooie stad(1,104)
niet bouwen(1,104)
lid tweede(1,104)
in wageningen(3,105)
de duitse(2,105)
in bolsward(2,105)
solidair met(1,105)
zat achter(1,105)
geen wijken(1,105)
werd gegooid(1,105)
raadsman in(1,105)
gemeente aangeboden(1,105)
ze begrijpen(1,105)
praat niet(1,105)
st martinus(2,106)
blij met(2,106)
over noord(2,106)
in neurenberg(2,106)
en invaliden(1,106)
was best(1,106)
gaan bezighouden(1,106)
korte termijn(1,106)
mysterie van(1,106)
vrije volk(1,106)
wel betaald(1,106)
schotwond in(1,106)
van rolduc(1,106)
felheid van(1,106)
naar ziekenhuis(1,106)
in toekomst(1,106)
in proces(1,107)
hun tijdelijk(1,107)
in roermond(1,107)
kachel aan(1,107)
ziekenhuis wordt(1,107)
de uitslagen(1,107)
toont wat(1,107)
met steun(1,107)
met z'n(1,107)
voor verbouwing(2,108)
jos van(2,108)
noord zuid(2,108)
we wachten(1,108)
geen advocaat(1,108)
een onrustig(1,108)
niet wonen(1,108)
in ziekenhuis(1,108)
amsterdam vragen(1,108)
van andermans(1,108)
dreigt voor(1,108)
prof mr(1,108)
verdachten van(1,108)
jaar wachten(1,108)
de wielingen(6,109)
enthousiasme voor(1,109)
echt niet(1,109)
o.a bij(1,109)
stapte er(1,109)
60 mille(1,109)
verrassing door(1,109)
als ondernemer(1,109)
in sint(1,109)
staan achter(1,109)
lacht in(1,109)
laatste elf(1,110)
verdreven uit(1,110)
bij aanvaarding(1,110)
jongeren in(1,110)
gooien met(1,110)
als beesten(1,110)
pijn doen(1,110)
regelrecht in(1,110)
door hans(1,110)
sport in(59,111)
maar durven(2,111)
ale van(2,111)
voor jongeren(1,111)
zware strijd(1,111)
dagen weg(1,111)
de barricade(1,111)
herdoopt in(1,111)
klacht wegens(1,111)
en lectuur(1,111)
dat nou(1,111)
de start(1,111)
me twee(1,111)
raad besluit(1,111)
college over(1,111)
leiden zonder(1,112)
gewond geraakt(1,112)
knuppels en(1,112)
de zeef(1,112)
kaak stellen(1,112)
gestolen in(1,112)
zaten we(1,112)
in tiel(1,112)
plan tegen(1,112)
moeten weg(2,113)
van huize(1,113)
in rapport(1,113)
naar hotel(1,113)
willemstad de(1,113)
het mysterie(1,113)
manifestatie tegen(1,113)
vrije ruimte(1,113)
beesten op(1,113)
de oren(1,114)
het amsterdamse(1,114)
amsterdammers in(1,114)
niemand gewond(1,114)
leek wel(1,114)
werden mishandeld(1,114)
politie ging(1,114)
uur gaan(1,114)
de knel(1,114)
der borst(2,115)
vuist in(1,115)
steun uit(1,115)
hielden hun(1,115)
is gisterochtend(1,115)
protesteren tegen(1,115)
dat moment(1,115)
politie hield(1,115)
roep om(1,115)
bom met(1,115)
en wederhoor(1,115)
leeg is(1,115)
en tocht(1,115)
met politie(4,116)
voor rechter(2,116)
binnen gasthuis(2,116)
de jongeman(2,116)
politiebureau in(2,116)
polak in(2,116)
betere bescherming(2,116)
veel bekijks(1,116)
in raad(1,116)
het jonas(1,116)
zich honderden(1,116)
remise te(1,116)
optocht in(1,116)
weer vrijgelaten(1,116)
geloof je(1,116)
er bang(1,116)
opzicht door(1,116)
monte carlo(1,116)
kort geding(26,117)
cel in(2,117)
kraken van(2,117)
vandaag in(2,117)
weinig gelegen(1,117)
vrijspraak voor(1,117)
zachte hand(1,117)
ze leven(1,117)
het onrustig(1,117)
is oorlog(1,117)
een schutting(1,117)
getroffen bij(1,117)
zin meer(1,117)
bemoeien zich(1,117)
angst niet(1,117)
nadere bepalingen(1,117)
buurt bij(1,117)
hebben eigen(1,118)
oneens met(1,118)
verrichtte de(1,118)
mille per(1,118)
we wilden(1,118)
van meneer(1,118)
politie houdt(1,118)
contact met(1,118)
het leek(1,118)
de telefoon(1,118)
raad wil(1,118)
op komst(1,118)
onze verslaggever(8,119)
omkomen van(1,119)
gewond bij(1,119)
met praten(1,119)
drie gewonden(1,119)
ziet af(1,119)
te trillen(1,119)
van hoofdpijn(1,119)
de amsterdamse(4,120)
in actie(3,120)
mr geertsema(2,120)
twee panden(2,120)
door leo(2,120)
veld ruimen(1,120)
verwijderd met(1,120)
helmen en(1,120)
water halen(1,120)
rechter zou(1,120)
lijkt het(1,120)
bij veiling(1,120)
aan gemeente(1,120)
flinke jongens(2,121)
te knappen(2,121)
demonstratie voor(1,121)
hevig verzet(1,121)
op koffie(1,121)
altijd binnen(1,121)
zich dinsdag(1,121)
op komt(1,121)
en schilden(1,121)
binnen werd(1,121)
ook bedoeld(1,121)
rukt de(1,121)
slaan er(1,121)
de poppenkast(1,121)
wonen door(1,121)
kilometer per(1,121)
uit putten(1,121)
van pand(4,122)
amsterdam dinsdag(2,122)
mishandeling door(2,122)
krijgen geen(1,122)
begin maar(1,122)
kritiek in(1,122)
procedure tegen(1,122)
joden door(1,122)
met verf(1,122)
nijmegen tegen(1,122)
drie meter(1,122)
onder 18(1,122)
in centrum(1,122)
strafbare feiten(1,122)
mee aan(1,122)
staat achter(1,122)
eigen richting(1,122)
6000 gulden(1,122)
van gewest(1,122)
is allereerst(1,122)
praten met(2,123)
en anti(1,123)
woensdagavond in(1,123)
het lege(1,123)
te protesteren(1,123)
trekt aan(1,123)
muziekschool van(1,123)
is belachelijk(1,123)
wisten van(1,123)
democratie is(1,123)
amsterdam zaterdag(3,124)
uit woningen(2,124)
pand voor(2,124)
cel en(2,124)
opgeroepen naar(1,124)
ophouden een(1,124)
rechten met(1,124)
tot bouw(1,124)
geef ze(1,124)
dan gebeurt(1,124)
zoek is(1,124)
klacht bij(1,124)
gewonden bij(2,125)
geding van(1,125)
hard in(1,125)
dicht in(1,125)
beleid aan(1,125)
mogelijk maakten(1,125)
verschrikkingen van(1,125)
wordt verbouwd(1,125)
kun je(1,125)
koude voeten(1,125)
er straks(1,125)
brachten hem(1,125)
een anti(1,125)
in aken(2,126)
uit stad(2,126)
krijgt geen(2,126)
huisraad van(1,126)
optocht met(1,126)
en hope(1,126)
ontstond toen(1,126)
liep uit(1,126)
niet afgeven(1,126)
de wals(1,126)
een manier(1,126)
inschrijven bij(1,126)
de heren(1,126)
rond een(1,126)
met bewijs(1,126)
weer geen(1,126)
slaags met(3,127)
door peter(2,127)
in beeld(2,127)
scherp van(2,127)
straat gezet(1,127)
koffie met(1,127)
dinsdag op(1,127)
samen met(1,127)
bedoeld als(1,127)
langen leste(1,127)
bewoners hadden(1,127)
terecht komen(1,127)
vermijden door(1,127)
van groninger(1,127)
haar handen(1,127)
dan slecht(1,127)
vrede naar(1,127)
martinus de(1,127)
zijn gasten(1,127)
in debat(2,128)
socialisten in(2,128)
de vondelstraat(1,128)
leven ik(1,128)
john van(1,128)
autonomie en(1,128)
haag op(1,128)
voor alt(1,128)
willems in(2,129)
premier van(2,129)
du moulin(2,129)
rechtbank in(1,129)
nieuwe burgemeester(1,129)
de blauwe(1,129)
gewond van(1,129)
gediend met(1,129)
houden geen(1,129)
slag om(1,129)
college in(1,129)
profijt van(1,129)
op zicht(1,129)
in beieren(1,130)
in russisch(1,130)
een groepje(1,130)
we gaan(1,130)
de heerestraat(1,130)
werden verdreven(1,130)
de restanten(1,130)
de geruchtmakende(1,130)
rechtbank en(1,130)
tamelijk rustig(1,130)
klacht over(1,130)
der keuken(1,130)
hart onder(1,130)
afgeleid door(1,130)
week weer(1,130)
blijft geen(1,130)
de tocht(1,130)
de aanmaak(5,131)
dicht bij(3,131)
met voorwaarden(1,131)
door herman(1,131)
polak van(1,131)
heel andere(1,131)
gevaar oplevert(1,131)
btj het(1,131)
gemeente mag(1,131)
klachten over(1,131)
na vertrek(1,131)
jacht op(1,131)
bed uit(1,131)
waarom nog(1,131)
kwam toch(1,131)
verplicht is(1,131)
debat met(3,132)
twee keer(2,132)
in opspraak(2,132)
ongelijk van(1,132)
de kamerleden(1,132)
wat natuurlijk(1,132)
te venray(1,132)
speculanten en(1,132)
de rel(1,132)
laat me(1,132)
kerkgebouw in(1,132)
zijn volgelingen(1,132)
agent met(1,132)
in nijmegen(22,133)
recht in(2,133)
geen vergunning(1,133)
vrijwillig het(1,133)
het waterlooplein(1,133)
heel europa(1,133)
als protest(1,133)
openbare weg(1,133)
de richting(1,133)
richting van(1,133)
borst een(1,133)
uur ongeveer(1,133)
voor tijdelijke(1,133)
straks het(1,133)
voor moeder(1,133)
ontvangt zijn(1,133)
ziekenhuis in(1,133)
mis is(1,133)
een crisis(1,133)
panden aan(2,134)
laatste nieuws(2,134)
geschorst in(1,134)
door george(1,134)
de ach(1,134)
van joden(1,134)
nog overal(1,134)
die snel(1,134)
eergisteren en(1,134)
geen namen(1,134)
hotel bij(1,134)
in conflict(1,134)
centrum te(1,134)
protest door(1,134)
en werkelijkheid(1,134)
leger des(3,135)
pand op(2,135)
loopt uit(2,135)
boos over(2,135)
volgende keer(1,135)
de deelnemende(1,135)
hotel door(1,135)
zijn ouders(1,135)
gaan we(1,135)
een kans(1,135)
de 21ste(1,135)
liep men(1,135)
beschermd tegen(1,135)
kandidaat voor(1,135)
geen pijn(1,135)
de zeedijk(1,135)
geding tegen(11,136)
klaar voor(2,136)
bij behandeling(2,136)
van tante(1,136)
zijn verhuisd(1,136)
gemeente tegen(1,136)
sprongen in(1,136)
de achtergrond(1,136)
van gezin(1,136)
beschutting van(1,136)
houdt vast(1,136)
buiten naar(1,136)
amsterdam wil(1,136)
tegen gestemd(1,136)
politie kwam(1,136)
de rechter(1,136)
geen den(1,136)
circus van(1,136)
hard op(3,137)
te gast(2,137)
nijmegen door(2,137)
door jos(2,137)
nieuws over(2,137)
door 100(2,137)
banken de(1,137)
kant geen(1,137)
noemden de(1,137)
ten langen(1,137)
een snelle(1,137)
van speculanten(1,137)
klaar om(1,137)
op woorden(1,137)
in deventer(1,137)
blij dat(1,137)
een geweld(1,137)
eindigt in(1,137)
balans op(1,137)
vrije universiteit(1,137)
zuiden een(1,137)
stuk goed(1,137)
actie in(3,138)
dan uitsluitend(2,138)
het recht(2,138)
concessie in(1,138)
weten we(1,138)
leven liet(1,138)
werd zondag(1,138)
worden verbouwd(1,138)
behalve als(1,138)
achteruit gaat(1,138)
zijn advocaat(1,138)
president als(1,138)
met modder(1,138)
aken met(1,138)
de verschrikkingen(1,138)
mei as(1,138)
op bed(1,138)
de brutaliteit(1,138)
hebben genoeg(1,138)
demonstratie op(1,138)
trekken er(1,138)
mogen nog(2,139)
het scherp(2,139)
achtergrond van(1,139)
werden aangehouden(1,139)
gast in(1,139)
het opkomende(1,139)
en soldaat(1,139)
drukkerij in(1,139)
keert zich(1,139)
kritiek op(3,140)
gemeente nijmegen(2,140)
uitsluitend een(2,140)
krijgen tot(1,140)
beter tegen(1,140)
in parlement(1,140)
zijn echt(1,140)
tijdelijk naar(1,140)
panden die(1,140)
zetten een(1,140)
consulaat en(1,140)
spoedig verwacht(1,140)
kunnen gemakkelijk(1,140)
tot onderhandelingen(1,140)
in bremen(1,140)
schilderijen uit(1,140)
van verf(1,140)
toch binnen(1,140)
aandacht voor(1,140)
toestand na(1,140)
zwart wit(1,140)
geen maatregelen(1,141)
met zachte(1,141)
met getrokken(1,141)
zonder geweld(1,141)
betaald uit(1,141)
wordt gespeeld(1,141)
in nacht(1,141)
boos op(3,142)
onze parlementaire(3,142)
van wethouder(2,142)
voor geweld(2,142)
twee banken(1,142)
politie er(1,142)
gewelddadige wijze(1,142)
van vernieling(1,142)
bij gebruik(1,142)
heer olivier(1,142)
in belgische(1,142)
uit eerste(1,142)
van bouwen(1,142)
door frans(1,142)
in studie(2,143)
wolk van(1,143)
op los(1,143)
in lokaal(1,143)
sluit op(1,143)
dreigt met(1,143)
in maastricht(1,143)
duizenden op(1,143)
hebben vernield(1,143)
woede op(1,143)
in hessen(1,143)
in pand(2,144)
verzet in(2,144)
gemeenten kunnen(2,144)
laten we(1,144)
huur per(1,144)
restanten van(1,144)
het tumult(1,144)
het internationaal(1,144)
niet vervolgd(1,144)
groningen na(1,144)
om onderzoek(1,144)
geen zin(1,144)
paar regels(1,144)
keert het(1,144)
beroep tegen(4,145)
en peter(2,145)
rijk moet(1,145)
en directie(1,145)
de jongeren(1,145)
echter toch(1,145)
van overleg(1,145)
een bom(1,145)
een eerlijke(1,145)
failliet verklaard(1,145)
met elkaar(1,146)
treffen met(1,146)
bereiden zich(1,146)
veertig jaar(1,146)
onder wie(1,146)
groningen om(1,146)
school moet(1,146)
een eervolle(1,146)
vooroordeel tegen(1,146)
de korrel(1,146)
verhuur van(1,146)
rectificatie van(1,146)
gevecht en(1,146)
jan bakker(1,146)
begin de(1,146)
ruiten van(2,147)
goed woord(1,147)
ruimen voor(1,147)
haalt het(1,147)
tweede keer(1,147)
pand aan(1,147)
niemand onder(1,147)
tot ontruiming(1,147)
van dak(1,147)
niet iedereen(1,147)
maar half(1,147)
provincie nog(1,147)
geen weg(1,147)
terug na(1,147)
twee ton(1,147)
met warm(1,147)
vogel in(1,147)
gemeente groningen(3,148)
tegen mr(2,148)
de mensen(1,148)
kransen en(1,148)
dak op(1,148)
nieuwe vergadering(1,148)
politie uit(1,148)
gas in(1,148)
geteisterd door(1,148)
door louis(1,148)
nieuwsblad van(5,149)
in beroep(4,149)
24 uur(2,149)
des heils(2,149)
actie van(2,149)
deze manier(2,149)
is klaar(2,149)
de snede(2,149)
er weer(1,149)
steeds vast(1,149)
utrecht niet(1,149)
stadhuis in(1,149)
na kort(1,149)
het verwijderen(1,149)
werden gearresteerd(1,149)
ware beter(1,149)
de brievenbus(1,149)
de gaten(1,149)
van bedden(1,149)
laat veel(1,149)
wat anderen(1,149)
bezorgd over(1,149)
op zwart(1,149)
geef ons(1,149)
niet leven(1,149)
vlak bij(1,149)
politieke toestand(1,149)
van ex(3,150)
amsterdam woensdag(2,150)
waarschuwt tegen(2,150)
beter bij(2,150)
zwichten voor(2,150)
de hoofdredacteur(2,150)
bouwen voor(2,150)
afbraak te(1,150)
de circa(1,150)
25 februari(1,150)
de binnenstad(1,150)
over enkele(1,150)
onder door(1,150)
vreedzame oplossing(1,150)
worden ontruimd(1,150)
op korte(1,150)
niet gediend(1,150)
ongeveer zestig(1,150)
in trek(1,150)
het journaal(1,150)
gedragen zich(1,150)
niet rustig(1,150)
bommel en(13,151)
schoten met(4,151)
gas en(3,151)
actie tegen(2,151)
herdenking van(2,151)
gevechten in(2,151)
kunstenaars in(2,151)
de grot(2,151)
ministerie met(2,151)
wanhoop en(1,151)
politie door(1,151)
beroep voor(1,151)
geladen in(1,151)
mee te(1,151)
de invallen(1,151)
woensdag met(1,151)
vroeger geen(1,151)
het eveneens(1,151)
straten op(1,151)
water meer(1,151)
twee agenten(1,151)
gelegd terwijl(1,151)
organisatie is(1,151)
een vooroordeel(1,151)
en pistolen(1,151)
stad na(1,151)
wantrouwen tegen(1,151)
de singel(1,151)
de riem(1,151)
van schending(1,151)
is gewoon(1,151)
op proef(1,151)
uit huis(3,152)
demonstratie tegen(3,152)
in kamer(3,152)
woning binnen(1,152)
maar kort(1,152)
open brief(1,152)
vier woningen(1,152)
panden van(1,152)
van vijandschap(1,152)
bezet houden(1,152)
werd gelaten(1,152)
mag nu(1,152)
niet mee(1,152)
hoor en(1,152)
anderen er(1,152)
beslist over(1,152)
blijven wonen(1,152)
na overleg(1,152)
eerste termijn(1,152)
in vrije(1,152)
bij koninklijke(1,152)
de wachter(1,152)
opstand der(1,152)
van aemstel(1,152)
en buitenland(3,153)
amsterdam maandag(2,153)
van gemeente(2,153)
assistentie van(1,153)
van anders(1,153)
geweerd worden(1,153)
de cel(1,153)
niet bezig(1,153)
en personeel(1,153)
beroep bij(1,153)
de afkeer(1,153)
politie zich(1,153)
gaat is(1,153)
meer terug(1,153)
rozen en(1,153)
weer met(1,153)
justitie niet(1,153)
trekt zich(1,153)
komt terug(1,153)
politie niet(1,153)
steden door(1,153)
bloemen voor(1,153)
onder protest(1,153)
gaat maar(1,153)
in vlammen(1,153)
nu weer(1,153)
onwil van(1,153)
van eigenaar(1,153)
nog blijven(1,153)
bang voor(1,153)
willen geen(1,153)
pand van(6,154)
in verzet(4,154)
boete voor(3,154)
nijmegen in(2,154)
zullen ze(2,154)
leidde tot(2,154)
huizen voor(1,154)
vonnis tegen(1,154)
tot steun(1,154)
hand door(1,154)
brief op(1,154)
woningen op(1,154)
terwyl de(1,154)
moeten binnen(1,154)
de inzet(1,154)
die gebouwen(1,154)
gesprek over(1,154)
bij brand(1,154)
aaa de(1,154)
krijgen de(1,154)
borst te(1,154)
protesteert tegen(1,154)
ongeregeldheden in(1,154)
veel eerder(1,154)
betere regeling(1,154)
met 3000(1,154)
weer naar(1,154)
meermalen aan(1,154)
met bestemming(1,154)
weg terug(1,154)
termijn in(1,154)
school aan(1,154)
stof in(1,154)
luitenant kolonel(1,154)
gezorgd en(1,154)
maand lang(1,154)
huizen zullen(1,154)
kapitaal met(1,154)
in west(18,155)
de poel(5,155)
geen water(3,155)
nijmegen is(3,155)
peter de(3,155)
in tweede(3,155)
gemeente als(2,155)
als bemiddelaar(2,155)
en provincie(2,155)
politie een(2,155)
rond de(2,155)
de actie(2,155)
pand in(2,155)
strijd om(2,155)
100 man(2,155)
mei aanstaande(2,155)
waar of(2,155)
en boete(2,155)
kamer bij(2,155)
roepen op(1,155)
een predikant(1,155)
stelt aan(1,155)
politie was(1,155)
op voorwaarden(1,155)
weg uit(1,155)
tot zondag(1,155)
van bree(1,155)
voor tweede(1,155)
via de(1,155)
de vroege(1,155)
met amsterdam(1,155)
van lidmaatschap(1,155)
verwijderen van(1,155)
500 personen(1,155)
tien weken(1,155)
sloot zich(1,155)
beeld is(1,155)
keer in(1,155)
mees en(1,155)
die verleden(1,155)
plek waar(1,155)
de kant(1,155)
deelgenomen aan(1,155)
gelaten de(1,155)
ging echter(1,155)
wordt spoedig(1,155)
oplevert voor(1,155)
gebouwen die(1,155)
dit pand(1,155)
berlijn in(1,155)
togen de(1,155)
blijk te(1,155)
bekend werden(1,155)
de prinsengracht(1,155)
doof voor(1,155)
een ton(1,155)
van verdediging(1,155)
storten in(1,155)
op plaats(1,155)
amsterdam niet(1,155)
lectuur voor(1,155)
gaat door(1,155)
limburg heeft(1,155)
beslag gelegd(1,155)
het gymnasium(1,155)
aanstaande een(1,155)
aanstaande en(1,155)
en bedraagt(1,155)
gehouden dan(1,155)
dan komen(1,155)
berlijn met(1,155)
minnelijke schikking(1,155)
den hoek(1,155)
de kaak(1,155)
in stad(1,155)
optreden van(1,155)
van denken(1,155)
acte van(1,155)
willen die(1,155)
te zware(1,155)
wij werden(1,155)
regeling voor(1,155)
met kind(1,155)
bouwen op(1,155)
is meermalen(1,155)
en winkel(1,155)
in arnhem(1,155)
engeland van(1,155)
bij opening(1,155)
lessen voor(1,155)
burgemeester in(1,155)
mislukte poging(1,155)
ziet geen(1,155)
blijkt nog(1,155)
kans voor(1,155)
nieuwe huizen(1,155)
en eigenaar(1,155)
geen last(1,155)
congres in(1,155)
meerderheid zou(1,155)
ramp voor(1,155)
berlijn van(1,155)
lof van(1,155)
vragen met(1,155)
en koud(1,155)
geld naar(1,155)
berlijn op(1,155)
van hef(1,155)
vier jaar(1,155)
eigen beheer(1,155)
kerk door(1,155)
in cijfers(55,156)
in groningen(27,156)
in amsterdam(22,156)
van onze(17,156)
een onzer(12,156)
ontruiming van(11,156)
protest tegen(10,156)
de politie(9,156)
het pand(7,156)
de telegraaf(6,156)
den haag(6,156)
in utrecht(5,156)
door jan(5,156)
politie in(5,156)
binnen en(5,156)
het noorden(5,156)
amsterdam na(5,156)
huis van(4,156)
en politie(4,156)
vertrouwen in(4,156)
deel van(4,156)
in kort(4,156)
de ontruiming(4,156)
in berlijn(4,156)
tweede kamer(4,156)
weer in(3,156)
het huis(3,156)
steun van(3,156)
moeten uit(3,156)
van oude(3,156)
de stad(3,156)
veel schade(3,156)
nieuws uit(3,156)
de vries(3,156)
manier van(3,156)
uitspraak in(3,156)
naar binnen(3,156)
van amsterdam(3,156)
de hand(3,156)
het nieuws(3,156)
de nieuwe(3,156)
mag ik(3,156)
in eigen(3,156)
vrees voor(2,156)
mogen in(2,156)
voorwaarden voor(2,156)
op vrije(2,156)
vrije voeten(2,156)
het blijft(2,156)
de jong(2,156)
de vuist(2,156)
schadevergoeding voor(2,156)
niet alleen(2,156)
nog steeds(2,156)
tijd voor(2,156)
de waarheid(2,156)
binnen 24(2,156)
en licht(2,156)
leidt tot(2,156)
ruimte voor(2,156)
in handen(2,156)
handen van(2,156)
kans op(2,156)
willen niet(2,156)
de zaak(2,156)
bank in(2,156)
in brand(2,156)
brand gestoken(2,156)
te vroeg(2,156)
vonnis in(2,156)
water voor(2,156)
verzet tegen(2,156)
in gebruik(2,156)
huis te(2,156)
het kort(2,156)
de gemeente(2,156)
op kosten(2,156)
achter de(2,156)
overleg met(2,156)
politie van(2,156)
stad en(2,156)
verdacht van(2,156)
waar de(2,156)
komen de(2,156)
van werken(2,156)
te zetten(2,156)
personen werden(2,156)
hotel in(2,156)
en weer(2,156)
onze correspondent(2,156)
autoriteiten te(2,156)
te verliezen(2,156)
oorlog door(2,156)
van noord(2,156)
roepen de(2,156)
te ontruimen(2,156)
het dak(2,156)
een paar(2,156)
het standbeeld(2,156)
jaar geleden(2,156)
de eerste(2,156)
een jaar(2,156)
de straten(2,156)
nacht van(2,156)
van geweld(2,156)
achter het(2,156)
op handen(2,156)
onrust in(2,156)
met geweld(2,156)
plaats van(2,156)
wachten op(2,156)
gevolgen van(2,156)
huis door(2,156)
met nieuwe(2,156)
nieuwe wet(2,156)
weg bij(2,156)
einde aan(2,156)
op 10(2,156)
10 mei(2,156)
tweede plaats(2,156)
er wordt(2,156)
onder de(2,156)
de nederlandse(2,156)
de open(2,156)
niet bewezen(2,156)
de slag(2,156)
slag met(2,156)
woon en(2,156)
half jaar(2,156)
jaar tegen(2,156)
amsterdam in(2,156)
geweld in(2,156)
en west(2,156)
de been(2,156)
jeugd in(2,156)
in opstand(2,156)
van dijk(2,156)
morgen van(2,156)
nederlaag voor(2,156)
in plaats(2,156)
de buurt(2,156)
vrouw naar(2,156)
de keuken(2,156)
eigen hand(2,156)
openbaar ministerie(2,156)
200 voor(1,156)
in discussie(1,156)
feest bij(1,156)
mogen er(1,156)
studenten en(1,156)
mogen blijven(1,156)
geen goed(1,156)
op straat(1,156)
inzetten van(1,156)
voor 200(1,156)
trekken in(1,156)
blijft bij(1,156)
huizen op(1,156)
zes weken(1,156)
weken voor(1,156)
het vertrek(1,156)
maatregelen tegen(1,156)
politie op(1,156)
neemt het(1,156)
te weren(1,156)
maken er(1,156)
uit amsterdam(1,156)
woning in(1,156)
oorlog met(1,156)
komt in(1,156)
amsterdam was(1,156)
bevestiging van(1,156)
tegen vijf(1,156)
geweld aan(1,156)
voor 16(1,156)
strijd met(1,156)
de wanhoop(1,156)
laten zich(1,156)
zich weinig(1,156)
gelegen aan(1,156)
van plan(1,156)
proces tegen(1,156)
kwam niet(1,156)
weg zijn(1,156)
raad te(1,156)
te hulp(1,156)
mogen de(1,156)
de weg(1,156)
weg staan(1,156)
in afwachting(1,156)
afwachting van(1,156)
het gelijk(1,156)
gelijk en(1,156)
het ongelijk(1,156)
niet onder(1,156)
hun huis(1,156)
zaak tegen(1,156)
vast in(1,156)
geen vertrouwen(1,156)
niet weg(1,156)
blijven tot(1,156)
gesprek met(1,156)
winkels en(1,156)
ton van(1,156)
zaak op(1,156)
straat in(1,156)
moeten het(1,156)
huis uit(1,156)
voeten van(1,156)
en water(1,156)
water niet(1,156)
er komt(1,156)
bezit van(1,156)
raad op(1,156)
uit twee(1,156)
gisteren is(1,156)
men begonnen(1,156)
begonnen met(1,156)
gebouw op(1,156)
de loop(1,156)
loop van(1,156)
de dag(1,156)
uit vijf(1,156)
de deur(1,156)
met geld(1,156)
huur van(1,156)
een deel(1,156)
een merkwaardig(1,156)
hopen op(1,156)
te veroveren(1,156)
wordt als(1,156)
gebruikt om(1,156)
te krijgen(1,156)
personeel van(1,156)
bijna op(1,156)
gemeente het(1,156)
te snijden(1,156)
te verhinderen(1,156)
het aantal(1,156)
het bekend(1,156)
bekend worden(1,156)
de uitslag(1,156)
uitslag van(1,156)
te komen(1,156)
komen om(1,156)
te werken(1,156)
werken aan(1,156)
bij twee(1,156)
weet niet(1,156)
het werk(1,156)
werk is(1,156)
zich inmiddels(1,156)
inmiddels ook(1,156)
ook steeds(1,156)
directie de(1,156)
de tafel(1,156)
hoofdstad is(1,156)
per jaar(1,156)
weg te(1,156)
te gaan(1,156)
schade in(1,156)
beslissing over(1,156)
plan voor(1,156)
alleen als(1,156)
deze keer(1,156)
discussie over(1,156)
voor vele(1,156)
willen van(1,156)
gaan er(1,156)
lang zal(1,156)
leven niet(1,156)
banden van(1,156)
bezoek aan(1,156)
mag de(1,156)
amsterdam over(1,156)
van maken(1,156)
onder begeleiding(1,156)
begeleiding van(1,156)
de drie(1,156)
die gisteren(1,156)
gisteren met(1,156)
lidmaatschap van(1,156)
van 26(1,156)
kantoren van(1,156)
bezet de(1,156)
moest komen(1,156)
afkeer van(1,156)
vries en(1,156)
de veertien(1,156)
blijft het(1,156)
te versterken(1,156)
maakt de(1,156)
dan 500(1,156)
van heel(1,156)
hun eigen(1,156)
tegen vier(1,156)
met 50(1,156)
de burgerij(1,156)
aan oude(1,156)
het raam(1,156)
dag in(1,156)
aanslag in(1,156)
in den(1,156)
haag en(1,156)
graad van(1,156)
gescheiden van(1,156)
gezin te(1,156)
te leven(1,156)
leven door(1,156)
voor 60(1,156)
per maand(1,156)
doet op(1,156)
hebben gisteren(1,156)
gisteren de(1,156)
verleden week(1,156)
berlijn het(1,156)
het leven(1,156)
liet op(1,156)
de plek(1,156)
nog dagelijks(1,156)
en bloemen(1,156)
in geslaagd(1,156)
van honderd(1,156)
binnen vier(1,156)
vier maanden(1,156)
het begin(1,156)
begin van(1,156)
de 11(1,156)
wilden dat(1,156)
het gebouw(1,156)
gebouw zal(1,156)
nadat een(1,156)
paar honderd(1,156)
ook werden(1,156)
moesten het(1,156)
vele duizenden(1,156)
standbeeld van(1,156)
geleden op(1,156)
op 25(1,156)
het bijzonder(1,156)
bijzonder de(1,156)
de vervolging(1,156)
vervolging van(1,156)
langs de(1,156)
is behalve(1,156)
de staking(1,156)
overal in(1,156)
de wereld(1,156)
vervolging en(1,156)
vertegenwoordigers van(1,156)
van verschillende(1,156)
werd gelegd(1,156)
gelegd door(1,156)
door burgemeester(1,156)
het feit(1,156)
feit dat(1,156)
dat bijna(1,156)
bijna een(1,156)
geleden bij(1,156)
straten van(1,156)
reden de(1,156)
de aanwezigheid(1,156)
aanwezigheid van(1,156)
amsterdam die(1,156)
dit mogelijk(1,156)
maakten een(1,156)
de bijeenkomst(1,156)
de wacht(1,156)
weten te(1,156)
te slepen(1,156)
houden het(1,156)
het gaat(1,156)
gaat om(1,156)
vorig jaar(1,156)
jaar door(1,156)
hadden een(1,156)
een heel(1,156)
verwacht van(1,156)
een groot(1,156)
groot feest(1,156)
het feest(1,156)
de toestand(1,156)
toestand van(1,156)
gebouwen in(1,156)
laat te(1,156)
staan op(1,156)
hebben gevonden(1,156)
anderen die(1,156)
het voormalige(1,156)
geeft een(1,156)
een beeld(1,156)
beeld van(1,156)
de afbraak(1,156)
afbraak van(1,156)
gemakkelijk op(1,156)
de openbare(1,156)
komen en(1,156)
te hopen(1,156)
hopen dat(1,156)
loopt het(1,156)
het ware(1,156)
te vermijden(1,156)
snelle en(1,156)
de nacht(1,156)
van donderdag(1,156)
donderdag op(1,156)
op vrijdag(1,156)
te geven(1,156)
geven van(1,156)
stad voor(1,156)
ruim 60(1,156)
en onder(1,156)
nooit meer(1,156)
terug te(1,156)
te verdienen(1,156)
schade door(1,156)
groningen met(1,156)
wacht op(1,156)
blijven een(1,156)
als advocaat(1,156)
vergadering met(1,156)
van drie(1,156)
bij verrassing(1,156)
de koning(1,156)
positie van(1,156)
vonnis van(1,156)
afgeven van(1,156)
de hoofdstad(1,156)
uitstel van(1,156)
man bij(1,156)
in staat(1,156)
staat van(1,156)
oorlog in(1,156)
in strijd(1,156)
strijd tegen(1,156)
staat een(1,156)
een meisje(1,156)
te storten(1,156)
amsterdam de(1,156)
een tamelijk(1,156)
bekend is(1,156)
is niemand(1,156)
beleid van(1,156)
vast aan(1,156)
twee jaar(1,156)
avond in(1,156)
van nederland(1,156)
discussie in(1,156)
brand te(1,156)
te stichten(1,156)
huis bij(1,156)
het vrije(1,156)
brand in(1,156)
van buiten(1,156)
van leven(1,156)
de gevolgen(1,156)
het geweten(1,156)
goed in(1,156)
wordt toch(1,156)
middags en(1,156)
nijmegen en(1,156)
en den(1,156)
burgers en(1,156)
rekening met(1,156)
de aanval(1,156)
het ergste(1,156)
verantwoordelijk voor(1,156)
amsterdam bij(1,156)
as in(1,156)
de vijfde(1,156)
de lange(1,156)
uur de(1,156)
18 jaar(1,156)
afgesloten en(1,156)
zich geplaatst(1,156)
geplaatst voor(1,156)
mei de(1,156)
mei zal(1,156)
de aanvang(1,156)
aanvang van(1,156)
is bepaald(1,156)
bepaald op(1,156)
de gelegenheid(1,156)
gelegenheid om(1,156)
te verslaan(1,156)
te houden(1,156)
na drie(1,156)
het st(1,156)
terwijl het(1,156)
de tweede(1,156)
op 23(1,156)
23 mei(1,156)
een open(1,156)
de reglementen(1,156)
reglementen van(1,156)
de heer(1,156)
van os(1,156)
de inschrijving(1,156)
uur in(1,156)
de dr(1,156)
terwijl de(1,156)
de tafels(1,156)
voor dames(1,156)
dames de(1,156)
de organisatie(1,156)
het wordt(1,156)
weg van(1,156)
nog open(1,156)
nu eenmaal(1,156)
eenmaal een(1,156)
de weer(1,156)
stond op(1,156)
het punt(1,156)
punt te(1,156)
te schieten(1,156)
politie en(1,156)
den bosch(1,156)
van no(1,156)
en justitie(1,156)
resultaat van(1,156)
niet strafbaar(1,156)
in ieder(1,156)
ieder geval(1,156)
dagen nog(1,156)
onderhandelingen over(1,156)
lang in(1,156)
spoor van(1,156)
land aan(1,156)
weer een(1,156)
en geweld(1,156)
vragen in(1,156)
de baan(1,156)
jaar later(1,156)
van groningen(1,156)
zich terug(1,156)
andere plaats(1,156)
geen geld(1,156)
terug op(1,156)
van mevr(1,156)
te huur(1,156)
van eet(1,156)
leve de(1,156)
waarom de(1,156)
onderzoek naar(1,156)
werk niet(1,156)
deken van(1,156)
van den(1,156)
een aantal(1,156)
in kleine(1,156)
heropening van(1,156)
koop van(1,156)
druk van(1,156)
zes maanden(1,156)
maanden voor(1,156)
lid van(1,156)
van woede(1,156)
motie van(1,156)
van wantrouwen(1,156)
oorlog of(1,156)
groningen op(1,156)
wij willen(1,156)
de regering(1,156)
de oppositie(1,156)
opnemen in(1,156)
niet schuldig(1,156)
boete van(1,156)
de groene(1,156)
groot deel(1,156)
vertrouwen op(1,156)
van vrede(1,156)
en koude(1,156)
voeten in(1,156)
beperkt tot(1,156)
tot drie(1,156)
en diefstal(1,156)
weg die(1,156)
die oude(1,156)
ik laat(1,156)
geen antwoord(1,156)
veiling van(1,156)
golf van(1,156)
in slaap(1,156)
de verkeerde(1,156)
in vroegere(1,156)
en sloeg(1,156)
lief en(1,156)
en leed(1,156)
ik zie(1,156)
zie het(1,156)
zijn gevallen(1,156)
terug in(1,156)
in gevaar(1,156)
gevaar brengen(1,156)
van binnen(1,156)
ging door(1,156)
in uniform(1,156)
moeder met(1,156)
geld voor(1,156)
het heilige(1,156)
zwaar op(1,156)
wachten is(1,156)
op verzoek(1,156)
eigenaar en(1,156)
onder water(1,156)
water in(1,156)
is onbegrijpelijk(1,156)
nederland en(1,156)
en engeland(1,156)
groningen voor(1,156)
de helft(1,156)
jaar worden(1,156)
worden verhuurd(1,156)
geen tijd(1,156)
oud en(1,156)
anderhalf jaar(1,156)
steden van(1,156)
woning te(1,156)
te noemen(1,156)
noemen van(1,156)
en 20(1,156)
20 jaar(1,156)
besluit tot(1,156)
voor alle(1,156)
geslaagd om(1,156)
om acht(1,156)
acht uur(1,156)
opstand tegen(1,156)
gebouw met(1,156)
blijven door(1,156)
opening van(1,156)
johan van(1,156)
keuken met(1,156)
de politiek(1,156)
politiek en(1,156)
de mand(1,156)
gevallen door(1,156)
doel van(1,156)
christenen en(1,156)
de provincie(1,156)
poging in(1,156)
gebouw te(1,156)
genoeg van(1,156)
veel verder(1,156)
het einde(1,156)
einde van(1,156)
de city(1,156)
gaat de(1,156)
onroerend goed(1,156)
houden als(1,156)
ongeveer twee(1,156)
vervolg van(1,156)
te voorkomen(1,156)
het doet(1,156)
doet denken(1,156)
denken aan(1,156)
landen in(1,156)
gevraagd de(1,156)
staat niet(1,156)
niet stil(1,156)
afscheid van(1,156)
gemeente en(1,156)
reden te(1,156)
de jeugd(1,156)
deze week(1,156)
op do(1,156)
wegens ziekte(1,156)
ziekte van(1,156)
van jan(1,156)
niet binnen(1,156)
niet buiten(1,156)
de gouden(1,156)
van werk(1,156)
werk in(1,156)
in uitvoering(1,156)
maakt zich(1,156)
voorbij de(1,156)
duurde tot(1,156)
tot negen(1,156)
negen uur(1,156)
van minister(1,156)
ontslag van(1,156)
van burgemeester(1,156)
klaagt over(1,156)
door geweld(1,156)
komt met(1,156)
ons land(1,156)
land in(1,156)
behoeft geen(1,156)
bakker en(1,156)
een nationaal(1,156)
op 19(1,156)
19 september(1,156)
wordt voor(1,156)
en niemand(1,156)
warm en(1,156)
voor 24(1,156)
de bisschop(1,156)
naar amerika(1,156)
trappen van(1,156)
geluid van(1,156)
van hulp(1,156)
hulp bij(1,156)
weg naar(1,156)
het zuiden(1,156)
een soort(1,156)
de straat(1,156)
straat op(1,156)
officier van(1,156)
van justitie(1,156)
een nieuwe(1,156)
van spanje(1,156)
het beste(1,156)
nieuws is(1,156)
en buiten(1,156)
raad van(1,156)
van nijmegen(1,156)
advertentie van(1,156)
eerste met(1,156)
programma van(1,156)
jaar de(1,156)
misdaad en(1,156)
zullen niet(1,156)
de jonge(1,156)
groningen en(1,156)
plan van(1,156)
de tien(1,156)
met 10(1,156)
nieuwe van(1,156)
nieuwe kerk(1,156)
de la(1,156)
wordt ook(1,156)
kamer voor(1,156)
te amsterdam(1,156)
woorden en(1,156)
der veen(1,156)
alleen of(1,156)
groningen de(1,156)
misbruik van(1,156)
de groep(1,156)
de wal(1,156)
het schip(1,156)
vroeger was(1,156)
