lockheed affaire(49,1)
over lockheed(27,1)
manh 28(23,1)
asa 15(18,1)
15 asarco(17,1)
rapport donner(13,1)
broadc 35(12,1)
24 apeco(9,1)
30 apeco(9,1)
asa 16(7,1)
manh 29(7,1)
burroughs 90(6,1)
56 bayuk(5,1)
28 apeco(5,1)
om lockheed(4,1)
25 apeco(4,1)
40 am.broadc(4,1)
tegen lockheed(3,1)
commissie church(3,1)
meuser weisbrod(3,1)
child 43(3,1)
en weisbrod(3,1)
donner rapport(3,1)
87 colgate(3,1)
cola 86(3,1)
broadc 36(3,1)
am.broadc 35(3,1)
lockheed ook(2,1)
bernhard geld(2,1)
meuser ik(2,1)
grote sussen(2,1)
14 midi(2,1)
nabisco 44(2,1)
olin 37(2,1)
presidentskandidaat carter(2,1)
naar wapenaankopen(2,1)
17 alcanal(2,1)
am.el.pow 22(2,1)
cig bendix(2,1)
co ofa(2,1)
brandt 39(2,1)
am.nat.res 37(2,1)
24 cpcint(2,1)
15 gulfocan(2,1)
am.nat.res 36(2,1)
27 burl.n.lnd(2,1)
42 airco(2,1)
brandi 40(2,1)
orkaan belle(2,1)
over omkopingen(1,1)
omkopingen door(1,1)
tegen rumor(1,1)
lockheed wilde(1,1)
lockheed betaalde(1,1)
lockheed president(1,1)
meuser om(1,1)
en kotchian(1,1)
meer concerns(1,1)
voorzover prins(1,1)
roolvink schmelzer(1,1)
dollar steekpenningen(1,1)
lockheed steekpenningen(1,1)
bernhard ontkent(1,1)
grote wapenaankopen(1,1)
onderzoekcommissie heeft(1,1)
de lockheedzaak(1,1)
kotchian en(1,1)
en haughton(1,1)
by lockheed(1,1)
nederlandse regeringsfunctionaris(1,1)
kotchian zijn(1,1)
hollandse maffia(1,1)
honeywell 41(1,1)
33 mcddougl(1,1)
32 mcddougl(1,1)
80 motorola(1,1)
23 apeco(1,1)
82 phelps(1,1)
88 uniroyal(1,1)
child 42(1,1)
25b gulf(1,1)
donner nu(1,1)
prins geld(1,1)
church voor(1,1)
hubert weisbrod(1,1)
laakbare activiteiten(1,1)
via weisbrod(1,1)
van roha(1,1)
meuser op(1,1)
uyl drie(1,1)
kodama in(1,1)
lockheedaffaire in(1,1)
regina 1976(1,1)
geheime loonlijst(1,1)
casino spelen(1,1)
ook steekpenningen(1,1)
de vauthaire(1,1)
gyps 14(1,1)
26 am.el.pow(1,1)
27 am.el.pow(1,1)
burroughs 96(1,1)
cola 87(1,1)
burroughs 95(1,1)
o'k 3b(1,1)
26 burt(1,1)
85 colgate(1,1)
20 ail(1,1)
am el.pow(1,1)
burl n.lnd(1,1)
48 chasemanh(1,1)
25 comm.w.ed(1,1)
comm.w.ed 28(1,1)
24 cpc(1,1)
135 eastern(1,1)
al.co ofa(1,1)
pilt 10(1,1)
apeco 17(1,1)
28 comm.sat(1,1)
15 curt.wr(1,1)
am.el pow(1,1)
41 am.broadc(1,1)
am.broadc 37(1,1)
57 amprx(1,1)
27 apeco(1,1)
23 burl.n.lnd(1,1)
92 celanese(1,1)
49 chasemanh(1,1)
comm.w.ed 29(1,1)
29 comm.sat(1,1)
exxon 104(1,1)
12 culbroc(1,1)
175 gillette(1,1)
72 int.tel.tel(1,1)
al co.ofa(1,1)
chasemanh 29(1,1)
34 cites(1,1)
cites serv(1,1)
11 culbroc(1,1)
culbroc 18(1,1)
oil 176(1,1)
13 gulfo.can(1,1)
al co.of(1,1)
oi 27(1,1)
44 burrouchs(1,1)
18 alcanal(1,1)
broadc 21(1,1)
chessie sy(1,1)
33 comm.w.ed(1,1)
comm.w.ed 31(1,1)
13 control(1,1)
broadc 22(1,1)
eaitern air(1,1)
gyp 14(1,1)
46 airco(1,1)
broadc 23(1,1)
13 carling(1,1)
brandt 40(1,1)
27 brascan(1,1)
manh 30(1,1)
sys 38(1,1)
comm.w.ed 30(1,1)
ford carter(1,1)
cr zellerb(16,2)
84 colgate(10,2)
89 can(7,2)
akzona 19(7,2)
premier miki(6,2)
aan lockheed(5,2)
van kodama(5,2)
burroughs 89(5,2)
81 colgate(5,2)
burroughs 87(4,2)
26 dowchem(4,2)
airco 20(4,2)
29 apeco(4,2)
118 eastern(4,2)
125 eastern(3,2)
met meuser(3,2)
43 culbro(3,2)
amax 58(3,2)
burroughs 88(3,2)
83 colgate(3,2)
weisbrod en(2,2)
10b phillips(2,2)
asa 17(2,2)
italiaans kabinet(2,2)
19 ampcopitt(2,2)
pitt 10(2,2)
burroughs 101(2,2)
chasemanh 30(2,2)
43 airco(2,2)
19 apeco(2,2)
haughton en(1,2)
binnen pvda(1,2)
lockheed hebben(1,2)
sussen is(1,2)
bernhard genoemd(1,2)
73 m.g.m(1,2)
81 motorola(1,2)
124 eastern(1,2)
72 m.g.m(1,2)
morr 58(1,2)
95 sears(1,2)
un 18(1,2)
wrigley 81(1,2)
de steekpenningenaffaire(1,2)
steekpenningen een(1,2)
vredeling gaat(1,2)
bernhard mag(1,2)
adhesiebetuigingen voor(1,2)
krijgt nader(1,2)
omkoperij door(1,2)
door dassault(1,2)
mig 25(1,2)
jesse winchester(1,2)
kod 109(1,2)
akzona 20(1,2)
esmark 37(1,2)
ampcopitt 10(1,2)
bayuk eig(1,2)
burroughs 92(1,2)
26b dart(1,2)
ampco pilt(1,2)
am.broadc 36(1,2)
hom 34(1,2)
98 bayuk(1,2)
104 fair(1,2)
49 flor(1,2)
22 hiltonh(1,2)
asa 18(1,2)
cola 88(1,2)
24 comm.w(1,2)
28 gulfoil(1,2)
gulfoil 27(1,2)
tm kod(1,2)
kod 113(1,2)
akzona 21(1,2)
armoo st(1,2)
89 colgate(1,2)
25 comm.w(26,3)
28 chessie(18,3)
citicorp 30(18,3)
56 coca(11,3)
broadc 34(11,3)
st inc(11,3)
akzona 16(11,3)
17 carling(9,3)
16 carling(8,3)
41 culbro(8,3)
fred foppen(6,3)
55 amerada(6,3)
amax 57(6,3)
29 chessie(6,3)
55 bendix(4,3)
55 coca(4,3)
57 coca(4,3)
oil 190(3,3)
82 colgate(3,3)
20 insilco(3,3)
publ 17(3,3)
cola 85(3,3)
amax 55(3,3)
36 delmonte(3,3)
57 bendix(3,3)
122 eastern(3,3)
airco 19(3,3)
ontkent geld(2,3)
190 gillette(2,3)
heinz 27(2,3)
honeywell 43(2,3)
min mining(2,3)
geheime betalingen(2,3)
42 flor(2,3)
akzona 17(2,3)
22 asarco(2,3)
citicorp 35(2,3)
airco 21(2,3)
rechtse nationalisten(1,3)
als lockheed(1,3)
19 insilco(1,3)
189 gillette(1,3)
44 ill(1,3)
31 mca(1,3)
mining 60(1,3)
21 merek(1,3)
80 phelps(1,3)
dod 38(1,3)
burroughs 91(1,3)
pepsico 81(1,3)
92 publ(1,3)
24 transam(1,3)
10 tw.cent(1,3)
21 wrigley(1,3)
klm ir(1,3)
prince bernhard(1,3)
senator proxmire(1,3)
omstreeks 1968(1,3)
tegen bernhard(1,3)
verouderde neptunes(1,3)
via liechtenstein(1,3)
door aly(1,3)
linkse kamerleden(1,3)
paso 12(1,3)
bendlx 40(1,3)
18 carling(1,3)
burroughs 86(1,3)
52 coca(1,3)
ampco pttt(1,3)
27 dowchem(1,3)
34 am.cyan(1,3)
asa 23(1,3)
asa 21(1,3)
48 akzona(1,3)
51 coca(1,3)
22 insilco(1,3)
18 akzona(1,3)
22 alt(1,3)
hom 33(1,3)
17 apeco(1,3)
asa 28(1,3)
20 cpc(1,3)
brascan 12(1,3)
15 carling(1,3)
meuser in(1,3)
jones weer(1,3)
cat tract(30,4)
19 ampco(24,4)
home 33(19,4)
delmonte 28(14,4)
59 ampex(12,4)
voor lockheed(9,4)
32 delmonte(9,4)
27 colt(9,4)
pow 18(9,4)
cola 84(9,4)
54 coca(8,4)
home 32(7,4)
17 asarco(7,4)
akzona 18(7,4)
16 asarco(6,4)
28 colt(6,4)
39 culbro(6,4)
42 cr(6,4)
esmark 31(5,4)
57 amerada(5,4)
57 amax(5,4)
ak ona(5,4)
14 esmark(4,4)
citicorp 33(4,4)
129 eastern(4,4)
58 amerada(4,4)
lockheed voor(3,4)
fred meuser(3,4)
victor baarn(3,4)
53 bendix(3,4)
goodrich 24(3,4)
insilco 12(3,4)
amerada 20(3,4)
asarco 16(3,4)
56 amax(3,4)
lockheed aan(2,4)
lockheed op(2,4)
gatx 29(2,4)
kim 44(2,4)
52 fair(2,4)
12 i.b.m(2,4)
19 itv(2,4)
mars field(2,4)
midi ross(2,4)
ross 24(2,4)
dist 23(2,4)
26 occidental(2,4)
cola 82(2,4)
senator church(2,4)
amerada 19(2,4)
28 dowchem(2,4)
33 delmonte(2,4)
goodrich 28(2,4)
47 heller(2,4)
54 ampex(2,4)
19 akzona(2,4)
street nu(2,4)
lockheed te(1,4)
kolonel pantchoulidzew(1,4)
advocaat william(1,4)
25 gatx(1,4)
42 ill(1,4)
itv 11(1,4)
mining 59(1,4)
north hl(1,4)
33 schaefer(1,4)
sterl drugs(1,4)
drugs 16(1,4)
studb wo(1,4)
syntex 22(1,4)
34 tandycraft(1,4)
tandycraft 13(1,4)
18 west.h.el(1,4)
16 wh.labrat(1,4)
45 kraftco(1,4)
ir meuser(1,4)
militaire aankoopbeleid(1,4)
ford to(1,4)
telefoon 718100(1,4)
ongeoorloofde betalingen(1,4)
duisenberg was(1,4)
affaire menten(1,4)
rond prins(1,4)
kabinet moro(1,4)
dubieuze betalingen(1,4)
dear henry(1,4)
12 engelhard(1,4)
exxon 90(1,4)
35 delmonte(1,4)
47 du(1,4)
52 amax(1,4)
31 delmonte(1,4)
56 ampex(1,4)
amax 38(1,4)
esmark 32(1,4)
oil 174(1,4)
esmark 30(1,4)
honeywell 48(1,4)
amerada 17(1,4)
over emigranten(1,4)
amst ind(35,5)
contr dat(31,5)
asarco 15(24,5)
comm.w ed(24,5)
15 ashland(22,5)
60 ampex(13,5)
amax 53(11,5)
56 bendix(10,5)
door lockheed(9,5)
54 amerada(9,5)
delmonte 27(9,5)
33 akzona(8,5)
26 colt(8,5)
34 delmonte(8,5)
53 amax(6,5)
amax 54(6,5)
53 amerada(5,5)
fair child(5,5)
26 gatx(5,5)
44 cr(5,5)
20 ampco(5,5)
31 exxon(4,5)
91 can(4,5)
amerada 21(4,5)
18 ampco(4,5)
gatx 30(3,5)
cable 10(3,5)
19 imp(3,5)
home 35(3,5)
61 ampex(3,5)
46 du(3,5)
42 burl(3,5)
36 akzona(3,5)
55 fruehauf(2,5)
17 honeywell(2,5)
13 i.b.m(2,5)
56 fruehauf(2,5)
mca 32(2,5)
mp 14(2,5)
engelhard 24(2,5)
44 du(2,5)
pow 27(2,5)
colgate 28(2,5)
dart md(2,5)
ed 17(2,5)
21 alcan(2,5)
po 22(2,5)
geen bankrekening(1,5)
om steekpenningen(1,5)
dassault in(1,5)
monsanto 80(1,5)
50 nabisco(1,5)
cash 34(1,5)
27 hein(1,5)
30 mca(1,5)
49 nabisco(1,5)
north ill(1,5)
23 rca(1,5)
24 reliance(1,5)
reynolds 63(1,5)
45 santa(1,5)
13 tenneco(1,5)
xerox 61(1,5)
over carter(1,5)
agt alleen(1,5)
nieuwe rembrandt(1,5)
prins weet(1,5)
carter houdt(1,5)
prins grote(1,5)
sta boven(1,5)
kamerleden stellen(1,5)
steekpenningen betaald(1,5)
19 engelhard(1,5)
62 ampex(1,5)
55 amax(1,5)
celanese 48(1,5)
46 cr(1,5)
57 ampex(1,5)
43 boeing(1,5)
38 amerada(1,5)
gatx 27(1,5)
goodrich 27(1,5)
33 asa(1,5)
exxon 54(1,5)
gatx 28(1,5)
34 amerada(1,5)
29 asarco(1,5)
40 coca(1,5)
31 deere(1,5)
delmonte 25(1,5)
amax 52(1,5)
21 akzona(1,5)
32 burl(1,5)
pitt 12(24,6)
ed 19(18,6)
34 akzona(13,6)
ed 18(11,6)
akzona 15(10,6)
25 colt(9,6)
43 cr(8,6)
alt pow(8,6)
cola 81(8,6)
celanese 45(7,6)
20 alt(7,6)
46 chase(7,6)
colgate 25(6,6)
45 chase(5,6)
johns mnv(5,6)
ind 13(5,6)
home 34(5,6)
32 asa(5,6)
delmonte 26(4,6)
32 akzona(4,6)
41 burl(4,6)
cariing o'k(3,6)
41 cr(3,6)
35 akzona(3,6)
asarco 17(3,6)
lockheed van(2,6)
43 flor(2,6)
27 heller(2,6)
47 chase(2,6)
jacques fahrenfort(2,6)
30 asa(2,6)
inc 19(2,6)
59 amax(2,6)
18 citicorp(2,6)
40 curt(2,6)
airco 17(2,6)
52 amerada(2,6)
panoramiek over(1,6)
miljardenorder voor(1,6)
lockheed een(1,6)
nederlandse functionaris(1,6)
voor steekpenningen(1,6)
lehman 10(1,6)
goodrich 23(1,6)
celanese 47(1,6)
28 n.a(1,6)
stand o.c(1,6)
53 sterl(1,6)
22 tandy(1,6)
unilever 42(1,6)
illegale betalingen(1,6)
queen juliana(1,6)
718100 toestel(1,6)
uyl neemt(1,6)
prinsen naast(1,6)
democratisch presidentskandidaat(1,6)
cola 83(1,6)
96 can(1,6)
pont 126(1,6)
chessie svst(1,6)
53 coca(1,6)
32 exxon(1,6)
25 fluor(1,6)
18 honeywell(1,6)
heinz 48(1,6)
asarco 14(1,6)
colgate 29(1,6)
29 colt(1,6)
23 dart(1,6)
17 armco(1,6)
andere regeringspolitiek(1,6)
ampco pitt(30,7)
chessie syst(24,7)
carling o'k(23,7)
29 asa(20,7)
16 alcan(13,7)
41 du(10,7)
54 amax(10,7)
colgate 27(9,7)
amerada 25(8,7)
15 alcan(7,7)
street vast(7,7)
16 ashland(6,7)
cola 80(5,7)
celanese 46(5,7)
45 burl(5,7)
26 dart(5,7)
amerada 22(5,7)
colgate 26(4,7)
19 alcan(4,7)
en peschar(3,7)
am air(3,7)
80 colgate(3,7)
tanaka in(3,7)
brand 40(3,7)
17 ashland(3,7)
over steekpenningen(2,7)
vliegtuigfabriek lockheed(2,7)
51 fair(2,7)
heller 20(2,7)
18 imp(2,7)
28 heller(2,7)
insilco 13(2,7)
23 lehman(2,7)
occidental 18(2,7)
eastem air(2,7)
poel laat(2,7)
pont 140(2,7)
31 asa(2,7)
94 can(2,7)
pont 129(2,7)
16 curt(2,7)
28 asa(2,7)
asarco 18(2,7)
20 alcan(2,7)
lockheed is(1,7)
journalist jack(1,7)
nederlandse autoriteit(1,7)
refuses to(1,7)
alleged to(1,7)
agt justitie(1,7)
het lockheed(1,7)
gillette 25(1,7)
263 int(1,7)
34 proct(1,7)
reliance gr(1,7)
43 syntex(1,7)
tenneco 32(1,7)
25 kim(1,7)
22 lehman(1,7)
jet star(1,7)
menten naar(1,7)
hauser in(1,7)
treasury secretary(1,7)
franse wapenindustrie(1,7)
de lockheedaffaire(1,7)
past three(1,7)
van church(1,7)
kissinger over(1,7)
italiaanse partijen(1,7)
fractievoorzitter wiegel(1,7)
ind 14(1,7)
15 esmark(1,7)
akzona 13(1,7)
41 curt(1,7)
31 goodrich(1,7)
paper 73(1,7)
39 kraftco(1,7)
kraftco 42(1,7)
47 cr(1,7)
heller 21(1,7)
19 honeywell(1,7)
38 amax(1,7)
11 burl(1,7)
engelhard 23(1,7)
104 can(1,7)
34 burroughs(1,7)
102 can(1,7)
19 citicorp(20,8)
amerada 23(16,8)
15 curt(14,8)
pow 19(13,8)
celanese 44(8,8)
pont 125(7,8)
56 celanese(6,8)
18 alcan(6,8)
amerada 24(5,8)
55 celanese(5,8)
pow 28(4,8)
28 fluor(4,8)
13 lockheed(4,8)
90 can(4,8)
inc 26(4,8)
43 burl(4,8)
am brandt(4,8)
colgate 24(3,8)
exxon 51(3,8)
11 litton(3,8)
17 alcan(3,8)
41 boeing(3,8)
29 dow(3,8)
co ol(3,8)
street tegen(3,8)
kraftco 45(2,8)
paper 68(2,8)
lehman 11(2,8)
field 18(2,8)
18 mart(2,8)
pont 123(2,8)
gillette 26(2,8)
n.a philips(2,8)
57 celanese(2,8)
bendix 38(2,8)
olie hoger(2,8)
44 amax(2,8)
na watergate(1,8)
lockheed de(1,8)
inquiry into(1,8)
minister kissinger(1,8)
was signed(1,8)
dollar gestort(1,8)
paper 67(1,8)
heller 19(1,8)
59 polaroid(1,8)
rca 25(1,8)
rockwell 29(1,8)
41 sun(1,8)
texaco 27(1,8)
union o.c(1,8)
34 us(1,8)
exxon 52(1,8)
25 25b(1,8)
voor carter(1,8)
boeing jumbo(1,8)
cremers telefoon(1,8)
and johnson(1,8)
21 citicorp(1,8)
et paso(1,8)
18 ashland(1,8)
pont 135(1,8)
grace 25(1,8)
heller 22(1,8)
257 int(1,8)
33 klm(1,8)
36 amax(1,8)
93 can(1,8)
cerro 17(1,8)
pont 144(1,8)
18 chase(1,8)
commissie donner(72,9)
pow 23(27,9)
chrysler 19(25,9)
ine 19(23,9)
japanse indonesische(15,9)
23 epe(14,9)
22 epe(10,9)
44 chase(10,9)
bendix 39(7,9)
ed 29(7,9)
42 du(5,9)
43 du(4,9)
pow 21(4,9)
24 goodyear(3,9)
88 can(3,9)
pont 118(3,9)
inc 20(3,9)
39 burl(2,9)
food 33(2,9)
27 kim(2,9)
pont 124(2,9)
kraftco 44(2,9)
38 philip(2,9)
van meuser(2,9)
ind 27(2,9)
20 citicorp(2,9)
24 epe(2,9)
87 can(2,9)
celanese 43(2,9)
inc 22(2,9)
mot 69(2,9)
alleen cpn(1,9)
johan olde(1,9)
mariano rumor(1,9)
de miljoenendans(1,9)
58 monsanto(1,9)
monsanto 79(1,9)
cash 33(1,9)
25 western(1,9)
mot 73(1,9)
trial in(1,9)
of support(1,9)
in transacties(1,9)
schmidt c.s(1,9)
achter prins(1,9)
27 burl(1,9)
pont 132(1,9)
53 celanese(1,9)
24 burl(1,9)
13 alcan(1,9)
27 fluor(1,9)
food 28(1,9)
gillette 29(1,9)
20 grace(1,9)
heinz 47(1,9)
pont 138(1,9)
fluor 44(1,9)
food 32(1,9)
33 goodrich(1,9)
inc 18(1,9)
17 chase(1,9)
inc 24(1,9)
cerro 18(1,9)
vast wall(1,9)
st ine(29,10)
26 burl(20,10)
met lockheed(10,10)
27 dow(9,10)
17 curt(9,10)
28 dow(8,10)
54 celanese(8,10)
nl ind(7,10)
pow 22(6,10)
bendix 40(6,10)
ed 30(6,10)
imp oil(5,10)
bendix 41(5,10)
fluor 35(4,10)
inc 23(4,10)
uyl verwacht(3,10)
28 dart(3,10)
34 col(3,10)
boeing 27(3,10)
omkoping in(2,10)
26 goodrich(2,10)
19 hilton(2,10)
60 mobil(2,10)
motorola 49(2,10)
18 olin(2,10)
zaak menten(2,10)
18 curt(2,10)
44 burroughs(2,10)
58 celanese(2,10)
13 contr(2,10)
onthullend licht(1,10)
all nippon(1,10)
amerikaanse vliegtuigfabrieken(1,10)
broer jean(1,10)
23 goodyear(1,10)
26 kim(1,10)
polaroid 36(1,10)
18 pan(1,10)
polaroid 35(1,10)
32 reynolds(1,10)
19 toledo(1,10)
menten door(1,10)
louche praktijken(1,10)
onzorgvuldigheid en(1,10)
televisie blijft(1,10)
rhodesische kwestie(1,10)
pont 133(1,10)
26 ah(1,10)
39 boeing(1,10)
43 chase(1,10)
chrysler 18(1,10)
air 71(1,10)
inc 21(1,10)
34 coca(1,10)
01l 37(1,10)
food 27(1,10)
29 goodrich(1,10)
goodyear 20(1,10)
klm 39(1,10)
42 kroger(1,10)
goodyear 22(1,10)
29 burl(1,10)
40 boeing(1,10)
chrysler 14(1,10)
26 atl(22,11)
ind 26(22,11)
19 curt(17,11)
37 boeing(12,11)
ed 31(11,11)
bij lockheed(10,11)
premier tanaka(7,11)
amf inc(7,11)
40 burl(6,11)
38 boeing(6,11)
20 curt(6,11)
pont 122(5,11)
grace 27(5,11)
tv vandaag(4,11)
can 31(4,11)
29 getty(3,11)
ind 19(3,11)
chrysler 21(3,11)
27 dart(3,11)
boeing 42(3,11)
46 col(2,11)
fruehauf 25(2,11)
26 heinz(2,11)
ill centr(2,11)
45 kroger(2,11)
ine 43(2,11)
40 burroughs(2,11)
klm iets(2,11)
28 goodyear(2,11)
kissinger op(1,11)
cooperation in(1,11)
voor multinationale(1,11)
nippon airways(1,11)
ai geruime(1,11)
25 dart(1,11)
food 34(1,11)
oil pr(1,11)
tandy 34(1,11)
32 western(1,11)
senaatscommissie is(1,11)
tanaka de(1,11)
met kissinger(1,11)
aan dubieuze(1,11)
wiegel tijdens(1,11)
mijn functies(1,11)
martin deelen(1,11)
ine 44(1,11)
int 46(1,11)
gillette 31(1,11)
22 hilton(1,11)
27 goodyear(1,11)
25 heinz(1,11)
grace 28(1,11)
can 83(1,11)
control dat(1,11)
int 44(1,11)
bavuk cig(1,11)
dart ind(30,12)
30 cities(19,12)
39 burroughs(9,12)
flor pow(6,12)
bendix 42(6,12)
41 burroughs(6,12)
36 boeing(5,12)
goodyear 21(4,12)
21 grace(4,12)
ashland ou(4,12)
meuser en(3,12)
cpc int(3,12)
lockheed in(2,12)
29 cities(2,12)
44 kroger(2,12)
mart mar(2,12)
philip morr(2,12)
int 45(2,12)
49 col(2,12)
air 10(2,12)
25 greyhound(2,12)
greyhound 15(2,12)
naar regering(1,12)
dominee over(1,12)
van dassault(1,12)
een luchtvaartshow(1,12)
20 hilton(1,12)
27 heinz(1,12)
itv 10(1,12)
36 proct(1,12)
spaanse officieren(1,12)
60 polaroid(1,12)
22 quaker(1,12)
drie adviseurs(1,12)
church heeft(1,12)
steekpenningen voor(1,12)
ed 32(1,12)
100 can(1,12)
fluor 42(1,12)
en vance(1,12)
53 col(1,12)
28 getty(1,12)
doctor who(1,12)
am airl(27,13)
36 all(15,13)
paso 14(7,13)
boeing 41(6,13)
alcan ai(5,13)
42 burroughs(4,13)
28 atl(3,13)
accused of(2,13)
25 gulf(2,13)
ashland 01l(2,13)
int 41(2,13)
86 can(2,13)
101 can(2,13)
ind 20(2,13)
watergate en(1,13)
voor orion(1,13)
ford moet(1,13)
lockheed heeft(1,13)
kroger 24(1,13)
59 monsanto(1,13)
te 59(1,13)
union el(1,13)
zijdelings ter(1,13)
maarseveen de(1,13)
231 am(1,13)
curt wi(1,13)
26 dow(1,13)
first week(1,13)
22 grace(1,13)
21 hilton(1,13)
nam gas(1,13)
chase manh(31,14)
comm sat(27,14)
15 contr(27,14)
epe int(26,14)
45 col(9,14)
am brand(5,14)
27 greyhound(4,14)
fruehauf 26(4,14)
jack anderson(3,14)
pot 21(3,14)
19 norf(2,14)
philips 29(2,14)
nat re(2,14)
moet inzicht(1,14)
ploeg vvd(1,14)
drie oorlogsmisdadigers(1,14)
breda gevangen(1,14)
have reached(1,14)
nickel 31(1,14)
minister visser(1,14)
un techn(1,14)
western un(1,14)
het revanchisme(1,14)
grote pressie(1,14)
toestel 239(1,14)
voor multinationals(1,14)
elk 21(1,14)
aican al(1,14)
37 ti(1,14)
kennecott 33(1,14)
brokkelen af(1,14)
ind 32(17,15)
can 35(9,15)
boeing 45(9,15)
anaconda 24(8,15)
40 du(6,15)
frank church(5,15)
boeing 40(5,15)
greyhound 14(4,15)
47 col(4,15)
can 34(4,15)
boeing 39(3,15)
nickel 32(3,15)
kroger 23(3,15)
president ford(2,15)
luchtvaartshow in(2,15)
14 gulf(2,15)
113 nat(2,15)
hans hoffmann(2,15)
to question(1,15)
kasteel warmelo(1,15)
financiele administratie(1,15)
niet doorgegane(1,15)
agreement was(1,15)
voorlichtingsman van(1,15)
toledo fd(1,15)
23 woolworth(1,15)
ir besancon(1,15)
vrijstaat beieren(1,15)
steekpenningen zijn(1,15)
senator jackson(1,15)
anaconda 26(1,15)
goodyear 23(1,15)
23 grace(1,15)
345 35(1,15)
uyl tijdens(1,15)
slimme man(1,15)
amf ine(29,16)
can 32(22,16)
pac 17(14,16)
can 33(13,16)
int 43(11,16)
anaconda 30(10,16)
brands 40(9,16)
gen publ(7,16)
pac 18(7,16)
27 atl(6,16)
anaconda 29(5,16)
boeing 43(2,16)
anaconda 23(2,16)
commission to(1,16)
oorlogsmisdadiger in(1,16)
29 japan(1,16)
mot 71(1,16)
de neptunes(1,16)
kennecott 26(1,16)
reders te(1,16)
40 4c(1,16)
anaconda 27(1,16)
motor 37(1,16)
nickel 34(1,16)
am broadc(37,17)
el pow(30,17)
brands 41(15,17)
int 42(9,17)
senator frank(4,17)
48 col(4,17)
kennecott 27(3,17)
anaconda 28(3,17)
can 13(2,17)
am cvan(2,17)
20 norf(2,17)
pot 22(2,17)
anaconda 19(2,17)
to aid(1,17)
hoogleraar staatsrecht(1,17)
32 texaco(1,17)
texas ut(1,17)
wiegel vvd(1,17)
kamer debatteert(1,17)
russische piloot(1,17)
bernhard niet(1,17)
naar lech(1,17)
evening of(1,17)
henny korver(1,17)
boeing 44(1,17)
89,00 88.00(1,17)
over stadsvernieuwing(1,17)
doeke vaartjes(1,17)
anaconda 17(1,17)
indonesische aandelen(14,18)
ind 35(11,18)
rien robijns(10,18)
37 all(4,18)
38 bethl(3,18)
29 north(2,18)
phillips pet(2,18)
anaconda 25(2,18)
van hauser(1,18)
1972 werden(1,18)
rechtse beweging(1,18)
29 royal(1,18)
74 southern(1,18)
bestseller te(1,18)
of comedy(1,18)
gillette 32(1,18)
brands 39(1,18)
25 comm(1,18)
am nat(36,19)
cont tel(33,19)
atl richf(26,19)
aandelen enz(14,19)
brands 42(9,19)
19 all(6,19)
gen cable(4,19)
19 kennecott(3,19)
50 col(2,19)
afnemers om(1,19)
committee to(1,19)
aireraft corp(1,19)
optie had(1,19)
un brands(1,19)
gesjoemel met(1,19)
in reacties(1,19)
ook buitenlands(1,19)
edo brandt(1,19)
is hubert(1,19)
hoogst bij(1,19)
helmuth schmidt(1,19)
z'n raap(1,19)
33 cities(1,19)
int 34(1,19)
beursredacteur new(1,19)
colt ind(35,20)
nat res(30,20)
29 cont(16,20)
ind 33(10,20)
34 cont(5,20)
23 all(5,20)
aan strauss(3,20)
26 kans(2,20)
oil 74(1,20)
on trial(1,20)
jozef strauss(1,20)
uyl sprak(1,20)
01l 28(1,20)
16 cons(1,20)
burl ind(28,21)
japanse aandelen(17,21)
39 bethl(9,21)
29 comm(6,21)
41 bethl(5,21)
huygens journaal(4,21)
nat gyps(3,21)
42 bethl(3,21)
37 pac(2,21)
voor colombia(1,21)
washington the(1,21)
58 philips(1,21)
27 texas(1,21)
tros aktua(1,21)
dollars to(1,21)
blijft vaag(1,21)
johnson and(1,21)
als tussenschakel(1,21)
spoeddebat in(1,21)
den uy(1,21)
ppr wil(1,21)
aly knol(1,21)
paar suggesties(1,21)
1976 door(1,21)
motor 47(1,21)
25 japan(1,21)
democraten nog(1,21)
hoger wall(1,21)
all pow(34,22)
getty oil(5,22)
35 all(4,22)
verslaggever bert(3,22)
street moest(3,22)
met steekpenningen(2,22)
chrysler 20(2,22)
tussenpersoon voor(1,22)
aircraft corporation(1,22)
right and(1,22)
uyl wil(1,22)
uit bedrijfsleven(1,22)
17 rep(1,22)
sun oil(1,22)
pr 43(1,22)
japanse luchtvaartmaatschappij(1,22)
bernhard nog(1,22)
drie krijgsmachtonderdelen(1,22)
ds ton(1,22)
pvda ppr(1,22)
voorlopig geheim(1,22)
42 ford(1,22)
28 all(1,22)
eastern air(26,23)
32 cont(16,23)
33 cont(14,23)
31 comm(12,23)
bayuk cig(9,23)
teengs gerritsen(7,23)
can 38(7,23)
37 cont(6,23)
nat tea(5,23)
27 all(3,23)
act ind(3,23)
23 may(2,23)
phelps dod(2,23)
26 cont(2,23)
22 all(2,23)
69 anaconda(2,23)
miljoen ging(1,23)
donner het(1,23)
amerikaanse gegevens(1,23)
raadsels rond(1,23)
brit had(1,23)
gedragscode voor(1,23)
tel 57(1,23)
ind 23(1,23)
18 kennecott(1,23)
lager wall(1,23)
ferry hoogendijk(1,23)
december 1976(1,23)
eastm kod(28,24)
ind 34(19,24)
bert stoop(7,24)
gen food(6,24)
en lockheed(5,24)
21 all(5,24)
31 kansas(3,24)
can pae(3,24)
japanse krant(2,24)
11 mars(2,24)
geen heksenjacht(2,24)
uyl nog(2,24)
door christina(2,24)
am hom(2,24)
1974 als(1,24)
lockheed aircraft(1,24)
ig farben(1,24)
democratische kandidatuur(1,24)
juliana regina(1,24)
steekpenningen in(1,24)
vakantie af(1,24)
carter op(1,24)
canadese fondsen(43,25)
armco st(29,25)
40 bethl(7,25)
24 all(6,25)
uit vs(4,25)
donner op(3,25)
29 cons(3,25)
openhartige gesprekken(2,25)
naar beschuldigingen(2,25)
21 pac(2,25)
26 tl(2,25)
atl richt(2,25)
18 all(2,25)
twijfels in(1,25)
1974 bij(1,25)
een geleense(1,25)
multinationale ondernemingen(1,25)
een falsificatie(1,25)
gaat mogelijk(1,25)
philip mok(1,25)
groningen loopt(1,25)
pvda stelt(1,25)
46 anaconda(1,25)
26 all(1,25)
43 ford(1,25)
atlantic richfield(1,25)
februari 1976(1,25)
strauss tot(1,25)
acf ind(38,26)
am brands(36,26)
gas 25(31,26)
38 cont(3,26)
39 chrysler(2,26)
januari 1976(2,26)
1,1 min(1,26)
november 1973(1,26)
kamer stemt(1,26)
hoorzittingen van(1,26)
informatie vragen(1,26)
washington amerika(1,26)
amerikaans rapport(1,26)
harrie cremers(1,26)
regering begint(1,26)
mei 1977(1,26)
general tire(1,26)
zwijgende meerderheid(1,26)
ongelooflijke staaltjes(1,26)
henk terlingen(1,26)
49 anaconda(1,26)
motor 57(1,26)
dokumentaire over(1,26)
op mini(1,26)
45 anaconda(12,27)
street weer(11,27)
48 anaconda(9,27)
28 cont(5,27)
36 cont(5,27)
lockheed en(4,27)
elseviers magazine(4,27)
30 japan(3,27)
binnenlandse aandelen(3,27)
27 kans(2,27)
en cia(2,27)
an agreement(1,27)
van idaho(1,27)
star 19(1,27)
36 stand(1,27)
motor 56(1,27)
csu in(1,27)
kunnen hoog(1,27)
weken voort(1,27)
uyl had(1,27)
televisie weer(1,27)
analyses in(1,27)
nos journaal(1,27)
corruptie het(1,27)
ppr en(1,27)
bernhard door(1,27)
76.00 76.00(1,27)
14 nl(1,27)
trouble with(1,27)
alcan al(45,28)
wisselkoersen new(11,28)
30 comm(8,28)
stan huygens(7,28)
26 cons(4,28)
in james(2,28)
47 anaconda(2,28)
45 45v(2,28)
prime rate(2,28)
buitenlandse regering(1,28)
wil mensen(1,28)
op barsten(1,28)
vergadert over(1,28)
betalingen het(1,28)
veel functies(1,28)
geheim dossier(1,28)
an evening(1,28)
37 ford(1,28)
ou 27(1,28)
oil 66(1,28)
fors lager(1,28)
gas terug(1,28)
amerikaanse canadese(18,29)
44 anaconda(7,29)
wereld natuurfonds(3,29)
oil 19(2,29)
roept vragen(2,29)
ou 28(2,29)
fors terug(2,29)
street kon(2,29)
tast ook(1,29)
the agreement(1,29)
lockheed aireraft(1,29)
45 stand(1,29)
christendemocraten in(1,29)
de praatstoel(1,29)
nieuwe revu(1,29)
interne machtsstrijd(1,29)
oil 22(1,29)
gas 24(1,29)
15 all(1,29)
oil 67(1,29)
fc utrecht(1,29)
van gulf(1,29)
totalitaire regimes(1,29)
van hillo(3,30)
27 cont(3,30)
oil 58(2,30)
van 1974(2,30)
piet heil(2,30)
japanse maatschappij(1,30)
min dollar(1,30)
de 1,6(1,30)
uit ziekenhuis(1,30)
csu en(1,30)
doorgeschoven naar(1,30)
luxueus appartement(1,30)
italiaanse krant(1,30)
over betalingen(1,30)
sleutelfiguren in(1,30)
italiaanse luchtmacht(1,30)
was klm(1,30)
uyl was(1,30)
blad newsweek(1,30)
in actuele(1,30)
ou 22(1,30)
oil 23(1,30)
jimmy carter(1,30)
28 cons(9,31)
am motor(5,31)
25 cons(2,31)
en 1974(1,31)
directie weigert(1,31)
concern geen(1,31)
pvda ging(1,31)
amerikaanse vliegtuigfabriek(1,31)
vanaf 1961(1,31)
star 18(1,31)
beierse csu(1,31)
buitenland krijgt(1,31)
aandelen kopen(1,31)
volgende begroting(1,31)
groot onderzoek(1,31)
aow wordt(1,31)
verkoopleider de(1,31)
van 1976(1,31)
38 chrysler(1,31)
am home(44,32)
ashland oil(27,32)
19 cons(19,32)
18 cons(9,32)
nico scheepmaker(6,32)
japan fund(5,32)
37 chrysler(5,32)
litton ind(4,32)
doordrukken van(1,32)
vries pvda(1,32)
in hilton(1,32)
intern onderzoek(1,32)
bij klm(1,32)
65 shell(1,32)
pvda lid(1,32)
likely to(1,32)
als verkoopleider(1,32)
tel 37(1,32)
operations in(1,32)
oil 24(1,32)
39 al(1,32)
oil 25(1,32)
nou sil(1,32)
york woensdag(1,32)
fors omhoog(1,32)
groothandelsprijzen voor(1,32)
barry hughes(1,32)
am cyan(41,33)
am motors(39,33)
36 chrysler(12,33)
35 cont(5,33)
oil 27(5,33)
louis velleman(2,33)
ook kamerleden(1,33)
hoofdboekhouder van(1,33)
appartement aan(1,33)
28 stand(1,33)
un corp(1,33)
voor eerherstel(1,33)
bild zeitung(1,33)
gaan akkoord(1,33)
duits echtpaar(1,33)
33 03(1,33)
rel rond(1,33)
43 anaconda(1,33)
slotfase in(1,33)
oil 26(23,34)
35 chrysler(5,34)
int flav(5,34)
34 chrysler(5,34)
nat can(2,34)
robijns en(2,34)
james bond(1,34)
oil 20(1,34)
philips gl(1,34)
gaan volgende(1,34)
topman van(1,34)
ook klm(1,34)
vandaag start(1,34)
each other(1,34)
lachje af(1,34)
belangrijk zegt(1,34)
30 cons(1,34)
oil 28(1,34)
van doeke(1,34)
york zaterdag(1,34)
jones index(1,34)
de menten(1,34)
schrijvende pers(1,34)
dow chem(23,35)
25 all(8,35)
herman wigbold(3,35)
cia en(2,35)
functies neergelegd(2,35)
economische stagnatie(2,35)
to improve(1,35)
publiciteit rond(1,35)
steekpenningen aan(1,35)
besloten zittingen(1,35)
aan indonesische(1,35)
ruzies over(1,35)
regering parlement(1,35)
portemonnee van(1,35)
de starfighter(1,35)
rijke zakenman(1,35)
is leren(1,35)
oostenrijkse televisie(1,35)
111 el(1,35)
uit 1960(1,35)
zoek contact(1,35)
curt wr(55,36)
all chem(28,36)
york stock(23,36)
wereld vandaag(2,36)
26v 26(2,36)
gas 23(2,36)
willen geld(1,36)
alle informatie(1,36)
uit 1850(1,36)
niet relevant(1,36)
met schmidt(1,36)
de legpuzzel(1,36)
kamerlid wil(1,36)
hoge kringen(1,36)
three weeks(1,36)
op westduitse(1,36)
westduitse ambassade(1,36)
cons ed(33,37)
35 ford(4,37)
wall streel(3,37)
belangrijkste passages(2,37)
kamer akkoord(1,37)
baarn was(1,37)
42 union(1,37)
door edo(1,37)
plotselinge ontslag(1,37)
puzzel en(1,37)
1414 14(1,37)
el 51(1,37)
117 am(1,37)
col gas(33,38)
van lockheed(30,38)
vs willen(3,38)
in 1974(2,38)
tegen beschuldigingen(2,38)
amerikaanse rechter(1,38)
heer teengs(1,38)
1961 een(1,38)
1.1 miljoen(1,38)
binnenland buitenland(1,38)
het normbesef(1,38)
vvd voor(1,38)
1963 van(1,38)
27 cons(11,39)
general dynamics(5,39)
73 gen(2,39)
door regeringen(2,39)
oil 36(2,39)
radio tv(1,39)
1968 en(1,39)
amerikaanse bronnen(1,39)
mei 1962(1,39)
in 1972(1,39)
voor klm(1,39)
texas instr(1,39)
union carb(1,39)
naar democratische(1,39)
van 1968(1,39)
golda meir(1,39)
kabinet houdt(1,39)
380 miljoen(1,39)
van boeing(1,39)
vvd niet(1,39)
hoe vertel(1,39)
gulf en(1,39)
20 all(12,40)
oil 37(8,40)
dr holtrop(5,40)
nat dist(4,40)
omstreeks 1960(3,40)
voor elektriciteit(2,40)
bonn wil(1,40)
weinig speelruimte(1,40)
360 miljoen(1,40)
1,6 miljoen(1,40)
agt en(1,40)
4,5 miljoen(1,40)
1,8 miljoen(1,40)
and holland(1,40)
gefotografeerd tijdens(1,40)
72 gen(1,40)
60 union(1,40)
niet afgerond(1,40)
asiel in(1,40)
1,1 miljoen(1,40)
loonlijst van(1,40)
tot omkoping(1,40)
wel vervangen(1,40)
om positie(1,40)
nat cash(2,41)
omzet weer(2,41)
miljoen niet(1,41)
openbaar nog(1,41)
prinses armgard(1,41)
team geen(1,41)
henk ten(1,41)
the department(1,41)
bernhard bij(1,41)
aan vu(1,41)
redelijk vermoeden(1,41)
geen lachje(1,41)
interne conflicten(1,41)
12 nl(1,41)
30 30v(1,41)
fors in(1,41)
van omkoping(1,41)
cpn het(1,41)
de steekpenningen(1,41)
oil 35(7,42)
tel 29(4,42)
ook onderzoek(2,42)
sankt moritz(2,42)
mobil oil(2,42)
drie prinsen(2,42)
klm nog(1,42)
prins wel(1,42)
to stop(1,42)
vindt prof(1,42)
vrienden zo(1,42)
church van(1,42)
15 union(1,42)
in porties(1,42)
spionage voor(1,42)
belangrijkste functie(1,42)
900 miljoen(1,42)
350 miljoen(1,42)
16 gen(1,42)
17 gen(3,43)
oil 33(2,43)
donner heeft(2,43)
tinus en(2,43)
tel 32(2,43)
kandidatenlijst van(1,43)
groningse hoogleraar(1,43)
tel 28(1,43)
steel 32(1,43)
als vals(1,43)
akkoord over(1,43)
akkoord voor(1,43)
oranje geen(1,43)
steel 42(1,43)
15 15v(1,43)
amerikaanse fondsen(1,43)
op joods(1,43)
24 251(1,43)
li 40(1,43)
van navo(1,43)
zeer fors(1,43)
henk hoekstra(1,43)
motor 55(4,44)
holtrop in(4,44)
en ontvoeringen(2,44)
oil 38(2,44)
22 miljoen(1,44)
naar hoge(1,44)
the u.s(1,44)
steel 45(1,44)
op zwitserse(1,44)
betalingen gedaan(1,44)
op televisie(1,44)
tros is(1,44)
geen akkoord(1,44)
fractieleiders in(1,44)
beide limburgen(1,44)
bernhard voor(1,44)
68 gen(1,44)
steel 44(1,44)
navo is(1,44)
leuk programma(1,44)
ruime omzet(1,44)
cont can(34,45)
weer flauw(4,45)
actieve aandelen(3,45)
hoge nederlandse(2,45)
street niet(2,45)
in 1967(1,45)
persoonlijke verplichtingen(1,45)
de schoolkrant(1,45)
parlementaire redactie(1,45)
vs hebben(1,45)
bernhard werd(1,45)
van donner(1,45)
weer zoiets(1,45)
vpro en(1,45)
tel 27(1,45)
steel 43(1,45)
31v 31(1,45)
weer zwak(1,45)
en giessen(1,45)
nat steel(5,46)
vs over(4,46)
oil 34(4,46)
bet hl(4,46)
yorkse beurs(4,46)
with us(2,46)
steel 47(2,46)
pac gas(2,46)
japan blijft(1,46)
dollar hoger(1,46)
amerikaanse senatoren(1,46)
publ serv(1,46)
ernstigste crisis(1,46)
street had(1,46)
52 gen(5,47)
fractie hoger(2,47)
over nederlanders(1,47)
italiaanse president(1,47)
gaat studeren(1,47)
onzeker over(1,47)
verklaarde gistermiddag(1,47)
praktijken uit(1,47)
voor spaanse(1,47)
vs heeft(1,47)
32 south(1,47)
zei premier(1,47)
dwingende reden(1,47)
samenwerking tegen(1,47)
tv al(1,47)
progressieve krachten(1,47)
door lambert(1,47)
voormalig verzet(1,47)
tel 26(1,47)
van vervalste(1,47)
cont oil(29,48)
18 gen(5,48)
aan bonn(2,48)
amerikaanse commissie(1,48)
71 gen(1,48)
amerikaanse bedrijven(1,48)
voorop bij(1,48)
regeringspartij in(1,48)
prins komt(1,48)
ss 23(1,48)
tel 14(1,48)
grotere omzet(1,48)
bethl st(29,49)
koningin juliana(5,49)
int harv(5,49)
zesde maand(2,49)
drie wijze(2,49)
molens voor(2,49)
vaag over(2,49)
volgens zegslieden(1,49)
grote verschuivingen(1,49)
kvp en(1,49)
uitnodigingen van(1,49)
zweedse koning(1,49)
strauss als(1,49)
70 miljoen(1,49)
klm zal(1,49)
aankopen te(1,49)
en t.v(1,49)
helemaal tevreden(1,49)
en carter(1,49)
verplichtingen over(1,49)
30 cont(7,50)
donner is(4,50)
tel 13(4,50)
italiaanse premier(3,50)
tel 30(3,50)
68 int(3,50)
amerikaanse aandelen(3,50)
steekpenningen van(2,50)
aan steekpenningen(2,50)
33 gen(2,50)
pan am(2,50)
42 er(2,50)
na verkiezingen(1,50)
materiaal komt(1,50)
prins kreeg(1,50)
bij defensie(1,50)
italiaanse parlement(1,50)
japanse hoofdstad(1,50)
verklaringen wordt(1,50)
for holland(1,50)
46 nat(1,50)
mr donner(1,50)
amerikaans vliegtuig(1,50)
rep steel(1,50)
schmidt had(1,50)
ambtelijk onderzoek(1,50)
amerikaanse wet(1,50)
ondervraagd in(1,50)
robert wagner(1,50)
mensen praten(1,50)
marcus bakker(1,50)
van holtrop(1,50)
en klm(1,50)
in 1963(1,50)
int paper(5,51)
miljoen van(4,51)
in verklaring(2,51)
zegslieden in(1,51)
buitenlandse kranten(1,51)
dossiers in(1,51)
over amerikaanse(1,51)
korrel genomen(1,51)
kweken voor(1,51)
te annuleren(1,51)
amerikaanse senator(1,51)
67 int(1,51)
31 31v(1,51)
om amerikaanse(1,51)
vakantie voor(1,51)
prins nu(1,51)
mijn mensen(1,51)
jaren zeventig(1,51)
koning klant(1,51)
403 40(1,51)
254 257(1,51)
55 gen(1,51)
tel 15(26,52)
in japans(6,52)
lone star(2,52)
may dep(2,52)
38 al(2,52)
in opmars(2,52)
studeren op(1,52)
nederlandse commissie(1,52)
aan italiaanse(1,52)
onderzoek nodig(1,52)
rumoer rond(1,52)
naar eventuele(1,52)
44 er(1,52)
34 gen(1,52)
47 nat(1,52)
persoonlijke brieven(1,52)
thriller met(1,52)
voor boekhouder(1,52)
77 27(1,52)
377 37(1,52)
58 37(1,52)
limburgs dagblad(9,53)
37 al(4,53)
vice premier(2,53)
geen nare(2,53)
regering krijgt(1,53)
verslaggevers het(1,53)
zijn afgerond(1,53)
oorlogsmisdadigers die(1,53)
verschillende amerikaanse(1,53)
53 un(1,53)
ondanks hevig(1,53)
belastingdienst in(1,53)
iets omlaag(1,53)
hij aftreedt(1,53)
amerikaanse blad(1,53)
toestemming nodig(1,53)
actuele onderwerpen(1,53)
tel 25(1,53)
uu 10(1,53)
thyssen en(1,53)
am el(36,54)
japanse premier(4,54)
twee hoge(2,54)
komt eind(2,54)
16 nat(2,54)
zuid korea(1,54)
eisten een(1,54)
klm naar(1,54)
us steel(1,54)
carter van(1,54)
ex president(1,54)
287 28(1,54)
in sankt(1,54)
canadese en(18,55)
int nickel(5,55)
drs den(5,55)
ruim miljoen(1,55)
voor britse(1,55)
van vakantie(1,55)
miljoen op(1,55)
japanse autoriteiten(1,55)
vs om(1,55)
doden bij(1,55)
verdere acties(1,55)
bernhard als(1,55)
krachten nodig(1,55)
111 23(1,55)
37 gen(1,55)
el 55(1,55)
bij grotere(1,55)
jan laan(10,56)
gen tel(7,56)
onafhankelijke commissie(2,56)
met conclusies(2,56)
44 nat(2,56)
24 24v(2,56)
amerikaanse journalist(1,56)
franse blad(1,56)
haag minister(1,56)
steekpenningen te(1,56)
263 266(1,56)
pistool de(1,56)
leuzen tegen(1,56)
januari uitspraak(1,56)
klm in(1,56)
327 32(1,56)
27 gen(1,56)
al 43(1,56)
41 al(1,56)
sil it(1,56)
belastingbetalers in(1,56)
west duitsland(3,57)
st 43(3,57)
hoger in(2,57)
onderzoek mee(1,57)
stopt met(1,57)
die vocht(1,57)
franse film(1,57)
aan irak(1,57)
bern zwitserland(1,57)
geen coalitie(1,57)
buitenlandse betrekkingen(1,57)
latijns amerika(1,57)
van 1960(1,57)
diplomatieke activiteit(1,57)
bernhard op(1,57)
kan aantonen(1,57)
cities serv(25,58)
hl st(4,58)
functies neer(3,58)
als tussenpersoon(2,58)
algemene regel(2,58)
van belastingontduiking(1,58)
zij eisten(1,58)
goodwill te(1,58)
4000 dollar(1,58)
strauss het(1,58)
op kritiek(1,58)
kamerleden naar(1,58)
koningin gaat(1,58)
in 1956(1,58)
maanden nodig(1,58)
zijn talloze(1,58)
over resultaten(1,58)
hun rivalen(1,58)
de beurscommissie(1,58)
23 23v(1,58)
74 24(1,58)
57 38(1,58)
de cpn(1,58)
33 al(1,58)
22 int(5,59)
gulf oil(4,59)
strafrechtelijk onderzoek(2,59)
st 42(2,59)
eis tegen(1,59)
vuile was(1,59)
naar methoden(1,59)
bernhard was(1,59)
35 nat(1,59)
dubbelrol van(1,59)
bernhard het(1,59)
britse leger(1,59)
grote druk(1,59)
valse naam(1,59)
voor massa(1,59)
het rookgordijn(1,59)
volgens amerikaanse(1,59)
liggen anders(1,59)
onze verslaggevers(5,60)
iets hoger(5,60)
zwitserse regering(3,60)
nederlandse industrie(1,60)
de dubbelrol(1,60)
anderson in(1,60)
ingewijde in(1,60)
ter attentie(1,60)
willen horen(1,60)
grote beroering(1,60)
krijgsmacht en(1,60)
politieke inmenging(1,60)
wim kan(1,60)
op prinsjesdag(1,60)
nederlandse leeuw(1,60)
de lockheed(13,61)
st 41(4,61)
new yorkse(4,61)
britse minister(3,61)
in japanse(2,61)
13 nat(2,61)
hoger op(2,61)
zich horen(1,61)
hoge ambtenaren(1,61)
zover bekend(1,61)
rolletje in(1,61)
commissie krijgt(1,61)
internationaal niveau(1,61)
29 procent(1,61)
amerikaanse pers(1,61)
onder valse(1,61)
scoort het(1,61)
tegen corruptie(1,61)
buitenlandse pers(1,61)
bepaalt zelf(1,61)
beroering over(1,61)
in theologie(1,61)
gen el(6,62)
dow jones(3,62)
kopen bij(2,62)
regeringen voor(2,62)
nieuwe linie(2,62)
nodig geweest(1,62)
alle gewenste(1,62)
bij grote(1,62)
van nazi(1,62)
japanse regering(1,62)
aankopen van(1,62)
op oorlogspad(1,62)
speculaties over(1,62)
van tinus(1,62)
door henny(1,62)
25 253(1,62)
201 21(1,62)
21 nat(1,62)
onverminderd voortgezet(1,62)
st 39(2,63)
van japanse(1,63)
tegenstellingen binnen(1,63)
in 1960(1,63)
zo verklaarde(1,63)
uit duitsland(1,63)
pensioen nog(1,63)
schaadt ook(1,63)
26 int(1,63)
in hoger(1,63)
verder terrein(1,63)
in italiaanse(5,64)
gebeurde omstreeks(5,64)
gen motors(4,64)
bernhard is(2,64)
23 nat(2,64)
gas el(2,64)
mening over(1,64)
nederlandse regering(1,64)
mensen over(1,64)
voor premier(1,64)
eerder afgelegde(1,64)
shell oil(1,64)
met veiligheid(1,64)
diskrediet te(1,64)
grote rol(1,64)
tegen huis(1,64)
programma zelf(1,64)
communisten willen(1,64)
bernhard een(1,64)
de kernvraag(1,64)
50 miljoen(1,64)
van onthullingen(2,65)
over geruchten(2,65)
voordelig saldo(1,65)
premier geen(1,65)
nieuwe ontwikkelingen(1,65)
states and(1,65)
27 int(1,65)
10 nl(1,65)
10 un(1,65)
nieuwe beschuldigingen(1,65)
nieuw stukje(1,65)
het zweedse(1,65)
passiviteit van(1,65)
30 303(1,65)
moet lid(1,65)
op retour(1,65)
en japanse(18,66)
28 int(3,66)
al 42(2,66)
van piloten(1,66)
nooit enig(1,66)
recente foto(1,66)
lunch de(1,66)
fel omstreden(1,66)
concerns en(1,66)
olies en(1,66)
41 li(1,66)
minder schepen(1,66)
met mensen(1,66)
gen mot(7,67)
st 38(6,67)
naam prins(4,67)
van steekpenningen(3,67)
32 int(3,67)
na arrestatie(2,67)
het limburgs(2,67)
speciaal vliegtuig(1,67)
of justice(1,67)
te kweken(1,67)
31 int(1,67)
derde land(1,67)
buitenland nu(1,67)
amerika bereid(1,67)
in colombia(1,67)
neer niet(1,67)
100 miljoen(1,67)
53 34(1,67)
33 int(1,67)
coca cola(35,68)
een enig(2,68)
christen democraten(2,68)
onze economie(2,68)
aan regering(1,68)
washington president(1,68)
vloeide in(1,68)
duistere praktijken(1,68)
un pac(1,68)
bij arbeiders(1,68)
in amerikaanse(1,68)
in delfshaven(1,68)
10 ad(1,68)
laatste koning(1,68)
of march(1,68)
reportage over(1,68)
am can(48,69)
orion van(1,69)
geen langdurige(1,69)
een hoge(1,69)
sears roeb(1,69)
grote belangstelling(1,69)
met gebeurtenissen(1,69)
aan frits(1,69)
stelt vragen(1,69)
237 23(1,69)
aantonen dat(1,69)
z'n kop(1,69)
36 am(21,70)
st 37(11,70)
miljoen aan(3,70)
20 miljoen(2,70)
krijgt nieuwe(1,70)
niet uitgezonden(1,70)
266 266(1,70)
de keiharde(1,70)
baby aan(1,70)
in tokyo(1,70)
ontsnapte gevangenen(1,70)
over inhoud(1,70)
in ster(1,70)
kritisch onderzoek(1,70)
het japanse(1,70)
nodig voor(1,70)
20 pnt(1,70)
miljoen dollar(10,71)
st 36(5,71)
30 gen(4,71)
van werkspoor(3,71)
30.000 dollar(1,71)
opwinding op(1,71)
prins moet(1,71)
om zaak(1,71)
bernhard de(1,71)
verblijft op(1,71)
34 nat(1,71)
op achtergrond(1,71)
oude staat(1,71)
hoog gaan(1,71)
felle protesten(1,71)
blijft lid(1,71)
haar werkwijze(1,71)
17 ta(1,71)
of ford(1,71)
verenigen met(1,71)
prins bernhard(68,72)
can pac(35,72)
39 am(16,72)
al co(15,72)
38 am(9,72)
kon olie(5,72)
door bert(4,72)
bernhard in(4,72)
flauw door(2,72)
blijft erbij(1,72)
niets gehad(1,72)
contact onderhouden(1,72)
en chantage(1,72)
geheime diensten(1,72)
v.d poel(1,72)
midden oosten(1,72)
bij fred(1,72)
al 36(1,72)
te verenigen(1,72)
akkoord met(3,73)
ploeg waren(1,73)
58 jarige(1,73)
neergelegd van(1,73)
met communisten(1,73)
ook afscheid(1,73)
28 al(1,73)
miljoen en(1,73)
de klm(2,74)
24 74(2,74)
niet geloven(1,74)
document over(1,74)
luchtmacht en(1,74)
andere duistere(1,74)
extra geld(1,74)
in past(1,74)
sydney van(1,74)
miljoen mark(1,74)
kamer laat(1,74)
niet helemaal(1,74)
ook naam(1,74)
ons staatsbestel(1,74)
43 am(1,74)
37 am(17,75)
radio en(2,75)
ernstig verzwakt(1,75)
bijzonder vreemd(1,75)
zijn praatstoel(1,75)
twee kamerleden(1,75)
verschil tussen(1,75)
ontwikkelingen in(1,75)
gistermiddag dat(1,75)
luchtmacht in(1,75)
dat vliegtuig(1,75)
nog beslissen(1,75)
vossen in(1,75)
met rapport(1,75)
voor 380(1,75)
geen vuurwerk(1,75)
goede start(1,75)
de schrijvende(1,75)
den uyl(33,76)
35 am(27,76)
32 am(8,76)
door henk(2,76)
letterlijke tekst(2,76)
125 25(2,76)
premier ook(1,76)
over toelating(1,76)
mensen uit(1,76)
gedwongen deze(1,76)
memorandum over(1,76)
geen onvertogen(1,76)
in markt(1,76)
geringste twijfel(1,76)
pers wil(1,76)
drie modellen(1,76)
tel aviv(1,76)
gods toorn(1,76)
royal dutch(1,76)
27 am(30,77)
wijzen hebben(1,77)
10 miljoen(1,77)
voorlichtingsdienst van(1,77)
wel praten(1,77)
over betaling(1,77)
op bezit(1,77)
affaire nog(1,77)
of verdwijnen(1,77)
afzijdig van(1,77)
zich zorgen(1,77)
juliana werd(1,77)
gaf opdracht(1,77)
volgen procedure(1,77)
183 18(1,77)
voor beurs(1,77)
42 am(14,78)
st 32(3,78)
informatie over(2,78)
henk de(2,78)
197 19(2,78)
van opdracht(1,78)
in nigeria(1,78)
nederland krijgt(1,78)
betrokkenen aan(1,78)
en colombia(1,78)
actief bij(1,78)
de luchtmacht(1,78)
bij eerder(1,78)
ministers willen(1,78)
zwendel met(1,78)
naar zichzelf(1,78)
werd dag(1,78)
kraaien van(1,78)
voor radio(1,78)
gaf toestemming(1,78)
avondje van(1,78)
of 57(1,78)
24 am(9,79)
25.000 dollar(4,79)
onthullingen en(2,79)
italianen naar(1,79)
staatshoofd in(1,79)
adviseerde hij(1,79)
uiterst rechts(1,79)
irak en(1,79)
communistische partij(1,79)
zal graag(1,79)
actie meer(1,79)
parlement wil(1,79)
de walm(1,79)
reacties van(1,79)
consequenties en(1,79)
dagje in(1,79)
va 21(1,79)
32 53(1,79)
18 am(1,79)
goede steun(1,79)
26 am(20,80)
41 am(12,80)
state department(3,80)
28 am(2,80)
ai co(2,80)
aanrijding van(1,80)
veel interesse(1,80)
de voorlichtingsdienst(1,80)
concurreren met(1,80)
procent heeft(1,80)
koffer vol(1,80)
dubbelganger van(1,80)
op bedrijven(1,80)
zal snel(1,80)
commissie sprak(1,80)
echt goed(1,80)
38 58(1,80)
34 98(1,80)
20 207(1,80)
mensen door(1,80)
23 am(40,81)
34 am(22,81)
al 27(5,81)
wil praten(3,81)
geen strafvervolging(2,81)
15 am(2,81)
excuses voor(1,81)
struikelt over(1,81)
zaak blijkt(1,81)
dollar hebben(1,81)
regering laat(1,81)
met amerikanen(1,81)
bal toe(1,81)
rendez vous(1,81)
omzet iets(1,81)
de citroenen(1,81)
33 am(28,82)
door nico(6,82)
14 am(6,82)
19 am(6,82)
tel tel(4,82)
oppositie wil(1,82)
directeur ir(1,82)
weggehaald uit(1,82)
vroegere premier(1,82)
een luxueus(1,82)
japan wil(1,82)
ld 11(1,82)
alle fronten(1,82)
verdwenen bij(1,82)
eigen streek(1,82)
ia 17(1,82)
33 52(1,82)
st 33(1,82)
157 15(1,82)
17 am(1,82)
al 26(9,83)
al 28(3,83)
al 19(2,83)
en grote(1,83)
verschuivingen in(1,83)
kreeg niets(1,83)
maandag terug(1,83)
vliegtuig voor(1,83)
regering erkent(1,83)
in dutch(1,83)
en bedrijfsleven(1,83)
neer na(1,83)
van progressieve(1,83)
nog lachen(1,83)
31 li(1,83)
22 am(14,84)
speciale verslaggever(4,84)
andere regering(2,84)
door drs(2,84)
gegevens naar(1,84)
vliegtuig niet(1,84)
japan na(1,84)
eisen in(1,84)
hoogleraar in(1,84)
voor zover(1,84)
het werkstuk(1,84)
getuigenissen die(1,84)
trouwde zij(1,84)
werkstuk van(1,84)
nederlandse volk(1,84)
na hard(1,84)
hard oordeel(1,84)
hetze tegen(1,84)
en claus(1,84)
al 45(1,84)
van naters(1,84)
brief na(1,84)
uitwas van(1,84)
st 29(17,85)
geert jan(10,85)
21 am(9,85)
ford motor(7,85)
26 au(4,85)
in herstel(4,85)
premier den(2,85)
nare dingen(2,85)
ook actief(1,85)
tokio te(1,85)
in duitsland(1,85)
regering neemt(1,85)
militaire vliegtuigen(1,85)
vliegtuigen aan(1,85)
stand br(1,85)
vliegtuigen voor(1,85)
ook strafbaar(1,85)
en crisis(1,85)
zich afzijdig(1,85)
de nerveuze(1,85)
politici te(1,85)
kamerdebat over(1,85)
43 54(1,85)
een triest(1,85)
shell en(1,85)
van agt(6,86)
de japanse(4,86)
31 am(4,86)
weer actief(2,86)
het grote(2,86)
42 31(2,86)
hun baan(1,86)
met aftreden(1,86)
regering geeft(1,86)
eigen huid(1,86)
vs aan(1,86)
beschuldigingen over(1,86)
vliegtuig met(1,86)
vliegtuig in(1,86)
eerste gesprek(1,86)
trainer van(1,86)
40 am(10,87)
door geert(3,87)
tijd verdwenen(2,87)
worden geloofd(1,87)
over verkoop(1,87)
zwitserland over(1,87)
regering blijft(1,87)
eerst bijeen(1,87)
stappen tegen(1,87)
geruchten rond(1,87)
13 am(4,88)
wiek geschoten(2,88)
voor vs(1,88)
deining in(1,88)
voor bemiddeling(1,88)
uitgezocht door(1,88)
een recente(1,88)
dc 10(1,88)
gooien naar(1,88)
laatste schakel(1,88)
man leefde(1,88)
leefde onder(1,88)
schenking aan(1,88)
duitse en(1,88)
bij tv(1,88)
verkeerde conclusies(1,88)
direct contact(1,88)
klaarheid brengen(1,88)
welkom voor(1,88)
minst slechte(1,88)
spanning om(1,88)
144 148(1,88)
verdeling van(1,88)
25 am(30,89)
arrestaties in(5,89)
in cel(2,89)
alle functies(2,89)
partijbestuur van(2,89)
kleine omzet(2,89)
vs met(1,89)
interesse voor(1,89)
hoog niveau(1,89)
geding gebracht(1,89)
strauss is(1,89)
als winnaar(1,89)
voor z'n(1,89)
kabinet zeer(1,89)
23 ie(1,89)
am tel(42,90)
12 am(23,90)
100.000 dollar(5,90)
int tel(4,90)
regering stelt(2,90)
wat omhoog(2,90)
door winstnemingen(2,90)
materiaal over(1,90)
strauss in(1,90)
betrokkenen van(1,90)
over aankoop(1,90)
van kapitalistische(1,90)
enig geld(1,90)
haast door(1,90)
de zakenwereld(1,90)
kunnen concurreren(1,90)
eerherstel van(1,90)
had direct(1,90)
voelt niets(1,90)
in oprichting(1,90)
in drachten(1,90)
een mens(1,90)
54 34(1,90)
carter en(1,90)
19 al(1,90)
40 al(4,91)
meer materiaal(1,91)
nieuwe onthullingen(1,91)
loopt kans(1,91)
aantal documenten(1,91)
commissies de(1,91)
department of(1,91)
106 103(1,91)
contact van(1,91)
vaker in(1,91)
voor rijke(1,91)
secretariaat in(1,91)
protest over(1,91)
en corruptie(1,91)
gulden mee(1,91)
verder omhoog(1,91)
naar kamer(3,92)
sunday times(2,92)
president directeur(2,92)
weinig materiaal(1,92)
reageert op(1,92)
gepubliceerd een(1,92)
van amerikaanse(1,92)
gerritsen die(1,92)
corporation in(1,92)
mea culpa(1,92)
kaarten liggen(1,92)
van democraten(1,92)
33 53(1,92)
lid blijven(1,92)
iets omhoog(1,92)
start in(1,92)
in wall(10,93)
al 23(4,93)
37 57(2,93)
felle concurrentie(1,93)
fractie heeft(1,93)
bestrijden op(1,93)
kabinet staat(1,93)
verweert zich(1,93)
nog paar(1,93)
en z'n(1,93)
138 136(1,93)
utrecht gaat(1,93)
eind mei(2,94)
vernietigend oordeel(2,94)
27 au(2,94)
beur van(2,94)
in herfst(1,94)
ploeg bij(1,94)
inzicht geven(1,94)
van 1,1(1,94)
chauffeur van(1,94)
wellicht binnenkort(1,94)
vocht een(1,94)
south pac(1,94)
alle blaam(1,94)
loo uit(1,94)
al vaker(1,94)
zelf uitmaken(1,94)
23 el(1,94)
al 24(12,95)
10 gen(4,95)
internationale pers(2,95)
st 31(2,95)
25 125(2,95)
contract over(1,95)
van thijn(1,95)
om informatie(1,95)
kamerleden aan(1,95)
dollar heeft(1,95)
paar had(1,95)
onvertogen woord(1,95)
kabinetscrisis in(1,95)
de havenarbeiders(1,95)
voor overleg(1,95)
eerder veroordeeld(1,95)
of nee(1,95)
een grote(1,95)
street in(1,95)
am st(41,96)
en rien(5,96)
of ai(2,96)
eind juni(1,96)
van traditie(1,96)
beschikt nog(1,96)
geen inzage(1,96)
321 32(1,96)
terugtreden van(1,96)
communisten en(1,96)
functie neer(1,96)
22 au(1,96)
12 amst(28,97)
al 22(5,97)
op springen(3,97)
lawine van(2,97)
een beerput(2,97)
miljoen gulden(2,97)
speciaal fonds(2,97)
corruptie en(2,97)
bekende naam(1,97)
met vs(1,97)
een miljoen(1,97)
koningin geen(1,97)
van start(1,97)
tokio de(1,97)
niet getuigen(1,97)
van fokker(1,97)
toch kans(1,97)
zaak ik(1,97)
zwitsers in(1,97)
en holtrop(1,97)
op instorten(1,97)
naam ons(1,97)
met materieel(1,97)
stapelen zich(1,97)
zijn functies(1,97)
getuige tegen(1,97)
20 amst(1,97)
praten ik(1,97)
237 237(1,97)
moest verder(1,97)
el paso(8,98)
zijn kritiek(2,98)
besmet door(1,98)
naar tokio(1,98)
krijgen alle(1,98)
nieuwe revue(1,98)
een samenvatting(1,98)
voor mezelf(1,98)
politie gaat(1,98)
in diskrediet(1,98)
andere tijd(1,98)
met robert(1,98)
bij tel(1,98)
van leerkrachten(1,98)
39 59(1,98)
89 86(1,98)
blijven zei(1,98)
trok weer(1,98)
donner en(5,99)
parlementair onderzoek(3,99)
van corruptie(2,99)
corruptie in(2,99)
de mari(2,99)
door fred(1,99)
werd weggehaald(1,99)
betrekken is(1,99)
met 25.000(1,99)
zelfmoord plegen(1,99)
speculaties in(1,99)
de 1001(1,99)
met tegels(1,99)
weken bezig(1,99)
walm van(1,99)
opheldering in(1,99)
de ethiek(1,99)
32 52(1,99)
23 au(1,99)
niet vasthouden(1,99)
van sterdam(1,99)
st 28(5,100)
regering naar(2,100)
der stoel(2,100)
weer uitgesteld(1,100)
op villa(1,100)
bekeerd tot(1,100)
commentaar van(1,100)
absolute meerderheid(1,100)
foto van(1,100)
in geding(1,100)
defensie de(1,100)
zwitserland nog(1,100)
news in(1,100)
door frits(1,100)
applaus voor(1,100)
verrassingen in(1,100)
10 97(1,100)
hij liegt(1,100)
ver terug(1,100)
perspectief van(1,100)
van regering(4,101)
door jacques(2,101)
125 123(2,101)
bewijzen over(1,101)
om namen(1,101)
el 15(1,101)
beurs blijft(1,101)
van relaties(1,101)
hielp bij(1,101)
internationale samenwerking(1,101)
hoe werkt(1,101)
13 au(1,101)
421 42(1,101)
30 49(1,101)
gerritsen in(3,102)
wijze mannen(2,102)
de amerikaanse(2,102)
in davos(2,102)
28 au(2,102)
aan commissie(1,102)
mexico aan(1,102)
bemiddeling bij(1,102)
drie heeft(1,102)
nieuwe stijl(1,102)
haag kan(1,102)
uitvoeren of(1,102)
op geheime(1,102)
onder druk(1,102)
ford en(1,102)
57 54(1,102)
nek in(1,102)
stock exchange(21,103)
nieuw stadium(1,103)
ontslag om(1,103)
royaal met(1,103)
251 25(1,103)
politieke invloed(1,103)
los angeles(1,103)
had prins(1,103)
geen actie(1,103)
zorgen over(1,103)
oprichting voor(1,103)
geeft je(1,103)
227 227(1,103)
32 82(1,103)
en politici(1,103)
over prins(4,104)
over zicht(4,104)
tegen prins(3,104)
19 au(3,104)
op tv(2,104)
het partijbestuur(2,104)
affaire niet(1,104)
gaan instellen(1,104)
de sunday(1,104)
van blaam(1,104)
in prins(1,104)
onrust bij(1,104)
juiste keuze(1,104)
coalitie met(1,104)
drie had(1,104)
zette ook(1,104)
conflict een(1,104)
10 am(1,104)
moest later(1,104)
zet niet(1,104)
actief in(3,105)
aan onderzoek(2,105)
over recht(2,105)
brug komen(1,105)
de weekbladen(1,105)
nieuwe gegevens(1,105)
gelijk recht(1,105)
lichten door(1,105)
de sjah(1,105)
kamerlid dat(1,105)
en democratie(1,105)
18 au(1,105)
vrije volk(18,106)
blij met(3,106)
de eindstreep(2,106)
groene licht(2,106)
verontschuldigt zich(1,106)
niet geld(1,106)
papieren de(1,106)
mysterie van(1,106)
interessant boek(1,106)
boek geeft(1,106)
jarige leeftijd(1,106)
geld kreeg(1,106)
gevecht om(1,106)
graag aan(1,106)
vs voor(1,106)
in eindhoven(1,106)
mensen van(1,106)
gaan samen(1,106)
compleet op(1,106)
100 punten(1,106)
wall street(112,107)
in tokio(4,107)
onze speciale(4,107)
en moraal(2,107)
drie wijzen(1,107)
verdere informatie(1,107)
medewerking toe(1,107)
buitenlandse zaken(1,107)
ook betrokken(1,107)
en premier(1,107)
instellen om(1,107)
een borgtocht(1,107)
190 189(1,107)
eigen doel(1,107)
echtpaar uit(1,107)
sociaaldemocratische partij(1,107)
dit hoort(1,107)
69 89(1,107)
104 102(1,107)
campagne tegen(4,108)
conclusies van(2,108)
regering had(1,108)
delegatie uit(1,108)
buigen zich(1,108)
drie over(1,108)
toch weg(1,108)
in ziekenhuis(1,108)
op zwitserland(1,108)
dollar op(1,108)
ook oud(1,108)
prof mr(1,108)
stijgt met(1,108)
24 el(1,108)
graag naar(1,108)
niels van(1,108)
inspecteur generaal(7,109)
de doofpot(2,109)
top met(1,109)
overeenstemming over(1,109)
vertraging bij(1,109)
van besloten(1,109)
en general(1,109)
een pension(1,109)
het formeel(1,109)
op internationaal(1,109)
west europa(1,109)
nog zoek(1,109)
niet staken(1,109)
onrecht aangedaan(1,109)
praat over(1,109)
140 139(1,109)
klant van(1,109)
68 58(1,109)
record van(1,109)
door hans(3,110)
commissie gaat(2,110)
failliet te(1,110)
bij politie(1,110)
paul is(1,110)
verboden toegang(1,110)
campagne op(1,110)
in los(1,110)
de communistische(1,110)
menten en(1,110)
in brief(1,110)
slechts zijdelings(1,110)
rechtstreeks voor(1,110)
lire in(1,110)
journalistiek en(1,110)
st 40(1,110)
197 197(1,110)
flauw op(1,110)
dollar van(3,111)
10 amst(2,111)
onthullingen over(1,111)
in internationale(1,111)
beschuldigingen aan(1,111)
een subcommissie(1,111)
steekt zijn(1,111)
pleiter voor(1,111)
zit geen(1,111)
65 56(1,111)
kop door(1,111)
vandaag de(5,112)
kijken in(2,112)
door piet(2,112)
preek over(1,112)
doofpot te(1,112)
en strauss(1,112)
gistermiddag met(1,112)
de eventuele(1,112)
samenvatting van(1,112)
gegevens ter(1,112)
star in(1,112)
en fred(1,112)
tweede kamerlid(1,112)
naar bonn(1,112)
vandaag voor(1,112)
politieke leiders(1,112)
vertel het(1,112)
97 93(1,112)
en oplichting(1,112)
op z'n(1,112)
meer gegevens(3,113)
verder uiteen(2,113)
niet blij(2,113)
passages in(1,113)
in rapport(1,113)
rechts is(1,113)
komst naar(1,113)
de vrijstaat(1,113)
wegens smaad(1,113)
leest als(1,113)
marx en(1,113)
president den(1,113)
rechts aan(1,113)
176 176(1,113)
131 13(1,113)
dicht tegen(1,113)
york in(1,113)
kregen geen(2,114)
door martin(2,114)
schuiven op(1,114)
jaren belangrijk(1,114)
niet praten(1,114)
kamerleden van(1,114)
zijn firma(1,114)
van fran(1,114)
ook amerika(1,114)
aardbevingen en(1,114)
en onwil(1,114)
onder vuur(1,114)
kabinet wil(1,114)
economie van(1,114)
japan als(1,114)
ook minister(1,114)
123 122(1,114)
29 19(1,114)
te dure(1,114)
87 97(1,114)
en bonn(3,115)
schandaal in(3,115)
23 231(2,115)
commissie houdt(1,115)
borgtocht van(1,115)
om hierdoor(1,115)
kosten betalen(1,115)
de noordelijken(1,115)
formeel in(1,115)
maar beslist(1,115)
prins zelf(1,115)
kijk op(1,115)
zeer vaag(1,115)
221 22(1,115)
vluchten in(1,115)
het perspectief(1,115)
dat 23(12,116)
kamerleden in(4,116)
bekentenis in(3,116)
frits van(3,116)
voor rechter(2,116)
terecht zijn(1,116)
de hercules(1,116)
pension van(1,116)
16 jarige(1,116)
gegevens uit(1,116)
kamerlid van(1,116)
in financieel(1,116)
zijn netten(1,116)
weet na(1,116)
geen rol(1,116)
niet wezenlijk(1,116)
ontsnappen door(1,116)
129 128(1,116)
89 87(1,116)
29 39(1,116)
dat 22(12,117)
al 25(8,117)
vandaag in(3,117)
gast bij(2,117)
verdachte in(1,117)
is gistermiddag(1,117)
passages uit(1,117)
douglas en(1,117)
naar prins(1,117)
is teer(1,117)
gaan zei(1,117)
weer bezig(1,117)
vrijspraak voor(1,117)
geen verhaal(1,117)
niets gevraagd(1,117)
binnenlandse zaken(1,117)
de malle(1,117)
verenigde staten(1,117)
een avondje(1,117)
122 121(1,117)
al 20(1,117)
80 89(1,117)
bernhard en(2,118)
koninklijk paar(2,118)
de zondebok(2,118)
contact met(2,118)
donderend applaus(2,118)
twintigtal personen(1,118)
met onderzoek(1,118)
bedoeld voor(1,118)
deed aangifte(1,118)
zeer betrouwbare(1,118)
strijd naar(1,118)
tien mille(1,118)
intriges en(1,118)
twee nederlanders(1,118)
ik aanvaard(1,118)
dinsdag niet(1,118)
moest terug(1,118)
wat rustiger(1,118)
ziet af(2,119)
relaties met(2,119)
in bonn(2,119)
59 57(2,119)
per ongeluk(1,119)
hartelijk om(1,119)
hoofdkantoor van(1,119)
eis van(1,119)
beleid bij(1,119)
haar broer(1,119)
speelde zij(1,119)
neem die(1,119)
zelfmoord in(1,119)
aan egypte(1,119)
geen gouden(1,119)
figuur met(1,119)
meerderheid moet(1,119)
regering zal(1,119)
voor toezicht(1,119)
bewapening en(1,119)
126 125(1,119)
26 37(1,119)
19 191(1,119)
weer dicht(1,119)
geen vervolging(2,120)
te kopen(2,120)
in actie(2,120)
zeer flauw(2,120)
heer gerritsen(1,120)
conclusie aan(1,120)
heeft vertrouwen(1,120)
zwijgt over(1,120)
brandt in(1,120)
geen opheldering(1,120)
op steun(1,120)
een krant(1,120)
geen redelijk(1,120)
onze naam(1,120)
mark aan(1,120)
vertel ik(1,120)
10 all(1,120)
in hongkong(1,120)
co of(41,121)
weer vast(2,121)
compensatie van(1,121)
rechts in(1,121)
materiaal van(1,121)
regering is(1,121)
aankoop te(1,121)
justitie verklaarde(1,121)
de lunch(1,121)
rechts op(1,121)
op toekomstige(1,121)
op nummer(1,121)
hevig verzet(1,121)
waar zit(1,121)
ontvangst nam(1,121)
brak met(1,121)
te lichtvaardig(1,121)
legt zijn(1,121)
33 15(1,121)
93 90(1,121)
en ploeg(7,122)
van eisen(5,122)
11 am(5,122)
57 55(3,122)
hield stand(3,122)
190 190(2,122)
64 54(2,122)
betrokken zou(1,122)
nieuwe orders(1,122)
van hercules(1,122)
affaire wordt(1,122)
geen speciale(1,122)
and for(1,122)
krijgt ook(1,122)
nieuwe voorzitter(1,122)
de tros(1,122)
klaar met(1,122)
groot onrecht(1,122)
boek maar(1,122)
lachen om(1,122)
87 85(1,122)
57 67(1,122)
schoon schip(1,122)
weer lager(1,122)
flauw in(1,122)
zitten bij(1,122)
dat 24(6,123)
openbaarheid in(2,123)
praten met(2,123)
24 min(2,123)
voorzichtig met(2,123)
verdrag over(1,123)
niet zichtbaar(1,123)
de dollars(1,123)
de doorgaans(1,123)
zij woont(1,123)
ernstige schade(1,123)
document in(1,123)
en anti(1,123)
vol uit(1,123)
geen stappen(1,123)
op bezoek(1,123)
man achter(1,123)
als degene(1,123)
snel over(1,123)
we konden(1,123)
heil de(1,123)
democratie is(1,123)
weer verder(1,123)
hoekstra voor(1,123)
haag door(4,124)
aanklacht wegens(2,124)
misschien toch(2,124)
waarheid over(2,124)
buitenland ook(1,124)
stelt vast(1,124)
nr het(1,124)
slachtoffers zijn(1,124)
een rolletje(1,124)
zoek in(1,124)
eendracht in(1,124)
definitief van(1,124)
klachten tegen(1,124)
83 87(1,124)
later vast(1,124)
politieke crisis(2,125)
aanklacht in(1,125)
krijgt nu(1,125)
opzet of(1,125)
haag niet(1,125)
gestort op(1,125)
vrij snel(1,125)
vliegt de(1,125)
geheime stukken(1,125)
nog zeker(1,125)
wel langer(1,125)
veel blijken(1,125)
opdracht tot(1,125)
winst uit(1,125)
times over(1,125)
konden toch(1,125)
80 78(1,125)
premier in(2,126)
verwacht geen(2,126)
betaalde in(1,126)
malaise in(1,126)
zichtbaar is(1,126)
opnieuw met(1,126)
niet gepubliceerd(1,126)
weer begonnen(1,126)
hier ging(1,126)
de voorgrond(1,126)
gescheiden in(1,126)
dat frans(1,126)
na 23(1,126)
handelingen het(1,126)
eigen initiatief(1,126)
53 63(1,126)
55 25(1,126)
emigranten uit(1,126)
op rood(1,126)
prins geen(3,127)
aanklacht tegen(3,127)
en pauline(2,127)
92 90(2,127)
46 44(2,127)
samen met(1,127)
suiker niet(1,127)
arrestatie in(1,127)
afleggen voor(1,127)
4000 per(1,127)
ben alleen(1,127)
zaak mag(1,127)
zoekt nog(1,127)
heeft recht(1,127)
subcommissie van(1,127)
drie niet(1,127)
dollar in(1,127)
van bejaarde(1,127)
geen uitzicht(1,127)
rechtstreeks op(1,127)
zeer voorzichtig(1,127)
mocht niet(1,127)
juni a.s(1,127)
maandag j.l(1,127)
te traag(1,127)
voor vertrek(1,127)
44 42(1,127)
157 157(1,127)
gerechtelijk onderzoek(4,128)
st 30(4,128)
54 52(3,128)
in debat(2,128)
aan buitenlanders(1,128)
verklaringen over(1,128)
begin november(1,128)
onder ede(1,128)
te verplichten(1,128)
niet bereikbaar(1,128)
dag weer(1,128)
van christen(1,128)
minister antwoordt(1,128)
afspraak met(1,128)
moeten zwijgen(1,128)
beweringen in(1,128)
de zwijgende(1,128)
onze volksvertegenwoordiging(1,128)
174 175(1,128)
fabricage van(1,128)
88 86(1,128)
voor new(1,128)
31 12(1,128)
in vs(12,129)
premier van(3,129)
dollar voor(2,129)
slag om(2,129)
56 54(2,129)
methoden van(1,129)
het grijpen(1,129)
geen verklaring(1,129)
juni met(1,129)
de aanklacht(1,129)
deze order(1,129)
toevlucht te(1,129)
kabinet den(1,129)
rembrandt en(1,129)
geen slecht(1,129)
de moeilijke(1,129)
33 25(1,129)
krijgt in(2,130)
de schandalen(2,130)
voor onderzoek(2,130)
biedt ons(1,130)
japan naar(1,130)
bleef ongedeerd(1,130)
op slot(1,130)
haar werkzaamheden(1,130)
praten maar(1,130)
het moeilijk(1,130)
prins of(1,130)
wellicht ook(1,130)
mille in(1,130)
is los(1,130)
dochter als(1,130)
ons recht(1,130)
kennis gebracht(1,130)
wellicht een(1,130)
21 cent(1,130)
34 25(1,130)
door herman(3,131)
stort zich(2,131)
prof van(2,131)
op onderzoek(2,131)
recht voor(2,131)
opdracht aan(1,131)
eindelijk weer(1,131)
geen overeenstemming(1,131)
defensie in(1,131)
het italiaanse(1,131)
haag de(1,131)
als adviseur(1,131)
regering heeft(1,131)
opnieuw in(1,131)
bericht uit(1,131)
47 45(1,131)
landmacht in(1,131)
dinsdag in(1,131)
vertrouweling van(1,131)
zijn onschuld(1,131)
recht tot(1,131)
een buitenkansje(1,131)
van bedrijven(1,131)
gebracht van(1,131)
toezicht op(1,131)
wist niets(1,131)
en socialisten(1,131)
dit seizoen(1,131)
dinsdag 27(1,131)
in opspraak(6,132)
gegevens voor(2,132)
telegrammen van(2,132)
regering in(2,132)
opheldering over(2,132)
debat met(2,132)
118 118(2,132)
ontslagen door(1,132)
verhoor in(1,132)
als onderwerp(1,132)
met bank(1,132)
reactie op(1,132)
aan zwitserland(1,132)
officieel onderzoek(1,132)
19 13(1,132)
46 40(1,132)
zijn positie(1,132)
goed nieuws(4,133)
eisen en(3,133)
lambert van(3,133)
zaak gaat(2,133)
prins zou(2,133)
nieuwe parlement(1,133)
recht op(1,133)
te trappen(1,133)
dit uiterst(1,133)
haar dochter(1,133)
woont thans(1,133)
belemmerd in(1,133)
werk geven(1,133)
mr kist(1,133)
leverden geen(1,133)
mijn kinderen(1,133)
winst niet(1,133)
in vast(1,133)
84 87(3,134)
geen namen(2,134)
de vs(2,134)
documenten in(2,134)
eigen zak(2,134)
voor koningin(2,134)
55 53(2,134)
kan verder(1,134)
niets zegt(1,134)
mijn vrouw(1,134)
was besproken(1,134)
hoofdofficier van(1,134)
laatste nieuws(1,134)
is woedend(1,134)
kamer liet(1,134)
nu definitief(1,134)
reeds eerder(1,134)
meer belasting(1,134)
in florida(1,134)
56 66(1,134)
en omzet(1,134)
koersen in(1,134)
made in(1,134)
kreeg geen(5,135)
nieuwe directie(1,135)
niet besproken(1,135)
adviseur van(1,135)
affaire de(1,135)
doorgaans zeer(1,135)
internationale overeenkomst(1,135)
een conferentie(1,135)
geld besteed(1,135)
opgang van(1,135)
sprake in(1,135)
26 36(1,135)
wij kregen(2,136)
geen bewijzen(2,136)
pressie op(2,136)
45 43(2,136)
geen betaling(1,136)
een parlementaire(1,136)
de industrieel(1,136)
weer vrij(1,136)
schakel in(1,136)
goede dingen(1,136)
pers door(1,136)
moeten toezien(1,136)
premier de(1,136)
bij prof(1,136)
hoort niet(1,136)
en leg(1,136)
houdt vast(1,136)
voorbeeld gesteld(1,136)
129 129(1,136)
ontmoeting op(1,136)
19 40(1,136)
praten over(2,137)
te gast(2,137)
82 85(2,137)
122 122(2,137)
saldo voor(1,137)
woord worden(1,137)
op huis(1,137)
op medewerking(1,137)
in breda(1,137)
werd gedwongen(1,137)
19 16(1,137)
nos niet(1,137)
125 125(1,137)
nieuws over(1,137)
hoogst ernstige(1,137)
begon bij(1,137)
maar geld(1,137)
naam noemen(1,137)
ons parlement(1,137)
toch weer(1,137)
niets ontvangen(1,137)
op ene(1,137)
37 35(1,137)
26 24(1,137)
21 19(1,137)
biedt op(1,137)
sinds gisteren(1,137)
een kwestie(1,138)
laster tegen(1,138)
een demonstratie(1,138)
links de(1,138)
zijn advocaat(1,138)
de franse(1,138)
woedend op(1,138)
elkaar de(1,138)
autoriteiten bij(1,138)
snel naar(1,138)
kabinet moet(1,138)
er zit(1,138)
in zaak(6,139)
geen beslissing(2,139)
betrokken bij(2,139)
op stukken(1,139)
onderzoek geen(1,139)
was bedoeld(1,139)
was prins(1,139)
door johan(1,139)
niet nagaan(1,139)
zwitserland door(1,139)
deugt niet(1,139)
boekhouder de(1,139)
inzet van(1,139)
niet duurder(1,139)
37 33(1,139)
35 33(6,140)
treedt af(4,140)
in washington(3,140)
kritiek op(2,140)
krijgt van(1,140)
alleen bezig(1,140)
betaald zou(1,140)
rapport zou(1,140)
oude vriend(1,140)
gevangen zitten(1,140)
vroeg dat(1,140)
pers voor(1,140)
niet wijzer(1,140)
stuit op(1,140)
van russen(1,140)
in derde(1,140)
beslist op(1,140)
ingezonden van(1,140)
40 38(1,140)
25 34(1,140)
33 31(1,140)
over 50(1,140)
tijdens een(3,141)
in juni(2,141)
le jeune(2,141)
met ontslag(1,141)
voor japan(1,141)
blijft aandringen(1,141)
een hoeveelheid(1,141)
groot succes(1,141)
zij geld(1,141)
kabinet onder(1,141)
savornin lohman(1,141)
in marokko(1,141)
ploeg van(1,141)
57 56(4,142)
beschuldigingen in(2,142)
de savornin(2,142)
prins door(2,142)
in administratie(1,142)
commissie wil(1,142)
an niet(1,142)
besproken in(1,142)
directeuren in(1,142)
een la(1,142)
niet klaar(1,142)
onze parlementaire(1,142)
meer bewijzen(1,142)
frans jozef(1,142)
wijs beleid(1,142)
met 170(1,142)
42 40(1,142)
op prins(3,143)
recht en(3,143)
de bewapening(2,143)
10 29(2,143)
geur van(2,143)
villa van(1,143)
maand over(1,143)
japan heeft(1,143)
dreigen met(1,143)
onderzoek instellen(1,143)
huiszoeking in(1,143)
van internationaal(1,143)
hans de(1,143)
65 jaar(1,143)
een democratisch(1,143)
van elkaar(1,143)
knellende banden(1,143)
geld over(1,143)
140 140(1,143)
118 120(1,143)
de geur(1,143)
28 26(1,143)
van koninklijk(2,144)
inzien de(2,144)
verklaring over(1,144)
werkzaamheden begonnen(1,144)
dochters in(1,144)
senaat voor(1,144)
dollar per(1,144)
voor nader(1,144)
33 30(1,144)
nederland mag(1,144)
toezien op(1,144)
geef hem(1,144)
nederland betreft(1,144)
zuid afrika(1,144)
en centen(1,144)
120 122(1,144)
een koopje(1,144)
ik zoek(1,144)
japan in(5,145)
in buitenland(5,145)
10 el(4,145)
prins had(2,145)
ruil voor(1,145)
binnen 30(1,145)
gekomen welke(1,145)
afwachtende houding(1,145)
the united(1,145)
de all(1,145)
is ai(1,145)
83 82(1,145)
voor geheime(1,145)
voor vrouw(1,145)
gaat toch(1,145)
betreft geen(1,145)
van nederlandse(1,145)
wolken van(1,145)
33 39(1,145)
zeer kalme(1,145)
60 59(4,146)
als inspecteur(4,146)
47 46(3,146)
weer terug(3,146)
pers heeft(2,146)
nooit weer(2,146)
54 53(2,146)
amerika over(1,146)
bewijzen niet(1,146)
neer op(1,146)
tot politieke(1,146)
achter slot(1,146)
bank zou(1,146)
put in(1,146)
vorstin en(1,146)
langdurige onderhandelingen(1,146)
de korrel(1,146)
traden op(1,146)
82 81(1,146)
in bern(1,146)
van strauss(1,146)
protesten tegen(1,146)
beschikbaar voor(1,146)
toestemming om(1,146)
73 72(1,146)
helden en(1,146)
even slecht(1,146)
met oranje(1,146)
in onderzoek(8,147)
prins niet(3,147)
bij aankoop(2,147)
klaar te(2,147)
prins werd(2,147)
zwijgen over(2,147)
van rapport(2,147)
nederlanders niet(1,147)
orders zijn(1,147)
achtervolgd door(1,147)
de 58(1,147)
wordt duidelijk(1,147)
zijn hand(1,147)
sprak niet(1,147)
krijgt het(1,147)
tweede brief(1,147)
stoel met(1,147)
conferentie in(1,147)
voor russische(1,147)
vooralsnog geen(1,147)
27 25(1,147)
100 102(1,147)
87 86(1,147)
27 januari(1,147)
positie de(1,147)
27 10(7,148)
10 28(5,148)
87 89(4,148)
betalingen aan(3,148)
opschudding in(3,148)
44 43(3,148)
48 47(3,148)
in beroering(2,148)
96 95(2,148)
61 60(2,148)
in kabinet(2,148)
al jaren(1,148)
prins als(1,148)
united states(1,148)
zeggen waar(1,148)
veiligheid de(1,148)
tweede reis(1,148)
naar west(1,148)
stukje in(1,148)
japan is(1,148)
later iets(1,148)
om opheldering(1,148)
commissie geen(1,148)
gift voor(1,148)
in groene(1,148)
de mensen(1,148)
minister president(1,148)
paar in(1,148)
58 57(1,148)
harddraverij en(1,148)
door louis(1,148)
amsterdam vrijdag(1,148)
29 28(13,149)
55 54(8,149)
wat anderen(4,149)
10 26(4,149)
in new(4,149)
van vs(3,149)
13 19(3,149)
onderzoek tegen(2,149)
afstaan aan(2,149)
medewerking bij(2,149)
hadden niets(2,149)
met mr(2,149)
papieren voor(2,149)
niet betrokken(2,149)
49 48(2,149)
mr smit(1,149)
bezorgd over(1,149)
van verdachte(1,149)
over nieuwe(1,149)
ten berge(1,149)
zaak wil(1,149)
mag komen(1,149)
ontkenning van(1,149)
huid te(1,149)
het begon(1,149)
boter op(1,149)
der lek(1,149)
het plotselinge(1,149)
met werk(1,149)
en aankoop(1,149)
leren van(1,149)
inzien hoe(1,149)
62 61(1,149)
52 51(1,149)
ridder in(1,149)
38 37(16,150)
59 59(11,150)
24 23(8,150)
45 44(8,150)
26 10(7,150)
19 18(7,150)
43 42(4,150)
56 55(4,150)
week over(4,150)
geen haast(3,150)
85 84(3,150)
van ex(2,150)
81 80(2,150)
25 23(2,150)
justitie over(1,150)
en vice(1,150)
orders in(1,150)
vs en(1,150)
affaire een(1,150)
nieuwe druk(1,150)
overhandigd aan(1,150)
is uitgevonden(1,150)
februari en(1,150)
122 123(1,150)
conferentie over(1,150)
bedrijven in(1,150)
om eigen(1,150)
ernstige zaak(1,150)
bleef liggen(1,150)
geven geen(1,150)
gevangenen uit(1,150)
werktuigen voor(1,150)
liet al(1,150)
van sydney(1,150)
van sympathie(1,150)
en commissaris(1,150)
vuurwerk op(1,150)
verliest het(1,150)
terug zonder(1,150)
en beroofd(1,150)
ver achter(1,150)
93 92(1,150)
is waarheid(1,150)
koersen en(1,150)
weer iets(1,150)
27 26(16,151)
42 41(12,151)
40 39(8,151)
88 87(4,151)
81 81(4,151)
stemt in(3,151)
actie tegen(2,151)
29 10(2,151)
jaar goed(2,151)
niet bekende(1,151)
wegens laster(1,151)
verklaring afleggen(1,151)
krijgen in(1,151)
bereid aan(1,151)
mee te(1,151)
de trom(1,151)
ingesteld naar(1,151)
die verklaringen(1,151)
weigert te(1,151)
83 83(1,151)
123 124(1,151)
45 47(1,151)
14 25(1,151)
afgelegde verklaringen(1,151)
toelichting de(1,151)
91 90(1,151)
65 65(1,151)
de zwitsers(1,151)
in januari(1,151)
moet aftreden(1,151)
schaart zich(1,151)
van parlementaire(1,151)
89 88(1,151)
84 83(1,151)
101 100(1,151)
23 28(1,151)
38 41(1,151)
18 15(1,151)
67 66(1,151)
president bij(1,151)
van vorig(1,151)
46 46(8,152)
25 24(7,152)
39 38(7,152)
84 84(7,152)
van maarseveen(5,152)
17 16(5,152)
anderen er(4,152)
10 27(4,152)
japan en(3,152)
bereidt zich(3,152)
in kamer(2,152)
in politieke(2,152)
met pensioen(2,152)
124 125(2,152)
31 34(2,152)
37 39(2,152)
41 43(2,152)
en vs(1,152)
en japan(1,152)
na verhoor(1,152)
uit huis(1,152)
gezin door(1,152)
oude vrienden(1,152)
leed van(1,152)
van 1.1(1,152)
affaire en(1,152)
jean paul(1,152)
een week(1,152)
54 56(1,152)
in 34(1,152)
in opschudding(1,152)
had drie(1,152)
niet mee(1,152)
leiden naar(1,152)
betalingen in(1,152)
proces in(1,152)
met stemmen(1,152)
beschuldiging gesteld(1,152)
van werktuigen(1,152)
uitmaken of(1,152)
tot daden(1,152)
bestaan over(1,152)
al vroeg(1,152)
62 62(1,152)
61 61(1,152)
86 85(1,152)
78 78(1,152)
van ome(1,152)
haarlem het(1,152)
du pont(33,153)
43 43(19,153)
30 29(15,153)
36 35(12,153)
37 36(11,153)
28 10(8,153)
16 15(7,153)
en buitenland(6,153)
58 58(5,153)
33 32(5,153)
18 17(4,153)
later terug(4,153)
van beers(3,153)
32 31(3,153)
68 68(3,153)
49 49(3,153)
86 86(3,153)
31 30(3,153)
ploeg te(2,153)
geld ontvangen(2,153)
51 51(2,153)
vrij op(2,153)
terug als(2,153)
spiegel van(2,153)
onze tijd(2,153)
101 101(2,153)
21 10(2,153)
39 41(2,153)
104 104(2,153)
vervolging tegen(1,153)
brief naar(1,153)
verleent aan(1,153)
verschijnsel van(1,153)
commissie moet(1,153)
slot voor(1,153)
of terug(1,153)
is gescheiden(1,153)
van 106(1,153)
67 67(1,153)
53 55(1,153)
letter de(1,153)
al heel(1,153)
ingesteld onderzoek(1,153)
arbeiders van(1,153)
commissie kan(1,153)
nagaan of(1,153)
bestand tegen(1,153)
trekt zich(1,153)
kabinet had(1,153)
verantwoordelijkheid in(1,153)
onderzoek kan(1,153)
alle lof(1,153)
boven dit(1,153)
andere keus(1,153)
verhaal in(1,153)
een echte(1,153)
gaat maar(1,153)
gebeurtenissen uit(1,153)
integriteit van(1,153)
52 54(1,153)
10 22(1,153)
85 85(1,153)
87 87(1,153)
90 89(1,153)
94 93(1,153)
22 21(1,153)
populariteit van(1,153)
nu weer(1,153)
bezig in(1,153)
worst en(1,153)
had zeer(1,153)
vast bij(1,153)
39 39(36,154)
41 41(34,154)
42 42(29,154)
54 54(19,154)
53 53(12,154)
voor prins(11,154)
35 34(11,154)
20 19(11,154)
48 48(11,154)
41 40(10,154)
57 57(6,154)
nader inzien(5,154)
19 10(5,154)
affaire in(4,154)
22 10(4,154)
80 80(3,154)
washington en(2,154)
geen verdere(2,154)
weer naar(2,154)
bijzondere commissie(2,154)
36 38(2,154)
nederland terug(2,154)
beslag op(2,154)
73 73(2,154)
al lang(2,154)
10 19(2,154)
beurs niet(2,154)
gesprekken met(1,154)
naar washington(1,154)
weduwen van(1,154)
beschuldiging in(1,154)
dat bedrijf(1,154)
denken over(1,154)
moet beslissen(1,154)
maakte voor(1,154)
geld meer(1,154)
in commissie(1,154)
weinig verschil(1,154)
valt van(1,154)
blad le(1,154)
nieuw voedsel(1,154)
is weer(1,154)
de dochters(1,154)
in februari(1,154)
order te(1,154)
gesprekken in(1,154)
la in(1,154)
13 12(1,154)
drie voor(1,154)
heel wat(1,154)
74 74(1,154)
16 19(1,154)
verzet van(1,154)
zou weten(1,154)
van defensie(1,154)
verwachten in(1,154)
wet tegen(1,154)
de loo(1,154)
wat nederland(1,154)
tot spreken(1,154)
orde door(1,154)
rust door(1,154)
23 jaar(1,154)
wist van(1,154)
half mei(1,154)
bewezen de(1,154)
banden met(1,154)
niet uitgesloten(1,154)
van wilde(1,154)
gereden en(1,154)
land er(1,154)
er mag(1,154)
duurder dan(1,154)
33 36(1,154)
30 20(1,154)
de populariteit(1,154)
nederland moet(1,154)
19 19(102,155)
26 26(81,155)
27 27(70,155)
23 23(59,155)
28 28(55,155)
new york(53,155)
29 29(50,155)
32 32(48,155)
18 18(47,155)
36 36(46,155)
34 34(45,155)
33 33(44,155)
22 22(37,155)
45 45(33,155)
16 16(33,155)
35 35(31,155)
24 24(29,155)
31 31(28,155)
37 37(27,155)
in japan(23,155)
21 21(22,155)
56 56(22,155)
28 27(20,155)
44 44(18,155)
38 38(17,155)
41 42(14,155)
32 33(14,155)
55 55(12,155)
35 36(11,155)
37 38(11,155)
34 33(10,155)
36 37(10,155)
56 57(10,155)
54 55(9,155)
45 46(9,155)
47 47(9,155)
33 34(8,155)
40 41(8,155)
25 10(7,155)
55 56(7,155)
34 35(7,155)
39 40(6,155)
42 43(6,155)
genoemd in(5,155)
van commissie(5,155)
laan en(5,155)
81 82(5,155)
47 48(5,155)
59 60(5,155)
van denken(4,155)
oud minister(4,155)
53 54(4,155)
31 32(4,155)
86 87(4,155)
38 39(4,155)
dat prins(3,155)
geschokt door(3,155)
58 59(3,155)
14 13(3,155)
in tweede(3,155)
43 45(3,155)
48 49(3,155)
zeer vast(3,155)
herstel in(3,155)
als nederland(2,155)
volk bij(2,155)
in west(2,155)
koningin zal(2,155)
ging om(2,155)
maakt geen(2,155)
stemming bij(2,155)
le monde(2,155)
72 73(2,155)
aan prins(2,155)
92 92(2,155)
90 90(2,155)
87 88(2,155)
89 89(2,155)
60 61(2,155)
57 58(2,155)
23 26(2,155)
commissie had(1,155)
deed ons(1,155)
stukken aan(1,155)
lek in(1,155)
en griekenland(1,155)
willen ook(1,155)
liet niets(1,155)
ontkent dat(1,155)
niet aarzelen(1,155)
openbaar maken(1,155)
crisis in(1,155)
in arrest(1,155)
aanslag is(1,155)
een onverwacht(1,155)
is bedoeld(1,155)
een commissie(1,155)
buren van(1,155)
leden kunnen(1,155)
onderhouden met(1,155)
voorzitter met(1,155)
aangifte bij(1,155)
papieren van(1,155)
inzage van(1,155)
houding in(1,155)
voor dood(1,155)
rijk door(1,155)
voedsel aan(1,155)
commissie uit(1,155)
werd ingesteld(1,155)
zijn oude(1,155)
vrijlating van(1,155)
uitgevonden en(1,155)
onderwerpen als(1,155)
aangenomen van(1,155)
hier volgen(1,155)
het verloop(1,155)
heeft betaald(1,155)
deze buitengewone(1,155)
maakt melding(1,155)
zeer rijke(1,155)
het ogenblik(1,155)
die prins(1,155)
71 72(1,155)
72 72(1,155)
bewijzen in(1,155)
op goederen(1,155)
am te(1,155)
ik vroeg(1,155)
verblijfplaats van(1,155)
lang bekend(1,155)
onderzoek voor(1,155)
kans voor(1,155)
met olie(1,155)
weten wie(1,155)
volkomen vrij(1,155)
de koster(1,155)
prins met(1,155)
gaf mij(1,155)
in volgende(1,155)
prins op(1,155)
drie aan(1,155)
te openbaren(1,155)
reis om(1,155)
drie te(1,155)
hoopt op(1,155)
kan bewijzen(1,155)
dood veroordeelde(1,155)
geen onderzoek(1,155)
zoeken naar(1,155)
rond de(1,155)
sympathie voor(1,155)
ministers op(1,155)
kamer na(1,155)
lof en(1,155)
blijft hier(1,155)
uitspraak over(1,155)
moeten tot(1,155)
dit soort(1,155)
tot secretaris(1,155)
directeur in(1,155)
van koper(1,155)
kamer zal(1,155)
onderzoek worden(1,155)
zult gij(1,155)
van stof(1,155)
waarheid zal(1,155)
licht komen(1,155)
pleit voor(1,155)
naar da(1,155)
congres in(1,155)
engeland om(1,155)
instellen van(1,155)
een feit(1,155)
19 23(1,155)
11 li(1,155)
li 11(1,155)
91 91(1,155)
95 96(1,155)
84 85(1,155)
13 10(1,155)
40 42(1,155)
85 86(1,155)
88 89(1,155)
10 21(1,155)
71 71(1,155)
100 101(1,155)
97 98(1,155)
spreker op(1,155)
14 is(1,155)
98 98(1,155)
69 69(1,155)
de deugd(1,155)
kamer nog(1,155)
van doctor(1,155)
stoel in(1,155)
goed af(1,155)
week zeer(1,155)
vaste stemming(1,155)
zeer druk(1,155)
holland wordt(1,155)
orders voor(1,155)
goede stemming(1,155)
prins te(1,155)
40 45(1,155)
beurs van(310,156)
van amsterdam(306,156)
15 15(88,156)
25 25(69,156)
12 12(48,156)
30 30(42,156)
17 17(37,156)
20 20(35,156)
40 40(26,156)
onderzoek naar(24,156)
de prins(21,156)
28 29(19,156)
26 27(19,156)
14 14(19,156)
13 13(18,156)
het vrije(17,156)
den haag(17,156)
27 28(16,156)
commissie van(14,156)
van onze(14,156)
60 60(14,156)
van drie(13,156)
van prins(13,156)
29 30(13,156)
43 44(12,156)
22 23(12,156)
de commissie(11,156)
15 16(11,156)
18 19(11,156)
23 24(11,156)
26 25(10,156)
10 10(10,156)
in nederland(9,156)
19 20(9,156)
20 21(9,156)
in amerika(8,156)
24 25(8,156)
11 11(8,156)
in staat(8,156)
sprak met(7,156)
16 17(7,156)
staat van(7,156)
van beschuldiging(7,156)
vast op(7,156)
brief aan(6,156)
en prins(6,156)
verklaring van(6,156)
in den(6,156)
prins in(6,156)
de dag(6,156)
tweede kamer(6,156)
52 52(6,156)
25 26(6,156)
46 47(6,156)
23 22(6,156)
van new(6,156)
minister van(5,156)
geld van(5,156)
het rapport(5,156)
52 53(5,156)
11 12(5,156)
88 88(5,156)
44 45(5,156)
het gebeurde(5,156)
op weg(5,156)
weg naar(5,156)
met prins(5,156)
bij nader(5,156)
onderzoek in(4,156)
van justitie(4,156)
vice president(4,156)
van onderzoek(4,156)
geen cent(4,156)
onderzoek van(4,156)
binnen en(4,156)
man die(4,156)
90 91(4,156)
directeur van(4,156)
koningin en(4,156)
50 50(4,156)
18 10(4,156)
23 25(4,156)
op goed(4,156)
de kamer(3,156)
top van(3,156)
affaire van(3,156)
kamer over(3,156)
vorig jaar(3,156)
leidt tot(3,156)
man zou(3,156)
uit amerika(3,156)
te gaan(3,156)
arrestatie van(3,156)
in verband(3,156)
verband met(3,156)
staat op(3,156)
bezoek van(3,156)
rol van(3,156)
gesprek met(3,156)
amerika de(3,156)
de vries(3,156)
de vroegere(3,156)
de heer(3,156)
in eigen(3,156)
de man(3,156)
het kort(3,156)
10 25(3,156)
51 52(3,156)
30 31(3,156)
10 11(3,156)
13 14(3,156)
blijft bij(3,156)
oordeel van(3,156)
beschuldigingen tegen(3,156)
te maken(3,156)
weer in(3,156)
de zaak(3,156)
de waarheid(3,156)
koninklijk huis(3,156)
geen kwaad(3,156)
jan van(3,156)
van den(3,156)
der poel(3,156)
positie van(3,156)
14 15(3,156)
20 10(3,156)
13 15(3,156)
vast in(3,156)
in spanje(2,156)
komt met(2,156)
commissie voor(2,156)
van japan(2,156)
het geheime(2,156)
in parijs(2,156)
pas in(2,156)
in engeland(2,156)
te helpen(2,156)
licht in(2,156)
stukken uit(2,156)
voor twee(2,156)
rapport over(2,156)
waar blijft(2,156)
blijft de(2,156)
maandag op(2,156)
namen van(2,156)
te geven(2,156)
zaken in(2,156)
drie van(2,156)
beschuldigd van(2,156)
geld voor(2,156)
weinig invloed(2,156)
beschuldiging van(2,156)
namen in(2,156)
de hand(2,156)
ging naar(2,156)
per maand(2,156)
aankoop van(2,156)
minister in(2,156)
mei met(2,156)
van oud(2,156)
blijken uit(2,156)
genoemd als(2,156)
geen geld(2,156)
bedrag van(2,156)
conclusie van(2,156)
maand in(2,156)
besluit van(2,156)
heeft gisteren(2,156)
houdt zich(2,156)
de vraag(2,156)
in mei(2,156)
bezit van(2,156)
de stemming(2,156)
de buren(2,156)
de firma(2,156)
gisteren in(2,156)
naar aanleiding(2,156)
aanleiding van(2,156)
geld te(2,156)
in zwitserland(2,156)
terug in(2,156)
to be(2,156)
vriend van(2,156)
het geding(2,156)
een onderzoek(2,156)
rapport van(2,156)
aannemen van(2,156)
de drie(2,156)
begint met(2,156)
dit jaar(2,156)
president van(2,156)
voorzitter van(2,156)
van koningin(2,156)
80 81(2,156)
17 18(2,156)
het volk(2,156)
naar amerika(2,156)
onderzoek bij(2,156)
van state(2,156)
nader onderzoek(2,156)
spreekt met(2,156)
ongerust over(2,156)
in beslag(2,156)
beslag genomen(2,156)
mag van(2,156)
bewijzen dat(2,156)
en frankrijk(2,156)
aanval op(2,156)
terug uit(2,156)
hebben gehad(2,156)
druk van(2,156)
de wereld(2,156)
proces tegen(2,156)
in augustus(2,156)
volgende maand(2,156)
vragen op(2,156)
voor vele(2,156)
huis van(2,156)
de betaling(2,156)
betaling van(2,156)
achter het(2,156)
de nieuwe(2,156)
aan den(2,156)
prins en(2,156)
onderzoek aan(2,156)
een paar(2,156)
paar weken(2,156)
blijft nog(2,156)
in bescherming(2,156)
beter in(2,156)
generaal van(2,156)
is gereed(2,156)
het geld(2,156)
steun voor(2,156)
op eigen(2,156)
het publiek(2,156)
als gevolg(2,156)
gevolg van(2,156)
de strijdkrachten(2,156)
laat de(2,156)
leven door(2,156)
niets bijzonders(2,156)
naam van(2,156)
ons land(2,156)
tijd door(2,156)
van praag(2,156)
93 94(2,156)
21 20(2,156)
11 10(2,156)
12 10(2,156)
10 20(2,156)
lager in(2,156)
21 22(2,156)
iets lager(2,156)
bij kleine(2,156)
terug op(2,156)
stukken zijn(1,156)
en vrijheid(1,156)
agent in(1,156)
in rotterdam(1,156)
naar japan(1,156)
met namen(1,156)
ontslag in(1,156)
stukken over(1,156)
komt niet(1,156)
sprak in(1,156)
van dag(1,156)
dag tot(1,156)
tot dag(1,156)
fonds in(1,156)
middelpunt van(1,156)
in nieuw(1,156)
ontvangst van(1,156)
de aanval(1,156)
president en(1,156)
geld terug(1,156)
gaat niet(1,156)
kwestie van(1,156)
verder met(1,156)
de poort(1,156)
poort van(1,156)
belangrijk voor(1,156)
wilde niet(1,156)
in ruil(1,156)
afrika en(1,156)
beslissing in(1,156)
te komen(1,156)
doet in(1,156)
de suiker(1,156)
niet vergeten(1,156)
gaan naar(1,156)
justitie in(1,156)
nederland heeft(1,156)
heeft alle(1,156)
aandringen op(1,156)
stukken voor(1,156)
te weinig(1,156)
buiten dienst(1,156)
zaak in(1,156)
vraag voor(1,156)
te zwijgen(1,156)
is bereid(1,156)
pogingen om(1,156)
verder in(1,156)
te stoppen(1,156)
van dienst(1,156)
30 dagen(1,156)
nu alle(1,156)
onder de(1,156)
de tafel(1,156)
geven in(1,156)
in europa(1,156)
europa en(1,156)
op voorwaarde(1,156)
voorwaarde dat(1,156)
zaken zal(1,156)
vraagt om(1,156)
en spanje(1,156)
te treden(1,156)
van weinig(1,156)
invloed op(1,156)
zaak en(1,156)
beslissen over(1,156)
wijze van(1,156)
van openbaar(1,156)
te werken(1,156)
waarvan de(1,156)
de bodem(1,156)
nog steeds(1,156)
steeds niet(1,156)
wachten op(1,156)
niet verder(1,156)
afhankelijk van(1,156)
van washington(1,156)
schuld van(1,156)
naar parijs(1,156)
van 25(1,156)
de beurs(1,156)
in turkije(1,156)
bij onderzoek(1,156)
derde deel(1,156)
zijn woord(1,156)
mijn vriend(1,156)
niet tevreden(1,156)
gehad van(1,156)
inzage in(1,156)
bij verkoop(1,156)
besteding van(1,156)
kring van(1,156)
is bijzonder(1,156)
terug van(1,156)
overleg met(1,156)
mag wel(1,156)
worden onderzocht(1,156)
de wolken(1,156)
met opzet(1,156)
of per(1,156)
vrouw en(1,156)
is onzeker(1,156)
geen vertrouwen(1,156)
in openbaar(1,156)
benoemd om(1,156)
te trekken(1,156)
de praktijk(1,156)
zaken over(1,156)
spreekt in(1,156)
zijn leven(1,156)
van prinses(1,156)
gisteren een(1,156)
parlement de(1,156)
zich bezig(1,156)
bezig met(1,156)
vraag bij(1,156)
zijn gekomen(1,156)
de aankoop(1,156)
te bevorderen(1,156)
bevorderen van(1,156)
van 30(1,156)
ontvangen van(1,156)
hebben gekregen(1,156)
terug naar(1,156)
naar engeland(1,156)
haag en(1,156)
van twee(1,156)
zag de(1,156)
vergelijking met(1,156)
in bezit(1,156)
betrokken in(1,156)
het hoofdkantoor(1,156)
hoofdstad de(1,156)
een protest(1,156)
protest tegen(1,156)
het feit(1,156)
feit dat(1,156)
hebben gisteren(1,156)
bekend is(1,156)
is geworden(1,156)
geworden over(1,156)
hebben ontvangen(1,156)
bank in(1,156)
geen verband(1,156)
naar londen(1,156)
naar nieuwe(1,156)
wordt een(1,156)
prins heeft(1,156)
de put(1,156)
administratie van(1,156)
de koningin(1,156)
afgezien van(1,156)
beleid van(1,156)
aftreden van(1,156)
verantwoordelijk voor(1,156)
dood van(1,156)
van vele(1,156)
vele duizenden(1,156)
verdacht van(1,156)
ambtenaren in(1,156)
zaak nog(1,156)
de bijzondere(1,156)
de tweede(1,156)
belast met(1,156)
het beleid(1,156)
en marine(1,156)
marine is(1,156)
begonnen de(1,156)
commissie werd(1,156)
heeft besloten(1,156)
besloten een(1,156)
een officieel(1,156)
het aannemen(1,156)
zusters van(1,156)
nederland voor(1,156)
bekend hoe(1,156)
strekt zich(1,156)
antwoord op(1,156)
zaak uit(1,156)
wijziging van(1,156)
van oude(1,156)
justitie heeft(1,156)
en vriend(1,156)
genoemd is(1,156)
zaak de(1,156)
dat tijdens(1,156)
tijdens de(1,156)
verklaarde de(1,156)
de minister(1,156)
van breda(1,156)
en leed(1,156)
maakte van(1,156)
een groot(1,156)
goed op(1,156)
voor waarin(1,156)
wordt beschuldigd(1,156)
hebben aangenomen(1,156)
de mede(1,156)
inmiddels is(1,156)
op vrije(1,156)
vrije voeten(1,156)
voeten gesteld(1,156)
volgen de(1,156)
de belangrijkste(1,156)
de getuigenissen(1,156)
en april(1,156)
april van(1,156)
van verschillende(1,156)
de inhoud(1,156)
inhoud van(1,156)
duidelijk uit(1,156)
verloop van(1,156)
de tekst(1,156)
in holland(1,156)
for the(1,156)
by the(1,156)
of the(1,156)
de senaat(1,156)
verklaard dat(1,156)
zijn bedrijf(1,156)
een bedrag(1,156)
betaald aan(1,156)
de verkoop(1,156)
verkoop van(1,156)
van militaire(1,156)
hand op(1,156)
om onder(1,156)
antwoord te(1,156)
geven op(1,156)
de vragen(1,156)
vragen van(1,156)
het lagerhuis(1,156)
verklaarde dat(1,156)
om 10(1,156)
10 te(1,156)
namens de(1,156)
militaire en(1,156)
verzocht zich(1,156)
er toe(1,156)
toe te(1,156)
te nemen(1,156)
nemen tot(1,156)
het oog(1,156)
oog op(1,156)
maatregel genomen(1,156)
genomen omdat(1,156)
geen nieuwe(1,156)
de toekomst(1,156)
mannen op(1,156)
hoofdstuk van(1,156)
zegt dat(1,156)
heeft ontvangen(1,156)
ontvangen dat(1,156)
was bestemd(1,156)
melding van(1,156)
van 4000(1,156)
de dochter(1,156)
dochter van(1,156)
de zeer(1,156)
een bekend(1,156)
geboren in(1,156)
zij later(1,156)
later is(1,156)
werden zij(1,156)
ontvangst in(1,156)
het paleis(1,156)
ter gelegenheid(1,156)
gelegenheid van(1,156)
thans in(1,156)
de rue(1,156)
geruime tijd(1,156)
tijd niet(1,156)
te zeggen(1,156)
waar zij(1,156)
op 16(1,156)
een boek(1,156)
boek van(1,156)
zouden niet(1,156)
man van(1,156)
en visser(1,156)
officier van(1,156)
justitie van(1,156)
van genua(1,156)
handel en(1,156)
op hoog(1,156)
12 13(1,156)
49 50(1,156)
89 90(1,156)
79 80(1,156)
getuigen in(1,156)
volgende week(1,156)
week naar(1,156)
man in(1,156)
twee leden(1,156)
nog lang(1,156)
lang niet(1,156)
goederen van(1,156)
invloed uit(1,156)
en oud(1,156)
in amsterdam(1,156)
de vervanging(1,156)
vervanging van(1,156)
ter beschikking(1,156)
de mist(1,156)
de letter(1,156)
verwarring en(1,156)
vragen en(1,156)
en persoonlijke(1,156)
uit washington(1,156)
in handen(1,156)
stukken op(1,156)
op tafel(1,156)
vraag was(1,156)
steeds meer(1,156)
de mand(1,156)
beslissen of(1,156)
aan boord(1,156)
woorden uit(1,156)
staf van(1,156)
naar zwitserland(1,156)
zwitserland en(1,156)
twintig personen(1,156)
vrouw van(1,156)
van president(1,156)
het spel(1,156)
het onderzoek(1,156)
te brengen(1,156)
commissie in(1,156)
te nebben(1,156)
die drie(1,156)
niet schuldig(1,156)
in ontvangst(1,156)
de marine(1,156)
lezing van(1,156)
geen nieuws(1,156)
reis naar(1,156)
gelooft niet(1,156)
geld op(1,156)
ik wist(1,156)
wist niet(1,156)
had gesproken(1,156)
het gevecht(1,156)
de wapens(1,156)
mogelijk ook(1,156)
gedaan in(1,156)
voorwaarden voor(1,156)
van bevolking(1,156)
in dienst(1,156)
dienst van(1,156)
op alle(1,156)
met extra(1,156)
het zwijgen(1,156)
het militaire(1,156)
mag in(1,156)
in china(1,156)
blijven van(1,156)
de deur(1,156)
deur uit(1,156)
ook goede(1,156)
afkomstig van(1,156)
juist voor(1,156)
poging om(1,156)
te redden(1,156)
prins is(1,156)
verhoor van(1,156)
toe in(1,156)
net van(1,156)
wij hadden(1,156)
maken met(1,156)
mei tot(1,156)
te verwachten(1,156)
vertrouwen in(1,156)
zijn hoofd(1,156)
naar huis(1,156)
rapport uit(1,156)
de bilt(1,156)
nog onbekend(1,156)
secretaris van(1,156)
vermoedelijk de(1,156)
nieuwe minister(1,156)
een nieuwe(1,156)
eer is(1,156)
wordt ook(1,156)
brief over(1,156)
uit spanje(1,156)
spanje in(1,156)
in frankrijk(1,156)
is afgetreden(1,156)
de voorzitter(1,156)
partij van(1,156)
van nederland(1,156)
van alle(1,156)
stukken te(1,156)
waarom de(1,156)
of alle(1,156)
de bal(1,156)
op reis(1,156)
om drie(1,156)
storm in(1,156)
maandag naar(1,156)
prins een(1,156)
waarschijnlijk met(1,156)
besteed aan(1,156)
nieuws uit(1,156)
uit eigen(1,156)
zich terug(1,156)
militaire autoriteiten(1,156)
en weer(1,156)
geld aan(1,156)
de bruijn(1,156)
golf van(1,156)
gaat bij(1,156)
verder over(1,156)
over nederland(1,156)
te verbergen(1,156)
voort met(1,156)
de taak(1,156)
taak van(1,156)
de reizen(1,156)
reizen van(1,156)
en verder(1,156)
motie van(1,156)
aantal leden(1,156)
leden van(1,156)
het koninklijk(1,156)
meest op(1,156)
het hoogst(1,156)
een goede(1,156)
voor mei(1,156)
nog moeten(1,156)
was zeer(1,156)
de kans(1,156)
nederland op(1,156)
ter dood(1,156)
een jaar(1,156)
jaar geleden(1,156)
in orde(1,156)
en ministers(1,156)
weet van(1,156)
aan anderen(1,156)
anderen over(1,156)
drie in(1,156)
op rekening(1,156)
rekening in(1,156)
ontvangen hebben(1,156)
langer dan(1,156)
achter de(1,156)
ontslag van(1,156)
den berg(1,156)
nederland en(1,156)
prijs en(1,156)
het verschil(1,156)
verschil van(1,156)
oefenen in(1,156)
in noorwegen(1,156)
jaar dat(1,156)
het eerst(1,156)
met nederland(1,156)
het oude(1,156)
in huis(1,156)
te hoog(1,156)
van geheime(1,156)
25 in(1,156)
is beter(1,156)
staat om(1,156)
zaak te(1,156)
te verschaffen(1,156)
verschaffen van(1,156)
vermoeden van(1,156)
van schuld(1,156)
rondom de(1,156)
beroep in(1,156)
de baan(1,156)
met den(1,156)
maakte zich(1,156)
jaar met(1,156)
blijken van(1,156)
vooral de(1,156)
laat het(1,156)
volk zich(1,156)
op straat(1,156)
komt uit(1,156)
uit zwitserland(1,156)
van 87(1,156)
het belang(1,156)
belang van(1,156)
van maandag(1,156)
en legt(1,156)
generaal en(1,156)
commissaris van(1,156)
begaf zich(1,156)
lid van(1,156)
van raad(1,156)
raad van(1,156)
de jong(1,156)
de rol(1,156)
de groene(1,156)
eerste aflevering(1,156)
aflevering van(1,156)
en eer(1,156)
arbeid en(1,156)
laatste poging(1,156)
poging tot(1,156)
partijen op(1,156)
ter kennis(1,156)
benoemd voor(1,156)
blijft als(1,156)
uit rotterdam(1,156)
herziening van(1,156)
de liefde(1,156)
de verslagen(1,156)
voorstel van(1,156)
voor beide(1,156)
naast de(1,156)
de troon(1,156)
wapen en(1,156)
eigen verzoek(1,156)
verzoek van(1,156)
van voorzitter(1,156)
ik sta(1,156)
de tijd(1,156)
eerder dan(1,156)
degene die(1,156)
valt er(1,156)
het jaar(1,156)
jaar door(1,156)
deden het(1,156)
plan van(1,156)
land uit(1,156)
ter sprake(1,156)
om nadere(1,156)
te beletten(1,156)
gebruikt door(1,156)
verder door(1,156)
dag voor(1,156)
zijn pensioen(1,156)
advocaat van(1,156)
de koninklijke(1,156)
vrienden in(1,156)
zij blijft(1,156)
een nader(1,156)
afscheid van(1,156)
de haan(1,156)
worden ingelicht(1,156)
dankbaarheid voor(1,156)
het werk(1,156)
werk van(1,156)
binnen de(1,156)
onderwerp van(1,156)
brengt het(1,156)
het verder(1,156)
verder dan(1,156)
zeden en(1,156)
rood en(1,156)
en oranje(1,156)
programma van(1,156)
van jan(1,156)
het nieuws(1,156)
buiten de(1,156)
functie van(1,156)
vast aan(1,156)
zal nooit(1,156)
nooit aan(1,156)
het licht(1,156)
ik noem(1,156)
het gaat(1,156)
en tv(1,156)
al spoedig(1,156)
ten voorbeeld(1,156)
niet belangrijk(1,156)
de minst(1,156)
dit geeft(1,156)
moed om(1,156)
om verder(1,156)
verder te(1,156)
gaat om(1,156)
om goede(1,156)
goede naam(1,156)
eenheid van(1,156)
weg van(1,156)
het congres(1,156)
verslag uit(1,156)
verkiezingen in(1,156)
mag een(1,156)
om geld(1,156)
de positie(1,156)
in oostenrijk(1,156)
vertrek naar(1,156)
rede van(1,156)
niet ontvangen(1,156)
bij herhaling(1,156)
koninklijke familie(1,156)
verhaal is(1,156)
is onjuist(1,156)
niets veranderd(1,156)
bedreigd met(1,156)
de jaren(1,156)
de kaarten(1,156)
zich achter(1,156)
11 16(1,156)
commissie is(1,156)
brief van(1,156)
van mr(1,156)
antwoord aan(1,156)
goed zijn(1,156)
zijn alleen(1,156)
mag geen(1,156)
geen twijfel(1,156)
twijfel bestaan(1,156)
gunst van(1,156)
achter zich(1,156)
een speciaal(1,156)
na jaren(1,156)
jaren in(1,156)
sterk in(1,156)
te ontsnappen(1,156)
voor allen(1,156)
portret van(1,156)
vragen over(1,156)
91 92(1,156)
10 12(1,156)
10 13(1,156)
14 10(1,156)
10 15(1,156)
15 10(1,156)
te volgen(1,156)
82 83(1,156)
33 35(1,156)
14 16(1,156)
week of(1,156)
mogelijk naar(1,156)
het gedaan(1,156)
gedaan heeft(1,156)
vrede in(1,156)
in midden(1,156)
van vrijheid(1,156)
vrijheid en(1,156)
16 18(1,156)
ij is(1,156)
12 11(1,156)
gaat met(1,156)
door jan(1,156)
jan de(1,156)
handhaven van(1,156)
is noodzakelijk(1,156)
noodzakelijk voor(1,156)
naar den(1,156)
licht op(1,156)
zaak van(1,156)
allen het(1,156)
het begin(1,156)
zijn doel(1,156)
nieuws van(1,156)
stil en(1,156)
nu zeer(1,156)
weer op(1,156)
verder aan(1,156)
slot in(1,156)
handel in(1,156)
na vijf(1,156)
vijf maanden(1,156)
hof van(1,156)
van holland(1,156)
te melden(1,156)
van haarlem(1,156)
publiek heeft(1,156)
heeft vele(1,156)
der hoeven(1,156)
een soort(1,156)
nieuwe jaar(1,156)
herstelde zich(1,156)
stemming in(1,156)
de order(1,156)
order van(1,156)
de nederlandse(1,156)
algemeen belang(1,156)
lager op(1,156)
beter op(1,156)
de 1000(1,156)
reis van(1,156)
de ware(1,156)
de monarchie(1,156)
de telegraaf(1,156)
was vooral(1,156)
vooral in(1,156)
de erfenis(1,156)
erfenis van(1,156)
van 40(1,156)
vrijdag 24(1,156)
24 december(1,156)
waar de(1,156)
