5,75 miljard(3,1)
aan industrielanden(2,1)
enkes in(2,1)
bij thv(2,1)
hoeven trouwens(1,1)
ford waarschuwt(1,1)
bij asm(1,1)
en thv(1,1)
tegen zaterdagmiddagsluiting(1,1)
buitenlandse bureaus(1,1)
geld grof(1,1)
sylvio croes(1,1)
oeso meent(2,2)
thv en(2,2)
street toch(2,2)
ford tijdens(1,2)
bij 1974(1,2)
beurs kijkt(1,2)
voor browne(1,2)
over enka(1,2)
chemisch verdrag(1,2)
vezels na(1,2)
lugt voorzitter(1,2)
voorzitter landelijk(1,2)
oliesector buiten(1,2)
psf offshore(1,2)
vooroverleg voor(2,3)
door recessie(1,3)
boekjaar 1974(1,3)
scherpe winstdaling(1,3)
ford ziet(1,3)
toeristisch jaar(1,3)
van oliecrisis(1,3)
doktert aan(1,3)
april omhoog(1,3)
vervoersbonden nvv(1,3)
unie verwacht(2,4)
coos verweij(2,4)
recessie nu(1,4)
verwacht herstel(1,4)
rolinco in(1,4)
voor achtergestelde(1,4)
hulten op(1,4)
nkv er(1,4)
geheel 1974(2,5)
ford verwacht(1,5)
maastrichtse machinefabriek(1,5)
werkelijk progressieve(1,5)
1974 vrij(1,5)
ministers vos(1,5)
street zeer(3,6)
thv international(2,6)
en ksh(2,6)
recessie voorbij(1,6)
olieprijs wordt(1,6)
en vulcaansoord(1,6)
en 3,7(1,6)
van autobedrijven(1,6)
ir klijnstra(1,6)
schip keren(1,6)
studentenstops en(1,6)
impuls op(1,7)
verdere internationalisering(1,7)
staatssecretaris meijer(1,7)
kleiner tekort(1,7)
800.000 nederlanders(1,7)
math weijers(1,7)
door coos(2,8)
bouwer bonn(1,8)
met giscard(1,8)
werknemers kwijt(1,8)
planmatige voorbereiding(1,8)
telegraaf kon(1,8)
rob warnderink(3,9)
rob jager(3,9)
goedkope dollar(2,9)
met ogem(2,9)
ford maakt(2,9)
ijsbrand hiddes(1,9)
oppositie eist(1,9)
regering wilson(1,9)
produktie daalde(1,9)
geen matiging(1,9)
cor lommers(1,9)
geen meldingsplicht(1,9)
de studentenstops(1,9)
klein krijgt(1,9)
en kedichem(1,9)
minister duisenberg(4,10)
van aramco(2,10)
van supertankers(2,10)
estel hoogovens(1,10)
recessie nog(1,10)
takeo fukuda(1,10)
voor bruynzeel(1,10)
lagere omzetten(1,10)
uyl weet(1,10)
in rambouillet(1,10)
nodig geld(1,10)
en serve(1,10)
met pierson(1,10)
het oliewapen(1,10)
1974 af(1,11)
kapitalistische chaos(1,11)
omlaag voor(1,11)
voor ihc(1,11)
bata best(1,11)
verloren gevecht(1,11)
bij suralco(1,11)
amerika tussen(1,11)
gerrit hepkema(1,11)
herman kahn(1,11)
nvv over(1,11)
gerard krul(2,12)
74 daf(2,12)
over 1974(2,12)
street zette(2,12)
recessie het(1,12)
duitsland trekt(1,12)
niet aangediend(1,12)
zware dreun(1,12)
1976 weer(1,12)
duitse fiscus(1,12)
25ste congres(1,12)
hiddes galema(1,13)
1974 per(1,13)
ben romijn(1,13)
louis harris(1,13)
kerncentrales voor(1,13)
ed wisborg(6,14)
15,1 miljard(2,14)
crane nederland(2,14)
gelatine delft(2,14)
begin 1975(2,14)
vooral akzo(2,14)
bruynzeel zaandam(1,14)
man ontslaan(1,14)
op spreiding(1,14)
ferry knemeijer(1,14)
bij hoesch(1,14)
ford geeft(1,14)
op rechtse(1,14)
papierfabriek roermond(1,14)
slechte economie(1,14)
inzinking nog(1,14)
de schietboom(1,14)
mevrouw peron(2,15)
japanse scheepsbouw(2,15)
jaap metz(2,15)
imf voor(2,15)
eisen werk(1,15)
beursweek met(1,15)
op verbruik(1,15)
optimistisch naar(1,15)
costa gomes(1,15)
bij billiton(1,15)
president ford(1,15)
wim kremer(1,15)
hogere olieprijs(2,16)
aan kapitalistische(1,16)
david rockefeller(1,16)
ford tegen(1,16)
nvv nkv(1,16)
aan racisme(1,16)
dobberen in(1,16)
philips computer(1,16)
regeringsbeleid wordt(1,16)
en recessie(2,17)
van opec(2,17)
japanse arbeiders(2,17)
uyl ziet(1,17)
groeiende onvrede(1,17)
british enkalon(1,17)
per rolstoel(1,17)
leonid brezjnef(1,17)
limburgse arbeidsmarkt(1,17)
inflatie af(1,17)
zes antilliaanse(1,17)
voor amro(1,17)
unilever begon(2,18)
18,4 procent(1,18)
oliecrisis en(1,18)
1974 1975(1,18)
ir stikker(1,18)
tankers op(1,18)
eind 1974(1,18)
drs brouwers(1,18)
illegale vreemdelingen(1,18)
000 werknemers(1,18)
1977 niet(1,18)
produktie na(1,18)
lagere groei(1,18)
minister lubbers(7,19)
edo brandt(7,19)
huidige recessie(2,19)
bnp in(2,19)
spreiding rijksdiensten(2,19)
recessie zal(1,19)
btw als(1,19)
hal hebben(1,19)
andere munteenheden(1,19)
fme in(1,19)
op antillen(1,19)
cao onderhandelingen(1,19)
voor 1977(1,19)
charters naar(1,19)
scholten honig(3,20)
uyl sprak(2,20)
benelux duitsland(2,20)
serve overhof(2,20)
economie komt(1,20)
president peron(1,20)
drs bogers(1,20)
britse centrale(1,20)
1976 zeer(1,20)
cpn wil(1,20)
dagelijkse belangen(1,20)
zegt grote(1,20)
van kruisinga(1,20)
in arkel(1,20)
ford wil(2,21)
sombere situatie(2,21)
cda met(2,21)
lubbers over(2,21)
aluminium industrie(1,21)
monetaire conferentie(1,21)
drastisch om(1,21)
korter gaan(1,21)
bij lindeteves(1,21)
lindeteves en(1,21)
achtergestelde lening(1,21)
door crisis(1,21)
sociaal zwakken(1,21)
tussen negers(1,21)
industrielanden hebben(1,21)
minder toeristen(1,21)
met 16,5(1,21)
pous en(1,21)
duisenberg van(1,21)
recessie de(2,22)
recessie op(2,22)
bondskanselier helmut(1,22)
tulip hotels(1,22)
ford biedt(1,22)
dal heen(1,22)
collectieve lasten(1,22)
westduitse spd(1,22)
van rsv(1,22)
hoge inflatie(1,22)
over cao(1,22)
uit vertwijfeling(1,22)
1974 was(1,22)
forse winstdaling(2,23)
tweede jaarhelft(2,23)
regeringsverklaring waarin(1,23)
progressieve regering(1,23)
forse verlaging(1,23)
vietnam cambodja(1,23)
franse kalimijnen(1,23)
van exxon(1,23)
van boekingen(1,23)
kvp geen(1,23)
de blokkades(1,23)
minister simon(1,23)
lager wall(1,23)
indira ghandi(1,23)
voor cpn(1,23)
jan bouwer(7,24)
agiobonus van(2,24)
opleving niet(2,24)
street bleef(2,24)
economie verder(1,24)
1976 met(1,24)
jaar omzet(1,24)
rijnmond zal(1,24)
bert stoop(1,24)
economische verwachtingen(1,24)
echt nieuws(1,24)
oeso verwacht(3,25)
fors lagere(3,25)
cindu key(2,25)
goed hoger(2,25)
helmut kohl(1,25)
liter minder(1,25)
europese kernmacht(1,25)
tegen 1980(2,26)
1974 met(1,26)
de oliecrisis(1,26)
en oppositieleider(1,26)
eerdere uitspraken(1,26)
golden tulip(1,26)
eeg landen(1,26)
dsm op(1,26)
lagere nettowinst(1,26)
enka de(1,26)
academy awards(1,26)
over vervolging(1,26)
fiat 128(1,26)
het welzijnswerk(1,26)
laurens ten(1,26)
nederland haalt(2,27)
vaak goedkoper(2,27)
stacaravan of(2,27)
ballast nedam(2,27)
120 miljard(2,27)
recessie is(1,27)
felle botsing(1,27)
stijgende loonkosten(1,27)
ford door(1,27)
boekte vorig(1,27)
directie noemt(1,27)
elseviers magazine(1,27)
winstdaling van(3,28)
fors lager(2,28)
en lindeteves(2,28)
na winst(2,28)
tijdens bezoek(1,28)
dat klm(1,28)
1975 op(1,28)
groenevelt en(1,28)
op limburgs(1,28)
177 miljoen(1,28)
minimumlonen en(1,28)
thijn in(1,28)
ons verdiend(1,28)
de produktielanden(1,28)
van antillen(1,28)
warnderink vinke(3,29)
de btw(1,29)
amerikaanse handelsbalans(1,29)
ziekteverzuim en(1,29)
van crm(1,29)
europese staalindustrie(1,29)
met regeringen(1,29)
redelijk optimistisch(1,29)
over groei(1,29)
oeso in(1,29)
hoogste inkomen(1,29)
de crisisverschijnselen(1,29)
nederland chemie(2,30)
armste landen(2,30)
produktie dit(1,30)
koerst op(1,30)
werkloosheid bestrijden(1,30)
standpunten uiteen(1,30)
piet heil(1,30)
fors hoger(1,30)
inspirerende en(1,30)
hoger kon(1,30)
structureel probleem(1,30)
van recessie(8,31)
recessie te(3,31)
deze inflatie(2,31)
miljoen subsidie(1,31)
van arbeidsplaatsen(1,31)
wel overeind(1,31)
verliesgevend zijn(1,31)
over ontwikkelingen(1,31)
sluiting bedreigd(1,31)
meldingsplicht voor(1,31)
nederlandse les(1,31)
nieuwe inflatie(1,32)
helmut schmidt(1,32)
losgekoppeld van(1,32)
negatief effect(1,32)
meer produktie(1,32)
bij klm(1,32)
bank ziet(1,32)
weer winstgevend(1,32)
der doef(1,32)
amro bank(1,32)
computer heeft(1,32)
street sloot(1,32)
geweldige tijd(1,32)
zijn verteld(1,32)
rode cijfers(4,33)
onze beursredacteur(4,33)
recessie en(2,33)
door ruud(2,33)
bonn uit(2,33)
in scheepsbouw(2,33)
economie gaat(1,33)
krijgt 50(1,33)
in rijnmond(1,33)
ihc holland(1,33)
op luchthaven(1,33)
krijgt hulp(1,33)
ziet voorlopig(1,33)
louis velleman(1,33)
werkloosheid terug(1,33)
verdere spreiding(1,33)
computer voor(1,33)
chemische concerns(1,33)
dieptepunt voor(1,33)
lager resultaat(3,34)
amerikaans plan(2,34)
ook klm(1,34)
de rentedaling(1,34)
v.d louw(1,34)
nationale investeringsbank(1,34)
als colijn(1,34)
miljoen verlies(1,34)
olie daalde(1,34)
aow aww(1,34)
erg positief(1,34)
zweden nu(1,34)
minder olie(4,35)
economische recessie(3,35)
olieproduktie van(2,35)
op werknemers(1,35)
425 miljoen(1,35)
1975 met(1,35)
voor t.v(1,35)
banda abao(1,35)
de olieprijs(2,36)
met schmidt(2,36)
kreeg vorig(2,36)
lagere omzet(2,36)
aanbod zo(1,36)
vergrote kapitaal(1,36)
gedeeltelijk geslaagd(1,36)
miljoenennota en(1,36)
wereld vandaag(1,36)
uyl en(1,36)
knelpunt in(1,36)
anwb zijn(1,36)
nederland wijst(1,36)
met volvo(1,36)
in 1976(4,37)
sinds 1958(2,37)
maar betekenen(1,37)
koersdalingen in(1,37)
3,6 procent(1,37)
van rambouillet(1,37)
groter verlies(1,37)
maanden cel(1,37)
jongeren zonder(1,37)
know how(1,37)
niet stopzetten(1,37)
en aow(1,37)
met scheppen(1,37)
warme winter(1,37)
het olierijke(1,37)
wal gaat(1,37)
in 1974(9,38)
recessie van(2,38)
23 meer(2,38)
om ingrijpen(2,38)
extra heffingen(1,38)
bij hoogovens(1,38)
kemenade en(1,38)
naar israel(1,38)
miljoen werklozen(7,39)
auto industrie(3,39)
in v.s(3,39)
westduitse economie(2,39)
in chemie(2,39)
miljoen toeristen(2,39)
kon shell(2,39)
miljard uit(1,39)
peil ligt(1,39)
massaal ontslag(1,39)
18 miljard(1,39)
zuid vietnam(1,39)
de bundesbank(1,39)
geen opleving(1,39)
winststijging van(1,39)
korte looptijd(1,39)
eerste aanzet(1,39)
de eeg(1,39)
shell aan(1,39)
voor klm(1,39)
recessie in(8,40)
op helft(2,40)
flink lager(2,40)
jaar miljoen(2,40)
schmidt zijn(1,40)
internationale bedrijfsleven(1,40)
groter tekort(1,40)
duizenden betogers(1,40)
caribisch gebied(1,40)
nu teveel(1,40)
miljoen passagiers(1,40)
8,5 miljoen(1,40)
vijf miljard(1,40)
weinig speelruimte(1,40)
4,5 miljoen(1,40)
van toename(1,40)
termijn nodig(1,40)
bureaus op(1,40)
miljoen nog(1,40)
de rijnmond(1,40)
telegraaf amsterdam(1,40)
de recessie(8,41)
fors in(3,41)
hoge winst(2,41)
volksvijand nummer(1,41)
stap tegen(1,41)
hele westerse(1,41)
geen snel(1,41)
vijftig miljoen(1,41)
nationaal produkt(1,41)
miljard op(1,41)
hard getroffen(1,41)
54 miljoen(1,41)
ontslagen werknemers(1,41)
op beurzen(1,41)
alle sprookjes(1,41)
de pous(1,41)
ruud van(2,42)
fors op(2,42)
7,5 procent(1,42)
met inflatie(1,42)
middelgrote ondernemingen(1,42)
anderhalf miljard(1,42)
voor 695(1,42)
door marijke(1,42)
220 man(1,42)
in bonus(1,42)
29 miljoen(1,42)
ontwikkelingen rond(1,42)
bernhard naar(1,42)
cosmetica en(1,42)
partijbestuur voor(1,42)
zeer fors(3,43)
henk hoekstra(2,43)
miljoen mensen(2,43)
toekomst optimistisch(2,43)
der wild(2,43)
derde wereld(2,43)
prijsverhogingen en(1,43)
betalingsbalans zal(1,43)
1958 van(1,43)
minder optimistische(1,43)
ook britse(1,43)
ned antillen(1,43)
met 1,7(1,43)
3,7 procent(1,43)
amerikaanse kerken(1,43)
en nao(1,43)
groeiende werkloosheid(1,43)
en wiegel(1,43)
wereldbank in(2,44)
van westduitse(2,44)
esso nederland(2,44)
wereldranglijst van(2,44)
gelder papier(1,44)
worden doorgelicht(1,44)
miljard gulden(1,44)
planbureau in(1,44)
over loop(1,44)
navo en(1,44)
mikt op(1,44)
door diana(1,44)
miljard voor(1,45)
op lonen(1,45)
onvrede met(1,45)
vooral kwalijk(1,45)
der stee(1,45)
van rijksdiensten(1,45)
groeit onder(1,45)
vs zullen(1,45)
britse film(1,45)
komend najaar(1,45)
alle projecten(1,45)
met regering(1,45)
kanttekeningen bij(3,46)
niet spectaculair(2,46)
friese bedrijfsleven(1,46)
gevoelige knauw(1,46)
deli atjeh(1,46)
franse economie(1,46)
geding om(1,46)
in 1985(1,46)
roer moet(1,46)
om inflatie(1,46)
olie weer(1,46)
werkloosheid blijft(6,47)
resultaten blijven(2,47)
inflatie door(2,47)
klap krijgen(1,47)
de aandelenkoersen(1,47)
vs dit(1,47)
hoger dividend(1,47)
met 7,5(1,47)
in usa(1,47)
op misbruik(1,47)
elseviers weekblad(1,47)
inleidingen op(1,47)
britse kranten(1,47)
personeelsleden in(1,47)
volgens ramingen(1,47)
spd in(1,47)
ongewenste vreemdeling(1,47)
rentabiliteit te(1,47)
niet forceren(1,47)
vs wordt(2,48)
chamotte unie(2,48)
herstel ook(2,48)
dr witteveen(2,48)
europese economie(2,48)
hoger personeel(2,48)
tussen hoop(2,48)
investeringen te(1,48)
monetaire stelsel(1,48)
haagse redactie(1,48)
haar activiteiten(1,48)
snelst in(1,48)
voorlopig weinig(1,48)
vijfde divisie(1,48)
vvd en(1,48)
en pvda(1,48)
alles nodig(1,48)
voor investeringen(1,48)
amerikaanse economie(7,49)
economische groei(5,49)
miljard in(5,49)
shell nederland(2,49)
uitzonderlijk hoge(2,49)
europese commissie(2,49)
beurs nu(2,49)
het westduitse(1,49)
snelle expansie(1,49)
aandelen worden(1,49)
van verkopen(1,49)
aantal personeelsleden(1,49)
in bedrijfsleven(1,49)
grote verschuivingen(1,49)
pvda in(1,49)
duitse auto(1,49)
cpn in(1,49)
in jaarverslag(3,50)
goed tussen(2,50)
in teken(1,50)
enorme klap(1,50)
marcus bakker(1,50)
over defensie(1,50)
geluiden over(1,50)
wereldbank en(1,50)
voor bezinning(1,50)
josef strauss(1,50)
renault in(1,50)
de pvda(1,50)
hogere koersen(2,51)
vs al(2,51)
voor miljoenen(1,51)
over amerikaanse(1,51)
van haagse(1,51)
in oirsbeek(1,51)
beurs gaat(1,51)
na 1945(1,51)
nieuwe staatslening(1,51)
westerse wereld(2,52)
amsterdamse effectenbeurs(2,52)
economische malaise(2,52)
york door(2,52)
bij siemens(2,52)
onze haagse(1,52)
hogere uitkering(1,52)
kwart miljoen(1,52)
74 naar(1,52)
verhoging en(1,52)
maasstad heeft(1,52)
tot ongewenste(1,52)
geld lenen(1,52)
nederlandse economie(1,52)
vergaderde met(1,52)
lichte opleving(1,52)
1945 zijn(1,52)
in opmars(1,52)
in 1975(3,53)
limburgs dagblad(3,53)
grote concerns(3,53)
rood goud(1,53)
zal heus(1,53)
in amsterdamse(1,53)
moet bevorderd(1,53)
grote interesse(1,53)
monetair fonds(1,53)
belastingverlaging in(1,53)
storend voor(1,53)
weinig echt(1,53)
looptijd en(2,54)
grote omzet(2,54)
de gevarenzone(1,54)
nieuwe aandelen(1,54)
op ged(1,54)
scherp gedaald(1,54)
procent hoger(1,54)
opdracht uitgevoerd(1,54)
heeft zorgen(1,54)
op vierkante(1,54)
ruim miljoen(2,55)
oplopen van(1,55)
overeind blijven(1,55)
miljard mark(1,55)
optimistische geluiden(1,55)
somber over(1,55)
jan laan(6,56)
vs naar(3,56)
informatie door(2,56)
studeert op(2,56)
voor japanse(2,56)
argentijnse regering(1,56)
feite alleen(1,56)
klm in(1,56)
op woning(1,56)
en middelgrote(1,56)
groter verband(1,56)
in gehele(1,56)
uitkering voor(1,56)
miljoen te(1,56)
westerse landen(1,56)
marionet van(1,56)
west duitsland(11,57)
door cees(4,57)
geen verhoging(2,57)
eten gooit(2,57)
maatregelen vooral(1,57)
halfjaar niet(1,57)
exclusief interview(1,57)
koersdalingen van(1,57)
best moet(1,57)
amsterdamse haven(1,57)
de enci(1,57)
voorzitter raad(1,57)
voor verhoging(1,57)
ford het(1,57)
lenen aan(1,57)
kranten zullen(1,57)
werklozen in(2,58)
de cpn(2,58)
grote leider(1,58)
grote schoonmaak(1,58)
bonn het(1,58)
buitenlandse kapitaal(1,58)
illegaal in(1,58)
meer jongeren(1,58)
internationaal monetair(1,58)
zijn beduidend(1,58)
slechte cijfers(1,58)
beraadt zich(1,58)
verontrusting over(1,58)
verschuivingen op(1,58)
korter werken(4,59)
met forse(2,59)
klm en(1,59)
sociale dienst(1,59)
can in(1,59)
werkloosheid neemt(1,59)
van uitkering(1,59)
dr rutten(1,59)
na verlies(1,59)
interesse op(1,59)
begroting in(3,60)
ford voor(2,60)
naar gas(1,60)
rotterdamse haven(1,60)
amerikaanse minister(1,60)
keer zo(1,60)
diep wantrouwen(1,60)
in groter(1,60)
sluitende begroting(1,60)
grote landen(1,60)
economie nog(1,60)
britse pers(1,60)
keren door(1,60)
iets hoger(1,60)
en verhoging(1,61)
een heleboel(1,61)
makkelijk door(1,61)
honderden mensen(1,61)
en record(1,61)
werkgelegenheid door(1,61)
van sinkel(1,61)
gewone mensen(1,61)
de grondstoffenprijzen(1,61)
hoger op(1,61)
lagere winst(2,62)
grote moeilijkheden(2,62)
goedkoper dan(2,62)
botsing tussen(1,62)
dan olie(1,62)
heus wel(1,62)
japanse regering(1,62)
nog grotere(1,62)
top bij(1,62)
spaanse regering(1,62)
en beleggen(8,63)
arme landen(3,63)
betekenen dat(1,63)
en hogere(1,63)
voor grote(1,63)
verkeren in(1,63)
positieve berichten(1,63)
van discriminatie(1,63)
auto steeds(1,63)
50 miljoen(2,64)
niet overgeslagen(1,64)
op amerikaanse(1,64)
onaanvaardbaar voor(1,64)
kijkt over(1,64)
op vrachtwagens(1,64)
politieke ontwikkelingen(1,64)
zo lekker(1,64)
economie kan(1,64)
ontreddering en(1,64)
toerisme naar(1,64)
duitse regering(1,64)
initiatieven van(1,64)
totaal verrast(1,64)
mensen over(1,64)
mensen zonder(1,64)
ondernemers geen(1,64)
aan top(1,64)
hele wereld(2,65)
op retour(2,65)
merkte tot(1,65)
zal langzaam(1,65)
en bonen(1,65)
om overeind(1,65)
r.k kerk(1,65)
derde conferentie(1,65)
nederlanders staan(1,65)
en unilever(1,65)
ook kritiek(1,65)
lus om(1,65)
afbrokkelende koersen(1,65)
van unilever(1,65)
de koersdalingen(2,66)
minder schepen(2,66)
duidelijke verbetering(2,66)
unilever en(2,66)
dieptepunt van(1,66)
naar mooi(1,66)
te vergroten(1,66)
begin dit(1,66)
een adempauze(1,66)
toch gedeeltelijk(1,66)
tendens naar(1,66)
vs door(1,66)
non actief(1,66)
nieuw fonds(1,66)
economische inzinking(1,66)
week steeds(1,66)
meer werkgelegenheid(2,67)
dialoog met(1,67)
over economie(2,68)
800.000 gulden(1,68)
bp en(1,68)
motieven bij(1,68)
onze economie(1,68)
is onaanvaardbaar(1,68)
aan regering(1,68)
in rode(1,68)
van produktie(1,68)
is nodig(1,68)
bij bewoners(1,68)
sluitende exploitatie(1,68)
lage koers(2,69)
beperkte capaciteit(2,69)
grote belangstelling(2,69)
uit onderzoek(2,69)
verband tussen(1,69)
bedrijfsleven zou(1,69)
de koersontwikkeling(1,69)
zo goedkoop(1,69)
erg somber(1,69)
de puree(1,69)
alle sectoren(1,69)
in economie(6,70)
door rob(6,70)
dr zijlstra(2,70)
remt de(1,70)
procent gedaald(1,70)
scherp conflict(1,70)
mr gerrit(1,70)
haag maakt(1,70)
zijn geschrokken(1,70)
economische opleving(1,71)
economisch onderzoek(1,71)
problemen bij(1,71)
grootste onderneming(1,71)
in 1980(1,71)
goed verwerkt(1,71)
aktie van(1,71)
van n.o(1,71)
kon olie(2,72)
interview een(1,72)
zware olie(1,72)
met 425(1,72)
militaire raad(1,72)
midden oosten(1,72)
somberder dan(1,72)
onzekerheden en(1,72)
prins bernhard(1,72)
door bert(1,72)
streep gezet(1,72)
door wim(8,73)
economie met(2,73)
miljoen voor(2,73)
voelbaar in(1,73)
gedaan we(1,73)
snel herstel(1,73)
tekenen van(1,73)
gehele land(1,73)
in ierland(1,73)
weinig positieve(1,73)
heeft goud(1,73)
maand begonnen(1,73)
duitsland en(3,74)
openbaar vervoer(1,74)
weerstand op(1,74)
in textiel(1,74)
economie zal(1,74)
congres wil(1,74)
bedrijfsleven voor(1,74)
technische mogelijkheden(1,74)
regering denkt(1,74)
monopolies en(1,74)
rijke landen(4,75)
over herstel(2,75)
herstel het(2,75)
hard toe(1,75)
die grote(1,75)
zou ko(1,75)
op moeilijk(1,75)
injectie van(1,75)
economische bedrijvigheid(1,75)
belgische markt(1,75)
eisen een(1,75)
sociale lasten(1,75)
door fusie(1,75)
tweede fase(1,75)
in grouw(1,75)
het oeroude(1,75)
wordt aangepast(1,75)
den uyl(10,76)
stoom af(2,76)
een exclusief(1,76)
de bondskanselier(1,76)
zou zakken(1,76)
zeer sombere(1,76)
nieuwe golf(1,76)
van fiat(1,76)
miljoen in(1,76)
telegraaf door(1,76)
economische orde(1,76)
in britse(1,76)
op erg(1,76)
moreel in(1,76)
groeien naar(1,76)
moeizaam op(2,77)
concludeert uit(2,77)
zakt in(1,77)
tot onafhankelijkheid(1,77)
staalindustrie in(1,77)
en pessimisme(1,77)
economie niet(1,77)
voor economisch(2,78)
reacties op(2,78)
conjunctuur in(1,78)
in franse(1,78)
over problemen(1,78)
in grote(1,78)
valt terug(1,78)
ondernemers moeten(1,78)
inflatie en(1,78)
de inflatie(2,79)
dollar maar(1,79)
zolang de(1,79)
dollar niet(1,79)
valuta van(1,79)
voor moeilijk(1,79)
biedt zeer(1,79)
rijkste land(1,79)
ford in(1,79)
eventjes maar(1,79)
centraal in(1,79)
toeristen naar(1,79)
is uniek(1,79)
gaat omhoog(1,79)
rond 25(1,79)
economische situatie(3,80)
uitdaging voor(1,80)
de regeringsverklaring(1,80)
ook belgische(1,80)
opnieuw uitgesteld(1,80)
optimisme over(1,80)
van bp(1,80)
economische moeilijkheden(1,80)
felle kritiek(1,80)
grijpt om(1,80)
elke nederlander(1,80)
nooit zo(1,80)
directie moet(1,80)
gouden roos(1,80)
economisch herstel(10,81)
douglas in(2,81)
barometer in(1,81)
de obligatiemarkt(1,81)
pessimistisch over(1,81)
problemen met(1,81)
key en(1,81)
van synthetische(1,81)
afwentelen op(1,81)
berichtgeving van(1,81)
fiscus heeft(1,81)
100 min(1,81)
opmerkelijk goed(1,81)
laatste stuiptrekking(1,81)
trager dan(2,82)
op niveau(1,82)
klanten bij(1,82)
huidige economische(1,82)
bij philips(1,82)
aruba in(1,82)
sociale voorzieningen(1,82)
sociaal economische(1,82)
oplossing meer(1,82)
snel groeien(1,82)
in huidige(1,82)
huidige ontwikkeling(1,82)
klijnstra en(1,82)
licht herstel(3,83)
half miljoen(3,83)
van eeg(2,83)
blijft stijgen(1,83)
voor ondernemers(1,83)
sprookjes die(1,83)
belachelijk laag(1,83)
regering gaat(2,84)
somber beeld(2,84)
crisis of(1,84)
nu voorkomen(1,84)
procent zou(1,84)
leugens over(1,84)
friesch groningsche(1,84)
bedrijven meer(1,84)
wil geld(1,84)
45 procent(1,84)
gaan net(1,84)
telegraaf voor(1,84)
zal jaren(1,84)
nog toekomstmuziek(1,84)
amsterdam rubber(1,84)
vad een(1,84)
geert jan(6,85)
in herstel(5,85)
in duitsland(4,85)
de zeventiger(2,85)
nationaal grondbezit(1,85)
in feite(1,85)
ged van(1,85)
cel voor(1,85)
regering neemt(1,85)
internationale toestand(1,85)
commentaar de(1,85)
tot 188(1,85)
vol gas(2,86)
meer orders(2,86)
van grote(2,86)
12 meer(2,86)
economie is(1,86)
regering doet(1,86)
de japanse(1,86)
dollar dat(1,86)
bij sociale(1,86)
halfjaar voor(1,86)
en nederlandse(1,86)
sprankje hoop(1,86)
meer economische(1,86)
eisen voor(1,86)
de werkgelegenheid(1,86)
en negatief(1,86)
weer verhoogd(1,86)
door cor(1,86)
pers gaat(1,86)
het vad(1,86)
door geert(6,87)
van economie(5,87)
en communisme(2,87)
van moock(2,87)
zeventiger jaren(2,87)
slecht resultaat(1,87)
niet dalen(1,87)
huidige samenleving(1,87)
procent gestegen(1,87)
voor ontslagen(1,87)
bedrijfsleven in(1,87)
aan industrie(1,87)
conflict bij(1,87)
de monopolies(1,87)
moeilijk jaar(5,88)
economie in(5,88)
nieuwe economische(2,88)
economische toekomst(1,88)
het hele(1,88)
opleving in(1,88)
zeer positieve(1,88)
amsterdam nederland(1,88)
landen willen(1,88)
maatregelen meer(1,88)
teken van(2,89)
draait op(2,89)
door jaap(2,89)
toenemende werkloosheid(2,89)
kalme handel(2,89)
nog enigszins(1,89)
ondernemingen ook(1,89)
voorzieningen op(1,89)
vakorganisaties en(1,89)
interesse voor(1,89)
heeft honderden(1,89)
dreiging met(1,89)
door kees(2,90)
bij bouw(2,90)
we hoeven(1,90)
heel stel(1,90)
redt het(1,90)
in roosendaal(1,90)
woningbouw in(1,90)
werkt weer(1,90)
kritiek door(1,90)
van franse(1,90)
aanzet tot(1,90)
te biecht(1,90)
gunstig beeld(1,90)
van casino(1,90)
gaat optreden(1,90)
niet somber(3,91)
situatie op(2,91)
geen roet(2,91)
het bedrijfsleven(2,91)
optimistisch over(2,91)
vakbonden in(2,91)
eind maart(1,91)
in auto(1,91)
antwoord weet(1,91)
japan uit(1,91)
parlementaire jaar(1,91)
luide bijval(1,91)
economische maatregelen(1,91)
zo slecht(1,91)
harde klappen(1,91)
en fris(1,91)
gaat verdwijnen(1,91)
belangrijk element(1,91)
met grote(1,91)
klap voor(2,92)
tv op(1,92)
van consumenten(1,92)
vrijwel uitgesloten(1,92)
van amerikaanse(1,92)
president directeur(1,92)
voor actie(1,92)
de vad(1,92)
in wall(4,93)
nationaal inkomen(2,93)
aan west(1,93)
spanje weer(1,93)
handelsbalans van(1,93)
geziene gast(1,93)
naar 3e(1,93)
opslag voor(2,94)
amerika staat(2,94)
bij uiterst(2,94)
van faillissementen(1,94)
domper op(1,94)
de betalingsbalans(1,94)
enigszins in(1,94)
volle capaciteit(1,94)
toeristen in(1,94)
moet snel(1,94)
huidige crisis(1,94)
verhoging van(3,95)
de hele(3,95)
minder winst(3,95)
de v.s(2,95)
de textiel(2,95)
verwacht meer(2,95)
en dollars(2,95)
hun fouten(2,95)
street in(2,95)
bedrijven hebben(2,95)
stempel drukt(1,95)
hij begin(1,95)
steek zal(1,95)
zo sterk(1,95)
van thijn(1,95)
franz josef(1,95)
gewone man(1,95)
damrak in(1,95)
over economische(4,96)
laatste stap(1,96)
vanaf morgen(1,96)
zes keer(1,96)
de rai(1,96)
meer begrip(1,96)
landen dit(1,96)
baas heeft(1,96)
en rob(1,96)
komend jaar(1,96)
middenstand van(1,96)
aangepast aan(1,96)
een miljoen(3,97)
bereikt ook(1,97)
symbool voor(1,97)
dollars worden(1,97)
begonnen moet(1,97)
procent minder(1,97)
70 procent(1,97)
van collectieve(1,97)
toekomst vooral(1,97)
hou het(1,97)
kijk uit(1,97)
markt nu(1,97)
nu 45(1,97)
broeders hoeder(1,97)
werkt hard(1,97)
strop van(2,98)
werkloosheid zal(2,98)
klad in(2,98)
de grote(1,98)
als uitgesloten(1,98)
leerde in(1,98)
op lijst(1,98)
in heerenveen(1,98)
3e plaats(1,98)
brengt alle(1,98)
van beperkende(1,98)
van capaciteit(5,99)
sprong vooruit(2,99)
situatie in(2,99)
hausse in(2,99)
winst kon(2,99)
faillissementen en(1,99)
limburg had(1,99)
goed gehad(1,99)
der spiegel(1,99)
opleving van(3,100)
spreiding van(2,100)
eindje op(2,100)
12 procent(2,100)
zette door(2,100)
het toerisme(1,100)
rol meer(1,100)
economisch leven(1,100)
om japan(1,100)
problemen van(1,100)
sterk kunnen(1,100)
een procent(1,100)
dertig procent(1,100)
van economisch(1,100)
voor nederlandse(1,100)
op belgische(1,100)
met 40.000(1,100)
krijgt twee(1,100)
door philips(1,100)
gedaald met(1,100)
der stoel(1,100)
congres tegen(2,101)
machinefabriek in(2,101)
van regering(2,101)
we eten(2,101)
de problemen(1,101)
hij succes(1,101)
verweer van(1,101)
het buitenlandse(1,101)
moeilijke tijd(1,101)
zone van(1,101)
toestaan in(1,101)
opnieuw terug(1,101)
bont de(1,101)
onder druk(4,102)
mogelijk geen(2,102)
vandaag bij(2,102)
het verweer(1,102)
nieuwe type(1,102)
wijze mannen(1,102)
niet omhoog(1,102)
pessimisme van(1,102)
voor immigratie(1,102)
de amerikaanse(1,102)
steeds langer(1,102)
in economische(1,102)
arkel en(1,102)
lange termijn(3,103)
londen weer(2,103)
wijst uit(2,103)
fusie met(2,103)
aarzelen met(1,103)
weliswaar nog(1,103)
wordt aangepakt(1,103)
amerika nu(1,103)
neemt snel(1,103)
oproep tot(1,103)
in mannheim(1,103)
zet nog(1,103)
erg moeilijk(1,103)
record voor(1,103)
zorgen over(1,103)
regering wil(1,103)
en werkloosheid(4,104)
op zoek(2,104)
geeft moed(2,104)
het partijbestuur(2,104)
procent meer(1,104)
op tv(1,104)
van naderende(1,104)
regering moet(1,104)
eerste mei(1,104)
bezegeling van(1,104)
in congres(1,104)
geen aanwijzingen(1,105)
kunnen beter(1,105)
eert de(1,105)
brug komen(1,105)
aan slecht(1,105)
actief in(1,105)
is winst(1,105)
wat denken(1,105)
erg mee(1,105)
moet opnieuw(1,105)
en democratie(1,105)
wisselden elkaar(1,105)
wennen aan(1,105)
en franz(1,105)
in bolsward(1,105)
confrontatie met(1,105)
herstel door(4,106)
werkloosheid in(3,106)
vrije volk(3,106)
in toekomst(3,106)
daalde met(3,106)
resultaat bij(2,106)
houdt rekening(2,106)
vooral gericht(1,106)
weer normaal(1,106)
regering geen(1,106)
praat met(1,106)
vs voor(1,106)
bijzonder hard(1,106)
hoorde maar(1,106)
gaan samen(1,106)
gemeenteraadslid van(1,106)
raken door(1,106)
wall street(39,107)
somber in(3,107)
buitenlandse zaken(2,107)
zwart rood(1,107)
bureaucratie en(1,107)
samenleving die(1,107)
in tokio(1,107)
blijft achter(1,107)
extra uitgaven(1,107)
geen verrassing(1,107)
steeds duurder(1,107)
zware druk(1,107)
mr maas(1,107)
reorganisatie op(1,107)
bres voor(1,107)
winnaar van(1,107)
in meppel(1,107)
nauwelijks merkbaar(1,107)
net maken(1,107)
groei in(6,108)
naar herstel(3,108)
zet door(3,108)
overheid geen(2,108)
voor bestrijding(1,108)
zich herstellen(1,108)
om zeep(1,108)
is weliswaar(1,108)
door utrecht(1,108)
over gaat(1,108)
van werkloosheid(1,108)
groeien van(1,108)
adviseurs van(1,108)
op tweede(1,108)
remmen en(1,108)
dreigt voor(1,108)
gaan per(1,108)
positief en(1,108)
optimisme en(1,108)
of nauwelijks(1,108)
dollar op(1,108)
musea in(1,108)
de werkloosheid(3,109)
verdere toekomst(2,109)
meer moeilijkheden(1,109)
concentreerde zich(1,109)
west europa(1,109)
met postzegel(1,109)
omzetten en(1,109)
krijgt meer(1,109)
salon is(1,109)
rollen door(1,109)
merkt er(1,109)
voor toekomst(1,109)
hoog peil(1,109)
noodlot van(2,110)
kees van(2,110)
in brief(2,110)
handhaafde zich(1,110)
voorrang aan(1,110)
somber gestemd(1,110)
fel tegen(1,110)
minister mr(1,110)
door hans(1,110)
probleem van(1,110)
economische vraagstukken(2,111)
grens bereikt(2,111)
leren op(2,111)
in reactie(2,111)
reclame bij(1,111)
gulden nog(1,111)
in mineur(1,111)
the union(1,111)
bijna half(1,111)
goed we(1,111)
stijgen met(2,112)
begon dit(2,112)
import van(1,112)
dollar of(1,112)
beleg op(1,112)
vandaag de(1,112)
kwartaal nog(1,112)
te somber(1,112)
door piet(1,112)
de doorslag(1,112)
nog somberder(1,112)
goed vol(1,112)
is gevaar(1,112)
olie door(1,112)
opgelicht door(1,112)
door snelle(2,113)
weer flink(2,113)
hoogovens in(1,113)
stond weer(1,113)
de kostprijs(1,113)
terugslag op(1,113)
gaat achteruit(1,113)
centrale bank(1,113)
sociaal democraten(1,113)
meer haast(1,113)
800 000(1,113)
in rapport(1,113)
of slechter(1,113)
bouwer en(1,113)
stoel door(1,113)
nieuwe rol(1,113)
als steun(1,113)
de arbeidersbeweging(1,113)
jaar vermoedelijk(4,114)
roet in(2,114)
bij kalme(2,114)
moeilijkheden door(1,114)
blijft groot(1,114)
wijst erop(1,114)
de lift(1,114)
werkelijk over(1,114)
zwarte bevolking(1,114)
internationale politiek(1,114)
de knel(1,114)
bonden op(1,114)
economie van(1,114)
van winsten(1,114)
zit vast(1,114)
voor fabrikanten(1,114)
groot aanbod(1,114)
door bernard(1,114)
in 74(5,115)
rokken in(2,115)
economische ontwikkeling(2,115)
in 76(2,115)
sterke man(2,115)
jaar misschien(2,115)
huisvrouw te(2,115)
reclame in(2,115)
flauw van(2,115)
snel voorbij(1,115)
consumptie te(1,115)
worden aangericht(1,115)
op madagascar(1,115)
landen moeten(1,115)
doek over(1,115)
begrip in(1,115)
groot wantrouwen(1,115)
beleid niet(1,115)
vs op(1,115)
in su(1,115)
een economische(2,116)
gedaald op(2,116)
voor bescherming(1,116)
trouwens alleen(1,116)
lager peil(1,116)
jaar verwacht(1,116)
olie niet(1,116)
beduidend lager(1,116)
steeds achter(1,116)
vrije pers(1,116)
en kiezers(1,117)
uitspraken dat(1,117)
die kant(1,117)
groeien in(1,117)
in uitzicht(1,117)
top in(1,117)
verenigde staten(1,117)
laag geweest(1,117)
op verlies(2,118)
alles wijst(1,118)
is voordat(1,118)
bittere armoede(1,118)
laatste kans(1,118)
sprong bij(1,118)
op tegenstand(1,118)
prof dr(1,118)
te remmen(1,118)
politieke strijd(1,118)
elkaar af(1,118)
gouden tijd(1,118)
men praat(1,118)
deze zomer(1,118)
en boersma(1,118)
dollar de(2,119)
bij lagere(2,119)
niveau van(1,119)
effect zou(1,119)
niet kwijt(1,119)
wel vindt(1,119)
het wereld(1,119)
jaar achter(1,119)
ziet af(1,119)
naar kleine(1,119)
in bonn(1,119)
niet rooskleurig(1,119)
jacht naar(1,119)
geen echte(1,119)
crisis voor(1,119)
de amsterdamse(2,120)
61 bij(2,120)
telegraaf op(2,120)
tot eind(1,120)
aangehouden maar(1,120)
van redelijke(1,120)
kant al(1,120)
wereld al(1,120)
met verlichting(1,120)
b.v op(1,120)
heeft vertrouwen(1,120)
het pessimisme(1,120)
over verdere(1,120)
brouwers van(1,120)
de nek(1,120)
blij te(1,120)
profiteert van(2,121)
zijn stempel(1,121)
en economisch(1,121)
terecht zou(1,121)
friesland nog(1,121)
te pessimistisch(1,121)
te vaag(1,121)
meer winst(6,122)
flauw gestemd(4,122)
van economische(2,122)
zoek naar(2,122)
de luchtvaart(2,122)
blijven toenemen(2,122)
ruwe olie(2,122)
bestuur blijft(2,122)
hoe ziet(1,122)
aftreden werd(1,122)
stijgen dat(1,122)
dividend in(1,122)
vooruitzichten zijn(1,122)
op jacht(1,122)
kritiek in(1,122)
biedt geen(1,122)
of boot(2,123)
meer hulp(2,123)
op eind(1,123)
voor einde(1,123)
van honderdduizenden(1,123)
maar terug(1,123)
let vooral(1,123)
energie aan(1,123)
verlies ook(1,123)
nederland gaat(1,123)
aan tweede(1,123)
de sociaal(1,123)
hoekstra voor(1,123)
praten met(1,123)
de lus(1,123)
van kemenade(1,123)
ontslag voor(3,124)
gekocht een(1,124)
en winsten(1,124)
vruchten af(1,124)
heeft hoop(1,124)
geen toestemming(1,124)
overeind te(1,124)
plassen in(1,124)
van volgend(1,124)
en verhagen(1,124)
in zicht(2,125)
samen de(2,125)
dure plicht(2,125)
plicht voor(2,125)
koek is(2,125)
te keren(1,125)
beter geen(1,125)
richt zich(1,125)
koersen de(1,125)
moeilijk en(1,125)
koel ontvangen(1,125)
en resultaten(1,125)
een moeilijke(1,125)
zonder brood(1,125)
tot samenwerking(1,125)
de hudson(1,125)
zijn poging(1,125)
grof geld(1,125)
aan lagere(1,125)
in moeilijkheden(5,126)
winst bij(4,126)
in haven(2,126)
verwacht geen(2,126)
bleef vrij(2,126)
redding voor(2,126)
zijn schouders(1,126)
stap terug(1,126)
wordt begonnen(1,126)
overigens kunnen(1,126)
krijgt geen(1,126)
voorzitter over(1,126)
richten op(1,126)
harde les(1,126)
lijnrecht tegenover(1,126)
van samenwerking(1,126)
krijgt zijn(1,126)
moeilijkheden met(1,126)
door peter(2,127)
frankrijk moeten(2,127)
gericht op(1,127)
dollar in(1,127)
vooruitzichten voor(1,127)
halve kracht(1,127)
25 meer(1,127)
onrust op(1,127)
en plassen(1,127)
duivel te(1,127)
met sluiting(1,127)
het 25ste(1,127)
voor new(2,128)
sterk gedaald(2,128)
moeilijke taak(1,128)
in dollars(1,128)
wielen op(1,128)
philips in(1,128)
resultaten bij(1,128)
zicht van(1,128)
maakte plaats(1,128)
zijn vaak(1,128)
nog ruimte(1,128)
in vs(19,129)
in tv(2,129)
kabinet den(1,129)
de moeilijke(1,129)
had beschouwd(1,129)
rekening houden(1,129)
financieel beleid(1,129)
japan voor(1,129)
moeilijkheden te(1,129)
dalen op(1,129)
in loop(1,129)
naar eenheid(1,129)
duurder worden(1,129)
van zijlstra(1,129)
verwacht dit(3,130)
in ban(2,130)
winst per(2,130)
weer tegen(1,130)
had voorspeld(1,130)
inderdaad wordt(1,130)
en verlenging(1,130)
aanwezig voor(1,130)
winst door(1,130)
flink in(1,130)
socialisme en(1,130)
zaak geweest(1,130)
goede kansen(1,130)
en dividend(2,131)
krijgen omdat(1,131)
voordat een(1,131)
de consument(1,131)
regering heeft(1,131)
der grinten(1,131)
japan op(3,132)
juist meer(2,132)
regering in(2,132)
na goed(2,132)
aanwijzingen voor(1,132)
het type(1,132)
er meestal(1,132)
zeer moeilijk(1,132)
mark in(1,132)
universiteiten in(1,132)
niet ontevreden(1,132)
van hulten(1,132)
het krijt(1,132)
naar venezuela(1,132)
italianen zijn(1,132)
nederland wil(1,132)
een onbegrijpelijk(1,132)
de dollar(8,133)
overzicht van(5,133)
10 procent(3,133)
zette in(2,133)
had goed(2,133)
macht van(2,133)
vs in(1,133)
fractie in(1,133)
dalen maar(1,133)
mee het(1,133)
groep in(1,133)
een baan(1,133)
toestemming voor(1,133)
opgaan in(1,133)
een totale(1,133)
past niet(1,133)
steeg met(1,133)
tering naar(1,133)
slechte tijden(2,134)
der tuin(2,134)
nog achter(2,134)
de vs(2,134)
nieuwe toekomst(2,134)
gaan geven(1,134)
gasten uit(1,134)
nog duurder(1,134)
nu per(1,134)
kleine winst(1,134)
eerst sinds(2,135)
buigt zich(2,135)
nog toenemen(2,135)
grootste vijand(1,135)
erop dat(1,135)
nieuw element(1,135)
der sterkste(1,135)
de macht(1,135)
weinig verbetering(1,135)
tot week(1,135)
en bezuiniging(1,135)
volgende keer(1,135)
tegenover elkaar(1,135)
de negatieve(1,135)
geen dividend(2,136)
jaar weer(2,136)
beter resultaat(2,136)
wijzen naar(1,136)
voorspeld en(1,136)
een enorme(1,136)
een beweging(1,136)
klaar voor(1,136)
opgewekte stemming(1,136)
weerstand aan(1,136)
groot over(1,136)
tekort aan(3,137)
iets gedaald(2,137)
de moeilijkheden(2,137)
door gerard(2,137)
personeel door(2,137)
bleef goed(2,137)
op einde(1,137)
aantal vragen(1,137)
vallen ook(1,137)
dik in(1,137)
scheepsbouw in(1,137)
praten over(1,137)
blijven dit(1,137)
daalde in(1,137)
het rollen(1,137)
optreden tegen(1,137)
waar waren(1,137)
onder invloed(2,138)
er zit(2,138)
door ervaring(1,138)
de economische(1,138)
amerika zou(1,138)
bijna verdubbeld(1,138)
kleine man(1,138)
verder terug(1,138)
met garantie(1,138)
een dieper(1,138)
naderbij te(1,138)
in slechte(2,139)
eigen vermogen(2,139)
gelder in(2,139)
sterk onder(1,139)
legde hem(1,139)
een bijdrage(1,139)
opzeggen van(1,139)
stagnatie in(1,139)
gast in(1,139)
in winkel(1,139)
nam afscheid(1,139)
de ser(1,139)
kaak gesteld(1,139)
in juli(2,140)
op volle(2,140)
basis voor(2,140)
chemie en(2,140)
in derde(2,140)
nog net(2,140)
name bij(1,140)
financieel en(1,140)
verwachten een(1,140)
in washington(1,140)
de rode(1,140)
per saldo(1,140)
kritiek op(1,140)
stuit op(1,140)
uit angst(1,140)
wordt geboren(1,140)
worden genezen(1,140)
feiten spreken(1,140)
klein geld(1,140)
dollar en(1,140)
dupe van(2,141)
onzekerheid over(2,141)
in juni(2,141)
zo goed(2,141)
winst over(2,141)
mooi weer(1,141)
treedt niet(1,141)
nog sprake(1,141)
mede omdat(1,141)
alle kwaad(1,141)
gaan werken(1,141)
geen maatregelen(1,141)
met ontslag(1,141)
ramingen van(1,141)
een zwakke(1,141)
heffing in(1,141)
onze partij(1,141)
waarom geen(1,141)
wordt weer(1,141)
hard van(1,141)
het halen(1,141)
eiland bij(1,141)
de economie(4,142)
door klaas(2,142)
en winst(2,142)
de steek(1,142)
twee maten(1,142)
twintig man(1,142)
moeten over(1,142)
de antillen(1,142)
jan brouwer(1,142)
geen ruimte(1,142)
voorstel kan(1,142)
hard aan(1,142)
een streep(1,142)
voor zuid(1,142)
winst in(4,143)
is redelijk(2,143)
goed gestemd(2,143)
gaat zich(1,143)
een verdere(1,143)
in bouw(1,143)
misleiding van(1,143)
zou overigens(1,143)
gezondheid een(1,143)
op zelfde(1,143)
toezeggingen van(1,143)
snel toe(1,143)
keer niet(1,143)
haast bij(1,143)
bezit wordt(1,143)
sparren en(1,143)
man moeten(1,144)
het internationale(1,144)
en hal(1,144)
gevaarlijker is(1,144)
state of(1,144)
de roe(1,144)
bevredigend resultaat(1,144)
contracten en(1,144)
lange duur(1,144)
van week(1,144)
ontslagen in(1,144)
analyse van(1,144)
verzet in(1,144)
van liquidatie(1,144)
jean jacques(1,144)
onze welvaart(1,144)
zuid afrika(1,144)
vast gestemd(3,145)
succes heeft(1,145)
trok door(1,145)
heeft genoeg(1,145)
te dichten(1,145)
geen verbetering(1,145)
geen subsidie(1,145)
zijn schuldig(1,145)
van speyk(1,145)
zwaar getroffen(1,145)
25 jarig(1,145)
en overvloed(1,145)
frankrijk dit(2,146)
en philips(2,146)
hal en(2,146)
hoofd bieden(1,146)
ergste van(1,146)
van diamanten(1,146)
dreigt in(1,146)
uitgeput door(1,146)
blijft na(1,146)
dat amerika(1,147)
wonder van(1,147)
betere resultaten(1,147)
stijging van(1,147)
meren en(1,147)
ontwikkeling niet(1,147)
niet erg(1,147)
in kaas(1,147)
beter of(1,147)
bewoners aan(1,147)
gezet door(1,147)
voor herstel(3,148)
krachtig door(2,148)
ver vooruit(2,148)
door louis(2,148)
op bevordering(1,148)
japan is(1,148)
kwalijk genomen(1,148)
uitgaan dat(1,148)
wereld worden(1,148)
achter bij(1,148)
kreeg in(1,148)
waarheid met(1,148)
beloofde land(1,148)
stonden onder(1,148)
zitting over(1,148)
per man(1,148)
blijft even(1,148)
gegadigden op(1,148)
verlies bij(4,149)
van schmidt(2,149)
blijft uit(1,149)
wordt aangehouden(1,149)
teruggang in(1,149)
op non(1,149)
ruimte genoeg(1,149)
reddeloos verloren(1,149)
van vs(1,149)
vi in(1,149)
onderhandelingen voor(1,149)
goud aan(1,149)
houding ten(1,149)
commissie meent(2,150)
wending in(2,150)
de hoofdredacteur(2,150)
gisteren begonnen(1,150)
praktijk in(1,150)
element in(1,150)
crisis en(1,150)
op wielen(1,150)
nog slechter(1,150)
boot door(1,150)
onder zware(1,150)
ontslag bij(1,150)
dringen aan(1,150)
voor politieke(1,150)
oosten door(1,150)
halen in(1,150)
instituut de(1,150)
door ed(5,151)
zit nog(2,151)
toekomst door(2,151)
bij 12(2,151)
afzet van(1,151)
niet direct(1,151)
nieuwe uitgaven(1,151)
actie tegen(1,151)
directeur generaal(1,151)
president gekozen(1,151)
cijfers zijn(1,151)
van crisis(1,151)
de internationale(1,151)
uit denemarken(1,151)
was gunstig(1,151)
voor verder(1,151)
belofte niet(1,151)
dan verwacht(3,152)
overleg in(2,152)
van nationaal(2,152)
op lagere(2,152)
teruggang van(2,152)
aan ruim(2,152)
werkt met(1,152)
plannen om(1,152)
leider van(1,152)
beschouwd het(1,152)
naam wordt(1,152)
wee van(1,152)
tekort op(1,152)
de defensie(1,152)
weer aan(1,152)
weinig handel(1,152)
tot overname(1,152)
terrein met(1,152)
gestemd over(1,152)
der lugt(1,152)
gedraagt zich(1,152)
slecht van(1,152)
voor amerika(1,152)
olie is(1,152)
in kamer(1,152)
munten van(1,152)
schieten op(1,152)
welvaart op(1,152)
slecht voor(2,153)
hulp uit(2,153)
vast bij(2,153)
treft het(1,153)
veel gevaarlijker(1,153)
worden belegd(1,153)
andere keus(1,153)
de rug(1,153)
aanvraag voor(1,153)
rotterdam niet(1,153)
en kramer(1,153)
du pont(1,153)
en joden(1,153)
verwacht een(1,153)
angst voor(1,153)
vervolging in(1,153)
zweden heeft(1,153)
volk der(1,153)
loopt op(1,153)
heffing op(1,153)
arbeiders zijn(1,153)
jaar vast(1,153)
de italianen(1,153)
pers in(1,153)
bevolking nog(1,153)
spoedig herstel(3,154)
op lange(3,154)
europa nog(2,154)
de top(2,154)
peter van(2,154)
komt maar(2,154)
nader inzien(2,154)
te lijf(1,154)
drukt op(1,154)
correspondent in(1,154)
verkiezingen is(1,154)
wereld zou(1,154)
evangelische kerk(1,154)
in contanten(1,154)
op gelijk(1,154)
olie van(1,154)
niet best(1,154)
resultaten op(1,154)
vindt van(1,154)
een verloren(1,154)
vrij gunstig(1,154)
moet zorgen(1,154)
de ruim(1,154)
negers en(1,154)
nederland moet(1,154)
niet uitgesloten(1,154)
offers te(1,154)
kritiek van(1,154)
crisis is(1,154)
redden door(1,154)
plannen zijn(1,154)
de tegenwerking(1,154)
onze steden(1,154)
in frankfort(1,154)
goed wordt(1,154)
markt door(1,154)
herstel in(10,155)
sparen en(7,155)
in japan(7,155)
in west(5,155)
new york(5,155)
hoopt op(3,155)
in tweede(3,155)
er slecht(2,155)
kapitaal dat(2,155)
redelijk goed(2,155)
groei van(2,155)
engeland zal(2,155)
zeer vast(2,155)
hulp door(2,155)
groep van(2,155)
goed voorbeeld(2,155)
omzet en(2,155)
met europa(1,155)
te weer(1,155)
laatste voor(1,155)
bijdrage tot(1,155)
van burgers(1,155)
onder luide(1,155)
zomer een(1,155)
stelsel dat(1,155)
deel op(1,155)
vermoedelijk met(1,155)
toom te(1,155)
krijgen om(1,155)
redenen is(1,155)
gelaten in(1,155)
zal mede(1,155)
overschot op(1,155)
subsidie voor(1,155)
dividend over(1,155)
op kleine(1,155)
bakker in(1,155)
en geringe(1,155)
secretaris generaal(1,155)
van extra(1,155)
koning voor(1,155)
handel over(1,155)
op jaar(1,155)
armoede in(1,155)
bonden en(1,155)
en or(1,155)
meijer van(1,155)
op nieuw(1,155)
crisis in(1,155)
bevorderd worden(1,155)
maatregelen bij(1,155)
geen stand(1,155)
boven aan(1,155)
zout van(1,155)
in ned(1,155)
74 75(1,155)
congres in(1,155)
goederen niet(1,155)
philips en(1,155)
rotterdam 10(1,155)
roermond en(1,155)
op maatregelen(1,155)
vreemdelingen in(1,155)
laag van(1,155)
voor 800(1,155)
partij kan(1,155)
van paul(1,155)
paul de(1,155)
denken de(1,155)
is gedaald(1,155)
gehad het(1,155)
van gouden(1,155)
gewaarborgd door(1,155)
van rijk(1,155)
exploitatie van(1,155)
langer door(1,155)
geen tweede(1,155)
de actie(1,155)
weer de(1,155)
ijver voor(1,155)
groot op(1,155)
crisis te(1,155)
in waterland(1,155)
strijd om(1,155)
om vrede(1,155)
zomer in(1,155)
liquidatie van(1,155)
de kaak(1,155)
kampen met(1,155)
dit jaar(19,156)
geld en(18,156)
en goed(18,156)
van onze(9,156)
het kort(9,156)
goed door(8,156)
op weg(7,156)
door jan(7,156)
in amerika(6,156)
in eerste(6,156)
nog steeds(6,156)
herstel van(6,156)
van ommeren(5,156)
ons land(5,156)
weg naar(5,156)
van gelder(5,156)
rekent op(5,156)
derde kwartaal(5,156)
het kabinet(5,156)
de beurs(4,156)
onze correspondent(4,156)
eerste halfjaar(4,156)
een nieuwe(4,156)
alleen maar(4,156)
helft van(4,156)
vorig jaar(4,156)
in engeland(4,156)
zonder werk(4,156)
blijft bij(4,156)
verlies van(4,156)
dank zij(4,156)
niet bereikt(3,156)
in europa(3,156)
te boven(3,156)
vooral op(3,156)
staat voor(3,156)
het eerst(3,156)
werkt op(3,156)
de wal(3,156)
het schip(3,156)
hoop op(3,156)
volgend jaar(3,156)
waarschuwing aan(3,156)
denkt aan(3,156)
vertrouwen in(3,156)
te hard(3,156)
bestrijding van(2,156)
oorzaak van(2,156)
invloed van(2,156)
eerst nog(2,156)
staan er(2,156)
in parijs(2,156)
weer in(2,156)
deze week(2,156)
ten einde(2,156)
onder de(2,156)
strijd tegen(2,156)
bedrijven naar(2,156)
toe door(2,156)
kamer van(2,156)
van koophandel(2,156)
de huidige(2,156)
leven in(2,156)
voor nieuwe(2,156)
de eerste(2,156)
worden gedaan(2,156)
terug te(2,156)
amerika in(2,156)
een sterke(2,156)
te verwachten(2,156)
de rente(2,156)
de wereld(2,156)
de waarheid(2,156)
verbetering van(2,156)
vertrouwen van(2,156)
winst en(2,156)
wal en(2,156)
van 61(2,156)
voor verbetering(2,156)
van bevolking(2,156)
handel is(2,156)
de schuldige(2,156)
tevreden over(2,156)
de vrouw(2,156)
jaar met(2,156)
rekenen op(2,156)
gaat over(2,156)
plan voor(2,156)
van den(2,156)
engeland een(2,156)
verlaging van(2,156)
van belasting(2,156)
belasting in(2,156)
met 24(2,156)
tweede kamer(2,156)
werken bij(2,156)
de gunst(2,156)
blijven nog(2,156)
sprak met(2,156)
landen in(2,156)
voor minder(2,156)
het eten(2,156)
industrie in(2,156)
nieuwe jaar(2,156)
jaar in(2,156)
voor engeland(2,156)
van jaar(2,156)
jaar op(2,156)
overschot van(2,156)
zal blijven(2,156)
rekening met(2,156)
nieuws uit(2,156)
de provincie(2,156)
te groot(2,156)
de wonden(2,156)
kok van(2,156)
te hulp(2,156)
voor verdere(2,156)
commissie in(2,156)
en frankrijk(2,156)
de daden(2,156)
fabrieken in(2,156)
op 40(2,156)
40 van(2,156)
ruim 10(2,156)
van tien(2,156)
naar nieuwe(2,156)
ter wereld(2,156)
wereld door(2,156)
van loon(2,156)
buiten de(2,156)
steeds meer(2,156)
in rotterdam(2,156)
brief aan(2,156)
het vrije(2,156)
met 12(2,156)
loop van(2,156)
jaar nog(2,156)
nieuw voorstel(2,156)
poging om(2,156)
kabinet van(2,156)
gaat te(2,156)
op nieuwe(2,156)
zij gaan(2,156)
gaan van(2,156)
bouw van(2,156)
de koek(2,156)
jaar zeer(2,156)
zeer slecht(2,156)
de groot(2,156)
beschuldigd van(2,156)
de kamer(2,156)
tijd voor(2,156)
per aandeel(2,156)
schuldig aan(2,156)
nu zeer(2,156)
den haag(2,156)
aan goed(2,156)
bij nader(2,156)
zaken door(2,156)
door dr(2,156)
eerste zes(2,156)
zes maanden(2,156)
maanden van(2,156)
het derde(2,156)
met 29(2,156)
de crisis(2,156)
congres van(2,156)
goed de(2,156)
vraagt om(2,156)
hoop en(2,156)
en vrees(2,156)
ziet een(1,156)
het hoofd(1,156)
in zwart(1,156)
vraag naar(1,156)
verlies in(1,156)
wacht op(1,156)
herstellen van(1,156)
gang van(1,156)
van zaken(1,156)
wordt eerst(1,156)
nog erger(1,156)
wij staan(1,156)
gezamenlijk met(1,156)
gevolg van(1,156)
met verlies(1,156)
komt niet(1,156)
leidt tot(1,156)
tot nieuwe(1,156)
wijzen op(1,156)
eerste helft(1,156)
steeds niet(1,156)
slaat in(1,156)
einde van(1,156)
nederlandsche bank(1,156)
aanval op(1,156)
strijd in(1,156)
belangrijke rol(1,156)
bank van(1,156)
van engeland(1,156)
bescherming van(1,156)
eerste kamer(1,156)
onderwijs niet(1,156)
bezoek aan(1,156)
bevordering van(1,156)
in strijd(1,156)
te bevorderen(1,156)
stelde zich(1,156)
zich goed(1,156)
goed te(1,156)
doet niets(1,156)
de massa(1,156)
de man(1,156)
moeten zijn(1,156)
houdt in(1,156)
een antwoord(1,156)
weet op(1,156)
met name(1,156)
de jeugd(1,156)
het financieel(1,156)
rust de(1,156)
taak om(1,156)
de weg(1,156)
weg te(1,156)
te wijzen(1,156)
zijn gezag(1,156)
is onze(1,156)
een aantal(1,156)
vragen voor(1,156)
jaar het(1,156)
het laatste(1,156)
nieuwe verkiezingen(1,156)
is gisteren(1,156)
begonnen met(1,156)
een felle(1,156)
links en(1,156)
burgers en(1,156)
reden waarom(1,156)
genomen dat(1,156)
jaar al(1,156)
de zomer(1,156)
zich vooral(1,156)
eerste plaats(1,156)
plaats zou(1,156)
een belangrijk(1,156)
belangrijk deel(1,156)
zeer sterk(1,156)
zaken in(1,156)
te denken(1,156)
denken aan(1,156)
hebben geleden(1,156)
geleden door(1,156)
dat geval(1,156)
een heel(1,156)
maatregelen zal(1,156)
zal komen(1,156)
komen om(1,156)
de schade(1,156)
schade die(1,156)
in toom(1,156)
te houden(1,156)
houden en(1,156)
en daarvan(1,156)
daarvan kan(1,156)
kan alleen(1,156)
gedaan om(1,156)
kunnen helpen(1,156)
een gevoelige(1,156)
deze redenen(1,156)
te hopen(1,156)
hopen dat(1,156)
dat laatste(1,156)
laatste zou(1,156)
in naam(1,156)
de praktijk(1,156)
worden gelaten(1,156)
hebben gisteren(1,156)
gisteren is(1,156)
sprake geweest(1,156)
ondanks de(1,156)
een nieuw(1,156)
de gebeurtenissen(1,156)
gebeurtenissen die(1,156)
en wee(1,156)
in alle(1,156)
geen nieuwe(1,156)
worden gekocht(1,156)
een paar(1,156)
paar dagen(1,156)
geduld en(1,156)
gevaar is(1,156)
een tweede(1,156)
effect van(1,156)
het kapitaal(1,156)
rente in(1,156)
iets lager(1,156)
ligt dan(1,156)
europa in(1,156)
daarbij zal(1,156)
zeker niet(1,156)
de mark(1,156)
geldt de(1,156)
de gulden(1,156)
steeds als(1,156)
het aanbod(1,156)
doen stijgen(1,156)
zeker meer(1,156)
zakken en(1,156)
dan onder(1,156)
belastingen in(1,156)
morgen in(1,156)
de baan(1,156)
prijzen en(1,156)
ter verbetering(1,156)
op minder(1,156)
minder dan(1,156)
en gezondheid(1,156)
een onderzoek(1,156)
onderzoek naar(1,156)
bron van(1,156)
van alle(1,156)
medewerking van(1,156)
maandag op(1,156)
werk en(1,156)
geen geld(1,156)
geld op(1,156)
komt nog(1,156)
half jaar(1,156)
jaar van(1,156)
sterker dan(1,156)
spek en(1,156)
het wonder(1,156)
en waar(1,156)
waar het(1,156)
het werkelijk(1,156)
beroep op(1,156)
de rijke(1,156)
nu ruim(1,156)
ruim zes(1,156)
of the(1,156)
goede resultaten(1,156)
der hoeven(1,156)
houden met(1,156)
wereld op(1,156)
naar spanje(1,156)
een werkelijk(1,156)
een kwart(1,156)
kamer over(1,156)
vrouw met(1,156)
staat van(1,156)
van beleg(1,156)
aftreden van(1,156)
een plan(1,156)
plan van(1,156)
de arbeid(1,156)
arbeid voor(1,156)
de dag(1,156)
nederland heeft(1,156)
genoeg om(1,156)
te blijven(1,156)
geloof in(1,156)
jaar voor(1,156)
van 18(1,156)
nederland zal(1,156)
ongerust over(1,156)
lang wachten(1,156)
wachten op(1,156)
woning in(1,156)
een zeer(1,156)
een glimlach(1,156)
het vertrouwen(1,156)
met weinig(1,156)
uitgaven voor(1,156)
voor openbare(1,156)
openbare werken(1,156)
werken en(1,156)
en kleine(1,156)
kleine en(1,156)
top van(1,156)
achter de(1,156)
van anderhalf(1,156)
schepen in(1,156)
het zaad(1,156)
zaad van(1,156)
afhankelijk van(1,156)
europa en(1,156)
en zuid(1,156)
zuid amerika(1,156)
op 70(1,156)
toekomst niet(1,156)
kans op(1,156)
prijzen met(1,156)
passagiers op(1,156)
beurs in(1,156)
en zeer(1,156)
op verdere(1,156)
en kok(1,156)
bereid tot(1,156)
man in(1,156)
de lange(1,156)
ruim vijf(1,156)
omvang van(1,156)
veel vertrouwen(1,156)
heeft weinig(1,156)
het congres(1,156)
in jaar(1,156)
omzet van(1,156)
verband niet(1,156)
niet beter(1,156)
de brug(1,156)
spanje heeft(1,156)
de winst(1,156)
winst van(1,156)
maken een(1,156)
tijd door(1,156)
van amerika(1,156)
hulp van(1,156)
tot president(1,156)
vast op(1,156)
in april(1,156)
herstelde zich(1,156)
twee maanden(1,156)
tweede plaats(1,156)
van groot(1,156)
groot belang(1,156)
belang voor(1,156)
plaats voor(1,156)
alleen in(1,156)
na jaren(1,156)
jaren van(1,156)
op eigen(1,156)
van 180(1,156)
van prijs(1,156)
per dag(1,156)
toe in(1,156)
maas van(1,156)
van nationale(1,156)
verwacht in(1,156)
meer belangstelling(1,156)
belangstelling in(1,156)
morgen bij(1,156)
gaat met(1,156)
alleen bij(1,156)
eigen schuld(1,156)
nog verder(1,156)
de regering(1,156)
raad van(1,156)
van bestuur(1,156)
week tot(1,156)
aan eigen(1,156)
van 16(1,156)
zorgen voor(1,156)
als zeer(1,156)
mannen zijn(1,156)
de toekomst(1,156)
maatregelen voor(1,156)
programma in(1,156)
zich heen(1,156)
beeld van(1,156)
vaak de(1,156)
de bedrijven(1,156)
blijft in(1,156)
albert van(1,156)
mei in(1,156)
belangstelling voor(1,156)
verlenging van(1,156)
stad aan(1,156)
tot verbetering(1,156)
groei en(1,156)
verzet tegen(1,156)
van ns(1,156)
zeer groot(1,156)
25 jaar(1,156)
de wet(1,156)
van 500(1,156)
hangt af(1,156)
niet verder(1,156)
verder dan(1,156)
gevolgen van(1,156)
gered door(1,156)
staan op(1,156)
op kosten(1,156)
vraag in(1,156)
tweede helft(1,156)
jaar zal(1,156)
in friesland(1,156)
verrast door(1,156)
meer mogelijk(1,156)
rotterdam heeft(1,156)
verlies voor(1,156)
van 29(1,156)
nieuw leven(1,156)
in amsterdam(1,156)
de onderneming(1,156)
onderneming in(1,156)
het roer(1,156)
nederland ook(1,156)
druk van(1,156)
te brengen(1,156)
zijn goed(1,156)
de tweede(1,156)
de duivel(1,156)
da costa(1,156)
met militaire(1,156)
te dringen(1,156)
vos en(1,156)
in geval(1,156)
deden het(1,156)
niet slecht(1,156)
komt uit(1,156)
voor alle(1,156)
weet het(1,156)
het beter(1,156)
de bres(1,156)
directeur van(1,156)
veel minder(1,156)
minder van(1,156)
dienst voor(1,156)
van hoog(1,156)
maar weinig(1,156)
nederlander die(1,156)
niet wordt(1,156)
geboren is(1,156)
door onze(1,156)
te laag(1,156)
iets beter(1,156)
van jaren(1,156)
in discussie(1,156)
de anderen(1,156)
de partijen(1,156)
partijen van(1,156)
de verkiezingen(1,156)
bremen en(1,156)
geen woord(1,156)
woord over(1,156)
naar amsterdam(1,156)
wisseling van(1,156)
in nieuw(1,156)
nieuw zeeland(1,156)
in midden(1,156)
nog nooit(1,156)
gunstig voor(1,156)
voor st(1,156)
dagblad de(1,156)
de twee(1,156)
komen in(1,156)
uit vrees(1,156)
vrees voor(1,156)
terug met(1,156)
tekort van(1,156)
ruimte voor(1,156)
daling van(1,156)
bier en(1,156)
niet mogelijk(1,156)
verkorting van(1,156)
ziet het(1,156)
zullen dit(1,156)
de baas(1,156)
is noodzakelijk(1,156)
winkel van(1,156)
de verbruikers(1,156)
kern van(1,156)
steun voor(1,156)
een lange(1,156)
aanbod van(1,156)
van olie(1,156)
allen van(1,156)
liep te(1,156)
van stapel(1,156)
boven alles(1,156)
de feiten(1,156)
anders met(1,156)
met geweld(1,156)
geweld aan(1,156)
ten grondslag(1,156)
niet waar(1,156)
waar door(1,156)
vooraan in(1,156)
zijn antwoord(1,156)
ten aanzien(1,156)
aanzien van(1,156)
gevaar voor(1,156)
de vrede(1,156)
kerken en(1,156)
en arbeiders(1,156)
even groot(1,156)
en neer(1,156)
goede zaak(1,156)
getroffen door(1,156)
voor eerste(1,156)
inzien van(1,156)
suriname de(1,156)
de nederlandse(1,156)
voorzitter de(1,156)
te overwinnen(1,156)
eerste kwartaal(1,156)
op herstel(1,156)
slechts kleine(1,156)
het pond(1,156)
afscheid van(1,156)
van amsterdam(1,156)
handelaar in(1,156)
de gevolgen(1,156)
gevolgen voor(1,156)
de derde(1,156)
moeten de(1,156)
een geweldige(1,156)
vooral niet(1,156)
pompen en(1,156)
door alle(1,156)
het huwelijk(1,156)
huwelijk is(1,156)
te komen(1,156)
van hal(1,156)
te den(1,156)
handel op(1,156)
uit limburg(1,156)
meerderheid van(1,156)
aanvallen op(1,156)
op vrije(1,156)
een gelukkig(1,156)
de rijn(1,156)
gaat het(1,156)
leven en(1,156)
amsterdam van(1,156)
ten cate(1,156)
de gewone(1,156)
nieuws in(1,156)
van morgen(1,156)
wordt bedreigd(1,156)
de olie(1,156)
advies van(1,156)
goed is(1,156)
een vat(1,156)
stellingen van(1,156)
wordt het(1,156)
een belangrijke(1,156)
goed een(1,156)
de markt(1,156)
goed het(1,156)
