beurs van(310,156)
van amsterdam(306,156)
commissie donner(72,9)
wall street(112,107)
lockheed affaire(49,1)
19 19(102,155)
curt wr(55,36)
15 15(88,156)
amst ind(35,5)
26 26(81,155)
am broadc(37,17)
am can(48,69)
canadese fondsen(43,25)
am cyan(41,33)
am st(41,96)
am home(44,32)
cat tract(30,4)
prins bernhard(68,72)
over lockheed(27,1)
alcan al(45,28)
27 27(70,155)
25 25(69,156)
co of(41,121)
am nat(36,19)
am el(36,54)
am brands(36,26)
all pow(34,22)
23 am(40,81)
am motors(39,33)
contr dat(31,5)
acf ind(38,26)
am tel(42,90)
25 comm.w(26,3)
cont tel(33,19)
am airl(27,13)
gas 25(31,26)
pow 23(27,9)
el pow(30,17)
manh 28(23,1)
colt ind(35,20)
comm.w ed(24,5)
23 23(59,155)
cont can(34,45)
ampco pitt(30,7)
van lockheed(30,38)
28 28(55,155)
cons ed(33,37)
15 contr(27,14)
chrysler 19(25,9)
col gas(33,38)
eastm kod(28,24)
burl ind(28,21)
pitt 12(24,6)
19 ampco(24,4)
asarco 15(24,5)
chase manh(31,14)
nat res(30,20)
tel 15(26,52)
can pac(35,72)
st ine(29,10)
ine 19(23,9)
amf ine(29,16)
29 29(50,155)
ind 26(22,11)
dart ind(30,12)
25 am(30,89)
comm sat(27,14)
27 am(30,77)
32 32(48,155)
26 atl(22,11)
15 ashland(22,5)
cont oil(29,48)
can 32(22,16)
36 36(46,155)
armco st(29,25)
bethl st(29,49)
coca cola(35,68)
atl richf(26,19)
12 amst(28,97)
eastern air(26,23)
34 34(45,155)
asa 15(18,1)
all chem(28,36)
35 am(27,76)
33 am(28,82)
19 citicorp(20,8)
epe int(26,14)
ashland oil(27,32)
26 burl(20,10)
33 33(44,155)
12 12(48,156)
18 18(47,155)
citicorp 30(18,3)
29 asa(20,7)
oil 26(23,34)
15 asarco(17,1)
home 33(19,4)
carling o'k(23,7)
new york(53,155)
chessie syst(24,7)
28 chessie(18,3)
cr zellerb(16,2)
ed 19(18,6)
30 cities(19,12)
york stock(23,36)
30 30(42,156)
ind 34(19,24)
du pont(33,153)
amerikaanse canadese(18,29)
19 cons(19,32)
12 am(23,90)
amerada 23(16,8)
ind 32(17,15)
39 39(36,154)
japanse aandelen(17,21)
34 am(22,81)
19 curt(17,11)
cities serv(25,58)
broadc 35(12,1)
22 22(37,155)
36 am(21,70)
36 all(15,13)
41 41(34,154)
17 17(37,156)
26 am(20,80)
45 45(33,155)
den uyl(33,76)
stock exchange(21,103)
23 epe(14,9)
32 cont(16,23)
dow chem(23,35)
canadese en(18,55)
pac 17(14,16)
rapport donner(13,1)
brands 41(15,17)
20 20(35,156)
15 curt(14,8)
29 cont(16,20)
delmonte 28(14,4)
pow 19(13,8)
35 35(31,155)
16 16(33,155)
japanse indonesische(15,9)
60 ampex(13,5)
34 akzona(13,6)
59 ampex(12,4)
broadc 34(11,3)
16 alcan(13,7)
33 cont(14,23)
42 42(29,154)
can 33(13,16)
56 coca(11,3)
st 29(17,85)
37 am(17,75)
37 boeing(12,11)
amax 53(11,5)
31 31(28,155)
indonesische aandelen(14,18)
al co(15,72)
24 24(29,155)
en japanse(18,66)
39 am(16,72)
37 37(27,155)
84 colgate(10,2)
akzona 16(11,3)
aandelen enz(14,19)
st inc(11,3)
31 comm(12,23)
ed 18(11,6)
20 all(12,40)
56 bendix(10,5)
street weer(11,27)
ind 35(11,18)
45 anaconda(12,27)
24 apeco(9,1)
30 apeco(9,1)
int 43(11,16)
36 chrysler(12,33)
41 du(10,7)
40 40(26,156)
28 27(20,155)
54 amax(10,7)
met lockheed(10,10)
44 chase(10,9)
akzona 15(10,6)
42 am(14,78)
56 56(22,155)
bij lockheed(10,11)
22 epe(10,9)
cola 84(9,4)
ed 31(11,11)
22 am(14,84)
de lockheed(13,61)
32 delmonte(9,4)
27 cons(11,39)
rien robijns(10,18)
54 amerada(9,5)
27 colt(9,4)
wisselkoersen new(11,28)
voor lockheed(9,4)
17 carling(9,3)
in japan(23,155)
ind 33(10,20)
41 culbro(8,3)
al 24(12,95)
can 35(9,15)
door lockheed(9,5)
anaconda 30(10,16)
pow 18(9,4)
st 37(11,70)
25 colt(9,6)
45 col(9,14)
in vs(12,129)
colgate 27(9,7)
dat 23(12,116)
39 burroughs(9,12)
28 29(19,156)
dat 22(12,117)
26 27(19,156)
int 42(9,17)
54 coca(8,4)
boeing 45(9,15)
jan laan(10,56)
delmonte 27(9,5)
cola 81(8,6)
43 cr(8,6)
26 colt(8,5)
41 am(12,80)
39 bethl(9,21)
alt pow(8,6)
asa 16(7,1)
38 37(16,150)
27 dow(9,10)
21 21(22,155)
54 54(19,154)
brands 40(9,16)
manh 29(7,1)
17 curt(9,10)
34 delmonte(8,5)
27 26(16,151)
28 cons(9,31)
brands 42(9,19)
33 akzona(8,5)
18 cons(9,32)
89 can(7,2)
celanese 44(8,8)
48 anaconda(9,27)
akzona 19(7,2)
amerada 25(8,7)
54 celanese(8,10)
onderzoek naar(24,156)
20 alt(7,6)
16 carling(8,3)
street vast(7,7)
30 29(15,153)
17 asarco(7,4)
43 43(19,153)
28 dow(8,10)
home 32(7,4)
voor prins(11,154)
geert jan(10,85)
pont 125(7,8)
25 all(8,35)
burroughs 90(6,1)
akzona 18(7,4)
46 chase(7,6)
15 alcan(7,7)
celanese 45(7,6)
44 44(18,155)
vrije volk(18,106)
27 28(16,156)
al 26(9,83)
38 38(17,155)
40 am(10,87)
bayuk cig(9,23)
42 cr(6,4)
bendix 39(7,9)
30 comm(8,28)
14 14(19,156)
amax 57(6,3)
16 asarco(6,4)
ed 29(7,9)
fred foppen(6,3)
55 amerada(6,3)
41 42(14,155)
pac 18(7,16)
oil 37(8,40)
anaconda 24(8,15)
40 bethl(7,25)
39 culbro(6,4)
29 28(13,149)
paso 14(7,13)
32 33(14,155)
can 38(7,23)
premier miki(6,2)
29 chessie(6,3)
28 colt(6,4)
gen publ(7,16)
56 bayuk(5,1)
13 13(18,156)
amax 54(6,5)
24 am(9,79)
53 amax(6,5)
premier tanaka(7,11)
de prins(21,156)
38 am(9,72)
40 burl(6,11)
36 35(12,153)
21 am(9,85)
38 boeing(6,11)
42 41(12,151)
41 burroughs(6,12)
bert stoop(7,24)
44 anaconda(7,29)
16 ashland(6,7)
stan huygens(7,28)
40 du(6,15)
bendix 40(6,10)
van kodama(5,2)
81 colgate(5,2)
boeing 41(6,13)
56 celanese(6,8)
18 alcan(6,8)
teengs gerritsen(7,23)
pow 22(6,10)
30 cont(7,50)
ak ona(5,4)
27 atl(6,16)
colgate 25(6,6)
bendix 42(6,12)
burroughs 89(5,2)
29 30(13,156)
het vrije(17,156)
19 all(6,19)
32 am(8,76)
oil 35(7,42)
35 34(11,154)
amf inc(7,11)
20 curt(6,11)
ind 13(5,6)
37 36(11,153)
57 amerada(5,4)
60 60(14,156)
43 44(12,156)
in wall(10,93)
57 amax(5,4)
28 apeco(5,1)
aan lockheed(5,2)
24 all(6,25)
37 cont(6,23)
cola 80(5,7)
53 amerada(5,5)
ed 30(6,10)
45 burl(5,7)
44 cr(5,5)
inspecteur generaal(7,109)
42 du(5,9)
20 19(11,154)
amerada 22(5,7)
45 chase(5,6)
flor pow(6,12)
pont 122(5,11)
29 comm(6,21)
om lockheed(4,1)
nl ind(7,10)
20 ampco(5,5)
johns mnv(5,6)
in japans(6,52)
32 asa(5,6)
celanese 46(5,7)
35 36(11,155)
amerada 24(5,8)
37 38(11,155)
gen food(6,24)
55 celanese(5,8)
53 53(12,154)
25 apeco(4,1)
imp oil(5,10)
36 boeing(5,12)
esmark 31(5,4)
56 57(10,155)
22 23(12,156)
boeing 40(5,15)
home 34(5,6)
34 33(10,155)
55 55(12,155)
al 25(8,117)
st 38(6,67)
bendix 41(5,10)
118 eastern(4,2)
26 gatx(5,5)
41 40(10,154)
gen tel(7,56)
40 am.broadc(4,1)
26 25(10,156)
alcan ai(5,13)
26 dowchem(4,2)
41 bethl(5,21)
burroughs 87(4,2)
28 10(8,153)
26 dart(5,7)
en lockheed(5,24)
59 59(11,150)
55 coca(4,3)
van prins(13,156)
34 cont(5,20)
23 all(5,20)
36 37(10,155)
129 eastern(4,4)
23 24(11,156)
29 apeco(4,2)
en ploeg(7,122)
57 coca(4,3)
91 can(4,5)
el paso(8,98)
frank church(5,15)
airco 20(4,2)
21 all(5,24)
58 amerada(4,4)
35 cont(5,33)
in de(16,156)
34 chrysler(5,34)
55 bendix(4,3)
anaconda 29(5,16)
grace 27(5,11)
54 55(9,155)
36 cont(5,27)
18 19(11,156)
43 du(4,9)
35 chrysler(5,34)
90 can(4,8)
citicorp 33(4,4)
gen mot(7,67)
tv vandaag(4,11)
32 akzona(4,6)
37 chrysler(5,32)
48 48(11,154)
door nico(6,82)
amerada 21(4,5)
52 gen(5,47)
43 burl(4,8)
27 10(7,148)
19 alcan(4,7)
41 burl(4,6)
am brand(5,14)
55 54(8,149)
28 cont(5,27)
pow 28(4,8)
45 46(9,155)
dat 24(6,123)
18 ampco(4,5)
15 16(11,156)
fair child(5,5)
am brandt(4,8)
19 am(6,82)
st 36(5,71)
meuser weisbrod(3,1)
14 esmark(4,4)
tegen lockheed(3,1)
donner rapport(3,1)
am.broadc 35(3,1)
26 10(7,150)
colgate 26(4,7)
oil 27(5,33)
14 am(6,82)
van het(10,156)
nico scheepmaker(6,32)
delmonte 26(4,6)
21 grace(4,12)
42 burroughs(4,13)
inc 26(4,8)
gebeurde omstreeks(5,64)
fluor 35(4,10)
can 31(4,11)
general dynamics(5,39)
gen el(6,62)
uit vs(4,25)
45 44(8,150)
47 col(4,15)
31 exxon(4,5)
broadc 36(3,1)
48 col(4,17)
40 39(8,151)
van de(43,156)
28 fluor(4,8)
can 34(4,15)
al 27(5,81)
22 int(5,59)
am motor(5,31)
37 all(4,18)
18 gen(5,48)
huygens journaal(4,21)
35 all(4,22)
senator frank(4,17)
13 lockheed(4,8)
van den(3,156)
miljoen dollar(10,71)
24 23(8,150)
burroughs 88(3,2)
goodyear 21(4,12)
inc 23(4,10)
child 43(3,1)
holtrop in(4,44)
publ 17(3,3)
122 eastern(3,3)
lockheed en(4,27)
fruehauf 26(4,14)
83 colgate(3,2)
in onderzoek(8,147)
pow 21(4,9)
al 22(5,97)
82 colgate(3,3)
87 colgate(3,1)
en rien(5,96)
met meuser(3,2)
in zaak(6,139)
dr holtrop(5,40)
125 eastern(3,2)
amax 58(3,2)
limburgs dagblad(9,53)
43 culbro(3,2)
20 21(9,156)
25 10(7,155)
35 ford(4,37)
37 al(4,53)
cola 86(3,1)
35 33(6,140)
in italiaanse(5,64)
19 20(9,156)
27 greyhound(4,14)
oil 190(3,3)
en weisbrod(3,1)
26 cons(4,28)
cola 85(3,3)
40 41(8,155)
33 34(8,155)
donner en(5,99)
donner is(4,50)
naam prins(4,67)
commissie church(3,1)
lockheed voor(3,4)
victor baarn(3,4)
arrestaties in(5,89)
nat tea(5,23)
sprak met(7,156)
41 cr(3,6)
39 38(7,152)
tel 29(4,42)
co ol(3,8)
80 colgate(3,7)
weer flauw(4,45)
46 du(3,5)
street tegen(3,8)
amax 55(3,3)
motor 55(4,44)
tel 13(4,50)
st 28(5,100)
bet hl(4,46)
57 bendix(3,3)
greyhound 14(4,15)
ashland ou(4,12)
56 amax(3,4)
25 24(7,152)
47 47(9,155)
55 56(7,155)
airco 19(3,3)
hl st(4,58)
53 bendix(3,4)
42 burl(3,5)
brand 40(3,7)
tanaka in(3,7)
40 al(4,91)
ford motor(7,85)
24 25(8,156)
19 18(7,150)
in opspraak(6,132)
prins in(6,156)
36 delmonte(3,3)
11 am(5,122)
35 akzona(3,6)
goodrich 24(3,4)
van beschuldiging(7,156)
uyl verwacht(3,10)
en peschar(3,7)
cariing o'k(3,6)
oil 34(4,46)
36 akzona(3,5)
100.000 dollar(5,90)
amerada 20(3,4)
26 au(4,85)
vs over(4,46)
getty oil(5,22)
am air(3,7)
home 35(3,5)
dat de(2,156)
88 can(3,9)
pont 118(3,9)
pot 21(3,14)
16 15(7,153)
29 dow(3,8)
34 35(7,155)
ind 19(3,11)
st 41(4,61)
asarco 17(3,6)
19 imp(3,5)
17 ashland(3,7)
24 goodyear(3,9)
41 boeing(3,8)
28 dart(3,10)
20 insilco(3,3)
boeing 27(3,10)
gatx 30(3,5)
fred meuser(3,4)
34 col(3,10)
aan strauss(3,20)
over prins(4,104)
nat dist(4,40)
van eisen(5,122)
boeing 42(3,11)
61 ampex(3,5)
van drie(13,156)
gen cable(4,19)
asarco 16(3,4)
int flav(5,34)
10 28(5,148)
meuser en(3,12)
nat steel(5,46)
10 gen(4,95)
boeing 39(3,15)
inc 20(3,9)
cable 10(3,5)
donner op(3,25)
46 46(8,152)
street moest(3,22)
insilco 12(3,4)
28 atl(3,13)
van maarseveen(5,152)
exxon 51(3,8)
onze verslaggevers(5,60)
38 bethl(3,18)
17 alcan(3,8)
30 gen(4,71)
int harv(5,49)
27 dart(3,11)
al 23(4,93)
van commissie(5,155)
42 bethl(3,21)
chrysler 21(3,11)
commissie van(14,156)
25.000 dollar(4,79)
drs den(5,55)
jack anderson(3,14)
can pae(3,24)
yorkse beurs(4,46)
elseviers magazine(4,27)
nickel 32(3,15)
29 cons(3,25)
kon olie(5,72)
42 airco(2,1)
verslaggever bert(3,22)
japanse premier(4,54)
31 kansas(3,24)
wall streel(3,37)
kroger 23(3,15)
27 all(3,23)
grote sussen(2,1)
colgate 24(3,8)
11 litton(3,8)
kamerleden in(4,116)
38 cont(3,26)
am.nat.res 37(2,1)
brandi 40(2,1)
10 10(10,156)
over zicht(4,104)
23 22(6,156)
29 getty(3,11)
31 am(4,86)
30 japan(3,27)
46 47(6,156)
meuser ik(2,1)
naar wapenaankopen(2,1)
co ofa(2,1)
aan de(5,156)
bernhard geld(2,1)
17 alcanal(2,1)
treedt af(4,140)
nat gyps(3,21)
cpc int(3,12)
japan fund(5,32)
omstreeks 1960(3,40)
door bert(4,72)
presidentskandidaat carter(2,1)
brandt 39(2,1)
27 burl.n.lnd(2,1)
orkaan belle(2,1)
vast op(7,156)
act ind(3,23)
bernhard in(4,72)
int paper(5,51)
kennecott 27(3,17)
italiaans kabinet(2,2)
19 ampcopitt(2,2)
nader inzien(5,154)
am.nat.res 36(2,1)
functies neer(3,58)
burroughs 101(2,2)
39 40(6,155)
lockheed ook(2,1)
met prins(5,156)
13 am(4,88)
42 43(6,155)
cig bendix(2,1)
68 int(3,50)
in buitenland(5,145)
anaconda 28(3,17)
kreeg geen(5,135)
43 airco(2,2)
in het(10,156)
19 kennecott(3,19)
15 gulfocan(2,1)
tel 30(3,50)
19 apeco(2,2)
wereld natuurfonds(3,29)
ontkent geld(2,3)
min mining(2,3)
am.el.pow 22(2,1)
st 30(4,128)
24 cpcint(2,1)
weisbrod en(2,2)
10b phillips(2,2)
airco 21(2,3)
19 10(5,154)
27 cont(3,30)
16 17(7,156)
laan en(5,155)
vs willen(3,38)
heinz 27(2,3)
amerikaanse aandelen(3,50)
chasemanh 30(2,2)
dist 23(2,4)
28 dowchem(2,4)
street nu(2,4)
10 27(4,152)
olin 37(2,1)
van regering(4,101)
asa 17(2,2)
iets hoger(5,60)
oud minister(4,155)
jacques fahrenfort(2,6)
int nickel(5,55)
17 gen(3,43)
st 43(3,57)
190 gillette(2,3)
gerritsen in(3,102)
haag door(4,124)
19 akzona(2,4)
nabisco 44(2,1)
25 26(6,156)
54 ampex(2,4)
84 84(7,152)
japan in(5,145)
st 32(3,78)
cola 82(2,4)
gen motors(4,64)
door geert(3,87)
42 flor(2,3)
57 57(6,154)
33 32(5,153)
lockheed op(2,4)
midi ross(2,4)
al 28(3,83)
mars field(2,4)
19 au(3,104)
en de(4,156)
10 26(4,149)
gulf oil(4,59)
genoemd in(5,155)
anderen er(4,152)
naar kamer(3,92)
als inspecteur(4,146)
parlementair onderzoek(3,99)
tegen prins(3,104)
52 53(5,156)
52 52(6,156)
van hillo(3,30)
ed 17(2,5)
59 60(5,155)
59 amax(2,6)
miljoen van(4,51)
32 int(3,67)
vice president(4,156)
olie hoger(2,8)
akzona 17(2,3)
bekentenis in(3,116)
honeywell 43(2,3)
over steekpenningen(2,7)
87 89(4,148)
van agt(6,86)
44 du(2,5)
94 can(2,7)
mca 32(2,5)
mot 69(2,9)
11 11(8,156)
22 asarco(2,3)
herman wigbold(3,35)
po 22(2,5)
geheime betalingen(2,3)
17 16(5,152)
10 el(4,145)
week over(4,150)
47 heller(2,4)
amerada 19(2,4)
20 alcan(2,7)
kim 44(2,4)
52 amerada(2,6)
33 delmonte(2,4)
citicorp 35(2,3)
28 int(3,66)
omkoping in(2,10)
17 honeywell(2,5)
gerechtelijk onderzoek(4,128)
lockheed aan(2,4)
later terug(4,153)
81 82(5,155)
pont 129(2,7)
italiaanse premier(3,50)
lockheed van(2,6)
engelhard 24(2,5)
47 48(5,155)
pont 123(2,8)
pont 124(2,9)
21 alcan(2,5)
87 can(2,9)
14 midi(2,1)
klm iets(2,11)
44 45(5,156)
19 itv(2,4)
44 amax(2,8)
30 asa(2,6)
bij nader(5,156)
31 asa(2,7)
wat anderen(4,149)
39 burl(2,9)
litton ind(4,32)
poel laat(2,7)
pitt 10(2,2)
luchtvaartshow in(2,15)
zwitserse regering(3,60)
op springen(3,97)
57 celanese(2,8)
senator church(2,4)
56 fruehauf(2,5)
58 celanese(2,10)
motorola 49(2,10)
60 mobil(2,10)
26 occidental(2,4)
55 fruehauf(2,5)
27 heller(2,6)
n.a philips(2,8)
van denken(4,155)
van meuser(2,9)
52 fair(2,4)
28 heller(2,7)
43 flor(2,6)
en prins(6,156)
hans hoffmann(2,15)
pow 27(2,5)
46 col(2,11)
paper 68(2,8)
prins geen(3,127)
13 contr(2,10)
ine 43(2,11)
pont 140(2,7)
pot 22(2,17)
vliegtuigfabriek lockheed(2,7)
18 citicorp(2,6)
koningin juliana(5,49)
in herstel(4,85)
celanese 43(2,9)
22 10(4,154)
op prins(3,143)
24 epe(2,9)
goodrich 28(2,4)
prins niet(3,147)
ind 27(2,9)
86 can(2,13)
49 col(2,12)
van steekpenningen(3,67)
inc 19(2,6)
23 lehman(2,7)
voor de(9,156)
40 curt(2,6)
ind 20(2,13)
40 burroughs(2,11)
47 chase(2,6)
gatx 29(2,4)
campagne tegen(4,108)
schandaal in(3,115)
colgate 28(2,5)
dart md(2,5)
ross 24(2,4)
int 41(2,13)
18 imp(2,7)
bendix 38(2,8)
asarco 18(2,7)
26 tl(2,25)
101 can(2,13)
12 i.b.m(2,4)
nat re(2,14)
57 56(4,142)
opschudding in(3,148)
van new(6,156)
hield stand(3,122)
56 55(4,150)
28 asa(2,7)
door de(2,156)
51 fair(2,7)
airco 17(2,6)
new yorkse(4,61)
18 olin(2,10)
28 goodyear(2,11)
met steekpenningen(2,22)
door christina(2,24)
en cia(2,27)
113 nat(2,15)
29 cities(2,12)
wil praten(3,81)
in james(2,28)
27 kim(2,9)
60 59(4,146)
44 burroughs(2,10)
op het(1,156)
38 philip(2,9)
naar beschuldigingen(2,25)
inc 22(2,9)
45 45v(2,28)
en bonn(3,115)
58 58(5,153)
26 heinz(2,11)
int 45(2,12)
boeing 43(2,16)
int tel(4,90)
street kon(2,29)
lockheed in(2,12)
geen heksenjacht(2,24)
van een(5,156)
van vs(3,149)
20 citicorp(2,9)
japanse krant(2,24)
food 33(2,9)
air 10(2,12)
tel tel(4,82)
50 col(2,19)
am cvan(2,17)
25 gulf(2,13)
fruehauf 25(2,11)
13 i.b.m(2,5)
stemt in(3,151)
functies neergelegd(2,35)
84 87(3,134)
openhartige gesprekken(2,25)
gillette 26(2,8)
54 52(3,128)
44 kroger(2,12)
45 kroger(2,11)
eastem air(2,7)
26 goodrich(2,10)
18 mart(2,8)
occidental 18(2,7)
19 hilton(2,10)
kraftco 45(2,8)
ashland 01l(2,13)
accused of(2,13)
field 18(2,8)
roept vragen(2,29)
tegen beschuldigingen(2,38)
en buitenland(6,153)
25 greyhound(2,12)
37 pac(2,21)
kraftco 44(2,9)
16 curt(2,7)
19 norf(2,14)
insilco 13(2,7)
goed nieuws(4,133)
mart mar(2,12)
belangrijkste passages(2,37)
26v 26(2,36)
18 curt(2,10)
omzet weer(2,41)
van werkspoor(3,71)
57 55(3,122)
22 all(2,23)
greyhound 15(2,12)
philips 29(2,14)
20 norf(2,17)
meer gegevens(3,113)
42 er(2,50)
26 kans(2,20)
11 mars(2,24)
18 all(2,25)
op de(9,156)
zesde maand(2,49)
heller 20(2,7)
am hom(2,24)
in verklaring(2,51)
molens voor(2,49)
affaire in(4,154)
geld van(5,156)
23 may(2,23)
27 kans(2,27)
18 10(4,156)
38 al(2,52)
door regeringen(2,39)
25 cons(2,31)
69 anaconda(2,23)
23 25(4,156)
53 54(4,155)
can 13(2,17)
street niet(2,45)
vandaag de(5,112)
robijns en(2,34)
43 42(4,150)
mp 14(2,5)
tinus en(2,43)
oil 58(2,30)
drie prinsen(2,42)
binnenlandse aandelen(3,27)
betalingen aan(3,148)
lambert van(3,133)
29 north(2,18)
lehman 11(2,8)
14 gulf(2,15)
88 87(4,151)
met conclusies(2,56)
47 anaconda(2,28)
piet heil(2,30)
economische stagnatie(2,35)
over geruchten(2,65)
ook onderzoek(2,42)
en ontvoeringen(2,44)
regeringen voor(2,62)
in een(1,156)
39 chrysler(2,26)
na arrestatie(2,67)
van onthullingen(2,65)
bereidt zich(3,152)
geen nare(2,53)
26 cont(2,23)
geschokt door(3,155)
ou 28(2,29)
24 24v(2,56)
chrysler 20(2,22)
fors terug(2,29)
hoge nederlandse(2,45)
uyl nog(2,24)
steekpenningen van(2,50)
tel 32(2,43)
affaire van(3,156)
vaag over(2,49)
dollar van(3,111)
21 pac(2,25)
voor elektriciteit(2,40)
wereld vandaag(2,36)
al 42(2,66)
brief aan(6,156)
op goed(4,156)
ill centr(2,11)
86 87(4,155)
in tokio(4,107)
zaak menten(2,10)
onthullingen en(2,79)
anaconda 19(2,17)
in amerika(8,156)
louis velleman(2,33)
18 17(4,153)
komt eind(2,54)
90 91(4,156)
38 39(4,155)
73 gen(2,39)
een enig(2,68)
flauw door(2,72)
11 12(5,156)
st 39(2,63)
with us(2,46)
sankt moritz(2,42)
31 32(4,155)
oil 19(2,29)
beschuldigingen tegen(3,156)
anaconda 25(2,18)
donner heeft(2,43)
aan steekpenningen(2,50)
drie wijze(2,49)
st 42(2,59)
oil 36(2,39)
actieve aandelen(3,45)
kleine omzet(2,89)
tijd verdwenen(2,87)
vice premier(2,53)
fractie hoger(2,47)
ai co(2,80)
door herman(3,131)
atl richt(2,25)
state department(3,80)
oil 38(2,44)
eisen en(3,133)
of ai(2,96)
25 125(2,95)
13 19(3,149)
24 74(2,74)
oil 33(2,43)
125 25(2,76)
anaconda 23(2,16)
88 88(5,156)
44 nat(2,56)
27 au(2,94)
de mari(2,99)
openbaarheid in(2,123)
een beerput(2,97)
algemene regel(2,58)
197 19(2,78)
cia en(2,35)
geen strafvervolging(2,81)
28 au(2,102)
geen haast(3,150)
andere regering(2,84)
37 57(2,93)
speciale verslaggever(4,84)
christen democraten(2,68)
geen cent(4,156)
strafrechtelijk onderzoek(2,59)
43 45(3,155)
president directeur(2,92)
42 31(2,86)
actief in(3,105)
van beers(3,153)
nare dingen(2,85)
wiek geschoten(2,88)
33 gen(2,50)
onafhankelijke commissie(2,56)
als tussenpersoon(2,58)
gas 23(2,36)
aan het(1,156)
dat het(1,156)
door hans(3,110)
in cel(2,89)
al 19(2,83)
de heer(3,156)
16 nat(2,54)
over recht(2,105)
twee hoge(2,54)
prins zou(2,133)
philip morr(2,12)
wat omhoog(2,90)
aan bonn(2,48)
frits van(3,116)
tegen rumor(1,1)
lockheed wilde(1,1)
lockheed president(1,1)
en kotchian(1,1)
meer concerns(1,1)
bernhard ontkent(1,1)
onderzoekcommissie heeft(1,1)
uyl drie(1,1)
ook steekpenningen(1,1)
de vauthaire(1,1)
o'k 3b(1,1)
26 burt(1,1)
al.co ofa(1,1)
23 burl.n.lnd(1,1)
175 gillette(1,1)
al co.ofa(1,1)
oil 176(1,1)
al co.of(1,1)
oi 27(1,1)
chessie sy(1,1)
eaitern air(1,1)
46 airco(1,1)
en pauline(2,127)
speciaal fonds(2,97)
letterlijke tekst(2,76)
13 nat(2,61)
commissie gaat(2,110)
omkopingen door(1,1)
meuser om(1,1)
by lockheed(1,1)
25b gulf(1,1)
prins geld(1,1)
church voor(1,1)
26 am.el.pow(1,1)
27 am.el.pow(1,1)
20 ail(1,1)
25 comm.w.ed(1,1)
comm.w.ed 28(1,1)
24 cpc(1,1)
135 eastern(1,1)
apeco 17(1,1)
57 amprx(1,1)
44 burrouchs(1,1)
broadc 21(1,1)
prime rate(2,28)
miljoen aan(3,70)
vernietigend oordeel(2,94)
door jacques(2,101)
aan onderzoek(2,105)
voor rechter(2,116)
britse minister(3,61)
inzien de(2,144)
lockheed betaalde(1,1)
kotchian zijn(1,1)
honeywell 41(1,1)
lockheedaffaire in(1,1)
geheime loonlijst(1,1)
casino spelen(1,1)
burl n.lnd(1,1)
pilt 10(1,1)
72 int.tel.tel(1,1)
culbroc 18(1,1)
sys 38(1,1)
van koninklijk(2,144)
23 nat(2,64)
steel 47(2,46)
beur van(2,94)
over omkopingen(1,1)
kodama in(1,1)
regina 1976(1,1)
92 celanese(1,1)
manh 30(1,1)
in kabinet(2,148)
23 231(2,115)
man zou(3,156)
phelps dod(2,23)
dow jones(3,62)
32 mcddougl(1,1)
donner nu(1,1)
burroughs 96(1,1)
burroughs 95(1,1)
49 chasemanh(1,1)
34 cites(1,1)
33 comm.w.ed(1,1)
ford carter(1,1)
10 amst(2,111)
47 46(3,146)
voorzover prins(1,1)
broadc 23(1,1)
13 carling(1,1)
door winstnemingen(2,90)
ziet af(2,119)
aanklacht tegen(3,127)
adhesiebetuigingen voor(1,2)
herstel in(3,155)
dollar steekpenningen(1,1)
hollandse maffia(1,1)
de schandalen(2,130)
akkoord met(3,73)
bernhard mag(1,2)
child 42(1,1)
via weisbrod(1,1)
am el.pow(1,1)
15 curt.wr(1,1)
41 am.broadc(1,1)
am.broadc 37(1,1)
gyp 14(1,1)
prins door(2,142)
48 47(3,148)
85 84(3,150)
dat prins(3,155)
sussen is(1,2)
omkoperij door(1,2)
hom 34(1,2)
98 bayuk(1,2)
tm kod(1,2)
armoo st(1,2)
89 colgate(1,2)
weer actief(2,86)
en haughton(1,1)
33 mcddougl(1,1)
85 colgate(1,1)
28 comm.sat(1,1)
13 gulfo.can(1,1)
bij de(4,156)
de zondebok(2,118)
verder uiteen(2,113)
onze speciale(4,107)
binnen pvda(1,2)
st 31(2,95)
88 uniroyal(1,1)
van roha(1,1)
comm.w.ed 29(1,1)
stort zich(2,131)
15 am(2,81)
bernhard genoemd(1,2)
72 m.g.m(1,2)
jesse winchester(1,2)
bernhard is(2,64)
beschuldigingen in(2,142)
phillips pet(2,18)
prins had(2,145)
am.el pow(1,1)
27 apeco(1,1)
27 brascan(1,1)
32 31(3,153)
geen vervolging(2,120)
51 52(3,156)
kod 109(1,2)
am.broadc 36(1,2)
regering stelt(2,90)
laakbare activiteiten(1,1)
12 culbroc(1,1)
broadc 22(1,1)
vredeling gaat(1,2)
burroughs 92(1,2)
24 comm.w(1,2)
rechtse nationalisten(1,3)
lockheed steekpenningen(1,1)
grote wapenaankopen(1,1)
23 apeco(1,1)
klm ir(1,3)
in japanse(2,61)
haughton en(1,2)
95 sears(1,2)
kod 113(1,2)
door martin(2,114)
prof van(2,131)
nat can(2,34)
meuser op(1,1)
48 chasemanh(1,1)
22 hiltonh(1,2)
58 59(3,155)
roolvink schmelzer(1,1)
linkse kamerleden(1,3)
10 25(3,156)
door aly(1,3)
29 comm.sat(1,1)
hom 33(1,3)
28 am(2,80)
wil wel(3,156)
81 motorola(1,2)
mig 25(1,2)
ampcopitt 10(1,2)
ampco pilt(1,2)
koninklijk huis(3,156)
31 30(3,153)
ampco pttt(1,3)
18 alcanal(1,1)
comm.w.ed 31(1,1)
jones weer(1,3)
124 eastern(1,2)
bayuk eig(1,2)
cola 88(1,2)
44 43(3,148)
kotchian en(1,1)
82 phelps(1,1)
tegen bernhard(1,3)
18 akzona(1,3)
22 alt(1,3)
morr 58(1,2)
26b dart(1,2)
amerika de(3,156)
80 motorola(1,1)
omstreeks 1968(1,3)
brandt 40(1,1)
comm.w.ed 30(1,1)
verwacht geen(2,126)
in opmars(2,52)
wrigley 81(1,2)
burroughs 86(1,3)
chasemanh 29(1,1)
11 culbroc(1,1)
28 gulfoil(1,2)
81 81(4,151)
corruptie in(2,99)
verouderde neptunes(1,3)
via liechtenstein(1,3)
13 control(1,1)
125 123(2,101)
door dassault(1,2)
104 fair(1,2)
prins werd(2,147)
en moraal(2,107)
senator proxmire(1,3)
advocaat william(1,4)
akzona 21(1,2)
wijze mannen(2,102)
cites serv(1,1)
73 m.g.m(1,2)
27 dowchem(1,3)
blijft bij(3,156)
kabinet moro(1,4)
akzona 20(1,2)
de steekpenningenaffaire(1,2)
het gebeurde(5,156)
le jeune(2,141)
nederlandse regeringsfunctionaris(1,1)
burroughs 91(1,3)
exxon 104(1,1)
56 54(2,129)
nieuwe linie(2,62)
zaak gaat(2,133)
ir meuser(1,4)
duisenberg was(1,4)
de japanse(4,86)
80 phelps(1,3)
48 49(3,155)
opheldering over(2,132)
papieren voor(2,149)
20 10(3,156)
nieuwe rembrandt(1,5)
lockheed hebben(1,2)
ongeoorloofde betalingen(1,4)
krijgt nader(1,2)
59 57(2,119)
carter houdt(1,5)
gyps 14(1,1)
hoger in(2,57)
steekpenningen een(1,2)
prins grote(1,5)
blij met(3,106)
oil 174(1,4)
over emigranten(1,4)
sta boven(1,5)
president ford(2,15)
van onderzoek(4,156)
pan am(2,50)
verklaring van(6,156)
10 29(2,143)
49 flor(1,2)
kamerleden stellen(1,5)
ford to(1,4)
franse wapenindustrie(1,7)
meuser in(1,3)
geld ontvangen(2,153)
42 ill(1,4)
uyl neemt(1,6)
als lockheed(1,3)
un 18(1,2)
der poel(3,156)
nat cash(2,41)
voor koningin(2,134)
de lockheedzaak(1,1)
asa 28(1,3)
dubieuze betalingen(1,4)
82 85(2,137)
34 am.cyan(1,3)
cola 87(1,1)
50 50(4,156)
prinsen naast(1,6)
20 cpc(1,3)
in tweede(3,155)
31 delmonte(1,4)
gulfoil 27(1,2)
documenten in(2,134)
pac gas(2,46)
steekpenningen betaald(1,5)
asa 23(1,3)
21 akzona(1,5)
hadden niets(2,149)
alle functies(2,89)
34 tandycraft(1,4)
waarheid over(2,124)
51 coca(1,3)
weer vast(2,121)
internationale pers(2,95)
rond prins(1,4)
189 gillette(1,3)
31 mca(1,3)
agt alleen(1,5)
militaire aankoopbeleid(1,4)
46 44(2,127)
pepsico 81(1,3)
groene licht(2,106)
onderzoek tegen(2,149)
van ex(2,150)
om steekpenningen(1,5)
prince bernhard(1,3)
van rapport(2,147)
64 54(2,122)
exxon 90(1,4)
92 publ(1,3)
beurs niet(2,154)
dollar gestort(1,8)
lawine van(2,97)
mining 60(1,3)
263 int(1,7)
panoramiek over(1,6)
kolonel pantchoulidzew(1,4)
esmark 37(1,2)
past three(1,7)
14 13(3,155)
voor steekpenningen(1,6)
56 ampex(1,4)
bendlx 40(1,3)
januari 1976(2,26)
miljardenorder voor(1,6)
prins weet(1,5)
13 15(3,156)
amax 38(1,4)
donderend applaus(2,118)
dod 38(1,3)
hubert weisbrod(1,1)
kregen geen(2,114)
47 du(1,4)
geen bewijzen(2,136)
55 53(2,134)
45 kraftco(1,4)
alleged to(1,7)
het lockheed(1,7)
italiaanse partijen(1,7)
48 akzona(1,3)
ind 14(1,7)
40 coca(1,5)
26 ah(1,10)
29 colt(1,6)
stand o.c(1,6)
queen juliana(1,6)
achter prins(1,9)
93 can(1,8)
corruptie en(2,97)
treasury secretary(1,7)
amax 52(1,5)
north hl(1,4)
cola 83(1,6)
koningin en(4,156)
refuses to(1,7)
louche praktijken(1,10)
premier van(3,129)
staat van(7,156)
22 insilco(1,3)
and johnson(1,8)
chessie svst(1,6)
honeywell 48(1,4)
44 ill(1,3)
29 asarco(1,5)
52 amax(1,4)
sunday times(2,92)
niet blij(2,113)
18 carling(1,3)
in davos(2,102)
studb wo(1,4)
21 merek(1,3)
52 coca(1,3)
syntex 22(1,4)
illegale betalingen(1,6)
dassault in(1,5)
hauser in(1,7)
32 burl(1,5)
volk bij(2,155)
onzorgvuldigheid en(1,10)
geen bankrekening(1,5)
de miljoenendans(1,9)
in transacties(1,9)
39 kraftco(1,7)
sterl drugs(1,4)
zwijgen over(2,147)
alleen cpn(1,9)
dear henry(1,4)
49 nabisco(1,5)
xerox 61(1,5)
55 amax(1,5)
38 amerada(1,5)
de doofpot(2,109)
inquiry into(1,8)
96 can(1,6)
lone star(2,52)
50 nabisco(1,5)
27 hein(1,5)
van church(1,7)
mijn functies(1,11)
38 amax(1,7)
broer jean(1,10)
over carter(1,5)
na watergate(1,8)
onthullend licht(1,10)
televisie blijft(1,10)
premier in(2,126)
den haag(17,156)
mining 59(1,4)
asa 18(1,2)
30 31(3,156)
niet betrokken(2,149)
senaatscommissie is(1,11)
of support(1,9)
nederlandse functionaris(1,6)
exxon 54(1,5)
wiegel tijdens(1,11)
33 schaefer(1,4)
33 klm(1,8)
regering naar(2,100)
zijdelings ter(1,13)
33 asa(1,5)
28 n.a(1,6)
257 int(1,8)
bernhard en(2,118)
lockheed een(1,6)
democratisch presidentskandidaat(1,6)
pont 126(1,6)
37 ti(1,14)
door piet(2,112)
aan dubieuze(1,11)
brascan 12(1,3)
25 fluor(1,6)
ai geruime(1,11)
17 apeco(1,3)
elk 21(1,14)
debat met(2,132)
zijn kritiek(2,98)
lockheed te(1,4)
29 10(2,151)
was signed(1,8)
tandycraft 13(1,4)
affaire menten(1,4)
24 min(2,123)
nam gas(1,13)
west duitsland(3,57)
104 can(1,7)
air 71(1,10)
van corruptie(2,99)
naar regering(1,12)
25 25b(1,8)
pont 144(1,8)
van 1974(2,30)
amerikaanse vliegtuigfabrieken(1,10)
vast wall(1,9)
lockheed de(1,8)
nederlandse autoriteit(1,7)
13 tenneco(1,5)
31 34(2,152)
16 wh.labrat(1,4)
pont 135(1,8)
22 tandy(1,6)
steekpenningen voor(1,12)
45 santa(1,5)
paper 73(1,7)
may dep(2,52)
journalist jack(1,7)
partijbestuur van(2,89)
34 amerada(1,5)
31 deere(1,5)
politieke crisis(2,125)
59 polaroid(1,8)
aanklacht wegens(2,124)
21 wrigley(1,3)
25 kim(1,7)
57 ampex(1,5)
gatx 27(1,5)
53 coca(1,6)
een luchtvaartshow(1,12)
46 cr(1,5)
43 boeing(1,5)
kamer over(3,156)
moet inzicht(1,14)
pressie op(2,136)
15 carling(1,3)
premier den(2,85)
de commissie(11,156)
onze economie(2,68)
lockheed is(1,7)
gast bij(2,117)
all nippon(1,10)
brokkelen af(1,14)
slimme man(1,15)
cooperation in(1,11)
345 35(1,15)
45 43(2,136)
koninklijk paar(2,118)
grote pressie(1,14)
35 delmonte(1,4)
niet doorgegane(1,15)
drie adviseurs(1,12)
18 honeywell(1,6)
pont 132(1,9)
nippon airways(1,11)
reynolds 63(1,5)
trial in(1,9)
voor multinationals(1,14)
pont 133(1,10)
can 83(1,11)
34 proct(1,7)
celanese 48(1,5)
optie had(1,19)
mot 73(1,9)
fractievoorzitter wiegel(1,7)
231 am(1,13)
92 90(2,127)
monsanto 80(1,5)
39 boeing(1,10)
17 chase(1,9)
martin deelen(1,11)
oorlogsmisdadiger in(1,16)
schmidt c.s(1,9)
unilever 42(1,6)
wil meer(2,138)
andere regeringspolitiek(1,6)
102 can(1,7)
36 amax(1,8)
commission to(1,16)
42 kroger(1,10)
fluor 44(1,9)
voor orion(1,13)
boeing jumbo(1,8)
stemming bij(2,155)
goodrich 23(1,6)
36 proct(1,12)
spaanse officieren(1,12)
40 boeing(1,10)
47 cr(1,7)
et paso(1,8)
afnemers om(1,19)
heinz 48(1,6)
te 59(1,13)
esmark 32(1,4)
colgate 29(1,6)
19 insilco(1,3)
is hubert(1,19)
53 celanese(1,9)
kraftco 42(1,7)
bijzondere commissie(2,154)
30 mca(1,5)
asa 21(1,3)
53 sterl(1,6)
18 chase(1,8)
paper 67(1,8)
in debat(2,128)
agreement was(1,15)
delmonte 25(1,5)
church heeft(1,12)
29 burl(1,10)
cash 33(1,9)
menten naar(1,7)
12 engelhard(1,4)
40 4c(1,16)
voorlichtingsman van(1,15)
ford moet(1,13)
58 monsanto(1,9)
24 reliance(1,5)
23 dart(1,6)
met de(7,156)
medewerking bij(2,149)
reders te(1,16)
01l 37(1,10)
het revanchisme(1,14)
vrijstaat beieren(1,15)
kopen bij(2,62)
25 gatx(1,4)
hoogst bij(1,19)
kissinger over(1,7)
pont 138(1,9)
19 honeywell(1,7)
voor multinationale(1,11)
de lockheedaffaire(1,7)
rechtse beweging(1,18)
43 syntex(1,7)
vast in(3,156)
klm 39(1,10)
18 west.h.el(1,4)
11 burl(1,7)
43 chase(1,10)
33 goodrich(1,9)
22 lehman(1,7)
steekpenningen zijn(1,15)
in new(4,149)
in reacties(1,19)
paso 12(1,3)
asarco 14(1,6)
committee to(1,19)
als tussenschakel(1,21)
have reached(1,14)
ook buitenlands(1,19)
goodrich 27(1,5)
dominee over(1,12)
heinz 47(1,9)
39 41(2,153)
34 burroughs(1,7)
bestseller te(1,18)
32 exxon(1,6)
34 coca(1,10)
ploeg vvd(1,14)
25 23(2,150)
voorlopig geheim(1,22)
itv 11(1,4)
17 armco(1,6)
tanaka de(1,11)
mobil oil(2,42)
amerada 17(1,4)
geen namen(2,134)
democraten nog(1,21)
monsanto 79(1,9)
24 transam(1,3)
russische piloot(1,17)
ed 32(1,12)
19 engelhard(1,5)
van onze(14,156)
kasteel warmelo(1,15)
food 27(1,10)
10 tw.cent(1,3)
blijft vaag(1,21)
esmark 30(1,4)
27 goodyear(1,11)
60 polaroid(1,12)
27 fluor(1,9)
cash 34(1,5)
breda gevangen(1,14)
ds ton(1,22)
59 monsanto(1,13)
68 68(3,153)
gatx 28(1,5)
mot 71(1,16)
regering begint(1,26)
paar suggesties(1,21)
door drs(2,84)
celanese 47(1,6)
01l 28(1,20)
to aid(1,17)
leidt tot(3,156)
vandaag in(3,117)
25 heinz(1,11)
21 citicorp(1,8)
bavuk cig(1,11)
inc 21(1,10)
53 col(1,12)
62 ampex(1,5)
drugs 16(1,4)
ir besancon(1,15)
brit had(1,23)
int 46(1,11)
naar lech(1,17)
polaroid 36(1,10)
evening of(1,17)
wij kregen(2,136)
100 can(1,12)
miljoen ging(1,23)
25 western(1,9)
met het(1,156)
voorzichtig met(2,123)
curt wi(1,13)
37 39(2,152)
kamer debatteert(1,17)
aican al(1,14)
lockheed heeft(1,13)
31 goodrich(1,7)
to question(1,15)
tandy 34(1,11)
henny korver(1,17)
raadsels rond(1,23)
27 burl(1,9)
24 burl(1,9)
jozef strauss(1,20)
41 curt(1,7)
donner het(1,23)
akzona 13(1,7)
weken voort(1,27)
food 28(1,9)
uyl tijdens(1,15)
polaroid 35(1,10)
menten door(1,10)
32 reynolds(1,10)
voor colombia(1,21)
18 ashland(1,8)
geen kwaad(3,156)
124 125(2,152)
23 goodyear(1,10)
maarseveen de(1,13)
over stadsvernieuwing(1,17)
10 19(2,154)
bernhard nog(1,22)
engelhard 23(1,7)
onderzoek bij(2,156)
op barsten(1,28)
vakantie af(1,24)
corruptie het(1,27)
gegevens voor(2,132)
uit ziekenhuis(1,30)
arrestatie van(3,156)
23 26(2,155)
amerikaans rapport(1,26)
gillette 25(1,7)
34 us(1,8)
televisie weer(1,27)
door henk(2,76)
inc 18(1,9)
int 44(1,11)
buitenland krijgt(1,31)
misschien toch(2,124)
32 western(1,11)
right and(1,22)
fluor 42(1,12)
goodyear 20(1,10)
chrysler 14(1,10)
29 goodrich(1,10)
twijfels in(1,25)
74 southern(1,18)
food 34(1,11)
bernhard niet(1,17)
20 grace(1,9)
41 sun(1,8)
groningen loopt(1,25)
25 japan(1,21)
van hauser(1,18)
drie krijgsmachtonderdelen(1,22)
analyses in(1,27)
in kamer(2,152)
voor het(4,156)
tenneco 32(1,7)
gillette 31(1,11)
jet star(1,7)
13 alcan(1,9)
kunnen hoog(1,27)
financiele administratie(1,15)
een geleense(1,25)
gillette 29(1,9)
29 japan(1,16)
pr 43(1,22)
ine 44(1,11)
22 hilton(1,11)
pvda lid(1,32)
23 rca(1,5)
on trial(1,20)
volgende begroting(1,31)
weinig invloed(2,156)
spreekt met(2,156)
oil 74(1,20)
exxon 52(1,8)
eigen zak(2,134)
aircraft corporation(1,22)
koningin zal(2,155)
ook kamerleden(1,33)
gas el(2,64)
buitenlandse regering(1,28)
rockwell 29(1,8)
chrysler 18(1,10)
amerikaanse gegevens(1,23)
15 esmark(1,7)
heller 21(1,7)
27 heinz(1,12)
uit bedrijfsleven(1,22)
heller 22(1,8)
directie weigert(1,31)
26 kim(1,10)
41 43(2,152)
uyl sprak(1,20)
washington amerika(1,26)
een falsificatie(1,25)
ongelooflijke staaltjes(1,26)
tussenpersoon voor(1,22)
inc 24(1,9)
33 03(1,33)
van dassault(1,12)
in beroering(2,148)
rca 25(1,8)
vergadert over(1,28)
motor 37(1,16)
39 al(1,32)
16 cons(1,20)
rhodesische kwestie(1,10)
26 all(1,25)
plotselinge ontslag(1,37)
21 hilton(1,13)
of comedy(1,18)
first week(1,13)
veel functies(1,28)
senator jackson(1,15)
over betalingen(1,30)
boeing 44(1,17)
ind 23(1,23)
190 190(2,122)
mariano rumor(1,9)
grace 25(1,8)
aan prins(2,155)
concern geen(1,31)
om positie(1,40)
23 grace(1,15)
van doeke(1,34)
cerro 18(1,9)
pvda stelt(1,25)
21 10(2,153)
111 el(1,35)
op tv(2,104)
wel vervangen(1,40)
hoogleraar staatsrecht(1,17)
voor eerherstel(1,33)
motor 47(1,21)
aly knol(1,21)
33 cities(1,19)
watergate en(1,13)
interne machtsstrijd(1,29)
29 royal(1,18)
csu in(1,27)
14 nl(1,27)
japanse luchtvaartmaatschappij(1,22)
28 all(1,22)
20 miljoen(2,70)
cerro 17(1,8)
spoeddebat in(1,21)
doordrukken van(1,32)
pvda ging(1,31)
terug als(2,153)
tast ook(1,29)
den uy(1,21)
goodyear 22(1,10)
naar democratische(1,39)
food 32(1,9)
telefoon 718100(1,4)
49 49(3,153)
z'n raap(1,19)
steekpenningen in(1,24)
het geheime(2,156)
23 woolworth(1,15)
en vance(1,12)
door edo(1,37)
totalitaire regimes(1,29)
itv 10(1,12)
gillette 32(1,18)
25 comm(1,18)
willen geld(1,36)
japanse maatschappij(1,30)
ig farben(1,24)
26 dow(1,13)
heller 19(1,8)
hoge kringen(1,36)
36 38(2,154)
juliana regina(1,24)
afstaan aan(2,149)
prins wel(1,42)
nickel 31(1,14)
openbaar nog(1,41)
22 grace(1,13)
groothandelsprijzen voor(1,32)
op mini(1,26)
20 hilton(1,12)
besloten zittingen(1,35)
is leren(1,35)
blad newsweek(1,30)
duits echtpaar(1,33)
kennecott 26(1,16)
kissinger op(1,11)
stukken uit(2,156)
hoofdboekhouder van(1,33)
89,00 88.00(1,17)
dollars to(1,21)
goodyear 23(1,15)
45 stand(1,29)
maakt geen(2,155)
17 rep(1,22)
helmuth schmidt(1,19)
geen lachje(1,41)
betalingen het(1,28)
vanaf 1961(1,31)
christendemocraten in(1,29)
lager wall(1,23)
steekpenningen aan(1,35)
aandelen kopen(1,31)
49 anaconda(1,26)
15 all(1,29)
eind mei(2,94)
kroger 24(1,13)
johan olde(1,9)
henk de(2,78)
prins kreeg(1,50)
kennecott 33(1,14)
praktijken uit(1,47)
kamer stemt(1,26)
hoger wall(1,21)
als vals(1,43)
24 251(1,43)
regering parlement(1,35)
vrienden zo(1,42)
19 toledo(1,10)
conclusies van(2,108)
uit amerika(3,156)
nickel 34(1,16)
18 pan(1,10)
in porties(1,42)
aow wordt(1,31)
li 40(1,43)
belangrijkste functie(1,42)
an evening(1,28)
ss 23(1,48)
tel 37(1,32)
44 er(1,52)
de neptunes(1,16)
tel 57(1,23)
uit 1850(1,36)
heer teengs(1,38)
sleutelfiguren in(1,30)
lachje af(1,34)
bild zeitung(1,33)
top van(3,156)
32 texaco(1,17)
door lambert(1,47)
prins nu(1,51)
gaat mogelijk(1,25)
three weeks(1,36)
grace 28(1,11)
aan vu(1,41)
hoorzittingen van(1,26)
bernhard door(1,27)
30 30v(1,41)
dwingende reden(1,47)
117 am(1,37)
mei met(2,156)
van idaho(1,27)
15 15v(1,43)
nou sil(1,32)
int 34(1,19)
motor 57(1,26)
gedragscode voor(1,23)
van holtrop(1,50)
baarn was(1,37)
trouble with(1,27)
58 philips(1,21)
to improve(1,35)
ppr wil(1,21)
verplichtingen over(1,49)
ondervraagd in(1,50)
1414 14(1,37)
54 53(2,146)
als verkoopleider(1,32)
kijken in(2,112)
operations in(1,32)
der stoel(2,100)
onderzoek aan(2,156)
37 ford(1,28)
japan en(3,152)
met schmidt(1,36)
brands 39(1,18)
rijke zakenman(1,35)
13 14(3,156)
betalingen gedaan(1,44)
tv al(1,47)
ruzies over(1,35)
strauss tot(1,25)
italiaanse luchtmacht(1,30)
42 ford(1,22)
team geen(1,41)
en giessen(1,45)
op zwitserse(1,44)
drie oorlogsmisdadigers(1,14)
verklaringen wordt(1,50)
johnson and(1,21)
le monde(2,155)
30 cons(1,34)
hij aftreedt(1,53)
pers heeft(2,146)
church van(1,42)
onderzoek van(4,156)
liggen anders(1,59)
texaco 27(1,8)
materiaal komt(1,50)
oranje geen(1,43)
31v 31(1,45)
1,1 min(1,26)
star 19(1,27)
22 quaker(1,12)
genoemd als(2,156)
met een(4,156)
op westduitse(1,36)
ernstigste crisis(1,46)
belangrijk zegt(1,34)
dossiers in(1,51)
italiaanse krant(1,30)
ferry hoogendijk(1,23)
ploeg te(2,153)
in actuele(1,30)
waar blijft(2,156)
fractieleiders in(1,44)
uu 10(1,53)
slotfase in(1,33)
dollar voor(2,129)
voor carter(1,8)
met kissinger(1,11)
op onderzoek(2,131)
regeringspartij in(1,48)
wil mensen(1,28)
op joods(1,43)
over nederlanders(1,47)
amerikaanse vliegtuigfabriek(1,31)
ongerust over(2,156)
motor 56(1,27)
voor boekhouder(1,52)
gulf en(1,39)
the agreement(1,29)
kabinet houdt(1,39)
luxueus appartement(1,30)
het normbesef(1,38)
ex president(1,54)
1972 werden(1,18)
28 getty(1,12)
an agreement(1,27)
14 15(3,156)
bonn wil(1,40)
41 al(1,56)
77 27(1,52)
46 anaconda(1,25)
36 stand(1,27)
ou 22(1,30)
strauss als(1,49)
die vocht(1,57)
each other(1,34)
wiegel vvd(1,17)
redelijk vermoeden(1,41)
en een(1,156)
naar hoge(1,44)
zeer flauw(2,120)
hoger op(2,61)
weer zwak(1,45)
in theologie(1,61)
vries pvda(1,32)
33 al(1,58)
kamerleden naar(1,58)
25 dart(1,11)
42 union(1,37)
the department(1,41)
gaan akkoord(1,33)
de menten(1,34)
and holland(1,40)
democratische kandidatuur(1,24)
street had(1,46)
prins moet(1,71)
prins komt(1,48)
43 ford(1,25)
ingewijde in(1,60)
mag van(2,156)
groot onderzoek(1,31)
pensioen nog(1,63)
el 51(1,37)
gefotografeerd tijdens(1,40)
de legpuzzel(1,36)
nieuw stukje(1,65)
doeke vaartjes(1,17)
amerikaanse bronnen(1,39)
strauss het(1,58)
koningin gaat(1,58)
leuk programma(1,44)
31 31v(1,51)
de steekpenningen(1,41)
bij klm(1,32)
naar methoden(1,59)
1.1 miljoen(1,38)
was klm(1,30)
star 18(1,31)
schaadt ook(1,63)
58 37(1,52)
gaan volgende(1,34)
27 texas(1,21)
januari uitspraak(1,56)
403 40(1,51)
schmidt had(1,50)
23 23v(1,58)
over resultaten(1,58)
aan frits(1,69)
weinig speelruimte(1,40)
minder schepen(1,66)
ruime omzet(1,44)
ou 27(1,28)
49 48(2,149)
beierse csu(1,31)
politieke inmenging(1,60)
kamerlid wil(1,36)
oostenrijkse televisie(1,35)
zoek contact(1,35)
65 shell(1,32)
commissie krijgt(1,61)
bij kleine(2,156)
oil 66(1,28)
ondanks hevig(1,53)
oil 67(1,29)
uitnodigingen van(1,49)
klm nog(1,42)
csu en(1,30)
als nederland(2,155)
gesjoemel met(1,19)
general tire(1,26)
van tinus(1,62)
el 55(1,55)
likely to(1,32)
28 stand(1,33)
60 union(1,40)
telegrammen van(2,132)
beroering over(1,61)
377 37(1,52)
38 chrysler(1,31)
thyssen en(1,53)
de 1,6(1,30)
4000 dollar(1,58)
pistool de(1,56)
het rookgordijn(1,59)
vloeide in(1,68)
tel 14(1,48)
30 303(1,65)
hoog gaan(1,71)
met veiligheid(1,64)
to stop(1,42)
al 43(1,56)
washington en(2,154)
doctor who(1,12)
25 253(1,62)
nieuwe beschuldigingen(1,65)
nederland terug(2,154)
samenwerking tegen(1,47)
weer zoiets(1,45)
61 60(2,148)
718100 toestel(1,6)
moet lid(1,65)
van omkoping(1,41)
122 122(2,137)
iets omlaag(1,53)
kamer laat(1,74)
254 257(1,51)
86 86(3,153)
premier geen(1,65)
op bezit(1,77)
buitenland nu(1,67)
persoonlijke brieven(1,52)
of al(2,156)
57 38(1,58)
japan blijft(1,46)
lehman 10(1,6)
na verkiezingen(1,50)
tel 26(1,47)
geen coalitie(1,57)
lager in(2,156)
north ill(1,5)
vindt prof(1,42)
toestel 239(1,14)
is gereed(2,156)
geen langdurige(1,69)
van vervalste(1,47)
tot omkoping(1,40)
orion van(1,69)
vragen op(2,156)
327 32(1,56)
het is(1,156)
in ster(1,70)
118 118(2,132)
de dubbelrol(1,60)
interne conflicten(1,41)
tel 27(1,45)
persoonlijke verplichtingen(1,45)
opwinding op(1,71)
onzeker over(1,47)
amerikaanse rechter(1,38)
rel rond(1,33)
met gebeurtenissen(1,69)
aan italiaanse(1,52)
over inhoud(1,70)
dubbelrol van(1,59)
op achtergrond(1,71)
for holland(1,50)
terug uit(2,156)
in hilton(1,32)
hard oordeel(1,84)
slag om(2,129)
van donner(1,45)
fors lager(1,28)
ministers willen(1,78)
stelt vragen(1,69)
leven door(2,156)
laatste koning(1,68)
anaconda 27(1,16)
voor massa(1,59)
belastingbetalers in(1,56)
op weg(5,156)
bernhard werd(1,45)
201 21(1,62)
namen in(2,156)
57 58(2,155)
of march(1,68)
gas 24(1,29)
over betaling(1,77)
111 23(1,55)
tel 28(1,43)
ia 17(1,82)
28 al(1,73)
kamer akkoord(1,37)
rolletje in(1,61)
pers wil(1,76)
lunch de(1,66)
anderson in(1,60)
krijgt in(2,130)
geur van(2,143)
68 gen(1,44)
tel 25(1,53)
informatie vragen(1,26)
op oorlogspad(1,62)
72 gen(1,40)
vandaag start(1,34)
neer niet(1,67)
18 kennecott(1,23)
74 24(1,58)
voorop bij(1,48)
regering krijgt(1,53)
wijzen hebben(1,77)
hun rivalen(1,58)
loonlijst van(1,40)
voor vs(1,88)
geheim dossier(1,28)
vvd voor(1,38)
van boeing(1,39)
43 anaconda(1,33)
bernhard bij(1,41)
bern zwitserland(1,57)
geen vuurwerk(1,75)
de walm(1,79)
ook klm(1,34)
bernhard voor(1,44)
eigen huid(1,86)
avondje van(1,78)
263 266(1,56)
67 int(1,51)
voor 380(1,75)
met mr(2,149)
bij arbeiders(1,68)
287 28(1,54)
philip mok(1,25)
nederlandse commissie(1,52)
gedwongen deze(1,76)
380 miljoen(1,39)
van opdracht(1,78)
recht en(3,143)
nooit weer(2,146)
81 80(2,150)
neer na(1,83)
uyl wil(1,22)
is een(1,156)
tegen corruptie(1,61)
goodwill te(1,58)
kreeg niets(1,83)
werd dag(1,78)
relaties met(2,119)
niets gehad(1,72)
zaak blijkt(1,81)
om zaak(1,71)
kabinet zeer(1,89)
10 11(3,156)
in washington(3,140)
oil 25(1,32)
55 gen(1,51)
spiegel van(2,153)
gaf toestemming(1,78)
zijn praatstoel(1,75)
cpn het(1,41)
71 gen(1,48)
neergelegd van(1,73)
anaconda 17(1,17)
omzet iets(1,81)
80 80(3,154)
carter op(1,24)
onverminderd voortgezet(1,62)
over toelating(1,76)
bijzonder vreemd(1,75)
blijft lid(1,71)
of justice(1,67)
zweedse koning(1,49)
ook afscheid(1,73)
in bescherming(2,156)
41 li(1,66)
voor onderzoek(2,130)
onderzoek mee(1,57)
ook naam(1,74)
32 south(1,47)
programma zelf(1,64)
of verdwijnen(1,77)
kritisch onderzoek(1,70)
de praatstoel(1,29)
uyl had(1,27)
van belastingontduiking(1,58)
bernhard als(1,55)
van navo(1,43)
verkoopleider de(1,31)
al 36(1,72)
steekpenningen te(1,56)
verdwenen bij(1,82)
anaconda 26(1,15)
96 95(2,148)
japanse autoriteiten(1,55)
met materieel(1,97)
affaire nog(1,77)
oil 22(1,29)
kraaien van(1,78)
ambtelijk onderzoek(1,50)
krachten nodig(1,55)
getuigenissen die(1,84)
in markt(1,76)
ontsnapte gevangenen(1,70)
oppositie wil(1,82)
struikelt over(1,81)
maandag terug(1,83)
zaak ik(1,97)
haar werkwijze(1,71)
loo uit(1,94)
krijgsmacht en(1,60)
bewijzen over(1,101)
gods toorn(1,76)
19 al(1,90)
doorgeschoven naar(1,30)
dokumentaire over(1,26)
53 34(1,67)
buitenlandse kranten(1,51)
bestrijden op(1,93)
geringste twijfel(1,76)
bij tv(1,88)
baby aan(1,70)
geruchten rond(1,87)
actie meer(1,79)
oil 24(1,32)
amerikaanse wet(1,50)
1976 door(1,21)
weggehaald uit(1,82)
de citroenen(1,81)
1974 bij(1,25)
met rapport(1,75)
onderzoek in(4,156)
dagje in(1,79)
commissie sprak(1,80)
premier ook(1,76)
op een(2,156)
trouwde zij(1,84)
protest over(1,91)
leefde onder(1,88)
nog geen(7,156)
verklaarde gistermiddag(1,47)
van sterdam(1,99)
betrokkenen aan(1,78)
1974 als(1,24)
ook strafbaar(1,85)
32 53(1,79)
cremers telefoon(1,8)
adviseerde hij(1,79)
aireraft corp(1,19)
twee kamerleden(1,75)
jaar goed(2,151)
43 54(1,85)
uyl was(1,30)
in 1974(2,38)
33 52(1,82)
krijgt nieuwe(1,70)
amerikaanse senatoren(1,46)
verschillende amerikaanse(1,53)
46 nat(1,50)
23 el(1,94)
oil 23(1,30)
zeer vast(3,155)
53 un(1,53)
met amerikanen(1,81)
58 jarige(1,73)
zeer fors(1,43)
de schoolkrant(1,45)
schrijvende pers(1,34)
de savornin(2,142)
zwitserland over(1,87)
worden geloofd(1,87)
belastingdienst in(1,53)
het rapport(5,156)
rendez vous(1,81)
haast door(1,90)
met vs(1,97)
uitwas van(1,84)
eerder afgelegde(1,64)
va 21(1,79)
in past(1,74)
states and(1,65)
ernstig verzwakt(1,75)
geen onvertogen(1,76)
31 li(1,83)
sydney van(1,74)
rumoer rond(1,52)
portemonnee van(1,35)
duistere praktijken(1,68)
italianen naar(1,79)
koningin geen(1,97)
16 gen(1,42)
vocht een(1,94)
had prins(1,103)
niet getuigen(1,97)
praten met(2,123)
andere duistere(1,74)
kamerleden aan(1,95)
parlement wil(1,79)
groningse hoogleraar(1,43)
hoe vertel(1,39)
dat hij(1,156)
aankopen te(1,49)
vossen in(1,75)
ontslag om(1,103)
intern onderzoek(1,32)
grotere omzet(1,48)
nog beslissen(1,75)
23 ie(1,89)
man leefde(1,88)
oil 28(1,34)
paar had(1,95)
st 33(1,82)
183 18(1,77)
oil 20(1,34)
binnenland buitenland(1,38)
de beurscommissie(1,58)
en carter(1,49)
contract over(1,95)
dubbelganger van(1,80)
ld 11(1,82)
ploeg waren(1,73)
grote verschuivingen(1,49)
brief na(1,84)
en holtrop(1,97)
van piloten(1,66)
bal toe(1,81)
uitgezocht door(1,88)
naam ons(1,97)
47 nat(1,52)
bij eerder(1,78)
minister kissinger(1,8)
in prins(1,104)
voor rijke(1,91)
nog lachen(1,83)
360 miljoen(1,40)
bernhard was(1,59)
italiaanse president(1,47)
gooien naar(1,88)
consequenties en(1,79)
henk terlingen(1,26)
door henny(1,62)
besmet door(1,98)
leuzen tegen(1,56)
van gulf(1,29)
schenking aan(1,88)
control dat(1,11)
kabinet staat(1,93)
uitvoeren of(1,102)
reliance gr(1,7)
aan den(2,156)
van democraten(1,92)
van nazi(1,62)
237 23(1,69)
gerritsen die(1,92)
kaarten liggen(1,92)
atlantic richfield(1,25)
in sankt(1,54)
puzzel en(1,37)
niet uitgezonden(1,70)
van blaam(1,104)
of 57(1,78)
en onwil(1,114)
bekeerd tot(1,100)
voor britse(1,55)
progressieve krachten(1,47)
de dag(6,156)
getuige tegen(1,97)
wellicht binnenkort(1,94)
op retour(1,65)
zwitserland nog(1,100)
praten ik(1,97)
tros is(1,44)
amerika bereid(1,67)
zwendel met(1,78)
washington the(1,21)
meerderheid moet(1,119)
al 45(1,84)
agt justitie(1,7)
walm van(1,99)
utrecht gaat(1,93)
communisten willen(1,64)
derde land(1,67)
wel praten(1,77)
korrel genomen(1,51)
klaarheid brengen(1,88)
lockheed aircraft(1,24)
koffer vol(1,80)
min dollar(1,30)
de kernvraag(1,64)
fors omhoog(1,32)
is de(2,156)
italiaanse parlement(1,50)
nooit enig(1,66)
37 gen(1,55)
mensen praten(1,50)
laatste schakel(1,88)
de eindstreep(2,106)
aan regering(1,68)
17 ta(1,71)
verweert zich(1,93)
passiviteit van(1,65)
loopt kans(1,91)
alle blaam(1,94)
strauss is(1,89)
vvd niet(1,39)
dat vliegtuig(1,75)
beide limburgen(1,44)
op geheime(1,102)
na hard(1,84)
30.000 dollar(1,71)
niet relevant(1,36)
op kritiek(1,58)
regering erkent(1,83)
voor een(2,156)
te gast(2,137)
oorlogsmisdadigers die(1,53)
aan commissie(1,102)
oprichting voor(1,103)
en chantage(1,72)
commissie houdt(1,115)
in rapport(1,113)
papieren de(1,106)
eisten een(1,54)
el 15(1,101)
20 207(1,80)
om namen(1,101)
35 nat(1,59)
93 94(2,156)
21 20(2,156)
38 58(1,80)
juliana werd(1,77)
prins zelf(1,115)
bernhard het(1,59)
geen inzage(1,96)
moest verder(1,97)
akkoord voor(1,43)
scoort het(1,61)
memorandum over(1,76)
verblijft op(1,71)
zwitsers in(1,97)
voor beurs(1,77)
staatshoofd in(1,79)
60 61(2,155)
verontschuldigt zich(1,106)
nieuwe onthullingen(1,91)
15 union(1,42)
drie modellen(1,76)
lid blijven(1,92)
werd weggehaald(1,99)
naar prins(1,117)
over aankoop(1,90)
affaire niet(1,104)
aan indonesische(1,35)
gaat studeren(1,47)
weer terug(3,146)
kandidatenlijst van(1,43)
miljoen niet(1,41)
van niets(2,156)
mijn mensen(1,51)
vrij op(2,153)
mr donner(1,50)
op zwitserland(1,108)
22 au(1,96)
klm zal(1,49)
gepubliceerd een(1,92)
de bewapening(2,143)
mea culpa(1,92)
document over(1,74)
robert wagner(1,50)
tegenstellingen binnen(1,63)
justitie verklaarde(1,121)
hij liegt(1,100)
eerst bijeen(1,87)
terugtreden van(1,96)
regering laat(1,81)
157 15(1,82)
lichten door(1,105)
heil de(1,123)
japan na(1,84)
beurs blijft(1,101)
27 gen(1,56)
het kort(3,156)
leest als(1,113)
87 88(2,155)
betrokkenen van(1,90)
thriller met(1,52)
verdere acties(1,55)
34 gen(1,52)
zwijgende meerderheid(1,26)
union o.c(1,8)
80 81(2,156)
olies en(1,66)
regering neemt(1,85)
speculaties in(1,99)
aantal documenten(1,91)
72 73(2,155)
amerikaans vliegtuig(1,50)
266 266(1,70)
dit hoort(1,107)
van besloten(1,109)
144 148(1,88)
13 au(1,101)
dc 10(1,88)
zelfmoord plegen(1,99)
volgens zegslieden(1,49)
18 au(1,105)
vs om(1,55)
times over(1,125)
vs aan(1,86)
maanden nodig(1,58)
toestemming nodig(1,53)
deining in(1,88)
japanse hoofdstad(1,50)
niet geld(1,106)
weken bezig(1,99)
klaar te(2,147)
blijft erbij(1,72)
westduitse ambassade(1,36)
excuses voor(1,81)
handelingen het(1,126)
zaak mag(1,127)
z'n kop(1,69)
trok weer(1,98)
to be(2,156)
carter van(1,54)
drie had(1,104)
23 au(1,99)
doden bij(1,55)
weg naar(5,156)
kweken voor(1,51)
hoekstra voor(1,123)
in delfshaven(1,68)
nog zoek(1,109)
verkeerde conclusies(1,88)
verder terrein(1,63)
tegen huis(1,64)
12 10(2,156)
over verkoop(1,87)
onderzoek nodig(1,52)
strauss in(1,90)
zal snel(1,80)
de 1001(1,99)
aardbevingen en(1,114)
251 25(1,103)
niets gevraagd(1,117)
texas ut(1,17)
star in(1,112)
concerns en(1,66)
blijft nog(2,156)
commissies de(1,91)
politici te(1,85)
goede steun(1,79)
321 32(1,96)
minst slechte(1,88)
32 52(1,99)
over amerikaanse(1,51)
zette ook(1,104)
20 amst(1,97)
diplomatieke activiteit(1,57)
geen beslissing(2,139)
ontsnappen door(1,116)
van bejaarde(1,127)
diskrediet te(1,64)
weer uitgesteld(1,100)
actuele onderwerpen(1,53)
10 all(1,120)
betrekken is(1,99)
moeten zwijgen(1,128)
onvertogen woord(1,95)
van fran(1,114)
volgen procedure(1,77)
met aftreden(1,86)
lire in(1,110)
mexico aan(1,102)
vroegere premier(1,82)
naar zichzelf(1,78)
afzijdig van(1,77)
en crisis(1,85)
twintigtal personen(1,118)
geld kreeg(1,106)
voormalig verzet(1,47)
eerherstel van(1,90)
het formeel(1,109)
betaalde in(1,126)
vpro en(1,45)
421 42(1,101)
zijn netten(1,116)
kamer liet(1,134)
spanning om(1,88)
instellen om(1,107)
multinationale ondernemingen(1,25)
secretariaat in(1,91)
33 53(1,92)
55 25(1,126)
japan wil(1,82)
21 nat(1,62)
maandag op(2,156)
enig geld(1,90)
te annuleren(1,51)
v.d poel(1,72)
gistermiddag dat(1,75)
interessant boek(1,106)
onze tijd(2,153)
of ford(1,71)
39 59(1,98)
onrecht aangedaan(1,109)
niet vasthouden(1,99)
gaan instellen(1,104)
oil pr(1,11)
26 int(1,63)
30 49(1,101)
the u.s(1,44)
vol uit(1,123)
geen verdere(2,154)
ik aanvaard(1,118)
fel omstreden(1,66)
10 un(1,65)
gesprek met(3,156)
union el(1,13)
zelfmoord in(1,119)
57 54(1,102)
hielp bij(1,101)
voor spaanse(1,47)
onrust bij(1,104)
studeren op(1,52)
meer bewijzen(1,142)
beursredacteur new(1,19)
om hierdoor(1,115)
en colombia(1,78)
24 el(1,108)
publiciteit rond(1,35)
voor premier(1,64)
om amerikaanse(1,51)
beslag op(2,154)
34 nat(1,71)
toch kans(1,97)
van christen(1,128)
pleiter voor(1,111)
kosten betalen(1,115)
31 int(1,67)
franse blad(1,56)
slechts zijdelings(1,110)
in dutch(1,83)
un brands(1,19)
doorgaans zeer(1,135)
geding gebracht(1,89)
aanrijding van(1,80)
st 40(1,110)
paul is(1,110)
en 1974(1,31)
un techn(1,14)
york zaterdag(1,34)
regering geeft(1,86)
33 int(1,67)
gescheiden in(1,126)
henk ten(1,41)
gaf opdracht(1,77)
is teer(1,117)
en van(1,156)
was prins(1,139)
27 int(1,65)
beschuldigingen over(1,86)
65 56(1,111)
nek in(1,102)
conclusie aan(1,120)
gas terug(1,28)
naar eventuele(1,52)
de schrijvende(1,75)
de strijdkrachten(2,156)
preek over(1,112)
gegevens naar(1,84)
niets bijzonders(2,156)
iets omhoog(1,92)
oude staat(1,71)
zelf uitmaken(1,94)
later vast(1,124)
van kapitalistische(1,90)
niet staken(1,109)
felle protesten(1,71)
ontslagen door(1,132)
zwitserland door(1,139)
department of(1,91)
we toch(2,141)
appartement aan(1,33)
helemaal tevreden(1,49)
beschuldiging van(2,156)
steel 32(1,43)
bij defensie(1,50)
geen akkoord(1,44)
in herfst(1,94)
corporation in(1,92)
failliet te(1,110)
meer materiaal(1,91)
betrokken bij(2,139)
met pensioen(2,152)
buigen zich(1,108)
toch weg(1,108)
speciaal vliegtuig(1,67)
belemmerd in(1,133)
street in(1,95)
weinig materiaal(1,92)
harrie cremers(1,26)
felle concurrentie(1,93)
laster tegen(1,138)
op toekomstige(1,121)
dollar hebben(1,81)
blijft aandringen(1,141)
york woensdag(1,32)
vs voor(1,106)
ploeg bij(1,94)
10 97(1,100)
zei premier(1,47)
54 34(1,90)
had direct(1,90)
bernhard op(1,57)
drie over(1,108)
compleet op(1,106)
blijken uit(2,156)
nog paar(1,93)
prinses armgard(1,41)
menten en(1,110)
fors in(1,41)
zij eisten(1,58)
van traditie(1,96)
toledo fd(1,15)
western un(1,14)
de weekbladen(1,105)
voor klm(1,39)
affaire de(1,135)
steel 45(1,44)
asiel in(1,40)
navo is(1,44)
dollar hoger(1,46)
nederland krijgt(1,78)
niets ontvangen(1,137)
met communisten(1,73)
moest later(1,104)
blijven zei(1,98)
en centen(1,144)
33 15(1,121)
vertraging bij(1,109)
geen gouden(1,119)
knellende banden(1,143)
het limburgs(2,67)
kamerlid dat(1,105)
bewijzen niet(1,146)
zwijgt over(1,120)
jaren belangrijk(1,114)
de hercules(1,116)
proces tegen(2,156)
steun voor(2,156)
oordeel van(3,156)
geen redelijk(1,120)
op bedrijven(1,80)
lockheed aireraft(1,29)
beschikt nog(1,96)
221 22(1,115)
niet afgerond(1,40)
van 1,1(1,94)
op stukken(1,139)
heeft vertrouwen(1,120)
directeuren in(1,142)
stapelen zich(1,97)
eis tegen(1,59)
op villa(1,100)
spionage voor(1,42)
news in(1,100)
afleggen voor(1,127)
kan aantonen(1,57)
zegslieden in(1,51)
gulden mee(1,91)
opzet of(1,125)
boekhouder de(1,139)
drie wijzen(1,107)
van oud(2,156)
actief bij(1,78)
met onderzoek(1,118)
een borgtocht(1,107)
weet na(1,116)
actie tegen(2,151)
drie heeft(1,102)
brug komen(1,105)
vertrouweling van(1,131)
geen opheldering(1,120)
in bonn(2,119)
met tegels(1,99)
ons staatsbestel(1,74)
haag kan(1,102)
ingezonden van(1,140)
van progressieve(1,83)
uit 1960(1,35)
amerikaanse journalist(1,56)
schuiven op(1,114)
veel blijken(1,125)
de vrijstaat(1,113)
aankoop te(1,121)
aan irak(1,57)
10 ad(1,68)
eigen streek(1,82)
pvda ppr(1,22)
en het(3,156)
vliegtuig niet(1,84)
formeel in(1,115)
10 20(2,156)
rechts aan(1,113)
in staat(8,156)
door frits(1,100)
dochters in(1,144)
journalistiek en(1,110)
stopt met(1,57)
vs heeft(1,47)
ook oud(1,108)
amerikaanse senator(1,51)
kop door(1,111)
in politieke(2,152)
vuile was(1,59)
tokio te(1,85)
inzicht geven(1,94)
document in(1,123)
wel langer(1,125)
kabinetscrisis in(1,95)
doofpot te(1,112)
19 191(1,119)
dochter als(1,130)
staat op(3,156)
131 13(1,113)
geen verhaal(1,117)
hoe werkt(1,101)
bekende naam(1,97)
bernhard een(1,64)
106 103(1,91)
beweringen in(1,128)
orders zijn(1,147)
andere tijd(1,98)
speculaties over(1,62)
4000 per(1,127)
autoriteiten bij(1,138)
intriges en(1,118)
suiker niet(1,127)
senaat voor(1,144)
zijn talloze(1,58)
werkstuk van(1,84)
nieuwe revue(1,98)
conclusie van(2,156)
onze volksvertegenwoordiging(1,128)
prins of(1,130)
affaire een(1,150)
op instorten(1,97)
president bij(1,151)
moest terug(1,118)
opgang van(1,135)
de nerveuze(1,85)
de starfighter(1,35)
amerikaanse blad(1,53)
ging om(2,155)
emigranten uit(1,126)
138 136(1,93)
klm naar(1,54)
strijd naar(1,118)
is waarheid(1,150)
76.00 76.00(1,27)
philips gl(1,34)
rapport over(2,156)
89 86(1,98)
brak met(1,121)
van praag(2,156)
prins als(1,148)
amerikaanse bedrijven(1,48)
beleid bij(1,119)
vs met(1,89)
tweede brief(1,147)
bij tel(1,98)
eerder veroordeeld(1,95)
leverden geen(1,133)
amerikaanse fondsen(1,43)
en anti(1,123)
zet niet(1,104)
weer lager(1,122)
steel 44(1,44)
an niet(1,142)
onder valse(1,61)
stand br(1,85)
bij grotere(1,55)
29 procent(1,61)
11 10(2,156)
minister visser(1,14)
woont thans(1,133)
29 19(1,114)
26 37(1,119)
gegevens ter(1,112)
rechtstreeks voor(1,110)
op ene(1,137)
nieuwe revu(1,29)
aan zwitserland(1,132)
bepaalt zelf(1,61)
conflict een(1,104)
bij politie(1,110)
klachten tegen(1,124)
drie niet(1,127)
konden toch(1,125)
top met(1,109)
de malle(1,117)
moet aftreden(1,151)
33 25(1,129)
sociaaldemocratische partij(1,107)
het werkstuk(1,84)
ver terug(1,100)
steel 42(1,43)
34 25(1,130)
het partijbestuur(2,104)
geld besteed(1,135)
was besproken(1,134)
regering blijft(1,87)
alleen bezig(1,140)
put in(1,146)
43 am(1,74)
ook actief(1,85)
wie om(1,122)
grote beroering(1,60)
mille in(1,130)
69 89(1,107)
prof mr(1,108)
te lichtvaardig(1,121)
bernhard de(1,71)
publ serv(1,46)
neem die(1,119)
op prinsjesdag(1,60)
en claus(1,84)
en corruptie(1,91)
douglas en(1,117)
speelde zij(1,119)
zal graag(1,79)
brandt in(1,120)
1961 een(1,38)
tweede reis(1,148)
stappen tegen(1,87)
licht in(2,156)
900 miljoen(1,42)
zijn afgerond(1,53)
eendracht in(1,124)
krijgen alle(1,98)
politieke invloed(1,103)
steekt zijn(1,111)
en strauss(1,112)
steel 43(1,45)
volgens amerikaanse(1,59)
februari 1976(1,25)
saldo voor(1,137)
pers door(1,136)
juiste keuze(1,104)
materiaal over(1,90)
politie gaat(1,98)
met bank(1,132)
amerikaanse commissie(1,48)
verrassingen in(1,100)
niet nagaan(1,139)
gift voor(1,148)
buitenland ook(1,124)
legt zijn(1,121)
nos niet(1,137)
and for(1,122)
de doorgaans(1,123)
20 pnt(1,70)
prins en(2,156)
van russen(1,140)
biedt ons(1,130)
190 189(1,107)
stijgt met(1,108)
of terug(1,153)
als degene(1,123)
tijd door(2,156)
werkzaamheden begonnen(1,144)
kunnen concurreren(1,90)
beter in(2,156)
contact onderhouden(1,72)
hartelijk om(1,119)
maand over(1,143)
die prins(1,155)
een luxueus(1,82)
edo brandt(1,19)
niet wijzer(1,140)
is los(1,130)
verhoor in(1,132)
voor geheime(1,145)
officieel onderzoek(1,132)
campagne op(1,110)
hetze tegen(1,84)
niet wezenlijk(1,116)
vroeg dat(1,140)
valse naam(1,59)
kamerdebat over(1,85)
1,1 miljoen(1,40)
in den(6,156)
met 170(1,142)
affaire wordt(1,122)
is woedend(1,134)
vliegtuig voor(1,83)
een rolletje(1,124)
inzien hoe(1,149)
boek maar(1,122)
geheime stukken(1,125)
sprake in(1,135)
verder omhoog(1,91)
passages in(1,113)
beschuldiging in(1,154)
dat frans(1,126)
16 jarige(1,116)
naam noemen(1,137)
geheime diensten(1,72)
zeer vaag(1,115)
voelt niets(1,90)
51 51(2,153)
de dollars(1,123)
minister antwoordt(1,128)
justitie over(1,150)
31 12(1,128)
dinsdag niet(1,118)
rapport zou(1,140)
17 am(1,82)
22 miljoen(1,44)
royaal met(1,103)
bij het(2,156)
moeten toezien(1,136)
wegens smaad(1,113)
eerste gesprek(1,86)
washington president(1,68)
29 39(1,116)
amerikaanse pers(1,61)
groot onrecht(1,122)
vs hebben(1,45)
werk geven(1,133)
is uitgevonden(1,150)
21 22(2,156)
zaak wil(1,149)
en general(1,109)
zij woont(1,123)
het geding(2,156)
1963 van(1,38)
de 58(1,147)
in administratie(1,142)
willen horen(1,60)
niels van(1,108)
1,6 miljoen(1,40)
een subcommissie(1,111)
topman van(1,34)
van 106(1,153)
350 miljoen(1,42)
bij fred(1,72)
bank zou(1,146)
26 36(1,135)
zij geld(1,141)
boek geeft(1,106)
18 am(1,79)
en omzet(1,134)
tien mille(1,118)
en oplichting(1,112)
nieuwe gegevens(1,105)
gaan samen(1,106)
dit uiterst(1,133)
betaald zou(1,140)
carter en(1,90)
meer belasting(1,134)
veel interesse(1,80)
87 97(1,114)
buitenlandse pers(1,61)
toelichting de(1,151)
verdrag over(1,123)
af van(3,156)
op medewerking(1,137)
vertel het(1,112)
niet besproken(1,135)
van parlementaire(1,151)
is ai(1,145)
naar bonn(1,112)
applaus voor(1,100)
welkom voor(1,88)
verschuivingen in(1,83)
met 25.000(1,99)
november 1973(1,26)
gelijk recht(1,105)
functie neer(1,96)
in geding(1,100)
recht voor(2,131)
veiligheid de(1,148)
praten over(2,137)
68 58(1,109)
koning klant(1,51)
op huis(1,137)
voordelig saldo(1,65)
ook betrokken(1,107)
mr kist(1,133)
kabinet onder(1,141)
affaire en(1,152)
slot voor(1,153)
1,8 miljoen(1,40)
franse film(1,57)
opheldering in(1,99)
minister in(2,156)
winst niet(1,133)
hoge ambtenaren(1,61)
subcommissie van(1,127)
ook amerika(1,114)
van relaties(1,101)
nieuw stadium(1,103)
borgtocht van(1,115)
klm in(1,56)
weer bezig(1,117)
liet al(1,150)
32 82(1,103)
104 102(1,107)
4,5 miljoen(1,40)
jones index(1,34)
geen actie(1,103)
ik kan(4,156)
vrijspraak voor(1,117)
25 34(1,140)
237 237(1,97)
kabinet had(1,153)
waarheid zal(1,155)
aannemen van(2,156)
33 39(1,145)
rol van(3,156)
nieuwe orders(1,122)
nieuw voedsel(1,154)
barry hughes(1,32)
fractie heeft(1,93)
is gescheiden(1,153)
aan buitenlanders(1,128)
46 40(1,132)
door fred(1,99)
binnen en(4,156)
echtpaar uit(1,107)
niets zegt(1,134)
beschuldigingen aan(1,111)
procent heeft(1,80)
227 227(1,103)
eisen in(1,84)
en aankoop(1,149)
schaart zich(1,151)
van 1.1(1,152)
nodig geweest(1,62)
de ethiek(1,99)
henk hoekstra(1,43)
nieuwe directie(1,135)
zoek in(1,124)
golda meir(1,39)
onderzoek geen(1,139)
in brief(1,110)
in tokyo(1,70)
arrestatie in(1,127)
zich horen(1,61)
japan als(1,114)
york in(1,113)
komst naar(1,113)
kabinet moet(1,138)
kan verder(1,134)
vaker in(1,91)
vorstin en(1,146)
perspectief van(1,100)
van koningin(2,156)
concurreren met(1,80)
in west(2,155)
december 1976(1,23)
57 67(1,122)
die verklaringen(1,151)
97 93(1,112)
zeer kalme(1,145)
terug zonder(1,150)
de keiharde(1,70)
figuur met(1,119)
10 am(1,104)
woord worden(1,137)
voor z'n(1,89)
gevangen zitten(1,140)
gestort op(1,125)
kamer na(1,155)
100 punten(1,106)
amerika over(1,146)
ben alleen(1,127)
zitten bij(1,122)
op rood(1,126)
agt en(1,40)
80 89(1,117)
en vice(1,150)
1968 en(1,39)
om informatie(1,95)
voor bemiddeling(1,88)
voorbeeld gesteld(1,136)
vluchten in(1,115)
goede start(1,75)
nr het(1,124)
73 73(2,154)
zuid korea(1,54)
nederland mag(1,144)
in diskrediet(1,98)
niet bekende(1,151)
passages uit(1,117)
voorlichtingsdienst van(1,77)
zijn functies(1,97)
waar zit(1,121)
deze order(1,129)
de all(1,145)
voor new(1,128)
zijn firma(1,114)
betrokken zou(1,122)
tot politieke(1,146)
orde door(1,154)
medewerking toe(1,107)
zit geen(1,111)
toezien op(1,144)
37 33(1,139)
mei 1962(1,39)
un corp(1,33)
begon bij(1,137)
order te(1,154)
de getuigenissen(1,156)
de industrieel(1,136)
am te(1,155)
53 63(1,126)
al 20(1,117)
56 66(1,134)
38 41(1,151)
mr smit(1,149)
voor russische(1,147)
vliegtuigen aan(1,85)
een triest(1,85)
vliegtuigen voor(1,85)
in nigeria(1,78)
terug op(2,156)
letter de(1,153)
flauw in(1,122)
verboden toegang(1,110)
tweede kamer(6,156)
directeur ir(1,82)
is onzeker(1,156)
wolken van(1,145)
maand in(2,156)
37 35(1,137)
zeer rijke(1,155)
33 30(1,144)
geen stappen(1,123)
rembrandt en(1,129)
gevangenen uit(1,150)
nieuwe druk(1,150)
un pac(1,68)
dollar heeft(1,95)
langdurige onderhandelingen(1,146)
en klm(1,50)
gekomen welke(1,145)
de trom(1,151)
34 98(1,80)
ze mijn(1,115)
jean paul(1,152)
harddraverij en(1,148)
kritiek op(2,140)
70 miljoen(1,49)
uitgevonden en(1,155)
maar beslist(1,115)
geeft je(1,103)
commissie wil(1,142)
te dure(1,114)
hoogst ernstige(1,137)
britse leger(1,59)
even slecht(1,146)
holland wordt(1,155)
drie van(2,156)
recente foto(1,66)
hevig verzet(1,121)
onder ede(1,128)
verklaringen over(1,128)
grote druk(1,59)
dicht tegen(1,113)
onthullingen over(1,111)
89 87(1,116)
jimmy carter(1,30)
komt met(2,156)
26 24(1,137)
definitief van(1,124)
geen onderzoek(1,155)
ontvangst nam(1,121)
te traag(1,127)
moet beslissen(1,154)
rijk door(1,155)
in groene(1,148)
uiterst rechts(1,79)
nederland betreft(1,144)
voor toezicht(1,119)
contact van(1,91)
nederlanders niet(1,147)
kamerleden van(1,114)
positie de(1,147)
echt goed(1,80)
19 40(1,136)
de zwijgende(1,128)
wist niets(1,131)
in nederland(9,156)
bij prof(1,136)
93 90(1,121)
hoort niet(1,136)
47 45(1,131)
gesprekken in(1,154)
140 139(1,109)
geen betaling(1,136)
gezin door(1,152)
ministers op(1,155)
in 34(1,152)
174 175(1,128)
begint met(2,156)
in ziekenhuis(1,108)
kabinet wil(1,114)
generaal van(2,156)
niet praten(1,114)
van japanse(1,63)
vliegt de(1,125)
en vs(1,152)
koersen en(1,150)
verklaring afleggen(1,151)
wegens laster(1,151)
blad le(1,154)
verantwoordelijkheid in(1,153)
de korrel(1,146)
snel over(1,123)
commissie moet(1,153)
niet zichtbaar(1,123)
coalitie met(1,104)
voor dood(1,155)
en ministers(1,156)
ter attentie(1,60)
woedend op(1,138)
houdt vast(1,136)
ook de(1,156)
japanse regering(1,62)
in colombia(1,67)
17 18(2,156)
paar weken(2,156)
betreft geen(1,145)
beschuldiging gesteld(1,152)
hun baan(1,86)
kunnen over(1,154)
rechts is(1,113)
wet tegen(1,154)
sun oil(1,22)
van hercules(1,122)
44 42(1,127)
werktuigen voor(1,150)
stoel met(1,147)
40 38(1,140)
vuurwerk op(1,150)
en politici(1,103)
vast bij(1,153)
nieuwe parlement(1,133)
verliest het(1,150)
twee nederlanders(1,118)
maatregel genomen(1,156)
en z'n(1,93)
kabinet den(1,129)
ontmoeting op(1,136)
betalingen in(1,152)
83 87(1,124)
biedt op(1,137)
vakantie voor(1,51)
niet bereikbaar(1,128)
beslist op(1,140)
door johan(1,139)
internationaal niveau(1,61)
zeer betrouwbare(1,118)
nog zeker(1,125)
en beroofd(1,150)
andere keus(1,153)
de klm(2,74)
van naters(1,84)
ons parlement(1,137)
schoon schip(1,122)
de voorlichtingsdienst(1,80)
van bevolking(1,156)
liet niets(1,155)
129 128(1,116)
prins op(1,155)
aan egypte(1,119)
nederlandse leeuw(1,60)
sprak niet(1,147)
huiszoeking in(1,143)
nader onderzoek(2,156)
commissie kan(1,153)
gaan zei(1,117)
die de(1,156)
flauw op(1,110)
volgende maand(2,156)
commissie geen(1,148)
marx en(1,113)
of nee(1,95)
haarlem het(1,152)
klant van(1,109)
126 125(1,119)
helden en(1,146)
stuit op(1,140)
marcus bakker(1,50)
twijfel bestaan(1,156)
mei 1977(1,26)
197 197(1,110)
reageert op(1,92)
120 122(1,144)
maar geld(1,137)
aanklacht in(1,125)
buitenlandse betrekkingen(1,57)
onze naam(1,120)
21 19(1,137)
19 16(1,137)
118 120(1,143)
ppr en(1,27)
binnen 30(1,145)
weduwen van(1,154)
tot spreken(1,154)
geen uitzicht(1,127)
weigert te(1,151)
gistermiddag met(1,112)
huid te(1,149)
blijft hier(1,155)
bemiddeling bij(1,102)
tokio de(1,97)
het perspectief(1,115)
vertel ik(1,120)
van leerkrachten(1,98)
80 78(1,125)
14 is(1,155)
compensatie van(1,121)
licht komen(1,155)
122 121(1,117)
hoofdofficier van(1,134)
33 36(1,154)
akkoord over(1,43)
zelf haar(1,137)
union carb(1,39)
123 122(1,114)
gebeurtenissen uit(1,153)
104 104(2,153)
in opschudding(1,152)
87 85(1,122)
van 1976(1,31)
onderwerpen als(1,155)
bewijzen in(1,155)
deugt niet(1,139)
lang bekend(1,155)
vervolging tegen(1,153)
33 31(1,140)
sil it(1,56)
een la(1,142)
in oprichting(1,90)
de buren(2,156)
orders in(1,150)
werd gedwongen(1,137)
wijs beleid(1,142)
had zeer(1,153)
prins heeft(1,156)
haag niet(1,125)
bezoek van(3,156)
weer dicht(1,119)
shell en(1,85)
wat werd(1,149)
li 11(1,155)
prins met(1,155)
rust door(1,154)
terecht zijn(1,116)
voedsel aan(1,155)
democratie is(1,123)
zover bekend(1,61)
stukje in(1,148)
27 25(1,147)
drie aan(1,155)
in vast(1,133)
praat over(1,109)
zich afzijdig(1,85)
hier ging(1,126)
van fokker(1,97)
bezig in(1,153)
de zakenwereld(1,90)
over 50(1,140)
internationale overeenkomst(1,135)
beschuldigd van(2,156)
james bond(1,34)
21 cent(1,130)
te kopen(2,120)
om opheldering(1,148)
maandag naar(1,156)
pers voor(1,140)
14 25(1,151)
van 1960(1,57)
op televisie(1,44)
de vroegere(3,156)
in financieel(1,116)
landmacht in(1,131)
protesten tegen(1,146)
president den(1,113)
mensen door(1,80)
verwachten in(1,154)
leren van(1,149)
19 13(1,132)
onder de(1,156)
en commissaris(1,150)
wat rustiger(1,118)
niet gepubliceerd(1,126)
in bern(1,146)
wat zijn(2,156)
met robert(1,98)
der lek(1,149)
bekend hoe(1,156)
van 1968(1,39)
aankopen van(1,62)
na 23(1,126)
twintig personen(1,156)
van vakantie(1,55)
al vaker(1,94)
defensie de(1,100)
stukken over(1,156)
ontkenning van(1,149)
delegatie uit(1,108)
bedreigd met(1,156)
eer is(1,156)
hoofdstad de(1,156)
had drie(1,152)
12 nl(1,41)
terug in(2,156)
informatie over(2,78)
vriend van(2,156)
direct contact(1,88)
koersen in(1,134)
dood veroordeelde(1,155)
28 26(1,143)
naar de(3,156)
kan bewijzen(1,155)
later iets(1,148)
de sunday(1,104)
rep steel(1,50)
tros aktua(1,21)
88 86(1,128)
en fred(1,112)
verenigen met(1,71)
mark aan(1,120)
voor vrouw(1,145)
besproken in(1,142)
verleent aan(1,153)
met ontslag(1,141)
de loo(1,154)
jarige leeftijd(1,106)
52 54(1,153)
nederlandse industrie(1,60)
voor vertrek(1,127)
zij blijft(1,156)
vliegtuig met(1,86)
stoel in(1,155)
voor mezelf(1,98)
moeten tot(1,155)
alle lof(1,153)
en bedrijfsleven(1,83)
betaald aan(1,156)
ernstige zaak(1,150)
us steel(1,54)
brief over(1,156)
worst en(1,153)
oude vriend(1,140)
een buitenkansje(1,131)
lek in(1,155)
malaise in(1,126)
53 55(1,153)
voor overleg(1,95)
te verenigen(1,72)
naar tokio(1,98)
nieuwe ontwikkelingen(1,65)
in zwitserland(2,156)
voor tegen(1,156)
te kweken(1,67)
prins een(1,156)
afgelegde verklaringen(1,151)
bewezen de(1,154)
gevecht om(1,106)
van raad(1,156)
nu definitief(1,134)
aanslag is(1,155)
dreigen met(1,143)
militaire vliegtuigen(1,85)
176 176(1,113)
ook minister(1,114)
in derde(1,140)
iets lager(2,156)
ons recht(1,130)
openbaar maken(1,155)
42 40(1,142)
en t.v(1,49)
stelt vast(1,124)
winst uit(1,125)
tegen de(1,156)
gegevens uit(1,116)
een avondje(1,117)
rekening in(1,156)
rechtstreeks op(1,127)
geen slecht(1,129)
in actie(2,120)
anderen over(1,156)
en leg(1,136)
bestaan over(1,152)
toevlucht te(1,129)
157 157(1,127)
in amerikaanse(1,68)
absolute meerderheid(1,100)
overhandigd aan(1,150)
een pension(1,109)
ruim miljoen(1,55)
betrokken in(1,156)
vraag bij(1,156)
the united(1,145)
prins is(1,156)
van strauss(1,146)
overeenstemming over(1,109)
mag komen(1,149)
van sydney(1,150)
weinig verschil(1,154)
vooralsnog geen(1,147)
paar in(1,148)
89 89(2,155)
extra geld(1,74)
krijgt ook(1,122)
mysterie van(1,106)
zijn pensioen(1,156)
haag minister(1,56)
uit huis(1,152)
11 li(1,155)
fonds in(1,156)
geef hem(1,144)
drie voor(1,154)
boven dit(1,153)
zichtbaar is(1,126)
in internationale(1,111)
te openbaren(1,155)
ford en(1,102)
heer gerritsen(1,120)
zijn advocaat(1,138)
oude vrienden(1,152)
wat nederland(1,154)
om eigen(1,150)
regering in(2,132)
op steun(1,120)
miljoen op(1,55)
pension van(1,116)
commissie had(1,155)
zich zorgen(1,77)
de dochters(1,154)
wim kan(1,60)
irak en(1,79)
buren van(1,155)
krijgt nu(1,125)
bewapening en(1,119)
zoekt nog(1,127)
van doctor(1,155)
schakel in(1,136)
bereid aan(1,151)
rechts in(1,121)
getuigen in(1,156)
sears roeb(1,69)
oefenen in(1,156)
19 23(1,155)
houdt zich(2,156)
voor nader(1,144)
zijn onschuld(1,131)
verdere informatie(1,107)
valt van(1,154)
praten maar(1,130)
geven geen(1,150)
rechts op(1,121)
drie te(1,155)
over de(5,156)
in volgende(1,155)
directeur in(1,155)
weer begonnen(1,126)
is wie(1,156)
defensie in(1,131)
ging naar(2,156)
tegen andere(1,155)
deed ons(1,155)
geen speciale(1,122)
van japan(2,156)
toestemming om(1,146)
leden kunnen(1,155)
lachen om(1,122)
te nebben(1,156)
door louis(1,148)
la in(1,154)
positie van(3,156)
en premier(1,107)
land er(1,154)
met oranje(1,146)
onderzoek voor(1,155)
123 124(1,151)
luchtmacht in(1,75)
latijns amerika(1,57)
bij grote(1,62)
met namen(1,156)
54 56(1,152)
niet aarzelen(1,155)
de noordelijken(1,115)
deze buitengewone(1,155)
juni met(1,129)
kamerlid van(1,116)
en democratie(1,105)
kamer nog(1,155)
verslaggevers het(1,53)
ontslag in(1,156)
122 123(1,150)
45 47(1,151)
blijft als(1,156)
heeft betaald(1,155)
traden op(1,146)
in met(2,156)
bewijzen dat(2,156)
bij aankoop(2,147)
achtervolgd door(1,147)
engeland om(1,155)
luchtmacht en(1,74)
integriteit van(1,153)
wordt duidelijk(1,147)
om goede(1,156)
graag naar(1,108)
te verplichten(1,128)
week zeer(1,155)
verblijfplaats van(1,155)
proces in(1,152)
premier de(1,136)
in florida(1,134)
dat zij(1,156)
10 21(1,155)
van werktuigen(1,152)
pas in(2,156)
gaf mij(1,155)
tot daden(1,152)
nieuwe stijl(1,102)
graag aan(1,106)
voor op(2,156)
zeggen waar(1,148)
kvp en(1,49)
in hongkong(1,120)
ik hebben(1,150)
50 miljoen(1,64)
benoemd voor(1,156)
boter op(1,149)
ook goede(1,156)
japan naar(1,130)
23 28(1,151)
niet geloven(1,74)
verhaal in(1,153)
was bedoeld(1,139)
van koper(1,155)
regering had(1,108)
bleef ongedeerd(1,130)
leiden naar(1,152)
niets veranderd(1,156)
made in(1,134)
geen verklaring(1,129)
nederland moet(1,154)
wapen en(1,156)
als winnaar(1,89)
agent in(1,156)
geld over(1,143)
brief naar(1,153)
dollar op(1,108)
naar amerika(2,156)
van geheime(1,156)
mensen over(1,64)
een samenvatting(1,98)
eigen verzoek(1,156)
willen ook(1,155)
92 92(2,155)
gebruikt door(1,156)
van wilde(1,154)
politieke leiders(1,112)
trekt zich(1,153)
uitmaken of(1,152)
goede stemming(1,155)
te trappen(1,133)
alle fronten(1,82)
laatste poging(1,156)
een koopje(1,144)
de deugd(1,155)
een democratisch(1,143)
leed van(1,152)
materiaal van(1,121)
onderzoek worden(1,155)
van internationaal(1,143)
moed om(1,156)
begin november(1,128)
30 20(1,154)
south pac(1,94)
als adviseur(1,131)
dat bedrijf(1,154)
aangenomen van(1,155)
voorzitter met(1,155)
met olie(1,155)
geld meer(1,154)
nieuwe voorzitter(1,122)
kan na(1,156)
ij is(1,156)
na verhoor(1,152)
frans jozef(1,142)
miljoen mark(1,74)
een onverwacht(1,155)
verwarring en(1,156)
geld voor(2,156)
de havenarbeiders(1,95)
man achter(1,123)
voor vele(2,156)
de reizen(1,156)
storm in(1,156)
heb niets(1,155)
10 miljoen(1,77)
kan veel(1,152)
10 22(1,153)
orders voor(1,155)
onderzoek instellen(1,143)
reizen van(1,156)
goede dingen(1,136)
van state(2,156)
in openbaar(1,156)
de mede(1,156)
noodzakelijk voor(1,156)
sinds gisteren(1,137)
slot in(1,156)
papieren van(1,155)
inzage in(1,156)
hoofdstuk van(1,156)
een parlementaire(1,136)
zou weten(1,154)
erfenis van(1,156)
en socialisten(1,131)
wordt beschuldigd(1,156)
jan van(3,156)
texas instr(1,39)
ten voorbeeld(1,156)
kennis gebracht(1,130)
vliegtuig in(1,86)
het grijpen(1,129)
verklaring over(1,144)
van ome(1,152)
zij later(1,156)
minister president(1,148)
geen geld(2,156)
18 15(1,151)
worden ingelicht(1,156)
alle informatie(1,36)
vandaag voor(1,112)
al lang(2,154)
eind juni(1,96)
alle gewenste(1,62)
spanje in(1,156)
er kon(1,156)
nu zeer(1,156)
33 35(1,156)
als de(1,156)
heeft recht(1,127)
economie van(1,114)
populariteit van(1,153)
was bestemd(1,156)
de populariteit(1,154)
besteding van(1,156)
geen verband(1,156)
we konden(1,123)
of alle(1,156)
voor japan(1,141)
geld te(2,156)
op internationaal(1,109)
bleef liggen(1,150)
uit zwitserland(1,156)
zaak uit(1,156)
voor waarin(1,156)
marine is(1,156)
woorden uit(1,156)
verschijnsel van(1,153)
zaken over(1,156)
druk van(2,156)
villa van(1,143)
16 19(1,154)
zei van(1,128)
klaar met(1,122)
over nieuwe(1,149)
het plotselinge(1,149)
58 57(1,148)
volkomen vrij(1,155)
ten berge(1,149)
generaal en(1,156)
met werk(1,149)
methoden van(1,129)
buiten dienst(1,156)
maakte voor(1,154)
de geur(1,143)
niet schuldig(1,156)
half mei(1,154)
van stof(1,155)
naar west(1,148)
maakt melding(1,155)
maandag j.l(1,127)
waarschijnlijk met(1,156)
wie was(1,156)
weten wie(1,155)
nieuws over(1,137)
japan heeft(1,143)
52 51(1,149)
ernstige schade(1,123)
onderzoek kan(1,153)
het zweedse(1,65)
aantonen dat(1,69)
bestand tegen(1,153)
met stemmen(1,152)
namen van(2,156)
om nadere(1,156)
129 129(1,136)
parlement de(1,156)
mij niets(1,156)
11 16(1,156)
en legt(1,156)
90 90(2,155)
zeer voorzichtig(1,127)
radio tv(1,39)
stukken zijn(1,156)
opdracht aan(1,131)
internationale samenwerking(1,101)
genoemd is(1,156)
royal dutch(1,76)
verdachte in(1,117)
reis om(1,155)
meest op(1,156)
niet duurder(1,139)
genomen omdat(1,156)
heeft vele(1,156)
order van(1,156)
ik noem(1,156)
opdracht tot(1,125)
man die(4,156)
40 42(1,155)
start in(1,92)
en persoonlijke(1,156)
vrij snel(1,125)
geworden over(1,156)
prins te(1,155)
stukken aan(1,155)
stukken op(1,156)
ik zoek(1,144)
bezorgd over(1,149)
nagaan of(1,153)
voor radio(1,78)
gaat toch(1,145)
justitie van(1,156)
mening over(1,64)
als onderwerp(1,132)
67 66(1,151)
de troon(1,156)
had niets(1,156)
25 in(1,156)
en griekenland(1,155)
eindelijk weer(1,131)
verhaal is(1,156)
tijdens een(3,141)
beroep in(1,156)
hoog niveau(1,89)
duurder dan(1,154)
62 61(1,149)
slachtoffers zijn(1,124)
op nummer(1,121)
geen nieuws(1,156)
achter slot(1,146)
100 102(1,147)
conferentie over(1,150)
weer verder(1,123)
geen vertrouwen(1,156)
deed aangifte(1,118)
niet belangrijk(1,156)
bij verkoop(1,156)
haar broer(1,119)
de waarheid(3,156)
100 miljoen(1,67)
ontvangst in(1,156)
herstelde zich(1,156)
in augustus(2,156)
per ongeluk(1,119)
dit geeft(1,156)
tegen wie(1,155)
japan is(1,148)
de erfenis(1,156)
is afgetreden(1,156)
gaat maar(1,153)
mijn kinderen(1,133)
nieuwe minister(1,156)
zouden niet(1,156)
vermoeden van(1,156)
zorgen over(1,103)
dag weer(1,128)
reacties van(1,79)
de zwitsers(1,151)
op goederen(1,155)
gaat bij(1,156)
82 81(1,146)
van thijn(1,95)
83 82(1,145)
de sjah(1,105)
stukken voor(1,156)
van 87(1,156)
spreekt in(1,156)
commentaar van(1,100)
40 45(1,155)
commissie werd(1,156)
73 72(1,146)
miljoen en(1,73)
jaren zeventig(1,51)
belangrijk voor(1,156)
denken over(1,154)
naar da(1,155)
meer dan(1,156)
dollar in(1,127)
verschaffen van(1,156)
er mag(1,154)
vermoedelijk de(1,156)
op slot(1,130)
geen overeenstemming(1,131)
west europa(1,109)
89 88(1,151)
niet klaar(1,142)
ver achter(1,150)
naar washington(1,154)
het japanse(1,70)
ja of(1,154)
in juni(2,141)
samenvatting van(1,112)
links de(1,138)
midden oosten(1,72)
voor mei(1,156)
land uit(1,156)
en vriend(1,156)
deden het(1,156)
hier volgen(1,155)
allen het(1,156)
90 89(1,153)
84 83(1,151)
goede naam(1,156)
de order(1,156)
wist van(1,154)
het mijn(1,156)
interesse voor(1,89)
beslissen over(1,156)
snel naar(1,138)
uit duitsland(1,63)
van schuld(1,156)
zal nooit(1,156)
nu alle(1,156)
over nederland(1,156)
al vroeg(1,152)
eerste aflevering(1,156)
eigen initiatief(1,126)
united states(1,148)
savornin lohman(1,141)
publiek heeft(1,156)
van openbaar(1,156)
wil nog(1,156)
hoopt op(1,155)
hans de(1,143)
ben geen(1,155)
eigen doel(1,107)
volk zich(1,156)
de monarchie(1,156)
in los(1,110)
uit spanje(1,156)
de eventuele(1,112)
weer vrij(1,136)
94 93(1,153)
ontvangen hebben(1,156)
lof en(1,155)
10 nl(1,65)
duitse en(1,88)
vs en(1,150)
de vs(2,134)
partijen op(1,156)
dankbaarheid voor(1,156)
93 92(1,150)
radio en(2,75)
91 90(1,151)
geen rol(1,116)
86 85(1,152)
125 125(1,137)
aangifte bij(1,155)
140 140(1,143)
onder vuur(1,114)
zeden en(1,156)
in hoger(1,63)
ontkent dat(1,155)
de betaling(2,156)
naar zwitserland(1,156)
sprak in(1,156)
ik zijn(1,156)
in spanje(2,156)
benoemd om(1,156)
had gesproken(1,156)
onderhouden met(1,155)
poort van(1,156)
en frankrijk(2,156)
shell oil(1,64)
bedoeld voor(1,118)
te worden(1,156)
zo verklaarde(1,63)
trainer van(1,86)
fabricage van(1,128)
het zwijgen(1,156)
de aanklacht(1,129)
duidelijk uit(1,156)
14 10(1,156)
advocaat van(1,156)
ik vroeg(1,155)
houding in(1,155)
in 1956(1,58)
gunst van(1,156)
hebben aangenomen(1,156)
hoofdkantoor van(1,119)
hoogleraar in(1,84)
laat de(2,156)
vraag was(1,156)
in 1963(1,50)
de koster(1,155)
gereden en(1,154)
13 10(1,155)
werd ingesteld(1,155)
de tweede(1,156)
blijft de(2,156)
en marine(1,156)
de vervanging(1,156)
haar werkzaamheden(1,130)
87 86(1,147)
op z'n(1,112)
naar het(2,156)
amsterdam vrijdag(1,148)
zaken zal(1,156)
van 4000(1,156)
in 1972(1,39)
mogelijk naar(1,156)
strekt zich(1,156)
zijn we(2,154)
stukken te(1,156)
ik sta(1,156)
wil geen(1,156)
vrienden in(1,156)
nog moeten(1,156)
by the(1,156)
mogelijk ook(1,156)
grote rol(1,64)
beslissen of(1,156)
opnieuw met(1,126)
van vrijheid(1,156)
nog onbekend(1,156)
nodig voor(1,70)
in 1967(1,45)
congres in(1,155)
de mand(1,156)
pleit voor(1,155)
is onjuist(1,156)
in commissie(1,154)
ingesteld onderzoek(1,153)
afrika en(1,156)
gelooft niet(1,156)
afwachtende houding(1,145)
tot dag(1,156)
en leed(1,156)
wil zich(1,156)
verder over(1,156)
conferentie in(1,147)
het gedaan(1,156)
beslissing in(1,156)
uitspraak over(1,155)
van er(1,156)
van voorzitter(1,156)
in 1960(1,63)
wel worden(1,156)
parlementaire redactie(1,45)
mannen op(1,156)
in eigen(3,156)
vrijdag 24(1,156)
aandringen op(1,156)
af als(1,156)
hebben gehad(2,156)
van sympathie(1,150)
na jaren(1,156)
49 50(1,156)
22 21(1,153)
doet in(1,156)
een recente(1,88)
in door(1,156)
spreker op(1,155)
zich veel(1,156)
wellicht ook(1,130)
71 72(1,155)
is in(1,156)
communisten en(1,96)
record van(1,109)
fc utrecht(1,29)
afspraak met(1,128)
84 85(1,155)
88 89(1,155)
wil nu(1,156)
verder door(1,156)
zaak de(1,156)
de put(1,156)
reportage over(1,68)
dinsdag 27(1,131)
te nemen(1,156)
om de(4,156)
en eer(1,156)
kans voor(1,155)
15 10(1,156)
82 83(1,156)
rapport van(2,156)
net van(1,156)
hebben veel(1,156)
91 92(1,156)
zijn woord(1,156)
nooit aan(1,156)
het italiaanse(1,131)
in mei(2,156)
februari en(1,150)
naar nieuwe(1,156)
van bedrijven(1,131)
mag wel(1,156)
goed af(1,155)
de mist(1,156)
week naar(1,156)
10 13(1,156)
banden met(1,154)
handhaven van(1,156)
voeten gesteld(1,156)
vraagt om(1,156)
97 98(1,155)
en tv(1,156)
zaken in(2,156)
vrijlating van(1,155)
mocht niet(1,127)
om verder(1,156)
95 96(1,155)
85 86(1,155)
en vrijheid(1,156)
verhoor van(1,156)
eerder dan(1,156)
deur uit(1,156)
89 90(1,156)
een krant(1,120)
de 1000(1,156)
die in(2,156)
het grote(2,86)
regering zal(1,119)
kamer zal(1,155)
rapport uit(1,156)
invloed uit(1,156)
79 80(1,156)
is bijzonder(1,156)
in marokko(1,141)
voor twee(2,156)
justitie heeft(1,156)
en visser(1,156)
met den(1,156)
het begon(1,149)
naar japan(1,156)
en spanje(1,156)
de voorgrond(1,126)
derde deel(1,156)
lager op(1,156)
de tros(1,122)
zijn bedrijf(1,156)
mag in(1,156)
niet ontvangen(1,156)
weer naar(2,154)
contact met(2,118)
dat is(1,156)
30 dagen(1,156)
geld aan(1,156)
chauffeur van(1,94)
te zwijgen(1,156)
met mensen(1,66)
zich wat(1,156)
wil met(1,156)
van washington(1,156)
geld terug(1,156)
is bedoeld(1,155)
wellicht een(1,130)
de rue(1,156)
van genua(1,156)
mag geen(1,156)
elkaar de(1,138)
de lunch(1,121)
in drachten(1,90)
vragen over(1,156)
in nieuw(1,156)
ontwikkelingen in(1,75)
en oranje(1,156)
vele duizenden(1,156)
zwitserland en(1,156)
in breda(1,137)
aanval op(2,156)
verzet van(1,154)
worden onderzocht(1,156)
in parijs(2,156)
mag een(1,156)
militaire en(1,156)
drie in(1,156)
was vooral(1,156)
tot secretaris(1,155)
middelpunt van(1,156)
wie zij(1,156)
krijgt van(1,140)
zusters van(1,156)
heeft nog(2,156)
13 12(1,154)
dollar per(1,144)
zaak nog(1,156)
met nederland(1,156)
in turkije(1,156)
weet van(1,156)
en april(1,156)
verdeling van(1,88)
na vijf(1,156)
de minst(1,156)
gesprekken met(1,154)
zich terug(1,156)
op voorwaarde(1,156)
door jan(1,156)
weer iets(1,150)
antwoord aan(1,156)
haar dochter(1,133)
mensen uit(1,76)
van dit(2,156)
nos journaal(1,27)
16 18(1,156)
bevorderen van(1,156)
nederlandse volk(1,84)
eis van(1,119)
zijn alleen(1,156)
op hoog(1,156)
nemen tot(1,156)
nieuws uit(1,156)
zal niet(2,156)
de wolken(1,156)
zijn positie(1,132)
juist voor(1,156)
met extra(1,156)
maar werd(1,156)
kon geen(1,156)
gebracht van(1,131)
12 11(1,156)
ons geen(1,156)
niet zijn(2,156)
dat tijdens(1,156)
van amerikaanse(1,92)
zou nog(1,156)
wilde niet(1,156)
recht tot(1,131)
niet te(1,156)
in noorwegen(1,156)
de minister(1,156)
14 16(1,156)
tweede kamerlid(1,112)
de verslagen(1,156)
om te(1,156)
is noodzakelijk(1,156)
te brengen(1,156)
ambtenaren in(1,156)
verschil tussen(1,75)
adviseur van(1,135)
met opzet(1,156)
crisis in(1,155)
101 100(1,151)
bij onderzoek(1,156)
heeft alle(1,156)
inzage van(1,155)
ingesteld naar(1,151)
mijn vriend(1,156)
laatste nieuws(1,134)
van dag(1,156)
te verbergen(1,156)
sympathie voor(1,155)
zich over(2,156)
beslag genomen(2,156)
om geld(1,156)
zich achter(1,156)
aan anderen(1,156)
een protest(1,156)
antwoord te(1,156)
en iets(1,156)
een mens(1,90)
wel over(1,156)
tel aviv(1,76)
verslag uit(1,156)
27 januari(1,147)
van verdachte(1,149)
president en(1,156)
voort met(1,156)
het hoogst(1,156)
bank in(1,156)
te ontsnappen(1,156)
over naar(1,155)
goederen van(1,156)
week of(1,156)
de kaarten(1,156)
vast aan(1,156)
de letter(1,156)
verder aan(1,156)
nog naar(1,156)
vijf maanden(1,156)
om drie(1,156)
begonnen de(1,156)
een miljoen(1,97)
krijgt het(1,147)
brengt het(1,156)
reactie op(1,132)
weer in(3,156)
voorwaarden voor(1,156)
for the(1,156)
de suiker(1,156)
onze parlementaire(1,142)
de cpn(1,58)
zeer druk(1,155)
inmiddels is(1,156)
maakte zich(1,156)
maakte van(1,156)
uit te(1,156)
was het(1,156)
toen niet(1,156)
valt er(1,156)
later is(1,156)
komt uit(1,156)
kijk op(1,115)
zaak en(1,156)
op rekening(1,156)
directeur van(4,156)
verder met(1,156)
uit washington(1,156)
in arrest(1,155)
het niet(1,156)
er zit(1,138)
69 69(1,155)
militaire autoriteiten(1,156)
nederland voor(1,156)
is gistermiddag(1,117)
in eindhoven(1,106)
dinsdag in(1,131)
24 december(1,156)
65 jaar(1,143)
bedrijven in(1,150)
sterk in(1,156)
terug van(1,156)
koninklijke familie(1,156)
inzet van(1,139)
toch een(2,156)
die drie(1,156)
dag tot(1,156)
hier de(2,156)
wil in(1,156)
in midden(1,156)
zult gij(1,155)
regering is(1,121)
komt niet(1,156)
om onder(1,156)
krijgen in(1,151)
bij herhaling(1,156)
justitie in(1,156)
blijven van(1,156)
twee leden(1,156)
ze al(1,153)
der hoeven(1,156)
verkiezingen in(1,156)
is beter(1,156)
beschikbaar voor(1,146)
de aankoop(1,156)
de bruijn(1,156)
61 61(1,152)
geweest bij(1,156)
zuid afrika(1,144)
101 101(2,153)
niets met(1,156)
vaste stemming(1,155)
een demonstratie(1,138)
niet tevreden(1,156)
100 101(1,155)
62 62(1,152)
stemming in(1,156)
wist niet(1,156)
me de(1,156)
neer op(1,146)
van wie(2,156)
zijn oude(1,155)
van militaire(1,156)
van breda(1,156)
vrije voeten(1,156)
aftreden van(1,156)
ruil voor(1,145)
te komen(1,156)
de moeilijke(1,129)
65 65(1,151)
commissie is(1,156)
71 71(1,155)
hand op(1,156)
is bereid(1,156)
van weinig(1,156)
jaar dat(1,156)
onder druk(1,102)
geboren in(1,156)
10 15(1,156)
van prinses(1,156)
vrede in(1,156)
van vorig(1,151)
het moeilijk(1,130)
beter op(1,156)
wij hadden(1,156)
licht op(1,156)
72 72(1,155)
verzocht zich(1,156)
als een(2,156)
kring van(1,156)
te stoppen(1,156)
arbeiders van(1,153)
een hoge(1,69)
er van(4,156)
zijn doel(1,156)
mei tot(1,156)
in te(1,156)
moet op(1,156)
nederland op(1,156)
de luchtmacht(1,78)
commissie in(1,156)
nieuwe jaar(1,156)
67 67(1,153)
bij wie(1,156)
achter het(2,156)
grote belangstelling(1,69)
uit het(2,156)
heeft gisteren(2,156)
van justitie(4,156)
van start(1,97)
rondom de(1,156)
niet meer(2,156)
om een(1,156)
78 78(1,152)
volgen de(1,156)
een groot(1,156)
zich bezig(1,156)
toch weer(1,137)
aankoop van(2,156)
rood en(1,156)
opnieuw in(1,131)
op eigen(2,156)
had nog(1,156)
gisteren in(2,156)
wie in(1,156)
goed zijn(1,156)
worden nog(1,156)
instellen van(1,155)
lezing van(1,156)
74 74(1,154)
werden zij(1,156)
staf van(1,156)
op vrije(1,156)
ridder in(1,149)
de poort(1,156)
miljoen gulden(2,97)
vragen en(1,156)
ploeg van(1,141)
wie de(2,156)
te beletten(1,156)
uit tot(1,156)
het aannemen(1,156)
te helpen(2,156)
een hoeveelheid(1,141)
de wapens(1,156)
heeft ontvangen(1,156)
geld op(1,156)
ik wist(1,156)
hebben gisteren(1,156)
al hun(1,156)
wie is(1,156)
mensen van(1,106)
gaan naar(1,156)
of per(1,156)
over ons(1,156)
een officieel(1,156)
betaling van(2,156)
protest tegen(1,156)
nog over(1,156)
het verder(1,156)
niets voor(1,156)
president van(2,156)
toch zijn(1,156)
besloten een(1,156)
geen nieuwe(1,156)
kon zich(1,156)
besteed aan(1,156)
niet helemaal(1,74)
en japan(1,152)
het militaire(1,156)
aflevering van(1,156)
nederland heeft(1,156)
en oud(1,156)
gaat met(1,156)
het hoofdkantoor(1,156)
vrijheid en(1,156)
wel of(1,156)
degene die(1,156)
voor zover(1,84)
golf van(1,156)
de bodem(1,156)
12 13(1,156)
commissie uit(1,155)
een bekend(1,156)
verantwoordelijk voor(1,156)
begaf zich(1,156)
vraag voor(1,156)
zag de(1,156)
van nederlandse(1,145)
arbeid en(1,156)
niets te(2,156)
staat om(1,156)
aan een(2,156)
het gevecht(1,156)
nederlandse regering(1,64)
eenheid van(1,156)
gehad van(1,156)
zij is(2,156)
geweest in(1,156)
een conferentie(1,135)
met zijn(1,156)
hebben gekregen(1,156)
83 83(1,151)
geruime tijd(1,156)
toe in(1,156)
af in(1,156)
moet nog(1,156)
tijd niet(1,156)
voor beide(1,156)
in oostenrijk(1,156)
te hebben(2,156)
gedaan heeft(1,156)
85 85(1,153)
onderwerp van(1,156)
hebben ontvangen(1,156)
de vragen(1,156)
commissie voor(2,156)
melding van(1,156)
iets in(1,156)
los angeles(1,103)
mijn vrouw(1,134)
zoeken naar(1,155)
voorwaarde dat(1,156)
geen twijfel(1,156)
wachten op(1,156)
al jaren(1,148)
ontslag van(1,156)
administratie van(1,156)
van alle(1,156)
de dochter(1,156)
van haarlem(1,156)
ter dood(1,156)
afscheid van(1,156)
niet uitgesloten(1,154)
aantal leden(1,156)
motie van(1,156)
en grote(1,83)
van elkaar(1,143)
verder dan(1,156)
de senaat(1,156)
geven op(1,156)
achter zich(1,156)
10 12(1,156)
wil van(1,156)
binnenlandse zaken(1,117)
steeds niet(1,156)
dag voor(1,156)
zei ik(1,144)
groot succes(1,141)
stil en(1,156)
op na(1,156)
op bezoek(1,123)
een kwestie(1,138)
91 91(1,155)
op als(1,156)
23 jaar(1,154)
de nieuwe(2,156)
87 87(1,153)
beleid van(1,156)
schuld van(1,156)
er tegen(1,156)
van dienst(1,156)
afgezien van(1,156)
gedaan in(1,156)
jaar door(1,156)
bericht uit(1,131)
de tekst(1,156)
de groene(1,156)
wil niet(1,156)
gaat niet(1,156)
haag de(1,131)
in beslag(2,156)
ontvangen dat(1,156)
huis van(2,156)
zijn hand(1,147)
ook veel(1,156)
haag en(1,156)
uit rotterdam(1,156)
boek van(1,156)
naar parijs(1,156)
niet was(1,156)
in ruil(1,156)
ook om(1,156)
dit soort(1,155)
een speciaal(1,156)
reeds eerder(1,134)
van oude(1,156)
communistische partij(1,79)
te zijn(3,156)
laat het(1,156)
portret van(1,156)
voor allen(1,156)
zijn al(1,156)
in februari(1,154)
europa en(1,156)
een nader(1,156)
uit de(7,156)
het verloop(1,155)
foto van(1,100)
van president(1,156)
reis van(1,156)
langer dan(1,156)
geven in(1,156)
op tafel(1,156)
vertrek naar(1,156)
had om(1,156)
waar de(1,156)
aan in(1,156)
verdacht van(1,156)
regering heeft(1,131)
niet vergeten(1,156)
10 te(1,156)
verder in(1,156)
niets aan(1,156)
maar we(1,148)
te maken(3,156)
vervanging van(1,156)
was al(1,156)
de marine(1,156)
verschil van(1,156)
uit op(1,156)
zaak te(1,156)
de ware(1,156)
zou in(1,156)
te verschaffen(1,156)
was een(1,156)
of de(1,156)
zijn hoofd(1,156)
ik heb(1,156)
een echte(1,153)
de voorzitter(1,156)
hij de(1,156)
jan de(1,156)
prijs en(1,156)
waarom de(1,156)
dan maar(1,156)
de stemming(2,156)
om uit(1,156)
van 40(1,156)
op reis(1,156)
nu maar(1,156)
poging om(1,156)
goed op(1,156)
het werk(1,156)
leden van(1,156)
nieuws van(1,156)
de aanval(1,156)
uit eigen(1,156)
het beleid(1,156)
plan van(1,156)
zal doen(1,156)
op 16(1,156)
algemeen belang(1,156)
om 10(1,156)
functie van(1,156)
verklaarde de(1,156)
door in(1,156)
pogingen om(1,156)
al heel(1,153)
poging tot(1,156)
herziening van(1,156)
als gevolg(2,156)
in china(1,156)
vorig jaar(3,156)
werd niet(1,156)
te geven(2,156)
het geld(2,156)
de tafel(1,156)
toezicht op(1,131)
een boek(1,156)
in duitsland(1,85)
in ons(1,156)
toen de(1,156)
niet door(2,156)
al spoedig(1,156)
bezit van(2,156)
een feit(1,155)
wordt ook(1,156)
programma van(1,156)
vragen van(1,156)
geen andere(1,156)
vergelijking met(1,156)
uit in(1,156)
nu wel(1,156)
van zich(1,156)
niet mee(1,152)
over een(1,156)
in januari(1,151)
hof van(1,156)
een nieuwe(1,156)
het nieuws(1,156)
zich er(1,156)
en andere(1,156)
in bezit(1,156)
juni a.s(1,127)
op om(1,156)
bij zijn(2,156)
partij van(1,156)
commissaris van(1,156)
is weer(1,154)
de nederlandse(1,156)
afkomstig van(1,156)
van defensie(1,154)
naar londen(1,156)
een onderzoek(2,156)
april van(1,156)
gisteren een(1,156)
rede van(1,156)
te hoog(1,156)
nog meer(2,156)
het lagerhuis(1,156)
98 98(1,155)
taak van(1,156)
zich voor(2,156)
afhankelijk van(1,156)
naar engeland(1,156)
ontvangen van(1,156)
zich op(3,156)
was zeer(1,156)
het geen(1,156)
de bijzondere(1,156)
gaat om(1,156)
de liefde(1,156)
de telegraaf(1,156)
verder te(1,156)
in engeland(2,156)
heeft besloten(1,156)
het feit(1,156)
man in(1,156)
terug naar(1,156)
de inhoud(1,156)
ook voor(1,156)
de bilt(1,156)
vertrouwen in(1,156)
zich nu(1,156)
heeft deze(1,156)
invloed op(1,156)
zijn er(1,156)
verloop van(1,156)
nog lang(1,156)
zou zijn(1,156)
over te(3,156)
in ontvangst(1,156)
in holland(1,156)
het koninklijk(1,156)
zijn ze(1,156)
zijn gekomen(1,156)
maar door(1,156)
zaak in(1,156)
eens in(1,156)
de rol(1,156)
feit dat(1,156)
nog niet(7,156)
dood van(1,156)
over en(1,156)
heeft geen(1,156)
de jong(1,156)
dit seizoen(1,131)
het oog(1,156)
de communistische(1,110)
naar een(1,156)
nog steeds(1,156)
ter sprake(1,156)
zou hebben(2,156)
van holland(1,156)
die het(2,156)
ontvangst van(1,156)
bezig met(1,156)
zich tegen(1,156)
maar eens(1,156)
nu weer(1,153)
niet op(1,156)
jaren in(1,156)
het verschil(1,156)
van jan(1,156)
lid van(1,156)
voor in(1,156)
te bevorderen(1,156)
in huis(1,156)
de baan(1,156)
naam van(2,156)
brief van(1,156)
van maandag(1,156)
de praktijk(1,156)
maar ik(2,156)
een paar(2,156)
zijn leven(1,156)
de belangrijkste(1,156)
te redden(1,156)
rond de(1,155)
niet verder(1,156)
inhoud van(1,156)
maken met(1,156)
ter kennis(1,156)
zich in(2,156)
waarvan de(1,156)
reis naar(1,156)
nog voor(1,156)
van vele(1,156)
nu voor(1,156)
het ogenblik(1,155)
aan van(1,156)
tijdens de(1,156)
besluit van(2,156)
zich niet(1,156)
de hand(2,156)
waren in(1,156)
jaar met(1,156)
wij kunnen(1,156)
een commissie(1,155)
er toe(1,156)
maar zij(1,156)
is nog(1,156)
de amerikaanse(2,102)
kwestie van(1,156)
is niet(2,156)
dochter van(1,156)
ook maar(1,156)
te volgen(1,156)
weg van(1,156)
heeft in(1,156)
de positie(1,156)
al in(1,156)
nu al(1,156)
het paleis(1,156)
de zeer(1,156)
het hier(1,156)
vrouw van(1,156)
op straat(1,156)
niet dat(2,156)
en weer(1,156)
raad van(1,156)
de verkoop(1,156)
nog wel(2,156)
wat in(1,156)
van 30(1,156)
is nu(2,156)
niet over(1,156)
een andere(1,156)
had in(1,156)
ook geen(1,156)
volgende week(1,156)
zij met(1,156)
gevolg van(2,156)
de taak(1,156)
overleg met(1,156)
het volk(2,156)
ons niet(1,156)
niet van(1,156)
een goede(1,156)
naar den(1,156)
zaak van(1,156)
zei dat(1,140)
per maand(2,156)
wijziging van(1,156)
toe te(1,156)
van wat(1,156)
hebben om(1,156)
den berg(1,156)
lang niet(1,156)
recht op(1,133)
de toekomst(1,156)
over zijn(1,156)
de bal(1,156)
het jaar(1,156)
van die(2,156)
een week(1,152)
de kamer(3,156)
dit jaar(2,156)
vrouw en(1,156)
hem de(1,156)
blijken van(1,156)
niets meer(1,156)
de haan(1,156)
zij op(1,156)
in rotterdam(1,156)
te weinig(1,156)
niet naar(1,156)
of the(1,156)
aanleiding van(2,156)
bekend is(1,156)
werd in(1,156)
of hij(1,156)
is ook(1,156)
van mr(1,156)
niets van(1,156)
tegen een(1,156)
heeft voor(1,156)
de beurs(1,156)
ik wil(1,156)
in orde(1,156)
zijn bij(1,156)
handel in(1,156)
secretaris van(1,156)
is geworden(1,156)
de vries(3,156)
steeds meer(1,156)
de firma(2,156)
van der(7,156)
kan zijn(1,156)
af te(2,156)
antwoord op(1,156)
buitenlandse zaken(1,107)
het begin(1,156)
nu de(1,156)
zijn nog(1,156)
meer van(1,156)
de man(3,156)
handel en(1,156)
maar toch(1,156)
wel eens(1,156)
dienst van(1,156)
verklaarde dat(1,156)
ook in(3,156)
de franse(1,138)
dat zijn(2,156)
de drie(2,156)
aan boord(1,156)
nu ook(1,156)
wat is(1,156)
toch nog(1,156)
nog eens(1,156)
de koninklijke(1,156)
tot op(1,156)
de kans(1,156)
te gaan(3,156)
heeft aan(1,156)
van 25(1,156)
niet bij(1,156)
naar aanleiding(2,156)
man van(1,156)
we hebben(1,149)
samen met(1,127)
jaar geleden(1,156)
na te(1,156)
een bedrag(1,156)
te veel(1,156)
was in(1,156)
te melden(1,156)
het eerst(1,156)
van ons(2,156)
de vraag(2,156)
waar zij(1,156)
een jaar(1,156)
weer op(1,156)
naar huis(1,156)
nog in(1,156)
het congres(1,156)
niet voor(1,156)
tegen het(2,156)
de jaren(1,156)
wijze van(1,156)
van verschillende(1,156)
bedrag van(2,156)
te verwachten(1,156)
in verband(3,156)
wel in(1,156)
te zeggen(1,156)
de mensen(1,148)
de koningin(1,156)
belast met(1,156)
en ik(2,156)
verenigde staten(1,117)
ter gelegenheid(1,156)
kan niet(1,156)
een soort(1,156)
met haar(1,156)
naast de(1,156)
in frankrijk(1,156)
niet uit(1,156)
ik ben(2,156)
al een(1,156)
is geweest(1,156)
en verder(1,156)
mee te(1,151)
achter de(1,156)
verklaard dat(1,156)
op alle(1,156)
de tijd(1,156)
bij ons(1,156)
hoe de(1,156)
in handen(1,156)
thans in(1,156)
of niet(1,156)
het gaat(1,156)
voorstel van(1,156)
was voor(1,156)
moet de(1,156)
naar zijn(1,156)
die als(1,156)
dat voor(1,156)
oog op(1,156)
minister van(5,156)
veel meer(1,156)
voor zijn(2,156)
is geen(1,156)
zich van(1,156)
binnen de(1,156)
van twee(1,156)
verzoek van(1,156)
in europa(1,156)
vooral in(1,156)
de deur(1,156)
het spel(1,156)
de wereld(2,156)
te trekken(1,156)
zij een(1,156)
het oude(1,156)
in dienst(1,156)
de zaak(3,156)
vooral de(1,156)
omdat het(1,156)
buiten de(1,156)
heel wat(1,154)
wordt een(1,156)
in amsterdam(1,156)
meer te(1,156)
belang van(1,156)
een grote(1,95)
voorzitter van(2,156)
op zijn(3,156)
te treden(1,156)
officier van(1,156)
kan het(1,156)
verkoop van(1,156)
niet met(1,156)
ter beschikking(1,156)
het belang(1,156)
het onderzoek(1,156)
nederland en(1,156)
ik het(1,156)
ons land(2,156)
gelegenheid van(1,156)
werd door(2,156)
zegt dat(1,156)
maar niet(1,156)
namens de(1,156)
dan een(2,156)
van nederland(1,156)
veel te(1,156)
niet in(4,156)
het licht(1,156)
te werken(1,156)
van te(1,156)
werk van(1,156)
het publiek(2,156)
verband met(3,156)
