wall street(39,107)
in vs(19,129)
geld en(18,156)
van recessie(8,31)
en beleggen(8,63)
en goed(18,156)
economisch herstel(10,81)
recessie in(8,40)
jan bouwer(7,24)
herstel in(10,155)
ed wisborg(6,14)
west duitsland(11,57)
miljoen werklozen(7,39)
de recessie(8,41)
door wim(8,73)
werkloosheid blijft(6,47)
jan laan(6,56)
edo brandt(7,19)
in economie(6,70)
door geert(6,87)
in 1974(9,38)
amerikaanse economie(7,49)
minister lubbers(7,19)
geert jan(6,85)
den uyl(10,76)
sparen en(7,155)
goed door(8,156)
door rob(6,70)
dit jaar(19,156)
van capaciteit(5,99)
meer winst(6,122)
5,75 miljard(3,1)
de dollar(8,133)
in 74(5,115)
moeilijk jaar(5,88)
het kort(9,156)
minder olie(4,35)
van economie(5,87)
groei in(6,108)
street zeer(3,6)
door jan(7,156)
door ed(5,151)
miljard in(5,49)
rob jager(3,9)
herstel door(4,106)
door cees(4,57)
rob warnderink(3,9)
economie in(5,88)
jaar vermoedelijk(4,114)
oeso verwacht(3,25)
minister duisenberg(4,10)
in herstel(5,85)
rekent op(5,156)
warnderink vinke(3,29)
in japan(7,155)
auto industrie(3,39)
in jaarverslag(3,50)
korter werken(4,59)
in v.s(3,39)
over economische(4,96)
winst bij(4,126)
aan industrielanden(2,1)
recessie te(3,31)
rode cijfers(4,33)
economische groei(5,49)
verlies bij(4,149)
onze beursredacteur(4,33)
lager resultaat(3,34)
winstdaling van(3,28)
fors lagere(3,25)
derde kwartaal(5,156)
en werkloosheid(4,104)
street toch(2,2)
rijke landen(4,75)
oeso meent(2,2)
thv en(2,2)
zeer fors(3,43)
vs naar(3,56)
vooroverleg voor(2,3)
bij thv(2,1)
unie verwacht(2,4)
enkes in(2,1)
minder winst(3,95)
coos verweij(2,4)
flauw gestemd(4,122)
in wall(4,93)
in moeilijkheden(5,126)
fors in(3,41)
niet somber(3,91)
in eerste(6,156)
kanttekeningen bij(3,46)
door coos(2,8)
ford maakt(2,9)
in west(5,155)
en ksh(2,6)
van aramco(2,10)
15,1 miljard(2,14)
ontslag voor(3,124)
street zette(2,12)
scholten honig(3,20)
begroting in(3,60)
vooral akzo(2,14)
zet door(3,108)
met ogem(2,9)
van supertankers(2,10)
naar herstel(3,108)
van ommeren(5,156)
verwacht dit(3,130)
winst in(4,143)
economische recessie(3,35)
en recessie(2,17)
in 1976(4,37)
grote concerns(3,53)
in toekomst(3,106)
japanse arbeiders(2,17)
imf voor(2,15)
van opec(2,17)
goedkope dollar(2,9)
japanse scheepsbouw(2,15)
op weg(7,156)
zonder werk(4,156)
sombere situatie(2,21)
blijft bij(4,156)
herstel van(6,156)
geheel 1974(2,5)
forse winstdaling(2,23)
street bleef(2,24)
gerard krul(2,12)
nederland haalt(2,27)
ford wil(2,21)
licht herstel(3,83)
thv international(2,6)
hogere olieprijs(2,16)
bnp in(2,19)
serve overhof(2,20)
in scheepsbouw(2,33)
uyl sprak(2,20)
somber in(3,107)
van gelder(5,156)
deze inflatie(2,31)
bonn uit(2,33)
unilever begon(2,18)
om ingrijpen(2,38)
op helft(2,40)
recessie op(2,22)
toekomst optimistisch(2,43)
tweede jaarhelft(2,23)
23 meer(2,38)
agiobonus van(2,24)
benelux duitsland(2,20)
spoedig herstel(3,154)
en lindeteves(2,28)
opleving niet(2,24)
jaap metz(2,15)
vaak goedkoper(2,27)
amerikaans plan(2,34)
arme landen(3,63)
in chemie(2,39)
120 miljard(2,27)
resultaten blijven(2,47)
der wild(2,43)
met schmidt(2,36)
goed hoger(2,25)
huidige recessie(2,19)
beurs nu(2,49)
york door(2,52)
recessie de(2,22)
japan op(3,132)
mevrouw peron(2,15)
lagere omzet(2,36)
inflatie door(2,47)
eten gooit(2,57)
recessie van(2,38)
eerste halfjaar(4,156)
minder schepen(2,66)
daalde met(3,106)
spreiding rijksdiensten(2,19)
herstel ook(2,48)
bij siemens(2,52)
olieproduktie van(2,35)
begin 1975(2,14)
lubbers over(2,21)
wereldbank in(2,44)
stacaravan of(2,27)
fors lager(2,28)
beperkte capaciteit(2,69)
na winst(2,28)
miljoen toeristen(2,39)
12 meer(2,86)
studeert op(2,56)
westduitse economie(2,39)
flink lager(2,40)
tegen 1980(2,26)
onder druk(4,102)
kreeg vorig(2,36)
de economie(4,142)
vs al(2,51)
waarschuwing aan(3,156)
in amerika(6,156)
trager dan(2,82)
goed tussen(2,50)
cindu key(2,25)
europese economie(2,48)
voor herstel(3,148)
crane nederland(2,14)
nederland chemie(2,30)
opleving van(3,100)
tussen hoop(2,48)
van eeg(2,83)
over economie(2,68)
over herstel(2,75)
kon shell(2,39)
verwacht meer(2,95)
van moock(2,87)
stoom af(2,76)
ford voor(2,60)
jaar miljoen(2,40)
concludeert uit(2,77)
economische situatie(3,80)
hoge winst(2,41)
gelatine delft(2,14)
overzicht van(5,133)
fors op(2,42)
door ruud(2,33)
lage koers(2,69)
uitzonderlijk hoge(2,49)
op retour(2,65)
recessie en(2,33)
douglas in(2,81)
niet spectaculair(2,46)
meer orders(2,86)
vs wordt(2,48)
herstel het(2,75)
looptijd en(2,54)
informatie door(2,56)
amerika staat(2,94)
geeft moed(2,104)
wereldranglijst van(2,44)
de koersdalingen(2,66)
duidelijke verbetering(2,66)
sprong vooruit(2,99)
cda met(2,21)
begon dit(2,112)
voor japanse(2,56)
dan verwacht(3,152)
eindje op(2,100)
werkt op(3,156)
armste landen(2,30)
74 daf(2,12)
geen verhoging(2,57)
bestuur blijft(2,122)
moeizaam op(2,77)
geen roet(2,91)
bij uiterst(2,94)
hoopt op(3,155)
londen weer(2,103)
bij bouw(2,90)
bleef vrij(2,126)
economie met(2,73)
dr witteveen(2,48)
frankrijk moeten(2,127)
flauw van(2,115)
mogelijk geen(2,102)
bij lagere(2,119)
hun fouten(2,95)
blijven toenemen(2,122)
opslag voor(2,94)
klad in(2,98)
street in(2,95)
over 1974(2,12)
lange termijn(3,103)
telegraaf op(2,120)
in 76(2,115)
gedaald op(2,116)
op lange(3,154)
resultaat bij(2,106)
sinds 1958(2,37)
frankrijk dit(2,146)
economische malaise(2,52)
lagere winst(2,62)
winst kon(2,99)
in 1975(3,53)
gelder in(2,139)
huisvrouw te(2,115)
koek is(2,125)
congres tegen(2,101)
rokken in(2,115)
machinefabriek in(2,101)
in tv(2,129)
werkloosheid in(3,106)
in haven(2,126)
bij kalme(2,114)
somber beeld(2,84)
zette door(2,100)
redding voor(2,126)
new york(5,155)
hogere koersen(2,51)
leren op(2,111)
in tweede(3,155)
noodlot van(2,110)
jaar misschien(2,115)
juist meer(2,132)
strop van(2,98)
iets gedaald(2,137)
we eten(2,101)
en dollars(2,95)
grens bereikt(2,111)
meer werkgelegenheid(2,67)
half miljoen(3,83)
in ban(2,130)
nog toenemen(2,135)
op verlies(2,118)
voor economisch(2,78)
bleef goed(2,137)
werkloosheid zal(2,98)
van westduitse(2,44)
hausse in(2,99)
door snelle(2,113)
bij asm(1,1)
tegen zaterdagmiddagsluiting(1,1)
geld grof(1,1)
sylvio croes(1,1)
regering gaat(2,84)
niet bereikt(3,156)
door klaas(2,142)
overheid geen(2,108)
ballast nedam(2,27)
hoeven trouwens(1,1)
ford waarschuwt(1,1)
te hard(3,156)
verwacht geen(2,126)
10 procent(3,133)
de zeventiger(2,85)
toenemende werkloosheid(2,89)
klap voor(2,92)
vast gestemd(3,145)
in duitsland(4,85)
had goed(2,133)
met forse(2,59)
van schmidt(2,149)
door jaap(2,89)
dure plicht(2,125)
61 bij(2,120)
stijgen met(2,112)
de olieprijs(2,36)
zeventiger jaren(2,87)
henk hoekstra(2,43)
shell nederland(2,49)
verdere toekomst(2,109)
in brief(2,110)
af na(2,142)
denkt aan(3,156)
oliesector buiten(1,2)
en dividend(2,131)
chemie en(2,140)
grote omzet(2,54)
en communisme(2,87)
personeel door(2,137)
krachtig door(2,148)
dollar de(2,119)
voor new(2,128)
door kees(2,90)
chamotte unie(2,48)
wijst uit(2,103)
voorzitter landelijk(1,2)
goed gestemd(2,143)
een miljoen(3,97)
houdt rekening(2,106)
plicht voor(2,125)
dr zijlstra(2,70)
bij 1974(1,2)
en thv(1,1)
uit onderzoek(2,69)
vezels na(1,2)
lugt voorzitter(1,2)
toekomst door(2,151)
psf offshore(1,2)
doktert aan(1,3)
weer flink(2,113)
hoger personeel(2,48)
voor browne(1,2)
over enka(1,2)
chemisch verdrag(1,2)
door gerard(2,137)
april omhoog(1,3)
buigt zich(2,135)
beurs kijkt(1,2)
unilever en(2,66)
duitsland en(3,74)
wending in(2,150)
vast bij(2,153)
van regering(2,101)
scherpe winstdaling(1,3)
toeristisch jaar(1,3)
buitenlandse bureaus(1,1)
is redelijk(2,143)
der tuin(2,134)
ford ziet(1,3)
aan ruim(2,152)
vakbonden in(2,91)
nieuwe economische(2,88)
van bevolking(2,156)
van oliecrisis(1,3)
limburgs dagblad(3,53)
ruud van(2,42)
economische vraagstukken(2,111)
nog achter(2,134)
of boot(2,123)
bij 12(2,151)
vervoersbonden nvv(1,3)
commissie meent(2,150)
sterk gedaald(2,128)
weg naar(5,156)
op lagere(2,152)
vol gas(2,86)
vandaag bij(2,102)
van onze(9,156)
verwacht herstel(1,4)
voor achtergestelde(1,4)
hulten op(1,4)
nieuw voorstel(2,156)
beter resultaat(2,136)
optimistisch over(2,91)
de wal(3,156)
nieuwe toekomst(2,134)
bedrijven hebben(2,95)
door recessie(1,3)
recessie nu(1,4)
hulp uit(2,153)
westerse wereld(2,52)
rolinco in(1,4)
werklozen in(2,58)
esso nederland(2,44)
de textiel(2,95)
hulp door(2,155)
ver vooruit(2,148)
in slechte(2,139)
het kabinet(5,156)
nkv er(1,4)
door peter(2,127)
ford verwacht(1,5)
ministers vos(1,5)
europa nog(2,154)
schip keren(1,6)
reclame in(2,115)
meer hulp(2,123)
ford tijdens(1,2)
kalme handel(2,89)
van autobedrijven(1,6)
draait op(2,89)
impuls op(1,7)
verlies van(4,156)
en vulcaansoord(1,6)
en 3,7(1,6)
nationaal inkomen(2,93)
olieprijs wordt(1,6)
in derde(2,140)
van het(3,156)
kleiner tekort(1,7)
ruim miljoen(2,55)
kon olie(2,72)
verdere internationalisering(1,7)
na goed(2,132)
recessie voorbij(1,6)
800.000 nederlanders(1,7)
studentenstops en(1,6)
redelijk goed(2,155)
lagere omzetten(1,10)
klein krijgt(1,9)
geen meldingsplicht(1,9)
onzekerheid over(2,141)
fusie met(2,103)
werkelijk progressieve(1,5)
roet in(2,114)
door louis(2,148)
onze correspondent(4,156)
sterke man(2,115)
telegraaf kon(1,8)
met pierson(1,10)
12 procent(2,100)
geen matiging(1,9)
aan goed(2,156)
duitsland trekt(1,12)
werknemers kwijt(1,8)
eigen vermogen(2,139)
omlaag voor(1,11)
zette in(2,133)
verloren gevecht(1,11)
kok van(2,156)
kapitaal dat(2,155)
50 miljoen(2,64)
winst per(2,130)
1974 vrij(1,5)
nodig geld(1,10)
produktie daalde(1,9)
gaat te(2,156)
en vrees(2,156)
zware dreun(1,12)
vrije volk(3,106)
niet aangediend(1,12)
maastrichtse machinefabriek(1,5)
uyl weet(1,10)
en kedichem(1,9)
duitse fiscus(1,12)
voor bruynzeel(1,10)
nvv over(1,11)
op rechtse(1,14)
van nationaal(2,152)
blijven nog(2,156)
optimistisch naar(1,15)
nader inzien(2,154)
takeo fukuda(1,10)
er slecht(2,155)
wereld door(2,156)
planmatige voorbereiding(1,8)
regeringsbeleid wordt(1,16)
reacties op(2,78)
miljoen voor(2,73)
op spreiding(1,14)
dobberen in(1,16)
gerrit hepkema(1,11)
recessie nog(1,10)
kapitalistische chaos(1,11)
staat voor(3,156)
dupe van(2,141)
tekort aan(3,137)
nu zeer(2,156)
de schietboom(1,14)
bata best(1,11)
inzinking nog(1,14)
teruggang van(2,152)
oppositie eist(1,9)
spreiding van(2,100)
man ontslaan(1,14)
voor ihc(1,11)
zit nog(2,151)
met giscard(1,8)
ford tegen(1,16)
slechte tijden(2,134)
goed voorbeeld(2,155)
hal hebben(1,19)
aan kapitalistische(1,16)
jaar zeer(2,156)
omzet en(2,155)
bouwer bonn(1,8)
papierfabriek roermond(1,14)
ir klijnstra(1,6)
kerncentrales voor(1,13)
zaken door(2,156)
inflatie af(1,17)
de beurs(4,156)
produktie na(1,18)
in arkel(1,20)
25ste congres(1,12)
belasting in(2,156)
geen dividend(2,136)
tankers op(1,18)
zegt grote(1,20)
economie komt(1,20)
goedkoper dan(2,62)
18,4 procent(1,18)
en serve(1,10)
grote moeilijkheden(2,62)
per rolstoel(1,17)
ford geeft(1,14)
bij suralco(1,11)
amerika tussen(1,11)
math weijers(1,7)
de wonden(2,156)
beursweek met(1,15)
000 werknemers(1,18)
herman kahn(1,11)
cor lommers(1,9)
david rockefeller(1,16)
hoop op(3,156)
bij billiton(1,15)
fme in(1,19)
wim kremer(1,15)
recessie het(1,12)
slecht voor(2,153)
sociaal zwakken(1,21)
op verbruik(1,15)
in rambouillet(1,10)
op limburgs(1,28)
met 16,5(1,21)
van boekingen(1,23)
voor cpn(1,23)
drastisch om(1,21)
bedrijven naar(2,156)
uyl ziet(1,17)
in reactie(2,111)
te boven(3,156)
andere munteenheden(1,19)
en philips(2,146)
bruynzeel zaandam(1,14)
uit vertwijfeling(1,22)
groeiende onvrede(1,17)
verhoging van(3,95)
minder toeristen(1,21)
nog steeds(6,156)
lindeteves en(1,21)
over cao(1,22)
hal en(2,146)
felle botsing(1,27)
slechte economie(1,14)
bij lindeteves(1,21)
ons verdiend(1,28)
over vervolging(1,26)
economische verwachtingen(1,24)
overleg in(2,152)
bij hoesch(1,14)
tijdens bezoek(1,28)
jaar omzet(1,24)
louis harris(1,13)
aan racisme(1,16)
recessie zal(1,19)
sprak met(2,156)
philips computer(1,16)
de werkloosheid(3,109)
standpunten uiteen(1,30)
lagere groei(1,18)
btw als(1,19)
liter minder(1,25)
amsterdamse effectenbeurs(2,52)
charters naar(1,19)
zijn verteld(1,32)
regeringsverklaring waarin(1,23)
toe door(2,156)
dank zij(4,156)
situatie op(2,91)
zes antilliaanse(1,17)
zij gaan(2,156)
engeland zal(2,155)
economie verder(1,24)
profiteert van(2,121)
dal heen(1,22)
eisen werk(1,15)
met regeringen(1,29)
hoger kon(1,30)
bank ziet(1,32)
nog in(5,156)
limburgse arbeidsmarkt(1,17)
industrielanden hebben(1,21)
directie noemt(1,27)
dagelijkse belangen(1,20)
ruim 10(2,156)
regering wilson(1,9)
de studentenstops(1,9)
hoogste inkomen(1,29)
over groei(1,29)
komt maar(2,154)
zweden nu(1,34)
ben romijn(1,13)
met scheppen(1,37)
1976 weer(1,12)
korter gaan(1,21)
estel hoogovens(1,10)
1974 af(1,11)
177 miljoen(1,28)
verliesgevend zijn(1,31)
tussen negers(1,21)
de schuldige(2,156)
lagere nettowinst(1,26)
samen de(2,125)
koerst op(1,30)
british enkalon(1,17)
ford door(1,27)
werken bij(2,156)
winst over(2,141)
leonid brezjnef(1,17)
het oliewapen(1,10)
wal gaat(1,37)
produktie dit(1,30)
academy awards(1,26)
de hoofdredacteur(2,150)
miljoen mensen(2,43)
enka de(1,26)
krijgt 50(1,33)
rijnmond zal(1,24)
40 van(2,156)
de daden(2,156)
van antillen(1,28)
van 61(2,156)
aluminium industrie(1,21)
met 29(2,156)
peil ligt(1,39)
meer produktie(1,32)
indira ghandi(1,23)
voor amro(1,17)
dat klm(1,28)
echt nieuws(1,24)
geen snel(1,41)
gedeeltelijk geslaagd(1,36)
boekjaar 1974(1,3)
nederland wijst(1,36)
niet stopzetten(1,37)
eerste zes(2,156)
bureaus op(1,40)
maar betekenen(1,37)
van toename(1,40)
vietnam cambodja(1,23)
koersdalingen in(1,37)
van kruisinga(1,20)
kvp geen(1,23)
forse verlaging(1,23)
ferry knemeijer(1,14)
britse centrale(1,20)
de crisisverschijnselen(1,29)
lager wall(1,23)
nu teveel(1,40)
van rambouillet(1,37)
economische ontwikkeling(2,115)
door diana(1,44)
cpn wil(1,20)
eeg landen(1,26)
handel is(2,156)
aanbod zo(1,36)
ruwe olie(2,122)
gevoelige knauw(1,46)
extra heffingen(1,38)
wel overeind(1,31)
partijbestuur voor(1,42)
220 man(1,42)
anwb zijn(1,36)
derde wereld(2,43)
kees van(2,110)
inleidingen op(1,47)
geweldige tijd(1,32)
cao onderhandelingen(1,19)
klap krijgen(1,47)
groter tekort(1,40)
weer winstgevend(1,32)
werkloosheid bestrijden(1,30)
alle sprookjes(1,41)
groeit onder(1,45)
warme winter(1,37)
groter verlies(1,37)
westduitse spd(1,22)
ook britse(1,43)
stap tegen(1,41)
storend voor(1,53)
vergaderde met(1,52)
op 40(2,156)
minimumlonen en(1,28)
stijgende loonkosten(1,27)
minder optimistische(1,43)
verdere spreiding(1,33)
structureel probleem(1,30)
progressieve regering(1,23)
inspirerende en(1,30)
europese commissie(2,49)
amerika in(2,156)
drs brouwers(1,18)
krijgt hulp(1,33)
door crisis(1,21)
vooral kwalijk(1,45)
naar nieuwe(2,156)
economie gaat(1,33)
op misbruik(1,47)
vraagt om(2,156)
op vierkante(1,54)
vs dit(1,47)
maatregelen vooral(1,57)
vooral op(3,156)
dsm op(1,26)
illegale vreemdelingen(1,18)
meldingsplicht voor(1,31)
om inflatie(1,46)
bij nader(2,156)
amerikaanse kerken(1,43)
met inflatie(1,42)
roer moet(1,46)
kranten zullen(1,57)
fabrieken in(2,156)
best moet(1,57)
voor minder(2,156)
geding om(1,46)
pous en(1,21)
termijn nodig(1,40)
shell aan(1,39)
thijn in(1,28)
schuldig aan(2,156)
snelst in(1,48)
van belasting(2,156)
korte looptijd(1,39)
en oppositieleider(1,26)
ziet voorlopig(1,33)
groenevelt en(1,28)
voor verbetering(2,156)
en nao(1,43)
knelpunt in(1,36)
tulip hotels(1,22)
olie daalde(1,34)
heeft zorgen(1,54)
van exxon(1,23)
het olierijke(1,37)
industrie in(2,156)
volgens ramingen(1,47)
ford biedt(1,22)
een economische(2,116)
425 miljoen(1,35)
internationale bedrijfsleven(1,40)
drs bogers(1,20)
v.d louw(1,34)
moet bevorderd(1,53)
opdracht uitgevoerd(1,54)
vertrouwen in(3,156)
hele westerse(1,41)
jongeren zonder(1,37)
op luchthaven(1,33)
franse kalimijnen(1,23)
monetaire conferentie(1,21)
schmidt zijn(1,40)
1974 per(1,13)
merkte tot(1,65)
maasstad heeft(1,52)
volksvijand nummer(1,41)
halfjaar niet(1,57)
hard getroffen(1,41)
oliecrisis en(1,18)
bij klm(1,32)
ir stikker(1,18)
en aow(1,37)
beurs gaat(1,51)
de produktielanden(1,28)
kijkt over(1,64)
met regering(1,45)
wal en(2,156)
zal langzaam(1,65)
ondernemers geen(1,64)
piet heil(1,30)
betalingsbalans zal(1,43)
rentabiliteit te(1,47)
weinig speelruimte(1,40)
op lonen(1,45)
sluiting bedreigd(1,31)
eerst sinds(2,135)
diep wantrouwen(1,60)
miljoen subsidie(1,31)
1977 niet(1,18)
olie weer(1,46)
toch gedeeltelijk(1,66)
chemische concerns(1,33)
duizenden betogers(1,40)
massaal ontslag(1,39)
alles nodig(1,48)
in bedrijfsleven(1,49)
marionet van(1,56)
de luchtvaart(2,122)
gedaan we(1,73)
dan olie(1,62)
weinig echt(1,53)
scherp gedaald(1,54)
niet overgeslagen(1,64)
over defensie(1,50)
alleen maar(4,156)
op werknemers(1,35)
nog niet(8,156)
in bonus(1,42)
dieptepunt voor(1,33)
helft van(4,156)
hiddes galema(1,13)
engeland een(2,156)
recessie is(1,27)
oeso in(1,29)
eerdere uitspraken(1,26)
zijn beduidend(1,58)
bert stoop(1,24)
interesse op(1,59)
planbureau in(1,44)
week steeds(1,66)
motieven bij(1,68)
geen opleving(1,39)
makkelijk door(1,61)
in ierland(1,73)
bij bewoners(1,68)
nieuw fonds(1,66)
boekte vorig(1,27)
op woning(1,56)
de inflatie(2,79)
door marijke(1,42)
peter van(2,154)
op ged(1,54)
met 425(1,72)
ontreddering en(1,64)
fors hoger(1,30)
minister simon(1,23)
somberder dan(1,72)
redelijk optimistisch(1,29)
maand begonnen(1,73)
heeft goud(1,73)
europese staalindustrie(1,29)
nederlanders staan(1,65)
non actief(1,66)
nieuws uit(2,156)
wereld vandaag(1,36)
werkloosheid terug(1,33)
vs door(1,66)
lus om(1,65)
in engeland(4,156)
voor bezinning(1,50)
britse film(1,45)
aan top(1,64)
rood goud(1,53)
congres wil(1,74)
op vrachtwagens(1,64)
op volle(2,140)
friese bedrijfsleven(1,46)
tot onafhankelijkheid(1,77)
lichte opleving(1,52)
telegraaf door(1,76)
met 24(2,156)
r.k kerk(1,65)
nederlandse les(1,31)
louis velleman(1,33)
street sloot(1,32)
nieuwe inflatie(1,32)
tevreden over(2,156)
nog net(2,140)
ook klm(1,34)
74 naar(1,52)
na verlies(1,59)
miljoenennota en(1,36)
voelbaar in(1,73)
slechte cijfers(1,58)
van den(2,156)
totaal verrast(1,64)
computer heeft(1,32)
ijsbrand hiddes(1,9)
laatste stuiptrekking(1,81)
prijsverhogingen en(1,43)
can in(1,59)
voor t.v(1,35)
1974 1975(1,18)
alle projecten(1,45)
kemenade en(1,38)
worden doorgelicht(1,44)
1976 zeer(1,20)
niet forceren(1,47)
iets op(2,156)
eventjes maar(1,79)
voorzitter raad(1,57)
weinig positieve(1,73)
vijfde divisie(1,48)
als colijn(1,34)
positieve berichten(1,63)
verschuivingen op(1,58)
miljoen nog(1,40)
op moeilijk(1,75)
losgekoppeld van(1,32)
zal jaren(1,84)
en record(1,61)
over loop(1,44)
grijpt om(1,80)
zeer sombere(1,76)
sprookjes die(1,83)
directie moet(1,80)
amerikaanse handelsbalans(1,29)
ford het(1,57)
top bij(1,62)
met 1,7(1,43)
oplossing meer(1,82)
en pessimisme(1,77)
om overeind(1,65)
maatregelen meer(1,88)
de gunst(2,156)
zou ko(1,75)
zich over(3,156)
in teken(1,50)
ook belgische(1,80)
tot 188(1,85)
hoge inflatie(1,22)
scherp conflict(1,70)
costa gomes(1,15)
derde conferentie(1,65)
op erg(1,76)
nvv nkv(1,16)
goed verwerkt(1,71)
onzekerheden en(1,72)
valt terug(1,78)
franse economie(1,46)
haag maakt(1,70)
zou zakken(1,76)
naar mooi(1,66)
over ontwikkelingen(1,31)
zakt in(1,77)
interview een(1,72)
tot ongewenste(1,52)
koersdalingen van(1,57)
rijkste land(1,79)
in zicht(2,125)
bernhard naar(1,42)
snelle expansie(1,49)
van der(10,156)
aow aww(1,34)
belastingverlaging in(1,53)
miljoen verlies(1,34)
de koek(2,156)
voorlopig weinig(1,48)
know how(1,37)
gaan net(1,84)
snel groeien(1,82)
klijnstra en(1,82)
mr gerrit(1,70)
britse kranten(1,47)
nu voorkomen(1,84)
zeer slecht(2,156)
groeiende werkloosheid(1,43)
18 miljard(1,39)
brengt alle(1,98)
hoop en(2,156)
afbrokkelende koersen(1,65)
erg somber(1,69)
het partijbestuur(2,104)
laurens ten(1,26)
op antillen(1,19)
de cpn(2,58)
opnieuw uitgesteld(1,80)
moreel in(1,76)
ongewenste vreemdeling(1,47)
ondernemers moeten(1,78)
economie nog(1,60)
niet dalen(1,87)
halfjaar voor(1,86)
europese kernmacht(1,25)
telegraaf voor(1,84)
fiscus heeft(1,81)
3,6 procent(1,37)
nog toekomstmuziek(1,84)
vergrote kapitaal(1,36)
teken van(2,89)
en winst(2,142)
crisis of(1,84)
voor ontslagen(1,87)
naar gas(1,60)
dr rutten(1,59)
aan slecht(1,105)
grote verschuivingen(1,49)
werkgelegenheid door(1,61)
markt nu(1,97)
er zit(2,138)
staatssecretaris meijer(1,7)
werkloosheid neemt(1,59)
erg positief(1,34)
onaanvaardbaar voor(1,64)
pers gaat(1,86)
president peron(1,20)
belachelijk laag(1,83)
toekomst vooral(1,97)
verhoging en(1,52)
broeders hoeder(1,97)
renault in(1,50)
achtergestelde lening(1,21)
3,7 procent(1,43)
auto steeds(1,63)
duisenberg van(1,21)
damrak in(1,95)
kritiek door(1,90)
door fusie(1,75)
grootste onderneming(1,71)
aarzelen met(1,103)
geluiden over(1,50)
van beperkende(1,98)
van n.o(1,71)
economie kan(1,64)
dollars worden(1,97)
cel voor(1,85)
hogere uitkering(1,52)
antwoord weet(1,91)
middelgrote ondernemingen(1,42)
streep gezet(1,72)
vertrouwen van(2,156)
in huidige(1,82)
wil geld(1,84)
staan er(2,156)
rekening met(2,156)
stoel door(1,113)
verlies ook(1,123)
somber over(1,55)
vad een(1,84)
de blokkades(1,23)
limburg had(1,99)
van naderende(1,104)
zijn geschrokken(1,70)
vs zullen(1,45)
en negatief(1,86)
leerde in(1,98)
afwentelen op(1,81)
ondernemingen ook(1,89)
toestaan in(1,101)
monopolies en(1,74)
goed de(2,156)
snel herstel(1,73)
hele wereld(2,65)
van faillissementen(1,94)
het oeroude(1,75)
lenen aan(1,57)
blijft groot(1,114)
heeft honderden(1,89)
bont de(1,101)
te biecht(1,90)
aan regering(1,68)
basis voor(2,140)
54 miljoen(1,41)
de rentedaling(1,34)
eerst nog(2,156)
bp en(1,68)
spanje weer(1,93)
met 7,5(1,47)
aan industrie(1,87)
rollen door(1,109)
leugens over(1,84)
miljard uit(1,39)
ontslagen werknemers(1,41)
remt de(1,70)
negatief effect(1,32)
van sinkel(1,61)
ziekteverzuim en(1,29)
belgische markt(1,75)
1974 was(1,22)
in rapport(1,113)
naar 3e(1,93)
in amsterdamse(1,53)
arkel en(1,102)
zal heus(1,53)
overeind blijven(1,55)
op nieuwe(2,156)
steek zal(1,95)
goed gehad(1,99)
komend najaar(1,45)
biedt zeer(1,79)
optimistische geluiden(1,55)
in oirsbeek(1,51)
sluitende exploitatie(1,68)
collectieve lasten(1,22)
weer verhoogd(1,86)
werkt weer(1,90)
bezegeling van(1,104)
van verkopen(1,49)
voor immigratie(1,102)
bedrijfsleven zou(1,69)
zware olie(1,72)
computer voor(1,33)
luide bijval(1,91)
van haagse(1,51)
klanten bij(1,82)
op belgische(1,100)
weerstand op(1,74)
telegraaf amsterdam(1,40)
stempel drukt(1,95)
29 miljoen(1,42)
kabinet van(2,156)
heeft hoop(1,124)
de grondstoffenprijzen(1,61)
ned antillen(1,43)
ons land(5,156)
van casino(1,90)
beleg op(1,112)
kant al(1,120)
salon is(1,109)
bedrijven meer(1,84)
door utrecht(1,108)
regering neemt(1,85)
amsterdam nederland(1,88)
slecht resultaat(1,87)
keren door(1,60)
opmerkelijk goed(1,81)
spd in(1,47)
president directeur(1,92)
meer jongeren(1,58)
pessimisme van(1,102)
hoorde maar(1,106)
net maken(1,107)
hoger dividend(1,47)
gaat omhoog(1,79)
koel ontvangen(1,125)
injectie van(1,75)
winststijging van(1,39)
van bp(1,80)
800 000(1,113)
begonnen moet(1,97)
bijna half(1,111)
miljoen passagiers(1,40)
buitenlandse kapitaal(1,58)
cosmetica en(1,42)
gaat achteruit(1,113)
faillissementen en(1,99)
hoekstra voor(1,123)
nauwelijks merkbaar(1,107)
economisch onderzoek(1,71)
merkt er(1,109)
laatste stap(1,96)
kwartaal nog(1,112)
nog somberder(1,112)
gaat over(2,156)
groot wantrouwen(1,115)
8,5 miljoen(1,40)
friesch groningsche(1,84)
werkelijk over(1,114)
eert de(1,105)
laag geweest(1,117)
staalindustrie in(1,77)
tendens naar(1,66)
banda abao(1,35)
over amerikaanse(1,51)
commissie in(2,156)
nieuwe jaar(2,156)
opnieuw terug(1,101)
economische inzinking(1,66)
plan voor(2,156)
grote belangstelling(2,69)
regering denkt(1,74)
op beurzen(1,41)
1945 zijn(1,52)
en kiezers(1,117)
in mannheim(1,103)
en wiegel(1,43)
eind 1974(1,18)
bereikt ook(1,97)
koersen de(1,125)
sprong bij(1,118)
meer haast(1,113)
de v.s(2,95)
in congres(1,104)
de enci(1,57)
wereldbank en(1,50)
reorganisatie op(1,107)
25 meer(1,127)
enorme klap(1,50)
neemt snel(1,103)
in usa(1,47)
hard toe(1,75)
voor engeland(2,156)
baas heeft(1,96)
exclusief interview(1,57)
commentaar de(1,85)
trouwens alleen(1,116)
economie zal(1,74)
aan tweede(1,123)
in gehele(1,56)
is gevaar(1,112)
redt het(1,90)
sterk kunnen(1,100)
zonder brood(1,125)
heeft na(2,156)
in su(1,115)
volgend jaar(3,156)
grote landen(1,60)
1975 op(1,28)
mikt op(1,44)
jaar weer(2,136)
sprankje hoop(1,86)
grote leider(1,58)
hij succes(1,101)
naar israel(1,38)
had beschouwd(1,129)
zet nog(1,103)
economische toekomst(1,88)
dollar niet(1,79)
het 25ste(1,127)
ged van(1,85)
eiland bij(1,141)
josef strauss(1,50)
krijgt twee(1,100)
waarheid met(1,148)
een adempauze(1,66)
huidige samenleving(1,87)
blijft stijgen(1,83)
voor moeilijk(1,79)
landen dit(1,96)
harde les(1,126)
of slechter(1,113)
bij sociale(1,86)
weinig verbetering(1,135)
gaat optreden(1,90)
dollar maar(1,79)
800.000 gulden(1,68)
voorspeld en(1,136)
nieuwe staatslening(1,51)
key en(1,81)
reclame bij(1,111)
monetaire stelsel(1,48)
brouwers van(1,120)
van consumenten(1,92)
heel stel(1,90)
plassen in(1,124)
gouden roos(1,80)
olie niet(1,116)
rond 25(1,79)
bonn het(1,58)
verontrusting over(1,58)
een onbegrijpelijk(1,132)
economie niet(1,77)
pessimistisch over(1,81)
voor toekomst(1,109)
vs voor(1,106)
groot over(1,136)
duivel te(1,127)
stijgen dat(1,122)
de puree(1,69)
zijn schuldig(1,145)
onder invloed(2,138)
landen in(2,156)
van rijksdiensten(1,45)
toerisme naar(1,64)
in rijnmond(1,33)
duitse auto(1,49)
worden aangericht(1,115)
voor klm(1,39)
amerika nu(1,103)
voor fabrikanten(1,114)
meer economische(1,86)
welvaart op(1,152)
blijven dit(1,137)
voor verdere(2,156)
is onaanvaardbaar(1,68)
en bonen(1,65)
olie door(1,112)
landen willen(1,88)
goed vol(1,112)
opgelicht door(1,112)
nu 45(1,97)
vakorganisaties en(1,89)
feiten spreken(1,140)
hou het(1,97)
bedrijfsleven voor(1,74)
zeer positieve(1,88)
zich herstellen(1,108)
feite alleen(1,56)
is winst(1,105)
deli atjeh(1,46)
maanden cel(1,37)
heeft vertrouwen(1,120)
bureaucratie en(1,107)
aandelen worden(1,49)
internationaal monetair(1,58)
dalen op(1,129)
overigens kunnen(1,126)
dalen maar(1,133)
miljard voor(1,45)
voor actie(1,92)
en overvloed(1,145)
crisis voor(1,119)
parlementaire jaar(1,91)
voor 1977(1,19)
barometer in(1,81)
met postzegel(1,109)
miljard op(1,41)
groter verband(1,56)
snel voorbij(1,115)
geziene gast(1,93)
door bernard(1,114)
aftreden werd(1,122)
optimisme over(1,80)
brug komen(1,105)
gulden nog(1,111)
gemeenteraadslid van(1,106)
gunstig beeld(1,90)
doek over(1,115)
monetair fonds(1,53)
argentijnse regering(1,56)
zaak geweest(1,130)
van winsten(1,114)
gekocht een(1,124)
elseviers magazine(1,27)
rekenen op(2,156)
de monopolies(1,87)
japan uit(1,91)
ontwikkelingen rond(1,42)
blijft even(1,148)
bijzonder hard(1,106)
aangehouden maar(1,120)
gaan per(1,108)
uitspraken dat(1,117)
aan west(1,93)
en franz(1,105)
beschuldigd van(2,156)
van redelijke(1,120)
ziet af(1,119)
consumptie te(1,115)
militaire raad(1,72)
raken door(1,106)
voor 695(1,42)
steeds langer(1,102)
personeelsleden in(1,47)
onvrede met(1,45)
wordt aangepast(1,75)
bezit wordt(1,143)
jean jacques(1,144)
is voordat(1,118)
wisselden elkaar(1,105)
had voorspeld(1,130)
moet opnieuw(1,105)
aan lagere(1,125)
beter geen(1,125)
regering doet(1,86)
oplopen van(1,55)
domper op(1,94)
groeien naar(1,76)
niet omhoog(1,102)
zit vast(1,114)
elke nederlander(1,80)
sparren en(1,143)
dollar dat(1,86)
wielen op(1,128)
nieuwe rol(1,113)
en verlenging(1,130)
ook kritiek(1,65)
bouwer en(1,113)
uitkering voor(1,56)
blijft achter(1,107)
voorzitter over(1,126)
investeringen te(1,48)
handelsbalans van(1,93)
treedt niet(1,141)
somber gestemd(1,110)
macht van(2,133)
the union(1,111)
economische orde(1,76)
sluitende begroting(1,60)
nationale investeringsbank(1,34)
van rsv(1,22)
wel vindt(1,119)
britse pers(1,60)
dreiging met(1,89)
in groter(1,60)
werkt hard(1,97)
1958 van(1,43)
naar kleine(1,119)
effect zou(1,119)
situatie in(2,99)
valuta van(1,79)
het eten(2,156)
om japan(1,100)
berichtgeving van(1,81)
economische bedrijvigheid(1,75)
anderhalf miljard(1,42)
tv op(1,92)
bittere armoede(1,118)
mr maas(1,107)
in loop(1,129)
gaat verdwijnen(1,91)
men praat(1,118)
de gevarenzone(1,54)
dreigt voor(1,108)
op tegenstand(1,118)
grote interesse(1,53)
met 12(2,156)
voorstel kan(1,142)
wat denken(1,105)
de rijnmond(1,40)
grote schoonmaak(1,58)
de aandelenkoersen(1,47)
vs op(1,115)
voor nieuwe(2,156)
de hele(3,95)
voor verhoging(1,57)
beraadt zich(1,58)
belangrijk element(1,91)
van arbeidsplaatsen(1,31)
en verhagen(1,124)
middenstand van(1,96)
conjunctuur in(1,78)
blijft na(1,146)
bijna verdubbeld(1,138)
bonden op(1,114)
met volvo(1,36)
als uitgesloten(1,98)
maatregelen bij(1,155)
over problemen(1,78)
scheepsbouw in(1,137)
naderbij te(1,138)
van produktie(1,68)
en verhoging(1,61)
huidige ontwikkeling(1,82)
jaar nog(2,156)
der doef(1,32)
gaan van(2,156)
goed we(1,111)
omzetten en(1,109)
harde klappen(1,91)
initiatieven van(1,64)
toeristen naar(1,79)
extra uitgaven(1,107)
onrust op(1,127)
bres voor(1,107)
7,5 procent(1,42)
hij begin(1,95)
gevaarlijker is(1,144)
het welzijnswerk(1,26)
economische opleving(1,71)
technische mogelijkheden(1,74)
regering in(2,132)
van uitkering(1,59)
zitting over(1,148)
vijf miljard(1,40)
illegaal in(1,58)
voor ondernemers(1,83)
misleiding van(1,143)
te pessimistisch(1,121)
zwart rood(1,107)
wereld al(1,120)
nog duurder(1,134)
in rode(1,68)
in textiel(1,74)
politieke ontwikkelingen(1,64)
door bert(1,72)
gouden tijd(1,118)
gelder papier(1,44)
man moeten(1,144)
nieuwe golf(1,76)
vorig jaar(4,156)
ford in(1,79)
maakte plaats(1,128)
congres van(2,156)
tering naar(1,133)
zoek naar(2,122)
krijgt meer(1,109)
van grote(2,86)
eerste aanzet(1,39)
ontslagen in(1,144)
steeds duurder(1,107)
musea in(1,108)
kunnen hebben(2,156)
te somber(1,112)
in britse(1,76)
positief en(1,108)
bij hoogovens(1,38)
in opmars(1,52)
de lus(1,123)
van zijlstra(1,129)
worden genezen(1,140)
elseviers weekblad(1,47)
grof geld(1,125)
conflict bij(1,87)
steeds achter(1,116)
alle kwaad(1,141)
met 40.000(1,100)
uitdaging voor(1,80)
zeer vast(2,155)
inderdaad wordt(1,130)
procent gedaald(1,70)
in kaas(1,147)
gaan samen(1,106)
biedt geen(1,122)
over verdere(1,120)
de vad(1,92)
met sluiting(1,127)
hoogovens in(1,113)
beschouwd het(1,152)
hoofd bieden(1,146)
van vs(1,149)
3e plaats(1,98)
de koersontwikkeling(1,69)
bewoners aan(1,147)
grootste vijand(1,135)
wijze mannen(1,102)
onze welvaart(1,144)
president gekozen(1,151)
de roe(1,144)
aktie van(1,71)
zou overigens(1,143)
weerstand aan(1,136)
op madagascar(1,115)
optimisme en(1,108)
en bezuiniging(1,135)
kunnen beter(1,105)
op lijst(1,98)
uitgeput door(1,146)
meer moeilijkheden(1,109)
van fiat(1,76)
cpn in(1,49)
ontslag bij(1,150)
gezondheid een(1,143)
dieptepunt van(1,66)
moet snel(1,94)
en resultaten(1,125)
nationaal grondbezit(1,85)
beduidend lager(1,116)
terugslag op(1,113)
groei van(2,155)
het pessimisme(1,120)
procent zou(1,84)
energie aan(1,123)
op bevordering(1,148)
op eind(1,123)
100 min(1,81)
franz josef(1,95)
zout van(1,155)
klm in(1,56)
het wel(3,156)
voor bestrijding(1,108)
groeien van(1,108)
4,5 miljoen(1,40)
overschot van(2,156)
italianen zijn(1,132)
rol meer(1,100)
voor investeringen(1,48)
op einde(1,137)
gedaald met(1,100)
contracten en(1,144)
voor bescherming(1,116)
vijftig miljoen(1,41)
en plassen(1,127)
stond weer(1,113)
de top(2,154)
niet uit(3,156)
dollar of(1,112)
de bundesbank(1,39)
belofte niet(1,151)
zwarte bevolking(1,114)
vi in(1,149)
dividend in(1,122)
winst door(1,130)
door ervaring(1,138)
aantal personeelsleden(1,49)
voorzieningen op(1,89)
aanzet tot(1,90)
door cor(1,86)
president ford(1,15)
op non(1,149)
wordt geboren(1,140)
vruchten af(1,124)
trok door(1,145)
blijft uit(1,149)
reddeloos verloren(1,149)
friesland nog(1,121)
zuid vietnam(1,39)
dringen aan(1,150)
ramingen van(1,141)
amsterdamse haven(1,57)
1974 met(1,26)
helmut schmidt(1,32)
eerste mei(1,104)
heffing in(1,141)
te hulp(2,156)
van diamanten(1,146)
opzeggen van(1,139)
beleid niet(1,115)
vrije pers(1,116)
nieuwe type(1,102)
kritiek in(1,122)
oosten door(1,150)
toeristen in(1,94)
naar venezuela(1,132)
vrijwel uitgesloten(1,92)
boot door(1,150)
de oliecrisis(1,26)
van liquidatie(1,144)
gegadigden op(1,148)
economische maatregelen(1,91)
onze steden(1,154)
ergste van(1,146)
van discriminatie(1,63)
op amerikaanse(1,64)
1975 met(1,35)
1976 met(1,24)
universiteiten in(1,132)
bondskanselier helmut(1,22)
heeft genoeg(1,145)
te vaag(1,121)
nieuw element(1,135)
wordt aangepakt(1,103)
de rente(2,156)
van honderdduizenden(1,123)
nog sprake(1,141)
een dieper(1,138)
resultaten bij(1,128)
groeien in(1,117)
moeilijkheden door(1,114)
japan voor(1,129)
in bouw(1,143)
van loon(2,156)
moeten over(1,142)
en winsten(1,124)
van synthetische(1,81)
hoe ziet(1,122)
jaar verwacht(1,116)
maar terug(1,123)
we hoeven(1,90)
in economische(1,102)
als steun(1,113)
geen stand(1,155)
concentreerde zich(1,109)
van speyk(1,145)
markt door(1,154)
ihc holland(1,33)
munten van(1,152)
op zelfde(1,143)
economie is(1,86)
de hudson(1,125)
landen moeten(1,115)
niet zo(3,152)
van hulten(1,132)
eisen een(1,75)
en middelgrote(1,56)
vallen ook(1,137)
per aandeel(2,156)
kaak gesteld(1,139)
door philips(1,100)
nationaal produkt(1,41)
twintig man(1,142)
halve kracht(1,127)
op zoek(2,104)
gelaten in(1,155)
nam afscheid(1,139)
naar eenheid(1,129)
symbool voor(1,97)
vooruitzichten zijn(1,122)
was gunstig(1,151)
aruba in(1,82)
inzien van(1,156)
groot aanbod(1,114)
volle capaciteit(1,94)
huidige economische(1,82)
na 1945(1,51)
wijzen naar(1,136)
alle sectoren(1,69)
langer door(1,155)
armoede in(1,155)
in europa(3,156)
gedraagt zich(1,152)
waar waren(1,137)
over gaat(1,108)
nederland wil(1,132)
dreigt in(1,146)
lager peil(1,116)
in mineur(1,111)
de pous(1,41)
samenleving die(1,107)
klein geld(1,140)
gisteren begonnen(1,150)
japanse regering(1,62)
onderhandelingen voor(1,149)
in roosendaal(1,90)
helmut kohl(1,25)
vooral gericht(1,106)
erg mee(1,105)
de crisis(2,156)
dialoog met(1,67)
winst en(2,156)
kabinet den(1,129)
jan brouwer(1,142)
negers en(1,154)
uyl en(1,36)
stonden onder(1,148)
directeur generaal(1,151)
45 procent(1,84)
en fris(1,91)
enigszins in(1,94)
der sterkste(1,135)
met verlichting(1,120)
haar activiteiten(1,48)
snel toe(1,143)
toom te(1,155)
andere keus(1,153)
vervolging in(1,153)
poging om(2,156)
van economisch(1,100)
golden tulip(1,26)
nederland gaat(1,123)
tot overname(1,152)
miljoen te(1,56)
sociaal democraten(1,113)
spaanse regering(1,62)
nederlandse economie(1,52)
ruimte genoeg(1,149)
goud aan(1,149)
in franse(1,78)
slaat in(1,156)
terecht zou(1,121)
navo en(1,44)
toezeggingen van(1,143)
voor 800(1,155)
in juli(2,140)
de tegenwerking(1,154)
en boersma(1,118)
stuit op(1,140)
voorrang aan(1,110)
van crisis(1,151)
zweden heeft(1,153)
marcus bakker(1,50)
onder luide(1,155)
slecht van(1,152)
ontwikkeling niet(1,147)
record voor(1,103)
toch in(2,156)
huidige crisis(1,94)
haast bij(1,143)
politieke strijd(1,118)
door piet(1,112)
brief aan(2,156)
inflatie en(1,78)
bevolking nog(1,153)
nog enigszins(1,89)
amerika zou(1,138)
meer begrip(1,96)
vs in(1,133)
te groot(2,156)
voor einde(1,123)
naam wordt(1,152)
van unilever(1,65)
economische moeilijkheden(1,80)
uitgaan dat(1,148)
partij kan(1,155)
klm en(1,59)
zes keer(1,96)
lijnrecht tegenover(1,126)
een procent(1,100)
het halen(1,141)
waarom geen(1,141)
opgaan in(1,133)
legde hem(1,139)
koning voor(1,155)
in grouw(1,75)
in juni(2,141)
overeind te(1,124)
beter of(1,147)
woningbouw in(1,90)
een exclusief(1,76)
geen verrassing(1,107)
nog ruimte(1,128)
mensen zonder(1,64)
kwalijk genomen(1,148)
en geringe(1,155)
op maatregelen(1,155)
tijd voor(2,156)
stap terug(1,126)
onze economie(1,68)
name bij(1,140)
is uniek(1,79)
olie is(1,152)
niet rooskleurig(1,119)
handhaafde zich(1,110)
adviseurs van(1,108)
der spiegel(1,99)
internationale toestand(1,85)
duitse regering(1,64)
drukt op(1,154)
het buitenlandse(1,101)
pompen en(1,156)
groep van(2,155)
geen aanwijzingen(1,105)
zijn stempel(1,121)
maas van(1,156)
handel over(1,155)
past niet(1,133)
en joden(1,153)
instituut de(1,150)
nieuwe aandelen(1,54)
zaad van(1,156)
wordt aangehouden(1,149)
twee maten(1,142)
felle kritiek(1,80)
de vs(2,134)
en hal(1,144)
ijver voor(1,155)
zo goedkoop(1,69)
krijgen omdat(1,131)
het krijt(1,132)
er meestal(1,132)
state of(1,144)
volk der(1,153)
vooraan in(1,156)
verweer van(1,101)
gaan geven(1,134)
zal blijven(2,156)
sociale lasten(1,75)
veel gevaarlijker(1,153)
beloofde land(1,148)
philips in(1,128)
verwachten een(1,140)
verkiezingen is(1,154)
met europa(1,155)
krijgt geen(1,126)
praat met(1,106)
het vrije(2,156)
overschot op(1,155)
met ontslag(1,141)
en frankrijk(2,156)
redenen is(1,155)
van collectieve(1,97)
sociaal economische(1,82)
goederen niet(1,155)
begrip in(1,115)
problemen bij(1,71)
van tien(2,156)
de bondskanselier(1,76)
aanwijzingen voor(1,132)
procent hoger(1,54)
tot week(1,135)
passagiers op(1,156)
voor miljoenen(1,51)
in meppel(1,107)
het bedrijfsleven(2,91)
tweede fase(1,75)
rotterdam niet(1,153)
halen in(1,150)
minister mr(1,110)
gewone mensen(1,61)
voor kon(1,132)
gestemd over(1,152)
top in(1,117)
eisen voor(1,86)
laatste voor(1,155)
wereld worden(1,148)
het verweer(1,102)
krijgt zijn(1,126)
verlaging van(2,156)
kijk uit(1,97)
om vrede(1,155)
komend jaar(1,96)
groot op(1,155)
meren en(1,147)
moeilijke tijd(1,101)
kwart miljoen(1,52)
te dichten(1,145)
geweld aan(1,156)
opleving in(1,88)
de btw(1,29)
gasten uit(1,134)
aantal vragen(1,137)
botsing tussen(1,62)
duurder worden(1,129)
aanwezig voor(1,130)
schieten op(1,152)
voor zuid(1,142)
laatste zou(1,156)
procent gestegen(1,87)
weliswaar nog(1,103)
van economische(2,122)
zo lekker(1,64)
verder terug(1,138)
gewaarborgd door(1,155)
sterk onder(1,139)
laag van(1,155)
de knel(1,114)
teruggang in(1,149)
gezamenlijk met(1,156)
suriname de(1,156)
liep te(1,156)
kleine winst(1,134)
jaar op(2,156)
het wereld(1,119)
zware druk(1,107)
jaar achter(1,119)
bevredigend resultaat(1,144)
blij te(1,120)
op verdere(1,156)
centraal in(1,79)
niet kwijt(1,119)
af van(2,156)
wennen aan(1,105)
secretaris generaal(1,155)
dik in(1,137)
caribisch gebied(1,40)
zijn poging(1,125)
regering moet(1,104)
fel tegen(1,110)
treft het(1,153)
een sterke(2,156)
procent minder(1,97)
remmen en(1,108)
miljard mark(1,55)
offers te(1,154)
van ns(1,156)
in bolsward(1,105)
honderden mensen(1,61)
en kramer(1,153)
verlies in(1,156)
bestrijding van(2,156)
bevorderd worden(1,155)
en hogere(1,63)
lang wachten(1,156)
hard van(1,141)
aanvraag voor(1,153)
worden belegd(1,153)
de regeringsverklaring(1,80)
vrij gunstig(1,154)
zicht van(1,128)
van volgend(1,124)
geen subsidie(1,145)
van jaar(2,156)
redden door(1,154)
regering geen(1,106)
betere resultaten(1,147)
bakker in(1,155)
alles wijst(1,118)
jacht naar(1,119)
en democratie(1,105)
bij philips(1,82)
slechts kleine(1,156)
en or(1,155)
te weer(1,155)
bremen en(1,156)
de moeilijkheden(2,137)
om zeep(1,108)
vindt van(1,154)
niet ontevreden(1,132)
door ben(1,155)
spanje heeft(1,156)
heus wel(1,62)
uit denemarken(1,151)
gast in(1,139)
pvda in(1,49)
evangelische kerk(1,154)
van kemenade(1,123)
25 jarig(1,145)
zeker meer(1,156)
meijer van(1,155)
verkeren in(1,63)
in kamer(1,152)
op gelijk(1,154)
anders met(1,156)
in winkel(1,139)
en kok(1,156)
ruim zes(1,156)
uit limburg(1,156)
crisis is(1,154)
let vooral(1,123)
nieuwe uitgaven(1,151)
financieel beleid(1,129)
op herstel(1,156)
westerse landen(1,56)
en unilever(1,65)
en pvda(1,48)
financieel en(1,140)
in dollars(1,128)
zo goed(2,141)
vermoedelijk met(1,155)
mee het(1,133)
voordat een(1,131)
en rob(1,96)
daalde in(1,137)
van werkloosheid(1,108)
fractie in(1,133)
per man(1,148)
voor verder(1,151)
in frankfort(1,154)
die kant(1,117)
nog slechter(1,150)
nederland moet(1,154)
zijn gezag(1,156)
in waterland(1,155)
huwelijk is(1,156)
morgen bij(1,156)
te remmen(1,118)
der stee(1,45)
rotterdamse haven(1,60)
dollar op(1,108)
mensen over(1,64)
lange duur(1,144)
heffing op(1,153)
opgewekte stemming(1,136)
nog grotere(1,62)
flink in(1,130)
gehad het(1,155)
doet niets(1,156)
in parijs(2,156)
vreemdelingen in(1,155)
nu ruim(1,156)
vanaf morgen(1,96)
ons na(1,156)
strijd tegen(2,156)
mark in(1,132)
wordt eerst(1,156)
crisis te(1,155)
verband tussen(1,69)
op tv(1,104)
deze redenen(1,156)
praktijk in(1,150)
elkaar af(1,118)
b.v op(1,120)
op tweede(1,108)
mede omdat(1,141)
bedrijfsleven in(1,87)
veel vertrouwen(1,156)
resultaten op(1,154)
van franse(1,90)
van burgers(1,155)
socialisme en(1,130)
goed wordt(1,154)
gered door(1,156)
geen echte(1,119)
regering wil(1,103)
actief in(1,105)
eind maart(1,91)
ruim vijf(1,156)
op jaar(1,155)
keer zo(1,60)
weer tegen(1,130)
wordt begonnen(1,126)
worden gedaan(2,156)
dertig procent(1,100)
wereld zou(1,154)
onder zware(1,150)
moet meer(1,155)
stagnatie in(1,139)
toestemming voor(1,133)
in discussie(1,156)
rente in(1,156)
vvd en(1,48)
van hal(1,156)
nu per(1,134)
dat zou(2,156)
door hans(1,110)
bonden en(1,155)
in toom(1,156)
geen maatregelen(1,141)
maatregelen zal(1,156)
van week(1,144)
met militaire(1,156)
stellingen van(1,156)
de negatieve(1,135)
economie van(1,114)
op wielen(1,150)
doen stijgen(1,156)
der grinten(1,131)
een nieuwe(4,156)
het rollen(1,137)
maanden van(2,156)
moet zorgen(1,154)
de betalingsbalans(1,94)
crisis en(1,150)
confrontatie met(1,105)
door dr(2,156)
zomer een(1,155)
op niveau(1,82)
een vat(1,156)
prof dr(1,118)
zal mede(1,155)
de amsterdamse(2,120)
gewone man(1,95)
gezet door(1,147)
gaat zich(1,143)
onderwijs niet(1,156)
in auto(1,91)
op 70(1,156)
op jacht(1,122)
verzet in(1,144)
leven in(2,156)
zes maanden(2,156)
der stoel(1,100)
weer normaal(1,106)
van 180(1,156)
internationale politiek(1,114)
zone van(1,101)
wee van(1,152)
voor nederlandse(1,100)
en gezondheid(1,156)
weet op(1,156)
is weliswaar(1,108)
beurs in(1,156)
rotterdam 10(1,155)
70 procent(1,97)
goede kansen(1,130)
daarbij zal(1,156)
van gouden(1,155)
terrein met(1,152)
geen tweede(1,155)
nederland ook(1,156)
olie van(1,154)
ongerust over(1,156)
de nek(1,120)
van anderhalf(1,156)
de doorslag(1,112)
deel op(1,155)
nederlander die(1,156)
loopt op(1,153)
geen ruimte(1,142)
denken de(1,155)
hoger op(1,61)
voor politieke(1,150)
stelsel dat(1,155)
verwacht een(1,153)
keer niet(1,143)
daarvan kan(1,156)
plannen zijn(1,154)
nooit zo(1,80)
begin dit(1,66)
een streep(1,142)
van extra(1,155)
geld lenen(1,52)
kampen met(1,155)
laatste kans(1,118)
jaar met(2,156)
erg moeilijk(1,103)
achter bij(1,148)
wisseling van(1,156)
op minder(1,156)
spek en(1,156)
geen verbetering(1,145)
verlies voor(1,156)
sociale dienst(1,59)
houding ten(1,149)
verband niet(1,156)
herstelde zich(1,156)
het schip(3,156)
zwaar getroffen(1,145)
japan is(1,148)
het derde(2,156)
tekenen van(1,73)
verwacht in(1,156)
de kostprijs(1,113)
geboren is(1,156)
arbeiders zijn(1,153)
zorgen over(1,103)
iets hoger(1,60)
geduld en(1,156)
zomer in(1,155)
zijn schouders(1,126)
boven aan(1,155)
cijfers zijn(1,151)
zo slecht(1,91)
moet om(1,156)
van thijn(1,95)
de rai(1,96)
worden gekocht(1,156)
de verbruikers(1,156)
de obligatiemarkt(1,81)
het eerst(3,156)
kleine man(1,138)
geen toestemming(1,124)
een verloren(1,154)
van crm(1,29)
of nauwelijks(1,108)
heeft weinig(1,156)
nu niet(2,156)
dollar in(1,127)
moeilijk en(1,125)
de ser(1,139)
zijn vaak(1,128)
west europa(1,109)
kritiek van(1,154)
analyse van(1,144)
hard aan(1,142)
zakken en(1,156)
van rijk(1,155)
wordt bedreigd(1,156)
dollar en(1,140)
midden oosten(1,72)
het vad(1,86)
de sociaal(1,123)
deden het(1,156)
de lift(1,114)
volgende keer(1,135)
en nederlandse(1,86)
interesse voor(1,89)
onderneming in(1,156)
verrast door(1,156)
sprake geweest(1,156)
procent meer(1,104)
eigen schuld(1,156)
en nu(3,156)
niet best(1,154)
ter wereld(2,156)
wonder van(1,147)
haagse redactie(1,48)
voor amerika(1,152)
ziet een(1,156)
is nodig(1,68)
minder van(1,156)
zuid amerika(1,156)
een gevoelige(1,156)
oproep tot(1,103)
meer op(2,156)
nieuwe verkiezingen(1,156)
roermond en(1,155)
gebeurtenissen die(1,156)
die grote(1,75)
voor openbare(1,156)
goed een(1,156)
paul de(1,155)
liquidatie van(1,155)
economisch leven(1,100)
programma in(1,156)
wat doen(1,154)
van koophandel(2,156)
philips en(1,155)
nog geen(3,156)
werkt met(1,152)
steeg met(1,133)
het zaad(1,156)
is gedaald(1,155)
meer belangstelling(1,156)
zou als(1,156)
bij met(1,156)
groep in(1,133)
zou een(2,156)
belastingen in(1,156)
toekomst niet(1,156)
mannen zijn(1,156)
uit angst(1,140)
bereid tot(1,156)
wereld op(1,156)
aan eigen(1,156)
de arbeidersbeweging(1,113)
oorzaak van(2,156)
hoog peil(1,109)
een heleboel(1,61)
het toerisme(1,100)
import van(1,112)
nu de(3,156)
plaats zou(1,156)
invloed van(2,156)
groei en(1,156)
praten met(1,123)
goed het(1,156)
in 1985(1,46)
betekenen dat(1,63)
succes heeft(1,145)
congres in(1,155)
te vergroten(1,66)
ligt dan(1,156)
tot samenwerking(1,125)
onze partij(1,141)
in rotterdam(2,156)
taak om(1,156)
moeilijke taak(1,128)
zich door(2,156)
geldt de(1,156)
tekort op(1,152)
worden gelaten(1,156)
handelaar in(1,156)
bijdrage tot(1,155)
klaar voor(1,136)
de mark(1,156)
arbeid voor(1,156)
element in(1,150)
rust de(1,156)
na jaren(1,156)
albert van(1,156)
der lugt(1,152)
week tot(1,156)
amro bank(1,32)
van olie(1,156)
in door(1,156)
burgers en(1,156)
aangepast aan(1,96)
verkorting van(1,156)
steeds als(1,156)
jaar vast(1,153)
hangt af(1,156)
de kaak(1,155)
nieuw zeeland(1,156)
prijzen met(1,156)
herstellen van(1,156)
richten op(1,126)
maatregelen voor(1,156)
voor eerste(1,156)
miljoen in(1,76)
kunnen helpen(1,156)
nieuws in(1,156)
stad aan(1,156)
in tokio(1,107)
zo sterk(1,95)
boven alles(1,156)
mooi weer(1,141)
het westduitse(1,49)
de bres(1,156)
op kleine(1,155)
en arbeiders(1,156)
hebben geleden(1,156)
amerikaanse minister(1,60)
kreeg in(1,148)
du pont(1,153)
handel op(1,156)
doen we(1,132)
wordt weer(1,141)
74 75(1,155)
steeds meer(2,156)
de gulden(1,156)
effect van(1,156)
centrale bank(1,113)
voor grote(1,63)
een zwakke(1,141)
optreden tegen(1,137)
schade die(1,156)
gevaar is(1,156)
zullen dit(1,156)
vos en(1,156)
buitenlandse zaken(2,107)
pers in(1,153)
voor st(1,156)
tot nieuwe(1,156)
met verlies(1,156)
moeilijkheden met(1,126)
en wee(1,156)
van stapel(1,156)
de waarheid(2,156)
van hoog(1,156)
onze haagse(1,52)
correspondent in(1,154)
in 1980(1,71)
een beweging(1,136)
een glimlach(1,156)
wacht op(1,156)
een iets(1,144)
en economisch(1,121)
wij staan(1,156)
vooruitzichten voor(1,127)
aan door(1,156)
afzet van(1,151)
in nieuw(1,156)
richt zich(1,125)
maandag op(1,156)
ter verbetering(1,156)
in uitzicht(1,117)
goede zaak(1,156)
gunstig voor(1,156)
dan onder(1,156)
partijen van(1,156)
de duivel(1,156)
problemen met(1,81)
jaar al(1,156)
je bij(1,146)
op het(1,156)
de steek(1,142)
als zeer(1,156)
tot president(1,156)
vaak de(1,156)
krijgen om(1,155)
dat amerika(1,147)
meer mogelijk(1,156)
wijst erop(1,114)
winkel van(1,156)
al het(2,156)
is kunnen(1,156)
maar veel(1,156)
van samenwerking(1,126)
naar spanje(1,156)
bier en(1,156)
waar door(1,156)
terug met(1,156)
over op(1,156)
van amerikaanse(1,92)
goede resultaten(1,156)
van paul(1,155)
openbaar vervoer(1,74)
niet slecht(1,156)
de defensie(1,152)
de consument(1,131)
verbetering van(2,156)
is noodzakelijk(1,156)
steun voor(1,156)
bij een(4,156)
in zwart(1,156)
te lijf(1,154)
weinig handel(1,152)
crisis in(1,155)
gehele land(1,73)
subsidie voor(1,155)
kamer over(1,156)
europa in(1,156)
op door(1,156)
gevolgen voor(1,156)
want al(1,156)
actie tegen(1,151)
in bonn(1,119)
het wonder(1,156)
niet moet(1,156)
tot eind(1,120)
even groot(1,156)
deze zomer(1,118)
het werkelijk(1,156)
zich goed(1,156)
in heerenveen(1,98)
het roer(1,156)
op kosten(1,156)
nederland zal(1,156)
te verwachten(2,156)
gaan werken(1,141)
van nationale(1,156)
nog erger(1,156)
in contanten(1,154)
woord over(1,156)
kerken en(1,156)
het financieel(1,156)
amsterdam rubber(1,84)
genomen dat(1,156)
moeilijkheden te(1,129)
zijn antwoord(1,156)
per saldo(1,140)
ons nu(1,156)
zijn goed(1,156)
is op(3,156)
kamer van(2,156)
stelde zich(1,156)
een werkelijk(1,156)
maken een(1,156)
rotterdam heeft(1,156)
en de(3,156)
sterker dan(1,156)
en zuid(1,156)
kleine en(1,156)
de olie(1,156)
komt uit(1,156)
plannen om(1,152)
tijd door(1,156)
dagblad de(1,156)
da costa(1,156)
angst voor(1,153)
tekort van(1,156)
tegenover elkaar(1,135)
vraag in(1,156)
ten grondslag(1,156)
leidt tot(1,156)
van beleg(1,156)
blijft in(1,156)
over in(1,156)
geloof in(1,156)
zich vooral(1,156)
in midden(1,156)
komt niet(1,156)
morgen in(1,156)
de eeg(1,39)
problemen van(1,100)
en daarvan(1,156)
eerste kwartaal(1,156)
der hoeven(1,156)
bouw van(2,156)
uit door(1,156)
in jaar(1,156)
een moeilijke(1,125)
nieuw leven(1,156)
een totale(1,133)
het pond(1,156)
zuid afrika(1,144)
schepen in(1,156)
en neer(1,156)
de rijn(1,156)
praten over(1,137)
geleden door(1,156)
een felle(1,156)
een baan(1,133)
aftreden van(1,156)
dienst voor(1,156)
de ruim(1,154)
loop van(2,156)
te overwinnen(1,156)
de moeilijke(1,129)
niveau van(1,119)
houdt in(1,156)
vandaag de(1,112)
vast op(1,156)
zeer moeilijk(1,132)
rekening houden(1,129)
dividend over(1,155)
uit vrees(1,156)
in een(1,156)
het type(1,132)
jaar in(2,156)
allen van(1,156)
de rijke(1,156)
miljard gulden(1,44)
ten cate(1,156)
om al(1,156)
iets beter(1,156)
omzet van(1,156)
kan nu(1,156)
zal geen(1,156)
kritiek op(1,140)
geweest voor(1,156)
belang voor(1,156)
reden waarom(1,156)
weer in(2,156)
probleem van(1,110)
van morgen(1,156)
sociale voorzieningen(1,82)
de werkgelegenheid(1,86)
van een(3,156)
belangrijke rol(1,156)
op vrije(1,156)
belangstelling in(1,156)
komt nog(1,156)
de antillen(1,142)
top van(1,156)
te keren(1,125)
getroffen door(1,156)
zolang de(1,79)
de groot(2,156)
geld op(1,156)
maar over(1,156)
winnaar van(1,107)
hebben gisteren(1,156)
te laag(1,156)
dat laatste(1,156)
kern van(1,156)
de huidige(2,156)
al voor(1,156)
geen nieuwe(1,156)
fiat 128(1,26)
niet direct(1,151)
nederland heeft(1,156)
of na(1,156)
van prijs(1,156)
gaat met(1,156)
strijd in(1,156)
belangrijk deel(1,156)
staan op(1,156)
links en(1,156)
ruimte voor(1,156)
in ned(1,155)
kan alleen(1,156)
door de(2,156)
vrouw met(1,156)
niet te(4,156)
zeer sterk(1,156)
een antwoord(1,156)
de japanse(1,86)
verlenging van(1,156)
in naam(1,156)
dat toch(1,156)
toe in(1,156)
moet nog(1,156)
de rode(1,140)
de zomer(1,156)
aanvallen op(1,156)
nog door(1,156)
werd hem(1,156)
prins bernhard(1,72)
wat nu(1,156)
met geweld(1,156)
op tegen(1,156)
iets lager(1,156)
zorgen voor(1,156)
een bijdrage(1,139)
tot verbetering(1,156)
op tot(1,156)
een kwart(1,156)
wachten op(1,156)
geen woord(1,156)
verzet tegen(1,156)
in washington(1,140)
vragen voor(1,156)
omvang van(1,156)
gericht op(1,127)
afscheid van(1,156)
niet uitgesloten(1,154)
of wat(1,156)
wel en(1,156)
maar weinig(1,156)
de provincie(2,156)
uitgaven voor(1,156)
prijzen en(1,156)
verder dan(1,156)
bron van(1,156)
een verdere(1,143)
de italianen(1,153)
buiten de(2,156)
vooral niet(1,156)
steeds niet(1,156)
niet wordt(1,156)
bij deze(2,156)
worden het(1,156)
zou dat(1,156)
nederlandsche bank(1,156)
zich heen(1,156)
in grote(1,78)
de baas(1,156)
nog verder(1,156)
is onze(1,156)
jaar het(1,156)
bank van(1,156)
het beter(1,156)
een geweldige(1,156)
ziet het(1,156)
aanbod van(1,156)
woning in(1,156)
dat geval(1,156)
winst van(1,156)
jaar zal(1,156)
een gelukkig(1,156)
mei in(1,156)
dan naar(1,156)
zal nog(1,156)
zou het(2,156)
daling van(1,156)
de bedrijven(1,156)
van 29(1,156)
te hopen(1,156)
de massa(1,156)
europa en(1,156)
geen geld(1,156)
worden door(2,156)
vrees voor(1,156)
het kapitaal(1,156)
gisteren is(1,156)
druk van(1,156)
regering heeft(1,131)
is zal(1,156)
mij in(1,156)
met garantie(1,138)
goed is(1,156)
naar ons(1,156)
een plan(1,156)
wijzen op(1,156)
we er(1,155)
zou in(1,156)
weet het(1,156)
komen om(1,156)
openbare werken(1,156)
een enorme(1,136)
alleen bij(1,156)
van jaren(1,156)
de partijen(1,156)
niet beter(1,156)
de problemen(1,101)
amsterdam van(1,156)
met weinig(1,156)
niet erg(1,147)
door alle(1,156)
van 500(1,156)
de feiten(1,156)
de rug(1,153)
begonnen met(1,156)
dat dan(1,156)
plan van(1,156)
het aanbod(1,156)
deze week(2,156)
voor van(1,156)
advies van(1,156)
moet in(1,156)
niet waar(1,156)
van amerika(1,156)
veel minder(1,156)
voor of(1,156)
groot belang(1,156)
door onze(1,156)
van voor(1,156)
denken aan(1,156)
al dan(1,156)
gevaar voor(1,156)
de arbeid(1,156)
al of(1,156)
in april(1,156)
het internationale(1,144)
geen andere(1,156)
uit in(1,156)
de onderneming(1,156)
van zich(1,156)
half jaar(1,156)
voor meer(1,156)
eens met(1,156)
zou dan(1,156)
de gebeurtenissen(1,156)
in geval(1,156)
de vrede(1,156)
niet meer(4,156)
van bestuur(1,156)
jaren van(1,156)
genoeg om(1,156)
de vrouw(2,156)
paar dagen(1,156)
erop dat(1,135)
maar een(2,156)
stijging van(1,147)
afhankelijk van(1,156)
ben je(1,142)
strijd om(1,155)
terug te(2,156)
in feite(1,85)
weer aan(1,152)
tweede kamer(2,156)
man in(1,156)
ten einde(2,156)
de pvda(1,50)
en kleine(1,156)
werk en(1,156)
te dringen(1,156)
zaken in(1,156)
geweest van(1,156)
er veel(1,156)
bescherming van(1,156)
een lange(1,156)
aan op(1,156)
beeld van(1,156)
er van(2,156)
op nieuw(1,155)
exploitatie van(1,155)
voorzitter de(1,156)
wel is(1,156)
van groot(1,156)
twee maanden(1,156)
de actie(1,155)
het vertrouwen(1,156)
aanval op(1,156)
niet of(1,156)
dan van(1,156)
zeer groot(1,156)
het hele(1,88)
hulp van(1,156)
de anderen(1,156)
op en(2,156)
het werd(1,156)
van hier(1,156)
van 18(1,156)
te bevorderen(1,156)
vraag naar(1,156)
tweede plaats(1,156)
de baan(1,156)
van 16(1,156)
eerste helft(1,156)
de praktijk(1,156)
komen in(1,156)
gedaan om(1,156)
meerderheid van(1,156)
weer de(1,155)
aan de(6,156)
onderzoek naar(1,156)
jaar van(1,156)
kan er(1,156)
houden en(1,156)
niet verder(1,156)
de wereld(2,156)
moeten de(1,156)
zich als(1,156)
beroep op(1,156)
nog voor(1,156)
is nog(2,156)
houden met(1,156)
jaar voor(1,156)
hopen dat(1,156)
kunnen doen(1,156)
omdat er(1,156)
het huwelijk(1,156)
dus een(1,156)
tegen de(4,156)
bevordering van(1,156)
heeft ook(1,156)
gang van(1,156)
de macht(1,135)
te denken(1,156)
het niet(3,156)
zal komen(1,156)
niet mogelijk(1,156)
de met(1,156)
de verkiezingen(1,156)
aan ons(1,156)
gevolgen van(1,156)
een belangrijk(1,156)
nog nooit(1,156)
werken en(1,156)
tweede helft(1,156)
belangstelling voor(1,156)
het kan(1,156)
uit de(6,156)
leider van(1,152)
de brug(1,156)
zijn ook(1,156)
de winst(1,156)
wat in(1,156)
eerste kamer(1,156)
leven en(1,156)
met grote(1,91)
had in(1,156)
bij van(1,156)
niet op(2,156)
de schade(1,156)
moeten zijn(1,156)
in friesland(1,156)
die ons(1,156)
is gisteren(1,156)
dat nu(1,156)
kans op(1,156)
op eigen(1,156)
en zeer(1,156)
naar een(2,156)
te den(1,156)
plaats voor(1,156)
op een(1,156)
de economische(1,138)
van engeland(1,156)
of the(1,156)
is het(1,156)
in strijd(1,156)
al deze(1,156)
niets van(1,156)
in andere(1,156)
de kamer(2,156)
ondanks de(1,156)
medewerking van(1,156)
zich nog(1,156)
te wijzen(1,156)
naar amsterdam(1,156)
tot in(1,156)
goed te(1,156)
of er(1,156)
ook door(1,156)
en waar(1,156)
meer van(1,156)
25 jaar(1,156)
hoe het(1,156)
dat de(6,156)
wat is(1,156)
toch nog(1,156)
een belangrijke(1,156)
moet worden(2,156)
de gevolgen(1,156)
kunnen zijn(1,156)
heeft en(1,156)
worden met(1,156)
alleen in(1,156)
in ons(2,156)
hebben dat(1,156)
de lange(1,156)
maar als(1,156)
gaat het(1,156)
het congres(1,156)
zijn niet(1,156)
het dan(1,156)
van ons(2,156)
zeker niet(1,156)
nu nog(1,156)
verenigde staten(1,117)
ook bij(1,156)
de jeugd(1,156)
een heel(1,156)
is dus(1,156)
meer dan(3,156)
dan niet(1,156)
ben ik(1,156)
die zijn(1,156)
niet eens(1,156)
veel meer(1,156)
over de(6,156)
een tweede(1,156)
zijn die(1,156)
te blijven(1,156)
ook met(1,156)
van zaken(1,156)
per dag(1,156)
weg te(1,156)
hem in(1,156)
bezoek aan(1,156)
de internationale(1,151)
is een(1,156)
met name(1,156)
staat van(1,156)
hebben in(1,156)
einde van(1,156)
de gewone(1,156)
met de(4,156)
van hun(2,156)
kan het(1,156)
een onderzoek(1,156)
hier en(1,156)
had een(1,156)
want de(1,156)
er aan(1,156)
zou hebben(1,156)
niet met(1,156)
van af(1,156)
zal in(1,156)
in amsterdam(1,156)
de dag(1,156)
zou de(1,156)
de amerikaanse(1,102)
de weg(1,156)
maar in(1,156)
en dat(1,156)
achter de(1,156)
door een(1,156)
het laatste(1,156)
gevolg van(1,156)
van amsterdam(1,156)
de derde(1,156)
bij de(4,156)
waar het(1,156)
die aan(1,156)
wordt het(1,156)
waren de(1,156)
eerste plaats(1,156)
met een(3,156)
ook in(2,156)
voor alle(1,156)
minder dan(1,156)
om de(4,156)
dat zijn(1,156)
om zich(1,156)
in dat(1,156)
in de(27,156)
directeur van(1,156)
zijn dat(1,156)
aanzien van(1,156)
heeft zich(1,156)
zou worden(1,156)
de grote(1,98)
ten aanzien(1,156)
dan in(1,156)
ook de(1,156)
zich op(1,156)
de toekomst(1,156)
aan het(3,156)
die niet(1,156)
omdat de(1,156)
is de(2,156)
over te(1,156)
de markt(1,156)
die in(1,156)
raad van(1,156)
de twee(1,156)
een nieuw(1,156)
heeft in(1,156)
de wet(1,156)
niet aan(1,156)
er nog(1,156)
na de(2,156)
op de(12,156)
naar de(2,156)
is te(1,156)
de eerste(2,156)
dan een(1,156)
in het(15,156)
de regering(1,156)
zal worden(2,156)
ook niet(1,156)
als een(2,156)
tot een(1,156)
bij het(2,156)
de man(1,156)
als de(2,156)
de nederlandse(1,156)
in alle(1,156)
van de(33,156)
den haag(2,156)
dan ook(1,156)
het hoofd(1,156)
van haar(1,156)
voor de(10,156)
dat hij(2,156)
de tweede(1,156)
werd de(1,156)
een aantal(1,156)
dat een(1,156)
die een(1,156)
een zeer(1,156)
is in(1,156)
van dit(2,156)
af te(1,156)
heeft een(1,156)
onder de(2,156)
op zijn(1,156)
van die(1,156)
is dat(1,156)
zal de(1,156)
en het(3,156)
niet in(1,156)
die de(2,156)
van alle(1,156)
te brengen(1,156)
en die(1,156)
is er(1,156)
een der(1,156)
er is(1,156)
kunnen worden(1,156)
te houden(1,156)
voor het(5,156)
dan de(1,156)
een paar(1,156)
en op(1,156)
die het(1,156)
te komen(1,156)
voor een(3,156)
