jet kunkeler(16,8)
haagse _(29,91)
jet _(16,65)
steun _(33,156)
weekbladen vrij(8,2)
weekbladen _(11,105)
_ _(295,156)
sprak _(15,156)
post _(15,156)
voorts _(11,155)
week _(13,156)
schrijft _(12,156)
vrij nederland(9,75)
doorn _(11,156)
tijd _(18,156)
publiceert _(8,124)
hans amesz(4,12)
anderen _(8,156)
hans _(8,124)
krijgt steun(4,36)
hp _(5,92)
nieuwe linie(5,62)
nederland sprak(4,72)
kvp _(7,49)
mierlo _(6,155)
alfred kossmann(4,41)
alfred _(4,115)
situatie _(9,137)
subsidie _(7,156)
jan haasbroek(3,23)
post krijgt(3,37)
dennendal _(3,3)
vrijmoedig commentaar(3,27)
groene _(6,156)
denken _(5,155)
interview _(6,111)
mensen _(8,148)
amarcord _(2,1)
pvda _(6,50)
nader _(5,156)
crm _(4,29)
linie schrijft(2,8)
chili _(4,148)
kamerdebat _(3,85)
feiten meningen(2,11)
post sprak(2,13)
rob _(3,70)
poel laat(2,7)
1,8 miljoen(3,40)
kritiek _(5,156)
rob vermaas(2,10)
interviewde _(2,24)
pers _(6,156)
vredeling _(2,8)
gaat nader(2,36)
besluit _(3,151)
weerlee _(2,15)
duco _(2,31)
torpederen _(2,30)
prof dr(3,118)
wim _(3,73)
gesprek _(5,156)
regering steunt(2,58)
westeuropese _(2,43)
kroon _(2,18)
fotoreportage _(2,51)
allende _(2,23)
uitgever _(2,103)
mensen praten(2,50)
vervreemd _(2,108)
politiek _(4,155)
openheid _(2,44)
media _(2,31)
vrijmetselaren _(2,78)
kamer _(7,156)
ischa meijer(2,27)
bosch _(3,155)
renteloze lening(2,48)
nieuwe _(10,156)
weg _(6,156)
zambia _(2,31)
meningen _(2,58)
verloedering _(2,28)
meewerkt _(2,86)
criminaliteit _(2,78)
ds 70(2,19)
boek _(4,156)
geschiedschrijving _(2,72)
joop wolff(2,41)
gastarbeiders _(2,32)
sanden _(2,141)
arp _(2,36)
stille kracht(2,80)
bomaanslagen _(2,69)
traan _(2,137)
harry _(2,86)
rage _(2,100)
dagblad _(3,156)
bekroond _(2,147)
mozambique _(2,114)
vrije pers(2,116)
surinamers _(2,62)
arion _(1,1)
kabinet _(2,151)
santiago _(2,86)
burger _(2,153)
7000 _(2,140)
nixons lijfarts(1,1)
nixon _(2,39)
nederland gaat(2,123)
miserabele situatie(1,2)
hendriks sprak(1,2)
voorspelt _(2,153)
massamediabeleid _(1,2)
blad _(5,156)
sonneveld _(1,3)
nkv _(2,36)
ajax _(2,89)
paus _(2,153)
boeren _(4,156)
vlb _(1,2)
tuinders _(2,92)
kamerlid wilbers(1,3)
wigan _(1,2)
snelle _(3,156)
voorzitter steenkamp(1,4)
schreef _(2,134)
binnen _(5,156)
lubbers _(2,109)
oordeelt _(2,156)
dichter _(3,156)
gaat tn(1,6)
bakkerijwereld _(1,6)
document _(2,151)
motie scholten(1,4)
magazine besteedt(1,5)
gloria steinem(1,7)
stuyf _(1,7)
nader inzien(2,154)
rond dennendal(1,2)
vvd _(2,48)
tegenstand _(2,156)
oor _(2,156)
holland dada(1,1)
henry klssinger(1,4)
gewoon _(2,156)
antilliaanse schrijver(1,6)
kost _(2,129)
frits _(2,116)
peter schats(1,6)
toekomst _(5,156)
praktijken _(2,137)
kvp ln(1,7)
kamerlid vonhoff(1,5)
ellen edinoff(1,6)
arts _(2,139)
ecevit _(1,7)
vraag _(6,156)
veronica _(1,7)
groene schrijft(1,8)
parijs _(2,156)
lening _(2,114)
miljoen _(2,73)
weekbladpers _(1,11)
vervolg _(2,156)
luns _(1,11)
regeringssteun _(1,10)
dada _(1,5)
psychologie _(2,108)
anton hubben(1,9)
lucia kerstens(1,6)
weer forse(1,13)
huis _(2,153)
reve _(1,16)
isolement _(1,15)
tn zuid(1,15)
evertsz _(1,9)
sije _(1,14)
portugal _(2,156)
serieuze besprekingen(1,13)
anders _(2,156)
samenstellers _(2,118)
forse taal(1,18)
mediabeleid _(1,8)
theo sontrop(1,15)
zeggen _(3,156)
harde akties(1,12)
praktijk _(2,156)
protesten _(1,19)
boos _(2,142)
bloei _(2,156)
beslissen _(2,156)
god _(2,156)
nederland besteedt(1,16)
ingenomen _(2,156)
vonhoff vvd(1,9)
ontslag _(3,156)
66 kamerlid(1,17)
meerderheid _(2,156)
mysterie _(2,113)
rol _(2,139)
uitgevoerd _(2,156)
onzekere zaak(1,20)
voerde _(1,24)
india _(2,144)
bulten _(2,137)
hoogleraar vanwege(1,20)
relatie _(2,128)
wethouder han(1,7)
onvrijheid _(1,22)
toekomstplannen _(1,28)
zin _(2,156)
filosofeert _(1,28)
poel _(2,156)
democraten _(2,152)
gust romijn(1,22)
amerikaanse gevangenissen(1,23)
premier ecevit(1,4)
mia smelt(1,12)
nixons _(1,7)
sprake la(1,24)
sittard _(1,30)
navo _(1,28)
oog _(2,156)
pide _(1,13)
koert stuyf(1,11)
machtsoverdracht _(1,21)
vpro _(1,27)
elsevier magazine(1,17)
afscheiding _(1,33)
soares _(1,12)
amsterdam _(3,156)
constateert _(2,141)
hilda _(1,29)
ware _(3,156)
greep _(2,147)
sjeik yamani(1,16)
blijft _(2,156)
elitaire _(1,23)
fonds _(2,156)
weekblad haagse(1,21)
omgekeerde bewijslast(1,17)
schaarse grondstoffen(1,16)
vvdm _(1,21)
margarineprijs _(1,20)
portugese socialistische(1,9)
ard _(1,21)
holland signaal(1,21)
christenen _(2,156)
leer _(2,156)
beslissing _(2,156)
netty _(1,35)
aart gisolf(1,17)
informatie avond(1,20)
nieuws _(2,156)
peinst _(1,43)
consument _(2,131)
afgewezen kandidaat(1,33)
schuilt achter(1,46)
expositie toont(1,31)
achturige _(1,47)
spring _(1,45)
post vraagt(1,43)
vervaardigt _(1,32)
vrijwilligerswerk _(1,23)
rudy _(1,37)
kroonlid _(1,32)
archie bunker(1,20)
politieke stunt(1,41)
nico polak(1,30)
kritiek los(1,38)
ferry hoogendijk(1,23)
reeks _(2,156)
chu vvd(1,22)
bestaande structuren(1,29)
onrust _(2,156)
delftse hoogleraar(1,39)
ministers lubbers(1,16)
revolutionaire situatie(1,31)
boer _(2,156)
post schreef(1,63)
links nederland(1,25)
onzekere _(1,60)
goelag archipel(1,19)
boeketje _(1,55)
aruba komt(1,34)
rozen _(1,48)
onlangs _(2,156)
lijfarts dr(1,62)
lonken _(1,43)
zichzelf _(2,126)
diens boek(1,56)
voetballer _(1,47)
volgens wiegel(1,23)
huisdier _(1,47)
geding _(2,156)
mia _(1,48)
dikke vinger(1,36)
tuinsteden _(1,34)
ptt _(2,71)
nieuwe unie(1,56)
stilte _(2,156)
besprak _(1,65)
gelukkig _(2,156)
napraten _(1,63)
boven 70(1,64)
piet steenkamp(1,24)
martinus arion(1,27)
liselore gerritsen(1,23)
lydia _(1,67)
lammers _(1,67)
hans werkman(1,24)
kamer akkoord(1,37)
passie preekt(1,74)
film _(2,89)
bondsbestuurders _(1,57)
verjaardag _(1,72)
arie kuiper(1,29)
aardige jongens(1,68)
kvp pvda(1,27)
geef _(1,67)
big brother(1,39)
dag jan(1,80)
herders _(1,81)
post blijft(1,89)
korter wordt(1,74)
onzin _(1,83)
ongelijk _(1,92)
slecht beleid(1,54)
wachten _(2,156)
maandag _(1,59)
nep _(1,53)
frank martinus(1,33)
tjonge tjonge(1,70)
ar chu(1,30)
1,8 _(1,46)
zwarte arbeiders(1,49)
gronin _(1,62)
vader _(3,156)
beleggen _(1,63)
elsevier _(1,50)
no 67(1,84)
tjerk vermaning(1,27)
laurens ten(1,26)
beurt _(1,95)
schetst _(1,60)
pakje boter(1,67)
hangende pootjes(1,90)
philipsconcern _(1,55)
ken _(2,156)
propria cures(1,56)
stichting opgericht(1,61)
jaren duizenden(1,71)
weer _(2,142)
toe _(2,156)
pers gaat(1,86)
herman hofhuizen(1,22)
klopt _(1,91)
sociale spanningen(1,61)
concurrentieslag _(1,31)
lange film(1,73)
lord snowdon(1,28)
kunstenaars _(1,95)
dienst _(2,156)
doormaken _(1,83)
1.2 miljoen(1,40)
lef _(1,66)
turkse premier(1,43)
drenkelingen _(1,92)
zet _(2,156)
tragiek _(1,84)
ontsteld _(1,110)
linkse drie(1,7)
actrice _(1,81)
verslaggever jan(1,35)
weinige _(2,156)
premier evertsz(1,5)
linkse _(1,48)
nieuwe aanvraag(1,102)
miserabele _(1,84)
geschiedenis ingaan(1,42)
achturige werkdag(1,90)
hemd _(1,89)
moties ingediend(1,85)
anton _(1,85)
progressief _(1,44)
nederland _(5,156)
vatlcaan _(1,60)
progressief akkoord(1,23)
13.000 _(1,76)
tno _(1,41)
christen democraten(1,68)
1972 _(1,34)
59 procent(1,52)
geld ligt(1,81)
les _(1,114)
archipel _(1,106)
ned antillen(1,43)
wim verstappen(1,30)
aandacht _(2,156)
mansholt _(1,78)
president directeur(1,92)
dc 10(1,88)
keren _(1,55)
weekblad _(2,156)
kritieken _(1,74)
brengt _(2,156)
kerken _(2,156)
dezelfde politiek(1,104)
krediet _(1,107)
artikel ln(1,67)
funest _(1,73)
uitstel gevraagd(1,123)
orde _(4,156)
miljoenen jaren(1,41)
75ste verjaardag(1,68)
alg ned(1,62)
affaire rond(1,35)
derde artikel(1,133)
han lammers(1,33)
tn _(1,128)
venijnige _(1,85)
gezicht _(1,109)
krijgt _(2,151)
cate _(1,131)
besteedt aandacht(1,35)
nieuwste ontwikkelingen(1,44)
antillianen _(1,36)
amsterdamse wethouder(1,51)
peter _(1,106)
kampioen _(1,75)
bijzonder hoogleraar(1,52)
wrake _(1,119)
theo koomen(1,27)
uitvoerig aandacht(1,60)
jacques _(1,101)
wraak nemen(1,125)
tegenstelling _(1,94)
onttrekt _(1,117)
1.2 _(1,107)
commentaar _(1,86)
ivoren toren(1,77)
hangende _(1,121)
mies _(1,91)
ts _(1,125)
onze parlementsredacteur(1,28)
enige man(1,57)
vitale _(1,79)
grafische bond(1,78)
geld _(2,156)
schenk _(1,95)
beschrijft _(1,107)
plicht _(1,105)
smalle weg(1,86)
staatssecretaris hendriks(1,9)
tijd krijgt(1,95)
varen _(1,136)
terugkeerde _(1,108)
dr walter(1,94)
proberen _(1,55)
ontwikkelingen rond(1,42)
ln limburg(1,75)
kampioen wordt(1,86)
nico _(1,82)
loosduinen _(1,121)
voorstanders _(2,156)
geluk _(2,156)
vet _(1,117)
theo _(1,83)
links rechts(1,105)
sinds 11(1,102)
george knobel(1,19)
notedop _(1,89)
bob _(1,78)
houdt _(1,109)
jan hein(1,49)
dolle _(1,127)
serieuze _(1,80)
nederland schrijft(1,108)
werkdag _(1,105)
afscheid _(1,136)
bond _(1,112)
economen _(1,77)
biografie _(1,85)
afrika _(1,123)
levensverhaal _(1,75)
arbeiders _(1,102)
volgens wethouder(1,64)
afwezigen _(1,142)
volgens ingewijden(1,67)
uitstel _(1,147)
helaas _(1,127)
troef _(1,85)
dolle mina(1,25)
net _(2,156)
deuk _(1,98)
spreek _(1,116)
auteur _(1,120)
teruggekeerde _(1,131)
socialistische leider(1,103)
jan wolkers(1,37)
wijten _(2,156)
eh _(1,135)
weer evenals(1,98)
concentratie _(1,98)
treedt _(1,140)
daarmee _(2,142)
bijzonder _(1,147)
praat _(1,105)
nederlanders _(1,134)
meest waarschijnlijk(1,125)
mogelijk _(2,156)
innemen _(1,139)
alfred hitchcock(1,58)
vliegramp _(1,66)
wordt hierin(1,144)
scherp _(1,122)
ging plotseling(1,103)
speelt _(1,89)
passie _(1,126)
import _(1,91)
verdiept _(1,150)
laatste cijfer(1,148)
emigreren _(1,60)
avond _(1,148)
terwijl _(1,133)
nieuw _(1,110)
oordelen _(1,62)
amsterdam waarin(1,145)
cpn _(1,74)
verwijten _(1,145)
feit _(2,155)
eigen inkomen(1,105)
werkman _(1,137)
detroit _(1,88)
columbia _(1,144)
waanzin _(1,110)
vanuit _(2,101)
doorgaan _(1,111)
volgens _(3,156)
rapport _(2,156)
nieuwe methoden(1,103)
land _(4,156)
ruiker _(1,125)
joan _(1,113)
laat _(2,156)
bram _(1,109)
engel _(1,152)
29 cent(1,111)
opvoeding _(1,148)
10 _(1,145)
opgeschort _(1,101)
bas _(1,143)
vrouwen onder(1,138)
geloof _(1,144)
ned _(1,139)
ln _(3,156)
schoonhoven _(1,154)
scholten _(1,153)
jurgens _(1,102)
controverse _(1,73)
gelijk _(1,153)
discussie _(2,156)
vos _(2,156)
winst maken(1,112)
rijksarchief _(1,134)
ledental _(1,124)
waar zit(1,121)
minister pronk(1,17)
willen _(2,156)
procent _(1,76)
jaren mee(1,99)
felle aanval(1,85)
eigen gezicht(1,88)
geld komt(1,122)
propaganda _(1,106)
dc _(1,141)
albert heyn(1,70)
waarschijnlijk wordt(1,155)
twee artikelen(1,156)
los _(1,141)
grootmeester _(1,152)
kunt _(2,137)
augustus _(2,156)
problemen _(2,101)
alleen _(1,156)
bevel _(2,156)
gerard _(1,137)
water onder(1,151)
moeder _(1,118)
goede _(2,156)
nieuwe stichting(1,133)
schuil _(1,151)
mag _(1,156)
prof _(2,156)
regering _(1,101)
dreigt _(1,143)
economische _(1,111)
staat waar(1,152)
hein _(1,155)
bvd _(1,55)
duijn _(1,152)
vertrouwelijk _(1,148)
gevangenissen _(1,156)
akkoord gaan(1,62)
regisseur _(1,111)
vergissing _(1,148)
hoofdofficier _(1,134)
producent _(1,116)
1,2 miljoen(1,41)
20.00 uur(2,69)
trekt _(1,149)
vervoer _(1,154)
mei _(1,156)
amsterdamse _(2,120)
eigen _(3,156)
klem _(1,153)
probleem _(2,131)
onzekerheid _(1,156)
ellen _(1,152)
moeilijkheden _(2,137)
zoek _(2,122)
ach ter(1,142)
overgebleven _(1,156)
doorsnee _(1,98)
zakelijk _(1,120)
heer burger(1,134)
redden _(2,156)
spanningen _(1,75)
beloofde land(1,148)
lopen _(1,62)
artikel _(2,156)
wezel _(1,154)
aantal doden(1,62)
delftse _(1,61)
legen _(1,154)
tussen _(3,114)
krant _(2,132)
kolen _(1,149)
openbaar _(1,156)
stijging _(2,147)
ard schenk(1,32)
sparen _(1,155)
nederlandse ambassade(1,53)
unie _(1,149)
nieuwe boeken(1,146)
schijn _(1,155)
behoud _(1,143)
rubriek _(1,148)
historie _(1,145)
herman _(1,131)
accent _(1,83)
09.00 uur(1,51)
rijn _(1,149)
hoop _(1,156)
schakel _(1,136)
komt _(1,147)
liberaal _(1,136)
fel _(1,110)
slecht _(1,154)
nieuwe film(1,88)
waarin staat(1,123)
nationaliteit _(1,156)
henry _(1,153)
bergh _(1,155)
achter _(2,156)
voorlopig _(1,62)
beloofde _(1,154)
beeld _(2,156)
winst _(1,136)
rotterdam _(2,156)
vermeldt _(1,155)
even _(2,156)
staatssecretaris _(1,103)
mexicaanse _(1,68)
fl _(1,153)
normaal _(1,115)
instituut _(2,156)
punt staat(1,156)
nieuwe voorzitter(1,122)
ds _(2,156)
september wordt(1,154)
slechts _(2,156)
la _(1,155)
functie _(2,156)
grenzen _(2,156)
gemeenten _(1,156)
christelijk onderwijs(1,154)
opgevangen _(1,128)
rond _(2,155)
gratis _(1,155)
tabak _(1,148)
mr _(3,156)
moskou _(1,128)
hand _(1,156)
gaay fortman(1,133)
per advertentie(1,130)
methoden _(1,129)
maakt melding(1,155)
macht _(2,135)
precies _(1,114)
vrije hand(1,155)
gaay _(1,138)
opgesteld _(1,154)
ontdekte _(1,154)
den bosch(2,156)
radio tv(1,39)
universiteit _(2,156)
cent _(1,152)
willem _(1,156)
ruzie _(1,118)
jaar tijds(1,155)
eigenaardige _(1,155)
balans _(1,156)
drentse _(1,60)
drank _(1,156)
zwarte _(1,156)
drie miljoen(1,65)
zoete _(1,156)
pas komt(1,156)
periode _(2,151)
voort _(1,156)
akkoord _(1,73)
jaar _(3,156)
riel _(1,154)
amerikaanse _(1,86)
volharding _(1,155)
economische groei(1,49)
ser _(1,139)
dirk _(1,156)
midden oosten(1,72)
da _(1,154)
volledige _(1,156)
ging _(1,156)
maasstad _(1,112)
lachen _(1,127)
plannen _(2,156)
fabriek _(1,155)
vrouwelijke _(1,131)
pas _(1,146)
ziet _(1,156)
george _(1,156)
fusie _(1,111)
tong _(1,156)
bloem _(1,155)
piet _(1,127)
artikelen _(1,156)
meijer _(1,156)
taak _(2,156)
achterstand _(1,124)
blij _(1,106)
hangt _(1,156)
vrije _(2,156)
stelt _(1,156)
bourgeoisie _(1,133)
reportage _(1,68)
geschiedenis _(2,156)
warm water(1,154)
turkse _(1,76)
nederlander _(1,155)
zondag 22(1,156)
verschil _(1,156)
verdwijnen _(1,156)
tv _(1,156)
mocht _(1,127)
rood _(1,156)
treden _(2,156)
revolutionaire _(1,156)
antilliaanse _(1,46)
motie _(1,151)
aantal _(4,156)
vermoedelijke _(1,156)
ambassade _(1,115)
nederlandse _(3,156)
president _(2,156)
verhouding tussen(1,78)
sluit _(1,156)
zit _(1,156)
hotels _(1,146)
club _(1,146)
minister _(5,156)
terug _(1,156)
zuidafrikaanse _(1,59)
onderzoek _(2,156)
openbaar vervoer(1,74)
toestand _(2,156)
vragen _(1,156)
vreemd _(1,156)
zaterdag a.s(1,123)
11 september(1,156)
drie _(1,156)
eigen geld(1,140)
laten varen(1,156)
afgevaardigde _(1,156)
besprekingen _(1,126)
pakje _(1,156)
alg _(1,154)
13.30 uur(1,70)
voorsprong _(1,110)
affaire _(1,156)
angst _(1,153)
tweede deel(1,156)
nood _(1,156)
groot gevaar(1,156)
16 _(1,156)
centrum _(2,156)
voorbereiding _(1,125)
22 december(1,156)
regeling _(1,155)
christelijk _(1,156)
dood _(1,156)
zuid afrika(1,144)
ligt _(1,156)
debat _(1,137)
onder _(4,156)
geschat _(1,156)
aanhangers _(1,156)
diens _(1,156)
wordt genoemd(1,156)
komende jaren(1,100)
start _(1,97)
lord _(1,155)
ten cate(1,156)
den bergh(1,156)
links _(1,119)
protest _(1,156)
boter _(1,156)
den broek(1,156)
stille _(1,156)
jaren _(1,156)
onze verslaggever(1,119)
den uyl(1,76)
datum _(1,156)
rome _(1,156)
melding _(1,156)
ruiter _(1,156)
kern _(1,156)
vrije volk(1,106)
verder _(1,156)
suriname _(1,156)
bjj _(1,156)
staat _(1,156)
portret _(1,156)
binnen enkele(1,140)
justitie _(2,156)
oude _(1,156)
29 mei(1,156)
voorzitter _(3,156)
eveneens _(1,149)
verhaal _(1,156)
redactie _(1,156)
woord _(2,156)
hoopt _(1,156)
ten onrechte(1,132)
ten _(1,156)
a.s _(1,141)
keuken _(1,156)
gaan _(1,156)
vrouwen _(1,156)
wereld _(2,156)
examen _(1,156)
sprake _(1,156)
radio _(1,75)
onderwijs _(1,156)
blijven _(1,156)
jong _(2,156)
geeft _(1,156)
verlaten _(1,156)
groningen _(1,156)
mens _(1,102)
goud _(1,156)
punt _(1,156)
gevaar _(1,156)
vanwege _(1,150)
lange _(1,156)
waarbij _(1,156)
gekomen _(1,156)
enkele jaren(1,145)
arbeid _(1,156)
zoon _(1,156)
aanval _(1,156)
holland _(1,156)
eerste _(2,156)
opening _(1,156)
stad _(2,156)
derde _(1,156)
verkiezingen _(1,156)
kwestie _(1,156)
straat _(1,156)
werk _(2,156)
enige _(1,141)
wijziging _(1,156)
nieuwste _(1,156)
miljoen gulden(1,97)
benoeming _(1,156)
buitenlandse _(1,143)
bestaande _(1,156)
wijze waarop(1,156)
rest _(1,156)
ter gelegenheid(1,156)
soort _(1,156)
politie _(2,156)
plaats _(2,156)
wijze _(1,156)
komende _(1,131)
internationale _(1,151)
meest _(1,156)
groot _(1,156)
gelegenheid _(1,156)
onze _(2,156)
beetje _(1,152)
stichting _(1,156)
man _(1,156)
hoofd _(1,156)
tweede _(1,156)
twee _(1,156)
den _(4,156)
bedoeling _(1,156)
laatste _(1,156)
wordt _(1,156)
richten _(1,132)
waar _(1,156)
tweede kamer(1,156)
deel _(1,156)
laten _(1,156)
zaak _(1,156)
koop _(2,156)
alle _(1,156)
paar _(1,156)
nemen _(1,156)
