beurs _(314,156)
lockheed _(150,61)
amsterdam _(307,156)
commissie donner(72,9)
wall street(112,107)
lockheed affaire(49,1)
19 19(102,155)
curt wr(55,36)
co _(56,121)
15 15(88,156)
amst ind(35,5)
26 26(81,155)
prins _(110,156)
am broadc(37,17)
am can(48,69)
canadese fondsen(43,25)
am cyan(41,33)
am st(41,96)
am home(44,32)
cat tract(30,4)
prins bernhard(68,72)
alcan _(45,28)
27 27(70,155)
25 25(69,156)
am nat(36,19)
am el(36,54)
am brands(36,26)
all pow(34,22)
23 am(40,81)
am motors(39,33)
contr _(31,5)
acf ind(38,26)
am tel(42,90)
25 comm.w(26,3)
cont tel(33,19)
am airl(27,13)
gas 25(31,26)
pow 23(27,9)
el pow(30,17)
manh 28(23,1)
colt ind(35,20)
comm.w ed(24,5)
23 23(59,155)
cont can(34,45)
ampco pitt(30,7)
28 28(55,155)
cons ed(33,37)
15 contr(27,14)
chrysler 19(25,9)
col gas(33,38)
eastm kod(28,24)
burl ind(28,21)
pitt 12(24,6)
19 ampco(24,4)
asarco 15(24,5)
chase manh(31,14)
nat res(30,20)
tel 15(26,52)
can pac(35,72)
st ine(29,10)
ine 19(23,9)
amf ine(29,16)
29 29(50,155)
ind 26(22,11)
dart ind(30,12)
25 am(30,89)
comm sat(27,14)
27 am(30,77)
32 32(48,155)
26 atl(22,11)
15 ashland(22,5)
cont oil(29,48)
can 32(22,16)
36 36(46,155)
armco st(29,25)
bethl st(29,49)
coca cola(35,68)
atl richf(26,19)
12 amst(28,97)
_ _(543,156)
eastern air(26,23)
34 34(45,155)
asa 15(18,1)
all chem(28,36)
35 am(27,76)
33 am(28,82)
19 citicorp(20,8)
epe int(26,14)
ashland oil(27,32)
26 burl(20,10)
33 33(44,155)
12 12(48,156)
18 18(47,155)
citicorp 30(18,3)
29 asa(20,7)
oil 26(23,34)
15 asarco(17,1)
home 33(19,4)
carling o'k(23,7)
new york(53,155)
chessie syst(24,7)
28 chessie(18,3)
cr zellerb(16,2)
ed 19(18,6)
30 cities(19,12)
york stock(23,36)
30 30(42,156)
ind 34(19,24)
du pont(33,153)
amerikaanse canadese(18,29)
19 cons(19,32)
12 am(23,90)
amerada 23(16,8)
ind 32(17,15)
39 39(36,154)
japanse aandelen(17,21)
34 am(22,81)
19 curt(17,11)
cities serv(25,58)
broadc 35(12,1)
22 22(37,155)
36 am(21,70)
36 all(15,13)
41 41(34,154)
17 17(37,156)
26 am(20,80)
45 45(33,155)
den uyl(33,76)
stock exchange(21,103)
23 epe(14,9)
32 cont(16,23)
dow chem(23,35)
canadese _(18,55)
pac 17(14,16)
rapport donner(13,1)
brands 41(15,17)
20 20(35,156)
15 curt(14,8)
29 cont(16,20)
onderzoek _(68,156)
steekpenningen _(21,67)
delmonte 28(14,4)
pow 19(13,8)
35 35(31,155)
16 16(33,155)
japanse indonesische(15,9)
60 ampex(13,5)
34 akzona(13,6)
59 ampex(12,4)
broadc 34(11,3)
16 alcan(13,7)
33 cont(14,23)
vs _(35,152)
42 42(29,154)
can 33(13,16)
56 coca(11,3)
24 _(18,123)
japan _(42,156)
st 29(17,85)
37 am(17,75)
meuser _(13,12)
37 boeing(12,11)
amax 53(11,5)
31 31(28,155)
indonesische aandelen(14,18)
24 24(29,155)
39 am(16,72)
22 _(17,117)
37 37(27,155)
donner _(17,99)
84 colgate(10,2)
akzona 16(11,3)
aandelen enz(14,19)
st inc(11,3)
31 comm(12,23)
bernhard _(21,118)
ed 18(11,6)
20 all(12,40)
56 bendix(10,5)
street weer(11,27)
ind 35(11,18)
45 anaconda(12,27)
24 apeco(9,1)
30 apeco(9,1)
int 43(11,16)
36 chrysler(12,33)
41 du(10,7)
40 40(26,156)
28 27(20,155)
54 amax(10,7)
44 chase(10,9)
akzona 15(10,6)
42 am(14,78)
56 56(22,155)
japanse _(26,86)
22 epe(10,9)
cola 84(9,4)
ed 31(11,11)
22 am(14,84)
23 _(17,126)
32 delmonte(9,4)
27 cons(11,39)
rien robijns(10,18)
54 amerada(9,5)
27 colt(9,4)
wisselkoersen new(11,28)
17 carling(9,3)
ind 33(10,20)
41 culbro(8,3)
can 35(9,15)
anaconda 30(10,16)
pow 18(9,4)
st 37(11,70)
25 colt(9,6)
45 col(9,14)
colgate 27(9,7)
39 burroughs(9,12)
28 29(19,156)
26 27(19,156)
int 42(9,17)
54 coca(8,4)
boeing 45(9,15)
jan laan(10,56)
delmonte 27(9,5)
cola 81(8,6)
43 cr(8,6)
26 colt(8,5)
41 am(12,80)
39 bethl(9,21)
alt pow(8,6)
asa 16(7,1)
38 37(16,150)
27 dow(9,10)
21 21(22,155)
54 54(19,154)
brands 40(9,16)
manh 29(7,1)
17 curt(9,10)
34 delmonte(8,5)
27 26(16,151)
28 cons(9,31)
brands 42(9,19)
33 akzona(8,5)
18 cons(9,32)
89 can(7,2)
celanese 44(8,8)
48 anaconda(9,27)
akzona 19(7,2)
amerada 25(8,7)
54 celanese(8,10)
20 alt(7,6)
16 carling(8,3)
street vast(7,7)
30 29(15,153)
17 asarco(7,4)
43 43(19,153)
street _(11,95)
28 dow(8,10)
home 32(7,4)
geert jan(10,85)
pont 125(7,8)
25 all(8,35)
burroughs 90(6,1)
akzona 18(7,4)
46 chase(7,6)
15 alcan(7,7)
celanese 45(7,6)
44 44(18,155)
vrije volk(18,106)
27 28(16,156)
26 _(9,83)
38 38(17,155)
40 am(10,87)
kodama _(6,2)
bayuk cig(9,23)
42 cr(6,4)
bendix 39(7,9)
30 comm(8,28)
14 14(19,156)
amax 57(6,3)
16 asarco(6,4)
ed 29(7,9)
fred foppen(6,3)
55 amerada(6,3)
41 42(14,155)
pac 18(7,16)
oil 37(8,40)
anaconda 24(8,15)
40 bethl(7,25)
39 culbro(6,4)
29 28(13,149)
paso 14(7,13)
32 33(14,155)
can 38(7,23)
premier miki(6,2)
29 chessie(6,3)
28 colt(6,4)
gen publ(7,16)
56 bayuk(5,1)
13 13(18,156)
amax 54(6,5)
24 am(9,79)
53 amax(6,5)
premier tanaka(7,11)
38 am(9,72)
40 burl(6,11)
36 35(12,153)
21 am(9,85)
38 boeing(6,11)
commissie _(44,156)
42 41(12,151)
41 burroughs(6,12)
bert stoop(7,24)
44 anaconda(7,29)
16 ashland(6,7)
stan huygens(7,28)
40 du(6,15)
bendix 40(6,10)
81 colgate(5,2)
boeing 41(6,13)
56 celanese(6,8)
18 alcan(6,8)
teengs gerritsen(7,23)
pow 22(6,10)
30 cont(7,50)
ak ona(5,4)
27 atl(6,16)
colgate 25(6,6)
bendix 42(6,12)
burroughs 89(5,2)
29 30(13,156)
beschuldigingen _(11,156)
19 all(6,19)
32 am(8,76)
oil 35(7,42)
35 34(11,154)
amf inc(7,11)
20 curt(6,11)
ind 13(5,6)
37 36(11,153)
57 amerada(5,4)
weisbrod _(5,2)
60 60(14,156)
43 44(12,156)
wall _(10,93)
vrije _(18,156)
57 amax(5,4)
28 apeco(5,1)
24 all(6,25)
37 cont(6,23)
cola 80(5,7)
53 amerada(5,5)
ed 30(6,10)
affaire _(12,156)
45 burl(5,7)
44 cr(5,5)
inspecteur generaal(7,109)
42 du(5,9)
20 19(11,154)
amerada 22(5,7)
strauss _(10,146)
45 chase(5,6)
flor pow(6,12)
pont 122(5,11)
29 comm(6,21)
nl ind(7,10)
20 ampco(5,5)
johns mnv(5,6)
japans _(6,52)
32 asa(5,6)
celanese 46(5,7)
35 36(11,155)
amerada 24(5,8)
37 38(11,155)
gen food(6,24)
55 celanese(5,8)
53 53(12,154)
25 apeco(4,1)
imp oil(5,10)
36 boeing(5,12)
esmark 31(5,4)
56 57(10,155)
22 23(12,156)
boeing 40(5,15)
home 34(5,6)
34 33(10,155)
55 55(12,155)
st 38(6,67)
bendix 41(5,10)
118 eastern(4,2)
26 gatx(5,5)
41 40(10,154)
gen tel(7,56)
klm _(13,74)
40 am.broadc(4,1)
26 25(10,156)
alcan ai(5,13)
26 dowchem(4,2)
41 bethl(5,21)
burroughs 87(4,2)
28 10(8,153)
26 dart(5,7)
59 59(11,150)
55 coca(4,3)
34 cont(5,20)
23 all(5,20)
36 37(10,155)
129 eastern(4,4)
23 24(11,156)
29 apeco(4,2)
kamerleden _(8,116)
57 coca(4,3)
drie _(28,156)
91 can(4,5)
el paso(8,98)
frank church(5,15)
corruptie _(9,99)
den _(13,156)
eisen _(9,133)
airco 20(4,2)
21 all(5,24)
58 amerada(4,4)
holtrop _(6,97)
buitenland _(13,153)
35 cont(5,33)
34 chrysler(5,34)
55 bendix(4,3)
anaconda 29(5,16)
grace 27(5,11)
54 55(9,155)
36 cont(5,27)
ploeg _(12,153)
18 19(11,156)
43 du(4,9)
35 chrysler(5,34)
90 can(4,8)
citicorp 33(4,4)
gen mot(7,67)
premier _(11,136)
tv vandaag(4,11)
32 akzona(4,6)
37 chrysler(5,32)
48 48(11,154)
nico _(6,82)
amerada 21(4,5)
52 gen(5,47)
43 burl(4,8)
27 10(7,148)
19 alcan(4,7)
41 burl(4,6)
am brand(5,14)
55 54(8,149)
28 cont(5,27)
pow 28(4,8)
45 46(9,155)
regering _(16,132)
18 ampco(4,5)
15 16(11,156)
fair child(5,5)
am brandt(4,8)
19 am(6,82)
st 36(5,71)
meuser weisbrod(3,1)
vast _(13,156)
14 esmark(4,4)
donner rapport(3,1)
am.broadc 35(3,1)
26 10(7,150)
colgate 26(4,7)
oil 27(5,33)
14 am(6,82)
nico scheepmaker(6,32)
delmonte 26(4,6)
21 grace(4,12)
42 burroughs(4,13)
inc 26(4,8)
gebeurde omstreeks(5,64)
fluor 35(4,10)
can 31(4,11)
general dynamics(5,39)
gen el(6,62)
45 44(8,150)
amerika _(18,156)
47 col(4,15)
31 exxon(4,5)
broadc 36(3,1)
48 col(4,17)
40 39(8,151)
hoger _(10,63)
28 fluor(4,8)
can 34(4,15)
27 _(5,81)
22 int(5,59)
tanaka _(4,11)
am motor(5,31)
37 all(4,18)
miljoen _(11,97)
18 gen(5,48)
praten _(11,137)
beschuldiging _(10,156)
anderen _(10,156)
huygens journaal(4,21)
35 all(4,22)
senator frank(4,17)
13 lockheed(4,8)
miljoen dollar(10,71)
24 23(8,150)
burroughs 88(3,2)
goodyear 21(4,12)
inc 23(4,10)
child 43(3,1)
publ 17(3,3)
122 eastern(3,3)
sprak _(9,156)
fruehauf 26(4,14)
83 colgate(3,2)
bonn _(9,119)
pow 21(4,9)
82 colgate(3,3)
87 colgate(3,1)
rien _(5,96)
dr holtrop(5,40)
125 eastern(3,2)
amax 58(3,2)
limburgs dagblad(9,53)
43 culbro(3,2)
20 21(9,156)
25 10(7,155)
carter _(6,90)
35 ford(4,37)
geld _(21,156)
37 _(4,53)
cola 86(3,1)
35 33(6,140)
19 20(9,156)
kotchian _(3,1)
27 greyhound(4,14)
oil 190(3,3)
maarseveen _(6,152)
26 cons(4,28)
cola 85(3,3)
40 41(8,155)
33 34(8,155)
naam prins(4,67)
commissie church(3,1)
victor baarn(3,4)
dollar _(9,129)
arrestaties _(5,89)
nat tea(5,23)
41 cr(3,6)
church _(4,42)
uyl _(5,30)
39 38(7,152)
tel 29(4,42)
co ol(3,8)
80 colgate(3,7)
weer flauw(4,45)
46 du(3,5)
amax 55(3,3)
motor 55(4,44)
tel 13(4,50)
st 28(5,100)
bet hl(4,46)
57 bendix(3,3)
greyhound 14(4,15)
ashland ou(4,12)
56 amax(3,4)
25 24(7,152)
47 47(9,155)
55 56(7,155)
airco 19(3,3)
hl st(4,58)
53 bendix(3,4)
42 burl(3,5)
brand 40(3,7)
regeringen _(4,62)
gegevens _(7,132)
ford motor(7,85)
24 25(8,156)
19 18(7,150)
opspraak _(6,132)
36 delmonte(3,3)
11 am(5,122)
betalingen _(6,152)
42 _(4,66)
35 akzona(3,6)
goodrich 24(3,4)
uyl verwacht(3,10)
peschar _(3,7)
cariing o'k(3,6)
oil 34(4,46)
36 akzona(3,5)
100.000 dollar(5,90)
amerada 20(3,4)
26 au(4,85)
getty oil(5,22)
am air(3,7)
home 35(3,5)
genoemd _(8,156)
88 can(3,9)
pont 118(3,9)
pot 21(3,14)
16 15(7,153)
omkoping _(4,41)
29 dow(3,8)
34 35(7,155)
ind 19(3,11)
st 41(4,61)
herstel _(7,155)
italiaanse _(7,131)
asarco 17(3,6)
19 imp(3,5)
17 ashland(3,7)
24 goodyear(3,9)
41 boeing(3,8)
28 dart(3,10)
20 insilco(3,3)
kreeg _(6,135)
boeing 27(3,10)
gatx 30(3,5)
fred meuser(3,4)
34 col(3,10)
nat dist(4,40)
new _(11,156)
boeing 42(3,11)
1974 _(7,38)
cia _(4,35)
61 ampex(3,5)
gen cable(4,19)
asarco 16(3,4)
int flav(5,34)
10 28(5,148)
onthullingen _(5,111)
nat steel(5,46)
10 gen(4,95)
boeing 39(3,15)
inc 20(3,9)
cable 10(3,5)
luchtvaartshow _(3,15)
46 46(8,152)
street moest(3,22)
insilco 12(3,4)
zwitserland _(10,156)
28 atl(3,13)
28 _(4,83)
exxon 51(3,8)
onze verslaggevers(5,60)
38 bethl(3,18)
17 alcan(3,8)
30 gen(4,71)
int harv(5,49)
stukken _(9,156)
27 dart(3,11)
gerritsen _(4,102)
rapport _(15,156)
bewijzen _(9,156)
42 bethl(3,21)
vandaag _(9,117)
chrysler 21(3,11)
olie _(6,155)
25.000 dollar(4,79)
drs den(5,55)
jack anderson(3,14)
can pae(3,24)
yorkse beurs(4,46)
tokio _(7,107)
elseviers magazine(4,27)
nickel 32(3,15)
29 cons(3,25)
dassault _(3,12)
42 airco(2,1)
verslaggever bert(3,22)
japanse premier(4,54)
terug _(13,156)
31 kansas(3,24)
wall streel(3,37)
kroger 23(3,15)
27 all(3,23)
grote sussen(2,1)
menten _(4,110)
colgate 24(3,8)
11 litton(3,8)
38 cont(3,26)
am.nat.res 37(2,1)
brandi 40(2,1)
10 10(10,156)
zicht _(4,104)
23 22(6,156)
29 getty(3,11)
31 am(4,86)
30 japan(3,27)
46 47(6,156)
co ofa(2,1)
wapenaankopen _(2,1)
bernhard geld(2,1)
17 alcanal(2,1)
treedt _(4,140)
nat gyps(3,21)
cpc int(3,12)
japan fund(5,32)
akkoord _(6,73)
omstreeks 1960(3,40)
bert _(4,72)
presidentskandidaat carter(2,1)
brandt 39(2,1)
27 burl.n.lnd(2,1)
orkaan belle(2,1)
act ind(3,23)
int paper(5,51)
kennecott 27(3,17)
agt _(7,86)
betrokken _(7,156)
italiaans kabinet(2,2)
19 ampcopitt(2,2)
nader inzien(5,154)
am.nat.res 36(2,1)
functies neer(3,58)
burroughs 101(2,2)
39 40(6,155)
omkopingen _(2,1)
13 am(4,88)
42 43(6,155)
blijft _(10,156)
cig bendix(2,1)
68 int(3,50)
anaconda 28(3,17)
43 airco(2,2)
19 kennecott(3,19)
15 gulfocan(2,1)
tel 30(3,50)
19 apeco(2,2)
wereld natuurfonds(3,29)
ontkent geld(2,3)
min mining(2,3)
am.el.pow 22(2,1)
st 30(4,128)
kabinet _(5,153)
24 cpcint(2,1)
10b phillips(2,2)
airco 21(2,3)
19 10(5,154)
27 cont(3,30)
16 17(7,156)
laan _(5,155)
campagne _(5,110)
vs willen(3,38)
opheldering _(5,148)
kissinger _(3,11)
heinz 27(2,3)
amerikaanse aandelen(3,50)
frits _(5,116)
actief _(5,105)
chasemanh 30(2,2)
brief _(11,156)
dist 23(2,4)
28 dowchem(2,4)
haughton _(2,2)
10 27(4,152)
tinus _(3,62)
olin 37(2,1)
asa 17(2,2)
oud minister(4,155)
jacques fahrenfort(2,6)
lambert _(4,133)
int nickel(5,55)
17 gen(3,43)
st 43(3,57)
190 gillette(2,3)
19 akzona(2,4)
nabisco 44(2,1)
25 26(6,156)
54 ampex(2,4)
84 84(7,152)
st 32(3,78)
cola 82(2,4)
gen motors(4,64)
geert _(3,87)
42 flor(2,3)
verklaring _(10,156)
57 57(6,154)
33 32(5,153)
midi ross(2,4)
mars field(2,4)
19 au(3,104)
10 26(4,149)
gulf oil(4,59)
inspecteur _(4,146)
parlementair onderzoek(3,99)
52 53(5,156)
52 52(6,156)
hillo _(3,30)
ed 17(2,5)
59 60(5,155)
59 amax(2,6)
32 int(3,67)
vice president(4,156)
olie hoger(2,8)
akzona 17(2,3)
namen _(8,156)
bekentenis _(3,116)
honeywell 43(2,3)
87 89(4,148)
44 du(2,5)
94 can(2,7)
mca 32(2,5)
mot 69(2,9)
11 11(8,156)
22 asarco(2,3)
herman wigbold(3,35)
arrestatie _(6,156)
po 22(2,5)
geheime betalingen(2,3)
pers _(5,146)
17 16(5,152)
10 el(4,145)
47 heller(2,4)
amerada 19(2,4)
20 alcan(2,7)
kim 44(2,4)
tussenpersoon _(3,58)
52 amerada(2,6)
33 delmonte(2,4)
citicorp 35(2,3)
28 int(3,66)
vliegtuig _(5,86)
17 honeywell(2,5)
gerechtelijk onderzoek(4,128)
opschudding _(4,152)
later terug(4,153)
81 82(5,155)
pont 129(2,7)
italiaanse premier(3,50)
engelhard 24(2,5)
geheime _(5,156)
47 48(5,155)
pont 123(2,8)
25 _(10,156)
pont 124(2,9)
21 alcan(2,5)
87 can(2,9)
14 midi(2,1)
44 45(5,156)
19 itv(2,4)
44 amax(2,8)
30 asa(2,6)
31 asa(2,7)
39 burl(2,9)
litton ind(4,32)
poel laat(2,7)
pitt 10(2,2)
zwitserse regering(3,60)
springen _(3,97)
57 celanese(2,8)
denken _(5,155)
senator church(2,4)
56 fruehauf(2,5)
58 celanese(2,10)
motorola 49(2,10)
60 mobil(2,10)
recht _(11,143)
26 occidental(2,4)
55 fruehauf(2,5)
27 heller(2,6)
n.a philips(2,8)
52 fair(2,4)
19 _(3,90)
flauw _(4,122)
28 heller(2,7)
blij _(5,113)
43 flor(2,6)
hans hoffmann(2,15)
pow 27(2,5)
46 col(2,11)
paper 68(2,8)
13 contr(2,10)
ine 43(2,11)
lockheedaffaire _(2,7)
pont 140(2,7)
pot 22(2,17)
vliegtuigfabriek lockheed(2,7)
18 citicorp(2,6)
koningin juliana(5,49)
staat _(19,156)
celanese 43(2,9)
22 10(4,154)
24 epe(2,9)
goodrich 28(2,4)
haast _(4,150)
ind 27(2,9)
86 can(2,13)
49 col(2,12)
inc 19(2,6)
23 lehman(2,7)
40 curt(2,6)
ind 20(2,13)
40 burroughs(2,11)
47 chase(2,6)
gatx 29(2,4)
schandaal _(3,115)
washington _(8,156)
colgate 28(2,5)
dart md(2,5)
ross 24(2,4)
int 41(2,13)
18 imp(2,7)
bendix 38(2,8)
asarco 18(2,7)
26 tl(2,25)
101 can(2,13)
12 i.b.m(2,4)
nat re(2,14)
57 56(4,142)
hield stand(3,122)
56 55(4,150)
28 asa(2,7)
51 fair(2,7)
airco 17(2,6)
conclusies _(4,108)
new yorkse(4,61)
debat _(4,132)
18 olin(2,10)
haag _(8,156)
28 goodyear(2,11)
christina _(2,24)
113 nat(2,15)
29 cities(2,12)
kregen _(4,136)
james _(2,28)
27 kim(2,9)
60 59(4,146)
44 burroughs(2,10)
38 philip(2,9)
inc 22(2,9)
45 45v(2,28)
omhoog _(3,92)
nader _(7,156)
58 58(5,153)
26 heinz(2,11)
tv _(5,156)
int 45(2,12)
boeing 43(2,16)
int tel(4,90)
heksenjacht _(2,24)
20 citicorp(2,9)
japanse krant(2,24)
food 33(2,9)
air 10(2,12)
tel tel(4,82)
50 col(2,19)
am cvan(2,17)
25 gulf(2,13)
fruehauf 25(2,11)
13 i.b.m(2,5)
stemt _(3,151)
functies neergelegd(2,35)
hauser _(2,18)
84 87(3,134)
openhartige gesprekken(2,25)
gillette 26(2,8)
54 52(3,128)
44 kroger(2,12)
45 kroger(2,11)
eastem air(2,7)
26 goodrich(2,10)
18 mart(2,8)
occidental 18(2,7)
19 hilton(2,10)
kraftco 45(2,8)
ashland 01l(2,13)
accused _(2,13)
field 18(2,8)
roept vragen(2,29)
papieren _(4,155)
25 greyhound(2,12)
37 pac(2,21)
kraftco 44(2,9)
16 curt(2,7)
19 norf(2,14)
insilco 13(2,7)
goed nieuws(4,133)
mart mar(2,12)
belangrijkste passages(2,37)
26v 26(2,36)
aanklacht _(5,129)
18 curt(2,10)
omzet weer(2,41)
werkspoor _(3,71)
57 55(3,122)
mag _(7,156)
22 all(2,23)
greyhound 15(2,12)
philips 29(2,14)
20 norf(2,17)
26 kans(2,20)
11 mars(2,24)
ai _(3,145)
watergate _(2,13)
18 all(2,25)
zesde maand(2,49)
heller 20(2,7)
am hom(2,24)
molens _(2,49)
functies _(3,97)
23 may(2,23)
27 kans(2,27)
18 10(4,156)
38 _(2,52)
inzien _(3,149)
25 cons(2,31)
69 anaconda(2,23)
23 25(4,156)
53 54(4,155)
can 13(2,17)
zaak _(19,156)
robijns _(2,34)
43 42(4,150)
mp 14(2,5)
oil 58(2,30)
drie prinsen(2,42)
binnenlandse aandelen(3,27)
29 north(2,18)
lehman 11(2,8)
14 gulf(2,15)
88 87(4,151)
koningin _(12,156)
henk _(4,78)
47 anaconda(2,28)
piet heil(2,30)
economische stagnatie(2,35)
geruchten _(2,65)
ontvoeringen _(2,44)
krijgt _(6,147)
39 chrysler(2,26)
bereidt _(3,152)
nare _(2,53)
26 cont(2,23)
geschokt _(3,155)
ou 28(2,29)
24 24v(2,56)
kamer _(14,156)
chrysler 20(2,22)
fors terug(2,29)
hoge nederlandse(2,45)
tel 32(2,43)
vaag _(2,49)
rechts _(4,121)
lachje _(2,41)
21 pac(2,25)
elektriciteit _(2,40)
wereld vandaag(2,36)
colombia _(3,78)
ill centr(2,11)
86 87(4,155)
actie _(6,151)
kritiek _(5,140)
stoel _(4,155)
zaak menten(2,10)
anaconda 19(2,17)
louis velleman(2,33)
18 17(4,153)
orion _(2,69)
komt eind(2,54)
90 91(4,156)
38 39(4,155)
73 gen(2,39)
enig _(2,68)
11 12(5,156)
st 39(2,63)
with us(2,46)
prof _(3,136)
csu _(2,30)
doofpot _(3,112)
sankt moritz(2,42)
31 32(4,155)
oil 19(2,29)
anaconda 25(2,18)
drie wijze(2,49)
st 42(2,59)
schmidt _(2,50)
oil 36(2,39)
actieve aandelen(3,45)
kleine omzet(2,89)
tijd verdwenen(2,87)
vice premier(2,53)
fractie hoger(2,47)
ai co(2,80)
herman _(3,131)
atl richt(2,25)
state department(3,80)
vervolging _(3,153)
oil 38(2,44)
hans _(4,143)
dag _(11,156)
gast _(4,137)
25 125(2,95)
13 19(3,149)
24 74(2,74)
goed _(7,156)
oil 33(2,43)
125 25(2,76)
verkoopleider _(2,32)
vertel _(3,120)
anaconda 23(2,16)
88 88(5,156)
ford _(3,102)
weg _(12,156)
44 nat(2,56)
democraten _(2,92)
27 au(2,94)
mari _(2,99)
dubbelrol _(2,60)
openbaarheid _(2,123)
beerput _(2,97)
algemene regel(2,58)
197 19(2,78)
medewerking _(3,149)
strafvervolging _(2,81)
28 au(2,102)
37 57(2,93)
speciale verslaggever(4,84)
christen democraten(2,68)
beroering _(3,148)
cent _(4,156)
strafrechtelijk onderzoek(2,59)
vocht _(2,94)
43 45(3,155)
president directeur(2,92)
42 31(2,86)
gulf _(2,39)
beers _(3,153)
nare dingen(2,85)
praatstoel _(2,75)
wiek geschoten(2,88)
kamerlid _(3,116)
33 gen(2,50)
onafhankelijke commissie(2,56)
gas 23(2,36)
concerns _(2,66)
cel _(2,89)
vakantie _(3,55)
order _(4,156)
heer _(3,156)
pensioen _(4,156)
16 nat(2,54)
besproken _(3,142)
nederland _(20,156)
twee hoge(2,54)
philip morr(2,12)
lockheed wilde(1,1)
lockheed president(1,1)
bernhard ontkent(1,1)
uyl drie(1,1)
o'k 3b(1,1)
26 burt(1,1)
al.co ofa(1,1)
23 burl.n.lnd(1,1)
175 gillette(1,1)
oil 176(1,1)
oi 27(1,1)
chessie sy(1,1)
eaitern air(1,1)
46 airco(1,1)
rumor _(1,1)
onderzoekcommissie _(1,1)
vauthaire _(1,1)
co.ofa _(1,1)
co.of _(1,1)
walm _(2,99)
pauline _(2,127)
speciaal fonds(2,97)
aankoop _(8,156)
vvd _(2,39)
eerherstel _(2,90)
fred _(3,112)
letterlijke tekst(2,76)
13 nat(2,61)
commissie gaat(2,110)
by lockheed(1,1)
25b gulf(1,1)
prins geld(1,1)
26 am.el.pow(1,1)
27 am.el.pow(1,1)
20 ail(1,1)
25 comm.w.ed(1,1)
comm.w.ed 28(1,1)
24 cpc(1,1)
135 eastern(1,1)
apeco 17(1,1)
57 amprx(1,1)
44 burrouchs(1,1)
broadc 21(1,1)
prime rate(2,28)
vernietigend oordeel(2,94)
jacques _(2,101)
rechter _(2,116)
britse minister(3,61)
partijbestuur _(4,104)
beslissen _(4,156)
lockheed betaalde(1,1)
honeywell 41(1,1)
geheime loonlijst(1,1)
casino spelen(1,1)
burl n.lnd(1,1)
pilt 10(1,1)
72 int.tel.tel(1,1)
culbroc 18(1,1)
sys 38(1,1)
23 nat(2,64)
steel 47(2,46)
weggehaald _(2,99)
beur _(2,94)
materiaal _(3,121)
regina 1976(1,1)
92 celanese(1,1)
manh 30(1,1)
23 231(2,115)
betrokkenen _(2,90)
waarheid _(7,156)
phelps dod(2,23)
dow jones(3,62)
32 mcddougl(1,1)
burroughs 96(1,1)
burroughs 95(1,1)
49 chasemanh(1,1)
34 cites(1,1)
33 comm.w.ed(1,1)
ford carter(1,1)
10 amst(2,111)
47 46(3,146)
voorzover prins(1,1)
broadc 23(1,1)
13 carling(1,1)
winstnemingen _(2,90)
ziet _(2,119)
adhesiebetuigingen _(1,2)
40 _(5,156)
dollar steekpenningen(1,1)
hollandse maffia(1,1)
schandalen _(2,130)
bernhard mag(1,2)
child 42(1,1)
via weisbrod(1,1)
am el.pow(1,1)
15 curt.wr(1,1)
41 am.broadc(1,1)
am.broadc 37(1,1)
gyp 14(1,1)
48 47(3,148)
85 84(3,150)
emigranten _(2,126)
hom 34(1,2)
98 bayuk(1,2)
tm kod(1,2)
armoo st(1,2)
89 colgate(1,2)
sussen _(1,2)
omkoperij _(1,2)
boekhouder _(2,139)
weer actief(2,86)
33 mcddougl(1,1)
85 colgate(1,1)
28 comm.sat(1,1)
13 gulfo.can(1,1)
zondebok _(2,118)
verder uiteen(2,113)
onze speciale(4,107)
binnen pvda(1,2)
zwijgen _(4,156)
st 31(2,95)
88 uniroyal(1,1)
comm.w.ed 29(1,1)
roha _(1,1)
stort _(2,131)
15 am(2,81)
navo _(2,44)
bernhard genoemd(1,2)
72 m.g.m(1,2)
jesse winchester(1,2)
phillips pet(2,18)
am.el pow(1,1)
27 apeco(1,1)
27 brascan(1,1)
32 31(3,153)
51 52(3,156)
kod 109(1,2)
am.broadc 36(1,2)
regering stelt(2,90)
laakbare activiteiten(1,1)
12 culbroc(1,1)
broadc 22(1,1)
vredeling gaat(1,2)
burroughs 92(1,2)
24 comm.w(1,2)
lager _(5,156)
rechtse nationalisten(1,3)
lockheed steekpenningen(1,1)
grote wapenaankopen(1,1)
23 apeco(1,1)
klm ir(1,3)
95 sears(1,2)
kod 113(1,2)
martin _(2,114)
klaar _(4,147)
orders _(3,155)
nat can(2,34)
48 chasemanh(1,1)
zoek _(3,144)
22 hiltonh(1,2)
58 59(3,155)
parlement _(3,156)
week _(7,156)
roolvink schmelzer(1,1)
linkse kamerleden(1,3)
betaald _(3,156)
eisten _(2,58)
10 25(3,156)
top _(4,156)
29 comm.sat(1,1)
hom 33(1,3)
aly _(1,3)
28 am(2,80)
81 motorola(1,2)
mig 25(1,2)
ampcopitt 10(1,2)
ampco pilt(1,2)
koninklijk huis(3,156)
31 30(3,153)
ampco pttt(1,3)
18 alcanal(1,1)
comm.w.ed 31(1,1)
jones weer(1,3)
ging _(5,156)
124 eastern(1,2)
bayuk eig(1,2)
cola 88(1,2)
44 43(3,148)
verder _(12,156)
82 phelps(1,1)
18 akzona(1,3)
22 alt(1,3)
morr 58(1,2)
26b dart(1,2)
80 motorola(1,1)
omstreeks 1968(1,3)
brandt 40(1,1)
comm.w.ed 30(1,1)
verwacht _(2,126)
opmars _(2,52)
wrigley 81(1,2)
burroughs 86(1,3)
chasemanh 29(1,1)
11 culbroc(1,1)
28 gulfoil(1,2)
81 81(4,151)
verouderde neptunes(1,3)
via liechtenstein(1,3)
13 control(1,1)
125 123(2,101)
document _(2,123)
104 fair(1,2)
moraal _(2,107)
senator proxmire(1,3)
advocaat william(1,4)
akzona 21(1,2)
graag _(3,108)
wijze mannen(2,102)
cites serv(1,1)
speculaties _(2,99)
73 m.g.m(1,2)
27 dowchem(1,3)
relaties _(3,119)
kabinet moro(1,4)
akzona 20(1,2)
rolletje _(2,124)
formeel _(2,115)
mensen _(8,148)
steekpenningenaffaire _(1,2)
gebeurde _(5,156)
le jeune(2,141)
nederlandse regeringsfunctionaris(1,1)
burroughs 91(1,3)
exxon 104(1,1)
56 54(2,129)
nieuwe linie(2,62)
zaak gaat(2,133)
ir meuser(1,4)
duisenberg _(1,4)
80 phelps(1,3)
48 49(3,155)
20 10(3,156)
nieuwe rembrandt(1,5)
ongeoorloofde betalingen(1,4)
mei _(6,156)
krijgt nader(1,2)
59 57(2,119)
carter houdt(1,5)
gyps 14(1,1)
prins grote(1,5)
oil 174(1,4)
omzet _(2,134)
sta boven(1,5)
president ford(2,15)
pan am(2,50)
veiligheid _(2,148)
10 29(2,143)
snel _(3,138)
49 flor(1,2)
kamerleden stellen(1,5)
ford to(1,4)
franse wapenindustrie(1,7)
geld ontvangen(2,153)
42 ill(1,4)
uyl neemt(1,6)
un 18(1,2)
poel _(3,156)
nat cash(2,41)
asa 28(1,3)
lockheedzaak _(1,1)
dubieuze betalingen(1,4)
82 85(2,137)
34 am.cyan(1,3)
cola 87(1,1)
50 50(4,156)
prinsen naast(1,6)
20 cpc(1,3)
31 delmonte(1,4)
gulfoil 27(1,2)
documenten _(2,134)
kopen _(4,120)
pac gas(2,46)
steekpenningen betaald(1,5)
asa 23(1,3)
21 akzona(1,5)
alle functies(2,89)
34 tandycraft(1,4)
51 coca(1,3)
weer vast(2,121)
internationale pers(2,95)
rond prins(1,4)
189 gillette(1,3)
31 mca(1,3)
agt alleen(1,5)
militaire aankoopbeleid(1,4)
46 44(2,127)
spreekt _(3,156)
pepsico 81(1,3)
groene licht(2,106)
ex _(2,150)
prince bernhard(1,3)
64 54(2,122)
exxon 90(1,4)
afgerond _(2,53)
92 publ(1,3)
verhaal _(3,156)
dollar gestort(1,8)
lawine _(2,97)
mining 60(1,3)
263 int(1,7)
kolonel pantchoulidzew(1,4)
esmark 37(1,2)
panoramiek _(1,6)
past three(1,7)
14 13(3,155)
56 ampex(1,4)
werkstuk _(2,84)
bendlx 40(1,3)
januari 1976(2,26)
miljardenorder _(1,6)
prins weet(1,5)
13 15(3,156)
amax 38(1,4)
donderend applaus(2,118)
dod 38(1,3)
hubert weisbrod(1,1)
47 du(1,4)
55 53(2,134)
45 kraftco(1,4)
alleged to(1,7)
italiaanse partijen(1,7)
48 akzona(1,3)
ind 14(1,7)
40 coca(1,5)
opdracht _(3,131)
26 ah(1,10)
29 colt(1,6)
getuigenissen _(2,156)
onzeker _(2,156)
stand o.c(1,6)
queen juliana(1,6)
achter prins(1,9)
93 can(1,8)
treasury secretary(1,7)
amax 52(1,5)
north hl(1,4)
cola 83(1,6)
refuses to(1,7)
ziekenhuis _(2,108)
louche praktijken(1,10)
22 insilco(1,3)
nederlanders _(2,147)
gescheiden _(2,153)
and johnson(1,8)
chessie svst(1,6)
honeywell 48(1,4)
44 ill(1,3)
29 asarco(1,5)
52 amax(1,4)
sunday times(2,92)
18 carling(1,3)
davos _(2,102)
studb wo(1,4)
21 merek(1,3)
52 coca(1,3)
syntex 22(1,4)
illegale betalingen(1,6)
32 burl(1,5)
openbaar _(3,156)
diskrediet _(2,98)
z'n _(3,112)
onzorgvuldigheid _(1,10)
39 kraftco(1,7)
bankrekening _(1,5)
miljoenendans _(1,9)
transacties _(1,9)
sterl drugs(1,4)
alleen cpn(1,9)
borgtocht _(2,115)
dear henry(1,4)
49 nabisco(1,5)
xerox 61(1,5)
55 amax(1,5)
38 amerada(1,5)
inquiry into(1,8)
96 can(1,6)
lone star(2,52)
50 nabisco(1,5)
27 hein(1,5)
coalitie _(2,104)
geur _(3,143)
1960 _(3,63)
38 amax(1,7)
broer jean(1,10)
onthullend licht(1,10)
televisie blijft(1,10)
den haag(17,156)
mining 59(1,4)
asa 18(1,2)
30 31(3,156)
senaatscommissie _(1,11)
support _(1,9)
nederlandse functionaris(1,6)
exxon 54(1,5)
wiegel tijdens(1,11)
vuurwerk _(2,150)
slot _(3,156)
33 schaefer(1,4)
33 klm(1,8)
zijdelings ter(1,13)
33 asa(1,5)
28 n.a(1,6)
257 int(1,8)
democratisch presidentskandidaat(1,6)
pont 126(1,6)
37 ti(1,14)
piet _(2,112)
brascan 12(1,3)
dubieuze _(1,11)
25 fluor(1,6)
ai geruime(1,11)
17 apeco(1,3)
elk 21(1,14)
29 10(2,151)
tandycraft 13(1,4)
affaire menten(1,4)
signed _(1,8)
24 min(2,123)
nam gas(1,13)
west duitsland(3,57)
hoort _(2,136)
104 can(1,7)
air 71(1,10)
25 25b(1,8)
pont 144(1,8)
amerikaanse vliegtuigfabrieken(1,10)
ppr _(2,27)
vast wall(1,9)
nederlandse autoriteit(1,7)
13 tenneco(1,5)
31 34(2,152)
16 wh.labrat(1,4)
pont 135(1,8)
22 tandy(1,6)
45 santa(1,5)
paper 73(1,7)
may dep(2,52)
journalist jack(1,7)
34 amerada(1,5)
31 deere(1,5)
politieke crisis(2,125)
59 polaroid(1,8)
ontvangen _(7,156)
aanklacht wegens(2,124)
21 wrigley(1,3)
25 kim(1,7)
57 ampex(1,5)
gatx 27(1,5)
bewapening _(3,143)
53 coca(1,6)
46 cr(1,5)
43 boeing(1,5)
inzicht _(1,14)
pressie _(2,136)
15 carling(1,3)
premier den(2,85)
politici _(2,103)
onze economie(2,68)
gebeurtenissen _(2,153)
ontslag _(4,156)
subcommissie _(2,127)
all nippon(1,10)
brokkelen _(1,14)
concurreren _(2,90)
slimme man(1,15)
345 35(1,15)
cooperation _(1,11)
45 43(2,136)
koninklijk paar(2,118)
grote pressie(1,14)
35 delmonte(1,4)
doorgegane _(1,15)
drie adviseurs(1,12)
18 honeywell(1,6)
pont 132(1,9)
nippon airways(1,11)
reynolds 63(1,5)
trial _(1,9)
gedwongen _(2,137)
1976 _(2,31)
pont 133(1,10)
multinationals _(1,14)
can 83(1,11)
34 proct(1,7)
celanese 48(1,5)
passages _(2,117)
mot 73(1,9)
optie _(1,19)
fractievoorzitter wiegel(1,7)
231 am(1,13)
stappen _(2,123)
92 90(2,127)
leren _(2,149)
monsanto 80(1,5)
39 boeing(1,10)
17 chase(1,9)
martin deelen(1,11)
hercules _(2,122)
oorlogsmisdadiger _(1,16)
schmidt c.s(1,9)
unilever 42(1,6)
regeringspolitiek _(1,6)
102 can(1,7)
oprichting _(2,103)
36 amax(1,8)
commission to(1,16)
42 kroger(1,10)
fluor 44(1,9)
boeing jumbo(1,8)
goodrich 23(1,6)
36 proct(1,12)
spaanse officieren(1,12)
40 boeing(1,10)
47 cr(1,7)
et paso(1,8)
afnemers _(1,19)
heinz 48(1,6)
59 _(1,13)
esmark 32(1,4)
colgate 29(1,6)
19 insilco(1,3)
53 celanese(1,9)
kraftco 42(1,7)
hubert _(1,19)
bijzondere commissie(2,154)
30 mca(1,5)
asa 21(1,3)
53 sterl(1,6)
18 chase(1,8)
spanje _(5,156)
paper 67(1,8)
delmonte 25(1,5)
agreement _(1,15)
29 burl(1,10)
cash 33(1,9)
12 engelhard(1,4)
40 4c(1,16)
voorlichtingsman _(1,15)
uitgevonden _(2,155)
58 monsanto(1,9)
24 reliance(1,5)
23 dart(1,6)
conclusie _(3,156)
oranje _(3,156)
01l 37(1,10)
reders _(1,16)
oud _(4,156)
bedrijfsleven _(2,83)
revanchisme _(1,14)
vragen _(6,156)
vrijstaat beieren(1,15)
25 gatx(1,4)
afzijdig _(2,85)
aankopen _(2,62)
pont 138(1,9)
19 honeywell(1,7)
multinationale _(1,11)
rechtse beweging(1,18)
43 syntex(1,7)
klm 39(1,10)
18 west.h.el(1,4)
11 burl(1,7)
43 chase(1,10)
33 goodrich(1,9)
gepubliceerd _(2,126)
22 lehman(1,7)
verhoor _(3,156)
woedend _(2,138)
paso 12(1,3)
asarco 14(1,6)
politieke _(3,152)
loo _(2,154)
committee to(1,19)
tussenschakel _(1,21)
have reached(1,14)
biedt _(2,137)
buitenlands _(1,19)
goodrich 27(1,5)
dominee _(1,12)
heinz 47(1,9)
39 41(2,153)
34 burroughs(1,7)
32 exxon(1,6)
bestseller _(1,18)
34 coca(1,10)
ploeg vvd(1,14)
25 23(2,150)
voorlopig geheim(1,22)
itv 11(1,4)
17 armco(1,6)
mobil oil(2,42)
amerada 17(1,4)
monsanto 79(1,9)
24 transam(1,3)
russische piloot(1,17)
ed 32(1,12)
19 engelhard(1,5)
onze _(14,156)
verklaringen _(2,151)
kasteel warmelo(1,15)
food 27(1,10)
vliegtuigen _(2,85)
10 tw.cent(1,3)
blijft vaag(1,21)
esmark 30(1,4)
27 goodyear(1,11)
60 polaroid(1,12)
27 fluor(1,9)
cash 34(1,5)
vroeg _(3,155)
breda gevangen(1,14)
ds ton(1,22)
avondje _(2,117)
59 monsanto(1,13)
68 68(3,153)
gatx 28(1,5)
steun _(3,156)
mot 71(1,16)
regering begint(1,26)
paar suggesties(1,21)
drs _(2,84)
celanese 47(1,6)
01l 28(1,20)
to aid(1,17)
leidt _(3,156)
25 heinz(1,11)
21 citicorp(1,8)
bavuk cig(1,11)
inc 21(1,10)
53 col(1,12)
kweken _(2,67)
62 ampex(1,5)
bank _(3,156)
drugs 16(1,4)
ir besancon(1,15)
int 46(1,11)
brit _(1,23)
liet _(2,155)
lech _(1,17)
polaroid 36(1,10)
evening _(1,17)
100 can(1,12)
miljoen ging(1,23)
25 western(1,9)
positie _(7,156)
voorzichtig _(2,123)
curt wi(1,13)
37 39(2,152)
proces _(3,156)
kamer debatteert(1,17)
aican _(1,14)
31 goodrich(1,7)
sydney _(2,150)
to question(1,15)
tandy 34(1,11)
henny korver(1,17)
raadsels rond(1,23)
27 burl(1,9)
24 burl(1,9)
jozef strauss(1,20)
41 curt(1,7)
akzona 13(1,7)
weken voort(1,27)
food 28(1,9)
uyl tijdens(1,15)
polaroid 35(1,10)
32 reynolds(1,10)
18 ashland(1,8)
kwaad _(3,156)
124 125(2,152)
23 goodyear(1,10)
stadsvernieuwing _(1,17)
10 19(2,154)
engelhard 23(1,7)
voorlichtingsdienst _(2,80)
barsten _(1,28)
23 26(2,155)
amerikaans rapport(1,26)
gillette 25(1,7)
34 us(1,8)
televisie weer(1,27)
inc 18(1,9)
int 44(1,11)
getuigen _(2,156)
buitenland krijgt(1,31)
misschien _(2,124)
32 western(1,11)
perspectief _(2,115)
right and(1,22)
fluor 42(1,12)
goodyear 20(1,10)
chrysler 14(1,10)
29 goodrich(1,10)
twijfels _(1,25)
beslist _(2,140)
74 southern(1,18)
food 34(1,11)
bemiddeling _(2,102)
20 grace(1,9)
41 sun(1,8)
groningen loopt(1,25)
25 japan(1,21)
drie krijgsmachtonderdelen(1,22)
ministers _(2,156)
analyses _(1,27)
tenneco 32(1,7)
gillette 31(1,11)
jet star(1,7)
13 alcan(1,9)
financiele administratie(1,15)
gillette 29(1,9)
geleense _(1,25)
29 japan(1,16)
pr 43(1,22)
ine 44(1,11)
22 hilton(1,11)
pvda lid(1,32)
lachen _(2,122)
23 rca(1,5)
on trial(1,20)
inzage _(3,156)
volgende begroting(1,31)
weinig invloed(2,156)
geding _(3,156)
oil 74(1,20)
exxon 52(1,8)
eigen zak(2,134)
aircraft corporation(1,22)
gas el(2,64)
buitenlandse regering(1,28)
rockwell 29(1,8)
chrysler 18(1,10)
neer _(3,146)
amerikaanse gegevens(1,23)
15 esmark(1,7)
heller 21(1,7)
rechtstreeks _(2,127)
27 heinz(1,12)
heller 22(1,8)
directie weigert(1,31)
26 kim(1,10)
41 43(2,152)
uyl sprak(1,20)
gistermiddag _(3,117)
washington amerika(1,26)
falsificatie _(1,25)
ongelooflijke staaltjes(1,26)
inc 24(1,9)
33 03(1,33)
vaker _(2,94)
rca 25(1,8)
vergadert _(1,28)
irak _(2,79)
motor 37(1,16)
39 _(1,32)
dochters _(2,154)
16 cons(1,20)
1968 _(2,39)
rhodesische kwestie(1,10)
26 all(1,25)
plotselinge ontslag(1,37)
21 hilton(1,13)
comedy _(1,18)
first week(1,13)
senator jackson(1,15)
boeing 44(1,17)
ind 23(1,23)
190 190(2,122)
mariano rumor(1,9)
grace 25(1,8)
concern _(1,31)
vriend _(4,156)
23 grace(1,15)
doeke _(1,34)
cerro 18(1,9)
pvda stelt(1,25)
21 10(2,153)
111 el(1,35)
winst _(2,133)
vervangen _(1,40)
beslissing _(3,156)
hoogleraar staatsrecht(1,17)
motor 47(1,21)
aly knol(1,21)
33 cities(1,19)
interne machtsstrijd(1,29)
29 royal(1,18)
14 nl(1,27)
aftreden _(3,156)
japanse luchtvaartmaatschappij(1,22)
28 all(1,22)
20 miljoen(2,70)
cerro 17(1,8)
spoeddebat _(1,21)
doordrukken _(1,32)
pvda ging(1,31)
tast _(1,29)
den uy(1,21)
goodyear 22(1,10)
food 32(1,9)
democratische _(1,39)
telefoon 718100(1,4)
49 49(3,153)
z'n raap(1,19)
23 woolworth(1,15)
vance _(1,12)
totalitaire regimes(1,29)
edo _(1,37)
itv 10(1,12)
gillette 32(1,18)
25 comm(1,18)
willen geld(1,36)
japanse maatschappij(1,30)
ig farben(1,24)
koersen _(2,150)
26 dow(1,13)
heller 19(1,8)
hoge kringen(1,36)
36 38(2,154)
juliana regina(1,24)
hadden _(3,156)
afstaan _(2,149)
nickel 31(1,14)
22 grace(1,13)
groothandelsprijzen _(1,32)
mini _(1,26)
20 hilton(1,12)
besloten zittingen(1,35)
blad newsweek(1,30)
wist _(4,156)
duits echtpaar(1,33)
kennecott 26(1,16)
89,00 88.00(1,17)
hoofdboekhouder _(1,33)
dollars to(1,21)
goodyear 23(1,15)
45 stand(1,29)
maakt _(2,155)
17 rep(1,22)
helmuth schmidt(1,19)
definitief _(2,134)
vanaf 1961(1,31)
christendemocraten _(1,29)
lager wall(1,23)
aandelen kopen(1,31)
49 anaconda(1,26)
15 all(1,29)
eind mei(2,94)
kroger 24(1,13)
uitmaken _(2,152)
johan olde(1,9)
prins kreeg(1,50)
kennecott 33(1,14)
praktijken _(1,47)
kamer stemt(1,26)
hoger wall(1,21)
24 251(1,43)
vals _(1,43)
regering parlement(1,35)
19 toledo(1,10)
nickel 34(1,16)
maand _(3,156)
18 pan(1,10)
porties _(1,42)
aow wordt(1,31)
li 40(1,43)
belangrijkste functie(1,42)
an evening(1,28)
ss 23(1,48)
tel 37(1,32)
44 _(1,52)
neptunes _(1,16)
tel 57(1,23)
heer teengs(1,38)
1850 _(1,36)
sleutelfiguren _(1,30)
bild zeitung(1,33)
32 texaco(1,17)
betaling _(6,156)
gaat mogelijk(1,25)
three weeks(1,36)
grace 28(1,11)
vu _(1,41)
hoorzittingen _(1,26)
30 30v(1,41)
dwingende reden(1,47)
117 am(1,37)
zichtbaar _(2,126)
15 15v(1,43)
idaho _(1,27)
nou sil(1,32)
int 34(1,19)
motor 57(1,26)
beter _(4,156)
gedragscode _(1,23)
trouble with(1,27)
baarn _(1,37)
58 philips(1,21)
to improve(1,35)
bedoeld _(3,155)
verplichtingen _(1,49)
ondervraagd _(1,50)
1414 14(1,37)
methoden _(2,129)
54 53(2,146)
kijken _(2,112)
operations _(1,32)
37 ford(1,28)
brands 39(1,18)
rijke zakenman(1,35)
13 14(3,156)
betalingen gedaan(1,44)
ruzies _(1,35)
italiaanse luchtmacht(1,30)
42 ford(1,22)
later _(3,156)
team _(1,41)
giessen _(1,45)
zwitserse _(1,44)
drie oorlogsmisdadigers(1,14)
verklaringen wordt(1,50)
johnson and(1,21)
le monde(2,155)
30 cons(1,34)
aftreedt _(1,53)
liggen anders(1,59)
texaco 27(1,8)
lek _(2,155)
materiaal komt(1,50)
31v 31(1,45)
1,1 min(1,26)
star 19(1,27)
22 quaker(1,12)
komt _(4,156)
westduitse _(1,36)
ernstigste crisis(1,46)
belangrijk zegt(1,34)
dossiers _(1,51)
italiaanse krant(1,30)
ferry hoogendijk(1,23)
verenigen _(2,72)
actuele _(1,30)
waar blijft(2,156)
fractieleiders _(1,44)
uu 10(1,53)
slotfase _(1,33)
regeringspartij _(1,48)
joods _(1,43)
amerikaanse vliegtuigfabriek(1,31)
ongerust _(2,156)
motor 56(1,27)
the agreement(1,29)
kabinet houdt(1,39)
luxueus appartement(1,30)
normbesef _(1,38)
ex president(1,54)
1972 werden(1,18)
28 getty(1,12)
an agreement(1,27)
villa _(2,143)
14 15(3,156)
41 _(1,56)
77 27(1,52)
46 anaconda(1,25)
parlementaire _(2,151)
36 stand(1,27)
ou 22(1,30)
konden _(2,125)
each other(1,34)
wiegel vvd(1,17)
redelijk vermoeden(1,41)
werktuigen _(2,152)
west _(3,155)
la _(2,154)
zeer flauw(2,120)
weer zwak(1,45)
theologie _(1,61)
vries pvda(1,32)
33 _(1,58)
25 dart(1,11)
42 union(1,37)
the department(1,41)
gaan akkoord(1,33)
and holland(1,40)
democratische kandidatuur(1,24)
prins komt(1,48)
43 ford(1,25)
ingewijde _(1,60)
groot onderzoek(1,31)
el 51(1,37)
gefotografeerd tijdens(1,40)
legpuzzel _(1,36)
nieuw stukje(1,65)
doeke vaartjes(1,17)
amerikaanse bronnen(1,39)
defensie _(4,154)
koningin gaat(1,58)
leuk programma(1,44)
31 31v(1,51)
democratie _(2,123)
1.1 miljoen(1,38)
star 18(1,31)
schaadt _(1,63)
58 37(1,52)
gaan volgende(1,34)
aantonen _(2,69)
27 texas(1,21)
januari uitspraak(1,56)
403 40(1,51)
23 23v(1,58)
resultaten _(1,58)
weinig speelruimte(1,40)
minder schepen(1,66)
ruime omzet(1,44)
ou 27(1,28)
49 48(2,149)
beierse csu(1,31)
politieke inmenging(1,60)
oostenrijkse televisie(1,35)
zoek contact(1,35)
65 shell(1,32)
commissie krijgt(1,61)
kleine _(2,156)
oil 66(1,28)
ondanks hevig(1,53)
oil 67(1,29)
uitnodigingen _(1,49)
gesjoemel _(1,19)
general tire(1,26)
el 55(1,55)
likely to(1,32)
28 stand(1,33)
60 union(1,40)
telegrammen _(2,132)
377 37(1,52)
38 chrysler(1,31)
thyssen _(1,53)
1,6 _(1,30)
legt _(2,156)
pension _(2,116)
4000 dollar(1,58)
pistool _(1,56)
rookgordijn _(1,59)
vloeide _(1,68)
tel 14(1,48)
30 303(1,65)
hoog gaan(1,71)
to stop(1,42)
43 _(1,56)
doctor who(1,12)
25 253(1,62)
reacties _(2,79)
nieuwe beschuldigingen(1,65)
nederland terug(2,154)
samenwerking _(1,47)
weer zoiets(1,45)
61 60(2,148)
718100 toestel(1,6)
122 122(2,137)
omlaag _(1,53)
kamer laat(1,74)
254 257(1,51)
86 86(3,153)
persoonlijke brieven(1,52)
bedrijven _(3,150)
57 38(1,58)
japan blijft(1,46)
lehman 10(1,6)
tel 26(1,47)
north ill(1,5)
vindt prof(1,42)
nagaan _(2,153)
toestel 239(1,14)
gereed _(2,156)
generaal _(3,156)
langdurige _(1,69)
vervalste _(1,47)
327 32(1,56)
luchtmacht _(3,78)
ster _(1,70)
118 118(2,132)
zwitsers _(2,151)
interne conflicten(1,41)
tel 27(1,45)
persoonlijke verplichtingen(1,45)
opwinding _(1,71)
amerikaanse rechter(1,38)
rel rond(1,33)
achtergrond _(1,71)
for holland(1,50)
hilton _(1,32)
hard oordeel(1,84)
slag _(2,129)
fors lager(1,28)
ministers willen(1,78)
stelt vragen(1,69)
laatste koning(1,68)
anaconda 27(1,16)
massa _(1,59)
belastingbetalers _(1,56)
201 21(1,62)
57 58(2,155)
buren _(3,156)
march _(1,68)
gas 24(1,29)
111 23(1,55)
tel 28(1,43)
ia 17(1,82)
kamer akkoord(1,37)
informatie _(3,95)
anderson _(1,60)
68 gen(1,44)
tel 25(1,53)
informatie vragen(1,26)
oorlogspad _(1,62)
72 gen(1,40)
vandaag start(1,34)
18 kennecott(1,23)
74 24(1,58)
voorop _(1,48)
regering krijgt(1,53)
wijzen _(1,77)
rivalen _(1,58)
loonlijst _(1,40)
geheim dossier(1,28)
43 anaconda(1,33)
boeing _(1,39)
bern zwitserland(1,57)
eigen huid(1,86)
263 266(1,56)
67 int(1,51)
380 _(1,75)
287 28(1,54)
philip mok(1,25)
nederlandse commissie(1,52)
380 miljoen(1,39)
nooit weer(2,146)
81 80(2,150)
goodwill _(1,58)
zaak blijkt(1,81)
kabinet zeer(1,89)
10 11(3,156)
oil 25(1,32)
55 gen(1,51)
spiegel _(2,153)
gaf toestemming(1,78)
71 gen(1,48)
anaconda 17(1,17)
neergelegd _(1,73)
80 80(3,154)
onverminderd voortgezet(1,62)
toelating _(1,76)
bijzonder vreemd(1,75)
blijft lid(1,71)
justice _(1,67)
zweedse koning(1,49)
bescherming _(2,156)
41 li(1,66)
onderzoek mee(1,57)
32 south(1,47)
verdwijnen _(1,77)
kritisch onderzoek(1,70)
belastingontduiking _(1,58)
36 _(1,72)
verdwenen _(1,82)
anaconda 26(1,15)
96 95(2,148)
justitie _(8,156)
japanse autoriteiten(1,55)
materieel _(1,97)
oil 22(1,29)
kraaien _(1,78)
ambtelijk onderzoek(1,50)
krachten nodig(1,55)
markt _(1,76)
ontsnapte gevangenen(1,70)
oppositie _(1,82)
geeft _(2,156)
struikelt _(1,81)
maandag terug(1,83)
werkwijze _(1,71)
krijgsmacht _(1,60)
gods toorn(1,76)
doorgeschoven _(1,30)
dokumentaire _(1,26)
53 34(1,67)
buitenlandse kranten(1,51)
bestrijden _(1,93)
geringste twijfel(1,76)
baby _(1,70)
geruchten rond(1,87)
eventuele _(2,112)
oil 24(1,32)
amerikaanse wet(1,50)
citroenen _(1,81)
dagje _(1,79)
commissie sprak(1,80)
nieuws _(5,156)
trouwde _(1,84)
leefde onder(1,88)
verklaarde gistermiddag(1,47)
sterdam _(1,99)
strafbaar _(1,85)
32 53(1,79)
cremers telefoon(1,8)
adviseerde _(1,79)
aireraft corp(1,19)
twee kamerleden(1,75)
jaar goed(2,151)
43 54(1,85)
33 52(1,82)
krijgt nieuwe(1,70)
amerikaanse senatoren(1,46)
verschillende amerikaanse(1,53)
interesse _(2,89)
46 nat(1,50)
23 el(1,94)
oil 23(1,30)
zeer vast(3,155)
53 un(1,53)
amerikanen _(1,81)
58 jarige(1,73)
zeer fors(1,43)
schoolkrant _(1,45)
schrijvende pers(1,34)
savornin _(2,142)
geloofd _(1,87)
belastingdienst _(1,53)
rendez vous(1,81)
uitwas _(1,84)
eerder afgelegde(1,64)
va 21(1,79)
past _(1,74)
states and(1,65)
los _(2,130)
ernstig verzwakt(1,75)
onvertogen _(1,76)
31 li(1,83)
rumoer rond(1,52)
portemonnee _(1,35)
zaken _(4,156)
duistere praktijken(1,68)
italianen _(1,79)
16 gen(1,42)
duistere _(1,74)
groningse hoogleraar(1,43)
vossen _(1,75)
intern onderzoek(1,32)
grotere omzet(1,48)
23 ie(1,89)
man leefde(1,88)
oil 28(1,34)
st 33(1,82)
183 18(1,77)
oil 20(1,34)
binnenland buitenland(1,38)
beurscommissie _(1,58)
contract _(1,95)
dubbelganger _(1,80)
reizen _(2,156)
ld 11(1,82)
grote verschuivingen(1,49)
weer _(11,156)
piloten _(1,66)
bal toe(1,81)
uitgezocht _(1,88)
vrienden _(2,156)
47 nat(1,52)
minister kissinger(1,8)
rijke _(1,91)
360 miljoen(1,40)
italiaanse president(1,47)
gooien _(1,88)
consequenties _(1,79)
henk terlingen(1,26)
henny _(1,62)
besmet _(1,98)
leuzen _(1,56)
schenking _(1,88)
control _(1,11)
internationaal _(2,143)
kabinet staat(1,93)
uitvoeren _(1,102)
reliance gr(1,7)
nazi _(1,62)
237 23(1,69)
kaarten liggen(1,92)
atlantic richfield(1,25)
sankt _(1,54)
puzzel _(1,37)
uitgezonden _(1,70)
blaam _(1,104)
57 _(1,78)
onwil _(1,114)
bekeerd _(1,100)
britse _(1,55)
progressieve krachten(1,47)
getuige _(1,97)
wellicht binnenkort(1,94)
retour _(1,65)
rol _(5,156)
amerika bereid(1,67)
zwendel _(1,78)
washington the(1,21)
meerderheid _(1,119)
45 _(1,84)
agt justitie(1,7)
utrecht gaat(1,93)
communisten willen(1,64)
derde land(1,67)
korrel genomen(1,51)
klaarheid brengen(1,88)
lockheed aircraft(1,24)
koffer vol(1,80)
1963 _(2,50)
min dollar(1,30)
kernvraag _(1,64)
fors omhoog(1,32)
italiaanse parlement(1,50)
nooit enig(1,66)
37 gen(1,55)
mensen praten(1,50)
laatste schakel(1,88)
eindstreep _(2,106)
17 ta(1,71)
populariteit _(2,154)
verweert _(1,93)
passiviteit _(1,65)
loopt kans(1,91)
alle blaam(1,94)
zorgen _(2,103)
beide limburgen(1,44)
hard _(1,84)
30.000 dollar(1,71)
relevant _(1,36)
weten _(2,155)
regering erkent(1,83)
oorlogsmisdadigers _(1,53)
chantage _(1,72)
commissie houdt(1,115)
el 15(1,101)
20 207(1,80)
35 nat(1,59)
93 94(2,156)
21 20(2,156)
38 58(1,80)
juliana _(1,77)
overeenstemming _(2,131)
eigen _(7,156)
moest verder(1,97)
scoort _(1,61)
memorandum _(1,76)
verblijft _(1,71)
staatshoofd _(1,79)
60 61(2,155)
verontschuldigt _(1,106)
nieuwe onthullingen(1,91)
15 union(1,42)
drie modellen(1,76)
lid blijven(1,92)
communisten _(2,96)
maakte _(3,156)
indonesische _(1,35)
gaat studeren(1,47)
weer terug(3,146)
kandidatenlijst _(1,43)
vrij _(2,153)
mr donner(1,50)
22 au(1,96)
nodig _(2,70)
mea culpa(1,92)
robert wagner(1,50)
tegenstellingen binnen(1,63)
justitie verklaarde(1,121)
liegt _(1,100)
eerst bijeen(1,87)
terugtreden _(1,96)
regering laat(1,81)
157 15(1,82)
lichten _(1,105)
heil _(1,123)
beurs blijft(1,101)
27 gen(1,56)
kort _(3,156)
leest _(1,113)
87 88(2,155)
thriller _(1,52)
verdere acties(1,55)
34 gen(1,52)
zwijgende meerderheid(1,26)
union o.c(1,8)
80 81(2,156)
put _(2,156)
olies _(1,66)
regering neemt(1,85)
aantal documenten(1,91)
72 73(2,155)
amerikaans vliegtuig(1,50)
266 266(1,70)
144 148(1,88)
13 au(1,101)
dc 10(1,88)
zelfmoord plegen(1,99)
volgens zegslieden(1,49)
18 au(1,105)
times _(1,125)
maanden nodig(1,58)
toestemming nodig(1,53)
deining _(1,88)
japanse hoofdstad(1,50)
weken bezig(1,99)
protest _(3,156)
gaat _(7,156)
blijft erbij(1,72)
westduitse ambassade(1,36)
excuses _(1,81)
handelingen _(1,126)
erfenis _(2,156)
zaak mag(1,127)
z'n kop(1,69)
trok weer(1,98)
to be(2,156)
23 au(1,99)
doden _(1,55)
hoekstra _(1,123)
delfshaven _(1,68)
verkeerde conclusies(1,88)
verder terrein(1,63)
12 10(2,156)
gehad _(4,156)
maandag _(4,156)
onderzoek nodig(1,52)
1001 _(1,99)
aardbevingen _(1,114)
251 25(1,103)
gevraagd _(1,117)
texas ut(1,17)
star _(1,112)
commissies _(1,91)
goede steun(1,79)
samenvatting _(2,112)
321 32(1,96)
minst slechte(1,88)
32 52(1,99)
zette _(1,104)
20 amst(1,97)
diplomatieke activiteit(1,57)
bejaarde _(1,127)
tros _(2,122)
weer uitgesteld(1,100)
actuele onderwerpen(1,53)
10 all(1,120)
betrekken _(1,99)
moeten zwijgen(1,128)
onvertogen woord(1,95)
fran _(1,114)
volgen procedure(1,77)
woord _(2,156)
lire _(1,110)
mexico _(1,102)
vroegere premier(1,82)
zichzelf _(1,78)
twintigtal personen(1,118)
geld kreeg(1,106)
voormalig verzet(1,47)
betaalde _(1,126)
vpro _(1,45)
421 42(1,101)
netten _(1,116)
kamer liet(1,134)
spanning _(1,88)
multinationale ondernemingen(1,25)
secretariaat _(1,91)
33 53(1,92)
55 25(1,126)
21 nat(1,62)
enig geld(1,90)
annuleren _(1,51)
advocaat _(2,156)
lunch _(2,121)
duurder _(2,154)
v.d poel(1,72)
interessant boek(1,106)
onze tijd(2,153)
39 59(1,98)
onrecht aangedaan(1,109)
vasthouden _(1,99)
gaan instellen(1,104)
oil pr(1,11)
moeten _(2,156)
26 int(1,63)
30 49(1,101)
the u.s(1,44)
vol _(1,123)
verdere _(2,154)
aanvaard _(1,118)
fel omstreden(1,66)
10 un(1,65)
gesprek _(3,156)
union el(1,13)
zelfmoord _(1,119)
57 54(1,102)
hielp _(1,101)
spaanse _(1,47)
onrust _(1,104)
studeren _(1,52)
beursredacteur new(1,19)
benoemd _(2,156)
hierdoor _(1,115)
24 el(1,108)
publiciteit rond(1,35)
34 nat(1,71)
christen _(1,128)
pleiter _(1,111)
kosten betalen(1,115)
31 int(1,67)
franse blad(1,56)
slechts zijdelings(1,110)
dutch _(1,83)
un brands(1,19)
doorgaans zeer(1,135)
geding gebracht(1,89)
aanrijding _(1,80)
st 40(1,110)
paul _(1,110)
un techn(1,14)
york zaterdag(1,34)
regering geeft(1,86)
33 int(1,67)
henk ten(1,41)
aannemen _(3,156)
gaf opdracht(1,77)
teer _(1,117)
eer _(2,156)
conferentie _(3,150)
27 int(1,65)
begon _(2,149)
65 56(1,111)
nek _(1,102)
gas terug(1,28)
schrijvende _(1,75)
strijdkrachten _(2,156)
preek _(1,112)
bijzonders _(2,156)
oude staat(1,71)
later vast(1,124)
kapitalistische _(1,90)
staken _(1,109)
felle protesten(1,71)
ontslagen _(1,132)
department _(1,91)
aangenomen _(2,156)
appartement _(1,33)
helemaal tevreden(1,49)
steel 32(1,43)
herfst _(1,94)
corporation _(1,92)
failliet _(1,110)
buigen _(1,108)
speciaal vliegtuig(1,67)
belemmerd _(1,133)
weinig materiaal(1,92)
harrie cremers(1,26)
felle concurrentie(1,93)
laster _(1,138)
toekomstige _(1,121)
blijft aandringen(1,141)
york woensdag(1,32)
belangrijk _(2,156)
10 97(1,100)
54 34(1,90)
direct _(1,90)
jan _(6,156)
compleet _(1,106)
prinses armgard(1,41)
fors _(1,41)
weet _(2,156)
traditie _(1,96)
toledo fd(1,15)
western un(1,14)
weekbladen _(1,105)
steel 45(1,44)
asiel _(1,40)
dollar hoger(1,46)
nederland krijgt(1,78)
leed _(2,156)
moest later(1,104)
president _(5,156)
vrijheid _(3,156)
centen _(1,144)
33 15(1,121)
vertraging _(1,109)
gouden _(1,119)
knellende banden(1,143)
limburgs _(2,67)
zwijgt _(1,120)
jaren belangrijk(1,114)
oordeel _(3,156)
eis _(2,119)
redelijk _(1,120)
lockheed aireraft(1,29)
beschikt _(1,96)
221 22(1,115)
amerikaanse _(6,102)
1,1 _(1,94)
directeuren _(1,142)
stapelen _(1,97)
spionage _(1,42)
news _(1,100)
afleggen _(1,127)
zegslieden _(1,51)
gulden mee(1,91)
drie wijzen(1,107)
man _(12,156)
brug komen(1,105)
vertrouweling _(1,131)
tegels _(1,99)
staatsbestel _(1,74)
ingezonden _(1,140)
progressieve _(1,83)
amerikaanse journalist(1,56)
eerder _(3,156)
schuiven _(1,114)
vrijstaat _(1,113)
10 ad(1,68)
eigen streek(1,82)
crisis _(2,155)
pvda ppr(1,22)
10 20(2,156)
journalistiek _(1,110)
stopt _(1,57)
alleen _(2,156)
amerikaanse senator(1,51)
kop _(1,111)
gesprekken _(2,154)
vuile _(1,59)
inzicht geven(1,94)
opzet _(2,156)
kabinetscrisis _(1,95)
19 191(1,119)
131 13(1,113)
werkt _(1,101)
bekende naam(1,97)
106 103(1,91)
beweringen _(1,128)
4000 per(1,127)
autoriteiten _(1,138)
intriges _(1,118)
wolken _(2,156)
talloze _(1,58)
nieuwe revue(1,98)
onze volksvertegenwoordiging(1,128)
stemming _(5,156)
instorten _(1,97)
moest terug(1,118)
opgang _(1,135)
amerikaanse blad(1,53)
nerveuze _(1,85)
starfighter _(1,35)
138 136(1,93)
strijd _(1,118)
hoogst _(2,156)
76.00 76.00(1,27)
philips gl(1,34)
89 86(1,98)
brak _(1,121)
praag _(2,156)
amerikaanse bedrijven(1,48)
bedrijf _(2,156)
tweede brief(1,147)
tel _(1,98)
eerder veroordeeld(1,95)
leverden _(1,133)
amerikaanse fondsen(1,43)
anti _(1,123)
zet _(1,104)
weer lager(1,122)
steel 44(1,44)
an _(1,142)
onder valse(1,61)
stand br(1,85)
grotere _(1,55)
29 procent(1,61)
11 10(2,156)
minister visser(1,14)
woont thans(1,133)
29 19(1,114)
26 37(1,119)
gegevens ter(1,112)
ene _(1,137)
nieuwe revu(1,29)
ontsnappen _(2,156)
bepaalt _(1,61)
conflict _(1,104)
politie _(1,110)
klachten _(1,124)
malle _(1,117)
33 25(1,129)
sociaaldemocratische partij(1,107)
ver terug(1,100)
steel 42(1,43)
34 25(1,130)
geld besteed(1,135)
regering blijft(1,87)
alleen bezig(1,140)
43 am(1,74)
grote beroering(1,60)
mille _(1,130)
69 89(1,107)
prof mr(1,108)
lichtvaardig _(1,121)
juni _(3,141)
publ serv(1,46)
neem _(1,119)
cpn _(2,58)
prinsjesdag _(1,60)
claus _(1,84)
douglas _(1,117)
speelde _(1,119)
brandt _(1,120)
1961 _(1,38)
tweede reis(1,148)
900 miljoen(1,42)
eendracht _(1,124)
krijgen alle(1,98)
politieke invloed(1,103)
steekt _(1,111)
steel 43(1,45)
volgens amerikaanse(1,59)
huis _(7,156)
februari 1976(1,25)
saldo _(1,137)
juiste keuze(1,104)
politie gaat(1,98)
amerikaanse commissie(1,48)
verrassingen _(1,100)
gift _(1,148)
nos _(1,137)
and for(1,122)
doorgaans _(1,123)
20 pnt(1,70)
suiker _(2,156)
russen _(1,140)
190 189(1,107)
stijgt _(1,108)
werkzaamheden begonnen(1,144)
contact onderhouden(1,72)
hartelijk _(1,119)
luxueus _(1,82)
edo brandt(1,19)
wijzer _(1,140)
officieel onderzoek(1,132)
hetze _(1,84)
wezenlijk _(1,116)
letter _(2,156)
valse naam(1,59)
kamerdebat _(1,85)
1,1 miljoen(1,40)
170 _(1,142)
affaire wordt(1,122)
bezoek _(4,156)
geheime stukken(1,125)
verder omhoog(1,91)
sprake _(1,135)
frans _(1,126)
16 jarige(1,116)
naam noemen(1,137)
geheime diensten(1,72)
zeer vaag(1,115)
voelt _(1,90)
51 51(2,153)
dollars _(1,123)
minister antwoordt(1,128)
marine _(3,156)
31 12(1,128)
17 am(1,82)
nooit _(2,156)
22 miljoen(1,44)
royaal _(1,103)
moeten toezien(1,136)
wegens smaad(1,113)
eerste gesprek(1,86)
washington president(1,68)
29 39(1,116)
amerikaanse pers(1,61)
groot onrecht(1,122)
werk geven(1,133)
wilde _(2,156)
21 22(2,156)
general _(1,109)
woont _(1,123)
58 _(1,147)
willen horen(1,60)
mogelijk _(2,156)
niels _(1,108)
1,6 miljoen(1,40)
topman _(1,34)
106 _(1,153)
dinsdag _(2,131)
350 miljoen(1,42)
26 36(1,135)
boek geeft(1,106)
18 am(1,79)
adviseur _(2,135)
radio _(3,78)
tien mille(1,118)
oplichting _(1,112)
nieuwe gegevens(1,105)
gaan samen(1,106)
uiterst _(1,133)
verkiezingen _(2,156)
belasting _(1,134)
zit _(2,138)
87 97(1,114)
buitenlandse pers(1,61)
noodzakelijk _(2,156)
toelichting _(1,151)
verdrag _(1,123)
militaire _(3,156)
blijven _(2,156)
blijken _(4,156)
applaus _(1,100)
welkom _(1,88)
verschuivingen _(1,83)
25.000 _(1,99)
november 1973(1,26)
gelijk recht(1,105)
functie neer(1,96)
68 58(1,109)
koning klant(1,51)
voordelig saldo(1,65)
mr kist(1,133)
kabinet onder(1,141)
1,8 miljoen(1,40)
franse film(1,57)
hoge ambtenaren(1,61)
nieuw stadium(1,103)
weer bezig(1,117)
32 82(1,103)
104 102(1,107)
4,5 miljoen(1,40)
jones index(1,34)
vrijspraak _(1,117)
25 34(1,140)
237 237(1,97)
33 39(1,145)
nieuwe orders(1,122)
nieuw voedsel(1,154)
barry hughes(1,32)
fractie _(1,93)
buitenlanders _(1,128)
46 40(1,132)
echtpaar _(1,107)
227 227(1,103)
procent _(1,80)
schaart _(1,151)
1.1 _(1,152)
rekening _(2,156)
ethiek _(1,99)
henk hoekstra(1,43)
nieuwe directie(1,135)
golda meir(1,39)
tokyo _(1,70)
valt _(2,156)
horen _(1,61)
york _(1,113)
komst _(1,113)
vorstin _(1,146)
gisteren _(6,156)
december 1976(1,23)
57 67(1,122)
97 93(1,112)
zeer kalme(1,145)
keiharde _(1,70)
figuur _(1,119)
10 am(1,104)
gevangen zitten(1,140)
gestort _(1,125)
100 punten(1,106)
vele _(4,156)
zitten _(1,122)
80 89(1,117)
vice _(1,150)
voorbeeld gesteld(1,136)
vluchten _(1,115)
goede start(1,75)
nr _(1,124)
73 73(2,154)
zuid korea(1,54)
nederland mag(1,144)
koninklijk _(3,156)
hoge _(2,69)
bekende _(1,151)
arbeiders _(2,153)
verdachte _(2,149)
waar zit(1,121)
all _(1,145)
medewerking toe(1,107)
toezien _(1,144)
37 33(1,139)
mei 1962(1,39)
un corp(1,33)
industrieel _(1,136)
am _(1,155)
53 63(1,126)
20 _(1,117)
56 66(1,134)
38 41(1,151)
wellicht _(2,130)
mr smit(1,149)
russische _(1,147)
triest _(1,85)
nigeria _(1,78)
verboden toegang(1,110)
tweede kamer(6,156)
directeur ir(1,82)
37 35(1,137)
zeer rijke(1,155)
33 30(1,144)
rembrandt _(1,129)
contact _(3,118)
gevangenen _(1,150)
nieuwe druk(1,150)
un pac(1,68)
langdurige onderhandelingen(1,146)
gekomen welke(1,145)
trom _(1,151)
34 98(1,80)
jean paul(1,152)
harddraverij _(1,148)
goederen _(2,156)
70 miljoen(1,49)
dure _(1,114)
hoogst ernstige(1,137)
britse leger(1,59)
even slecht(1,146)
holland wordt(1,155)
recente foto(1,66)
hevig verzet(1,121)
onder ede(1,128)
grote druk(1,59)
dicht _(1,113)
89 87(1,116)
jimmy carter(1,30)
26 24(1,137)
vertrouwen _(3,156)
ontvangst nam(1,121)
traag _(1,127)
rijk _(1,155)
uiterst rechts(1,79)
nederland betreft(1,144)
echt goed(1,80)
19 40(1,136)
zwijgende _(1,128)
ingesteld _(2,155)
93 90(1,121)
47 45(1,131)
140 139(1,109)
gezin _(1,152)
174 175(1,128)
34 _(1,152)
begint _(2,156)
instellen _(2,155)
bereid _(2,156)
vliegt _(1,125)
verklaring afleggen(1,151)
wegens laster(1,151)
blad le(1,154)
verantwoordelijkheid _(1,153)
hoog _(3,156)
korrel _(1,146)
dochter _(4,156)
ter attentie(1,60)
rood _(2,156)
houdt vast(1,136)
japanse regering(1,62)
17 18(2,156)
paar weken(2,156)
betreft _(1,145)
beschuldiging gesteld(1,152)
wet _(1,154)
sun oil(1,22)
44 42(1,127)
40 38(1,140)
sympathie _(2,155)
nieuwe parlement(1,133)
verliest _(1,150)
twee nederlanders(1,118)
maatregel genomen(1,156)
kabinet den(1,129)
ontmoeting _(1,136)
83 87(1,124)
bereikbaar _(1,128)
johan _(1,139)
internationaal niveau(1,61)
zeer betrouwbare(1,118)
zeker _(1,125)
beroofd _(1,150)
keus _(1,153)
naters _(1,84)
schoon schip(1,122)
bevolking _(1,156)
129 128(1,116)
egypte _(1,119)
nederlandse leeuw(1,60)
huiszoeking _(1,143)
nader onderzoek(2,156)
volgende maand(2,156)
marx _(1,113)
nee _(1,95)
klant _(1,109)
126 125(1,119)
helden _(1,146)
stuit _(1,140)
marcus bakker(1,50)
twijfel bestaan(1,156)
mei 1977(1,26)
197 197(1,110)
reageert _(1,92)
120 122(1,144)
buitenlandse betrekkingen(1,57)
onze naam(1,120)
21 19(1,137)
19 16(1,137)
118 120(1,143)
binnen 30(1,145)
weduwen _(1,154)
spreken _(1,154)
uitzicht _(1,127)
weigert _(1,151)
huid _(1,149)
leerkrachten _(1,98)
80 78(1,125)
14 _(1,155)
compensatie _(1,121)
licht komen(1,155)
122 121(1,117)
hoofdofficier _(1,134)
33 36(1,154)
union carb(1,39)
123 122(1,114)
104 104(2,153)
87 85(1,122)
beslag _(4,156)
onderwerpen _(1,155)
deugt _(1,139)
lang bekend(1,155)
33 31(1,140)
sil it(1,56)
wijs beleid(1,142)
weer dicht(1,119)
shell _(1,85)
li 11(1,155)
rust _(1,154)
terecht _(1,116)
voedsel _(1,155)
zover bekend(1,61)
gedaan _(3,156)
stukje _(1,148)
27 25(1,147)
praat _(1,109)
fokker _(1,97)
zakenwereld _(1,90)
50 _(1,140)
internationale overeenkomst(1,135)
beschuldigd _(2,156)
james bond(1,34)
21 cent(1,130)
degene _(2,156)
14 25(1,151)
televisie _(1,44)
vroegere _(3,156)
start _(2,97)
financieel _(1,116)
landmacht _(1,131)
protesten _(1,146)
president den(1,113)
19 13(1,132)
rustiger _(1,118)
bern _(1,146)
robert _(1,98)
twintig personen(1,156)
ontkenning _(1,149)
delegatie _(1,108)
bedreigd _(1,156)
hoofdstad _(1,156)
12 nl(1,41)
direct contact(1,88)
dood veroordeelde(1,155)
28 26(1,143)
sunday _(1,104)
rep steel(1,50)
tros aktua(1,21)
88 86(1,128)
mark _(1,120)
verleent _(1,153)
jarige leeftijd(1,106)
52 54(1,153)
nederlandse industrie(1,60)
mezelf _(1,98)
alle lof(1,153)
ernstige zaak(1,150)
us steel(1,54)
worst _(1,153)
leven _(3,156)
oude vriend(1,140)
buitenkansje _(1,131)
53 55(1,153)
malaise _(1,126)
nieuwe ontwikkelingen(1,65)
afgelegde verklaringen(1,151)
bewezen _(1,154)
aanslag _(1,155)
dreigen _(1,143)
militaire vliegtuigen(1,85)
176 176(1,113)
derde _(1,140)
openbaar maken(1,155)
42 40(1,142)
t.v _(1,49)
stelt vast(1,124)
beleid _(3,156)
slecht _(1,129)
gevecht _(2,156)
leg _(1,136)
zeer _(4,156)
bestaan _(1,152)
toevlucht _(1,129)
157 157(1,127)
absolute meerderheid(1,100)
overhandigd _(1,150)
ruim miljoen(1,55)
the united(1,145)
mag komen(1,149)
weinig verschil(1,154)
vooralsnog _(1,147)
89 89(2,155)
extra geld(1,74)
besloten _(3,156)
mysterie _(1,106)
haag minister(1,56)
11 li(1,155)
fonds _(1,156)
geef _(1,144)
boven _(1,153)
internationale _(1,111)
openbaren _(1,155)
opnieuw _(2,131)
heer gerritsen(1,120)
breda _(2,156)
oude vrienden(1,152)
poort _(2,156)
afscheid _(2,156)
wim _(1,60)
administratie _(2,156)
zoekt _(1,127)
doctor _(1,155)
schakel _(1,136)
sears roeb(1,69)
oefenen _(1,156)
19 23(1,155)
houdt _(2,156)
onschuld _(1,131)
verdere informatie(1,107)
volgende _(1,155)
volk _(5,156)
weer begonnen(1,126)
deed _(1,155)
speciale _(1,122)
toestemming _(1,146)
nebben _(1,156)
boek _(3,156)
louis _(1,148)
senaat _(2,156)
123 124(1,151)
latijns amerika(1,57)
54 56(1,152)
aarzelen _(1,155)
haarlem _(2,156)
noordelijken _(1,115)
buitengewone _(1,155)
verslaggevers _(1,53)
122 123(1,150)
45 47(1,151)
traden _(1,146)
achtervolgd _(1,147)
integriteit _(1,153)
wordt duidelijk(1,147)
verplichten _(1,128)
week zeer(1,155)
verblijfplaats _(1,155)
florida _(1,134)
hoofdkantoor _(2,156)
10 21(1,155)
pas _(2,156)
gaf _(1,155)
daden _(1,152)
nieuwe stijl(1,102)
zeggen waar(1,148)
kvp _(1,49)
hongkong _(1,120)
50 miljoen(1,64)
boter _(1,149)
23 28(1,151)
geloven _(1,74)
koper _(1,155)
onderwerp _(2,156)
bleef ongedeerd(1,130)
leiden _(1,152)
veranderd _(1,156)
made _(1,134)
laat _(3,156)
wapen _(1,156)
winnaar _(1,89)
agent _(1,156)
eigen verzoek(1,156)
bezig _(3,156)
92 92(2,155)
willen _(1,155)
gebruikt _(1,156)
politieke leiders(1,112)
trekt _(1,153)
goede stemming(1,155)
trappen _(1,133)
alle fronten(1,82)
laatste poging(1,156)
koopje _(1,144)
deugd _(1,155)
democratisch _(1,143)
reis _(4,156)
moed _(1,156)
begin november(1,128)
30 20(1,154)
south pac(1,94)
nieuwe voorzitter(1,122)
ij _(1,156)
frans jozef(1,142)
groene _(2,156)
miljoen mark(1,74)
onverwacht _(1,155)
verwarring _(1,156)
havenarbeiders _(1,95)
man achter(1,123)
storm _(1,156)
10 miljoen(1,77)
10 22(1,153)
onderzoek instellen(1,143)
goede dingen(1,136)
state _(2,156)
mede _(1,156)
sinds gisteren(1,137)
hoofdstuk _(1,156)
socialisten _(1,131)
wordt beschuldigd(1,156)
texas instr(1,39)
ten voorbeeld(1,156)
kennis gebracht(1,130)
grijpen _(1,129)
ome _(1,152)
minister president(1,148)
18 15(1,151)
ingelicht _(1,156)
alle informatie(1,36)
eind juni(1,96)
alle gewenste(1,62)
33 35(1,156)
economie _(1,114)
bestemd _(1,156)
besteding _(1,156)
langer _(2,156)
bleef liggen(1,150)
waarin _(1,156)
woorden _(1,156)
verschijnsel _(1,153)
druk _(2,156)
16 19(1,154)
plotselinge _(1,149)
58 57(1,148)
volkomen vrij(1,155)
ten berge(1,149)
buiten dienst(1,156)
tijd _(5,156)
schuldig _(1,156)
half mei(1,154)
stof _(1,155)
maakt melding(1,155)
maandag j.l(1,127)
waarschijnlijk _(1,156)
binnen _(5,156)
parijs _(3,156)
52 51(1,149)
ernstige schade(1,123)
zweedse _(1,65)
bestand _(1,153)
stemmen _(1,152)
nadere _(1,156)
129 129(1,136)
directeur _(5,156)
11 16(1,156)
90 90(2,155)
zeer voorzichtig(1,127)
radio tv(1,39)
internationale samenwerking(1,101)
royal dutch(1,76)
vertrek _(2,156)
meest _(1,156)
schuld _(2,156)
genomen _(1,156)
noem _(1,156)
40 42(1,155)
persoonlijke _(1,156)
vrij snel(1,125)
bezorgd _(1,149)
voorwaarde _(2,156)
mening _(1,64)
67 66(1,151)
troon _(1,156)
griekenland _(1,155)
eindelijk weer(1,131)
elkaar _(2,143)
beroep _(1,156)
hoog niveau(1,89)
62 61(1,149)
slachtoffers _(1,124)
nummer _(1,121)
achter slot(1,146)
100 102(1,147)
weer verder(1,123)
deed aangifte(1,118)
broer _(1,119)
100 miljoen(1,67)
herstelde _(1,156)
augustus _(2,156)
per ongeluk(1,119)
allen _(2,156)
mr _(3,156)
afgetreden _(1,156)
kinderen _(1,133)
nieuwe minister(1,156)
zouden _(1,156)
vermoeden _(1,156)
naam _(4,156)
dag weer(1,128)
aanval _(3,156)
82 81(1,146)
thijn _(1,95)
83 82(1,145)
sjah _(1,105)
87 _(1,156)
commentaar _(1,100)
40 45(1,155)
73 72(1,146)
jaren zeventig(1,51)
da _(1,155)
volgen _(3,156)
vermoedelijk _(1,156)
lang _(4,156)
west europa(1,109)
89 88(1,151)
ver achter(1,150)
februari _(2,154)
links _(1,138)
midden oosten(1,72)
deden _(1,156)
90 89(1,153)
84 83(1,151)
goede naam(1,156)
verschaffen _(2,156)
eerste aflevering(1,156)
eigen initiatief(1,126)
united states(1,148)
savornin lohman(1,141)
hoopt _(1,155)
vervanging _(2,156)
grote _(5,95)
eigen doel(1,107)
programma _(2,156)
monarchie _(1,156)
toezicht _(2,131)
weer vrij(1,136)
94 93(1,153)
lof _(1,155)
10 nl(1,65)
duitse _(1,88)
partijen _(1,156)
dankbaarheid _(1,156)
93 92(1,150)
91 90(1,151)
86 85(1,152)
125 125(1,137)
aangifte _(1,155)
140 140(1,143)
onder vuur(1,114)
zeden _(1,156)
ontkent _(1,155)
gesproken _(1,156)
onderhouden _(1,155)
shell oil(1,64)
bezit _(4,156)
trainer _(1,86)
fabricage _(1,128)
duidelijk _(1,156)
14 10(1,156)
houding _(1,155)
1956 _(1,58)
gunst _(1,156)
licht _(4,156)
hoogleraar _(1,84)
koster _(1,155)
gereden _(1,154)
13 10(1,155)
werkzaamheden _(1,130)
87 86(1,147)
amsterdam vrijdag(1,148)
4000 _(1,156)
1972 _(1,39)
strekt _(1,156)
sta _(1,156)
by the(1,156)
grote rol(1,64)
kans _(3,156)
onbekend _(1,156)
1967 _(1,45)
mand _(1,156)
pleit _(1,155)
onjuist _(1,156)
ingesteld onderzoek(1,153)
afrika _(1,156)
gelooft _(1,156)
afwachtende houding(1,145)
commissaris _(2,156)
uitspraak _(1,155)
duitsland _(2,85)
parlementaire redactie(1,45)
ruil _(2,156)
mannen _(1,156)
vrijdag 24(1,156)
aandringen _(1,156)
49 50(1,156)
22 21(1,153)
doet _(1,156)
recente _(1,88)
spreker _(1,155)
71 72(1,155)
record _(1,109)
fc utrecht(1,29)
afspraak _(1,128)
84 85(1,155)
bekend _(3,156)
88 89(1,155)
reportage _(1,68)
dinsdag 27(1,131)
vrouw _(4,156)
15 10(1,156)
82 83(1,156)
net _(1,156)
91 92(1,156)
mist _(1,156)
10 13(1,156)
banden _(1,154)
handhaven _(1,156)
voeten gesteld(1,156)
vraagt _(1,156)
onder _(2,156)
97 98(1,155)
inhoud _(3,156)
vrijlating _(1,155)
mocht _(1,127)
95 96(1,155)
85 86(1,155)
89 90(1,156)
krant _(1,120)
1000 _(1,156)
antwoord _(3,156)
ontvangst _(3,156)
79 80(1,156)
bijzonder _(1,156)
engeland _(4,156)
marokko _(1,141)
visser _(1,156)
voorgrond _(1,126)
derde deel(1,156)
30 dagen(1,156)
chauffeur _(1,94)
geld terug(1,156)
rue _(1,156)
genua _(1,156)
drachten _(1,90)
nieuw _(1,156)
ontwikkelingen _(1,75)
vele duizenden(1,156)
verzet _(1,154)
onderzocht _(1,156)
middelpunt _(1,156)
dood _(2,156)
zusters _(1,156)
13 12(1,154)
dollar per(1,144)
jaren _(4,156)
turkije _(1,156)
verdeling _(1,88)
vijf _(1,156)
april _(2,156)
minst _(1,156)
nos journaal(1,27)
16 18(1,156)
nederlandse volk(1,84)
juist _(1,156)
extra _(1,156)
gebracht _(1,131)
12 11(1,156)
noorwegen _(1,156)
14 16(1,156)
tweede kamerlid(1,112)
verslagen _(1,156)
brengen _(1,156)
ambtenaren _(1,156)
verschil tussen(1,75)
101 100(1,151)
invloed _(2,156)
laatste nieuws(1,134)
baan _(2,156)
verbergen _(1,156)
beslag genomen(2,156)
mens _(1,90)
tel aviv(1,76)
verslag _(1,156)
27 januari(1,147)
achter _(5,156)
voort _(1,156)
kaarten _(1,156)
vijf maanden(1,156)
begonnen _(1,156)
brengt _(1,156)
reactie _(1,132)
voorwaarden _(1,156)
for the(1,156)
onze parlementaire(1,142)
zeer druk(1,155)
inmiddels _(1,156)
kijk _(1,115)
arrest _(1,155)
69 69(1,155)
militaire autoriteiten(1,156)
eindhoven _(1,106)
24 december(1,156)
65 jaar(1,143)
sterk _(1,156)
koninklijke familie(1,156)
inzet _(1,139)
verklaarde _(3,156)
midden _(1,156)
zult gij(1,155)
krijgen _(1,151)
herhaling _(1,156)
twee leden(1,156)
bevorderen _(2,156)
hoeven _(1,156)
beschikbaar _(1,146)
bruijn _(1,156)
61 61(1,152)
zuid afrika(1,144)
101 101(2,153)
vaste stemming(1,155)
demonstratie _(1,138)
tevreden _(1,156)
100 101(1,155)
62 62(1,152)
vrije voeten(1,156)
komen _(1,156)
moeilijke _(1,129)
65 65(1,151)
71 71(1,155)
onder druk(1,102)
geboren _(1,156)
10 15(1,156)
prinses _(1,156)
vrede _(1,156)
vorig _(1,151)
moeilijk _(1,130)
10 _(2,156)
72 72(1,155)
tafel _(2,156)
verzocht _(1,156)
kring _(1,156)
stoppen _(1,156)
doel _(1,156)
verkoop _(4,156)
nieuwe jaar(1,156)
67 67(1,153)
grote belangstelling(1,69)
rondom _(1,156)
78 78(1,152)
groot _(1,156)
poging _(2,156)
frankrijk _(3,156)
lezing _(1,156)
overleg _(2,156)
74 74(1,154)
werden _(1,156)
staf _(1,156)
ridder _(1,149)
miljoen gulden(2,97)
beletten _(1,156)
helpen _(2,156)
hoeveelheid _(1,141)
wapens _(1,156)
per _(1,156)
officieel _(1,156)
verloop _(2,156)
besteed _(1,156)
helemaal _(1,74)
aflevering _(1,156)
zover _(1,84)
golf _(1,156)
bodem _(1,156)
12 13(1,156)
verantwoordelijk _(1,156)
begaf _(1,156)
orde _(2,156)
zag _(1,156)
arbeid _(1,156)
nederlandse regering(1,64)
eenheid _(1,156)
gekregen _(1,156)
83 83(1,151)
geruime tijd(1,156)
beide _(1,156)
oostenrijk _(1,156)
oude _(3,156)
85 85(1,153)
melding _(1,156)
verschil _(2,156)
los angeles(1,103)
zoeken _(1,155)
geworden _(2,156)
twijfel _(1,156)
wachten _(1,156)
tijdens _(5,156)
ter dood(1,156)
uitgesloten _(1,154)
aantal leden(1,156)
motie _(1,156)
kwestie _(2,156)
nemen _(2,156)
10 12(1,156)
binnenlandse zaken(1,117)
secretaris _(2,156)
groot succes(1,141)
stil _(1,156)
weinig _(2,156)
91 91(1,155)
23 jaar(1,154)
87 87(1,153)
afgezien _(1,156)
bericht _(1,131)
tekst _(1,156)
speciaal _(1,156)
vraag _(5,156)
communistische partij(1,79)
portret _(1,156)
holland _(2,156)
foto _(1,100)
verwachten _(2,156)
verdacht _(1,156)
vergeten _(1,156)
congres _(2,156)
rotterdam _(2,156)
firma _(3,156)
ware _(1,156)
hoofd _(1,156)
echte _(1,153)
gevolg _(4,156)
land _(4,156)
prijs _(1,156)
waarom _(1,156)
plan _(1,156)
16 _(1,156)
algemeen belang(1,156)
functie _(1,156)
pogingen _(1,156)
taak _(2,156)
twee _(3,156)
herziening _(1,156)
china _(1,156)
vorig jaar(3,156)
spoedig _(1,156)
vergelijking _(1,156)
januari _(1,151)
hof _(1,156)
juni a.s(1,127)
partij _(1,156)
afkomstig _(1,156)
londen _(1,156)
rede _(1,156)
lagerhuis _(1,156)
98 98(1,155)
afhankelijk _(1,156)
bijzondere _(1,156)
liefde _(1,156)
telegraaf _(1,156)
soort _(2,156)
bilt _(1,156)
goede _(3,156)
gekomen _(1,156)
paar _(5,156)
jong _(1,156)
maken _(4,156)
seizoen _(1,131)
communistische _(1,110)
ter sprake(1,156)
zegt _(2,156)
waar _(2,156)
feit _(3,156)
vooral _(3,156)
mee _(2,152)
europa _(2,156)
praktijk _(1,156)
belangrijkste _(1,156)
redden _(1,156)
oog _(2,156)
rond _(1,155)
ter kennis(1,156)
waarvan _(1,156)
ogenblik _(1,155)
besluit _(2,156)
dienst _(3,156)
deur _(2,156)
handel _(2,156)
paleis _(1,156)
straat _(1,156)
publiek _(3,156)
aanleiding _(4,156)
30 _(1,156)
volgende week(1,156)
per maand(2,156)
wijziging _(1,156)
den berg(1,156)
gaan _(5,156)
toekomst _(1,156)
bal _(1,156)
alle _(5,156)
haan _(1,156)
the _(1,156)
heel _(2,154)
wordt _(2,156)
vries _(3,156)
buitenlandse zaken(1,107)
begin _(1,156)
toe _(3,156)
franse _(1,138)
boord _(1,156)
koninklijke _(1,156)
nieuwe _(6,156)
leden _(2,156)
samen _(1,127)
jaar geleden(1,156)
melden _(1,156)
eerst _(1,156)
geven _(5,156)
nederlandse _(2,156)
werk _(3,156)
wijze _(1,156)
verschillende _(1,156)
tweede _(4,156)
zeggen _(1,156)
belast _(1,156)
hand _(4,156)
verenigde staten(1,117)
ter gelegenheid(1,156)
naast _(1,156)
verklaard _(1,156)
voorzitter _(5,156)
handen _(1,156)
thans _(1,156)
voorstel _(1,156)
verband _(7,156)
raad _(2,156)
jaar _(7,156)
verzoek _(1,156)
spel _(1,156)
wereld _(2,156)
trekken _(1,156)
buiten _(1,156)
treden _(1,156)
minister _(9,156)
officier _(1,156)
ter beschikking(1,156)
steeds _(3,156)
gelegenheid _(1,156)
namens _(1,156)
belang _(2,156)
werken _(1,156)
bedrag _(3,156)
lid _(2,156)
