luns _(24,74)
consequenties _(6,91)
cijfers sport(4,10)
_ _(91,156)
prof _(6,130)
agt _(7,86)
noorder rondblik(4,18)
jong _(10,156)
rolde _(4,123)
philip _(4,148)
zaterdag amateurvoetbal(3,15)
nsb _(4,62)
mr luns(4,40)
navo _(5,52)
cijfers _(4,156)
frits _(4,116)
anderen _(4,152)
sport _(4,111)
kunstje geflikt(2,6)
cor _(4,91)
poel _(4,156)
joden _(5,156)
bruins _(3,131)
lid _(7,156)
aftreden _(4,156)
kamer _(5,156)
misverstand _(3,156)
stapt _(2,34)
siert bruins(2,3)
mag _(4,156)
pais _(2,13)
jan laan(2,56)
onderzoek _(5,156)
maandag _(2,59)
gesprek _(4,156)
proces _(2,107)
geert _(2,87)
joseph luns(2,37)
oorlog _(5,156)
opgewonden _(2,102)
broer _(3,121)
donderdag _(3,156)
haagse kringen(2,49)
geert jan(2,85)
germaansche ss(2,8)
publicatie _(2,86)
week _(5,156)
jaren 30(2,87)
kamerdebat _(2,85)
bezettingsjaren _(2,51)
stappen _(2,87)
nico scheepmaker(2,32)
karakter _(2,144)
onze verslaggever(3,119)
den uyl(3,76)
ander aspect(2,87)
han _(2,107)
protesten _(2,109)
cda _(3,23)
tijn _(2,137)
actualiteit _(2,121)
sijes boek(1,1)
jouw oorlog(1,1)
beleid _(3,156)
secretaris generaal(2,155)
marten das(1,1)
nico _(2,102)
1979 amateurvoetbal(1,1)
denken _(2,155)
zien _(2,156)
holocaust _(1,2)
mantel _(2,154)
betaal _(2,123)
verhagen cadabra(1,1)
luns komt(1,5)
rijp _(2,153)
vietnam _(1,5)
weinig belangstelling(2,155)
1945 _(2,70)
jan poortman(1,4)
hoofdredacteur _(2,150)
ultra rechts(1,8)
zwarte donderdag(1,7)
joodse broers(1,3)
beweringen _(1,11)
zaak _(3,156)
rechtse extremist(1,10)
ris witte(1,12)
tonen weinig(1,13)
jaar navo(1,6)
bonter _(1,13)
verslaggever han(1,11)
friesland _(3,156)
beschamende zaak(1,19)
markant _(1,13)
joods verzet(1,9)
neuhauser _(1,2)
ar _(2,156)
jongeren _(2,116)
pensioen _(2,152)
pas yn(1,20)
trouw _(2,155)
oorlogsdocumentatie riod(1,12)
scheepmaker _(1,18)
neemt afstand(1,19)
nauwe betrokkenheid(1,17)
springt eruit(1,23)
kleurrijke figuur(1,24)
iedereen laat(1,29)
jaren _(3,156)
affaire _(2,156)
vervolgingsbeleid _(1,20)
burgemeester wim(1,12)
agt vindt(1,11)
wim thomassen(1,25)
zaken _(2,156)
maarten schakel(1,20)
limburgs dagblad(2,53)
dou moast(1,31)
utrechts burgemeester(1,33)
eerherstel _(1,33)
verslaggever cees(1,19)
oktober 1929(1,22)
verbijstering _(1,33)
kabinet _(2,156)
remmers ontmoet(1,6)
ss _(1,39)
inde jaren(1,47)
sint vincentius(1,37)
burgemeester vonhoff(1,7)
weg _(2,131)
rancune _(1,51)
matthijs _(1,39)
moest _(2,156)
tele visie(1,38)
wim noordhoek(1,19)
volksunie _(1,26)
humor _(1,55)
voorbarig genoemd(1,53)
zichzelf dood(1,54)
weer typisch(1,53)
bezettingstijd _(1,32)
roethof _(1,18)
kear _(1,54)
scheutig _(1,59)
gaston thorn(1,17)
ostaijen _(1,30)
onderkend _(1,46)
overzichtelijk geheel(1,44)
opnieuw actueel(1,59)
licht _(2,156)
piet heil(1,30)
emotionele reacties(1,31)
thomassen _(1,36)
kwestie _(3,156)
tael fan(1,33)
maatregelen gevraagd(1,62)
marxistische _(1,37)
krenten _(1,36)
wethouder _(2,156)
morgen _(2,156)
arbeiders _(2,147)
authentieke _(1,63)
z'n gezicht(1,56)
bezetter _(1,48)
kort amerikaans(1,25)
34 _(1,64)
kamerleden _(1,77)
ex _(1,78)
uyl _(1,22)
aantjes _(1,18)
hans verhagen(1,31)
even stilte(1,67)
tussen hoge(1,50)
televisie _(2,71)
blijf _(1,79)
grote grijze(1,55)
stuurde _(1,70)
hagen _(1,58)
berucht _(1,83)
nieuwe verhalen(1,90)
boek maakt(1,70)
regering _(2,132)
nederlandse arts(1,48)
vlaams _(1,51)
verhagen _(1,78)
aangegrepen _(1,64)
leur _(1,60)
haven _(1,92)
klap _(1,80)
reacties _(1,33)
bloeide _(1,100)
authentieke stukken(1,95)
sint michielsgestel(1,55)
sterke zet(1,76)
newyorkse beurs(1,38)
strategie _(1,80)
joodse _(1,52)
dubbele moraal(1,66)
internationale jodendom(1,25)
kansrijke _(1,33)
jong mr(1,97)
les gelezen(1,116)
tweede kamer(3,156)
koning lear(1,84)
vlijmscherp _(1,92)
beschamende _(1,73)
kansrijke positie(1,34)
verraden _(1,101)
herman wigbold(1,35)
ware gezicht(1,66)
zoekt nieuwe(1,70)
30 _(1,128)
rechtspraak _(1,109)
nieuwe secretaris(1,98)
commentaar _(1,85)
samen _(2,131)
politie volgde(1,70)
ingezonden _(1,121)
gezicht zien(1,105)
raad _(1,116)
discriminatie _(1,45)
regering ziet(1,84)
mr _(1,105)
broers _(1,102)
as ien(1,90)
langste tijd(1,78)
spoor _(2,156)
pvda _(2,50)
verbindt _(1,132)
regering maakt(1,85)
ruim 450(1,129)
inschrijving _(1,130)
harde feiten(1,77)
zwart front(1,34)
68 _(1,124)
geheime besprekingen(1,82)
ien kear(1,66)
gert _(1,95)
herdenken _(1,124)
ontaardde _(1,110)
gedegradeerd _(1,103)
bezetting _(1,115)
1500 personen(1,144)
zweeden _(1,137)
handhaven _(2,156)
kamer dr(1,106)
raad willen(1,119)
diepe verontwaardiging(1,145)
50 62(1,134)
enerverende _(1,50)
oorlogsdocumentatie _(1,49)
beter kennen(1,131)
mannen _(1,125)
utrechtse politie(1,51)
bres _(1,107)
protest _(1,133)
tactiek _(1,115)
zwarte _(1,143)
functie _(1,88)
minister pais(1,8)
ingelijfd _(1,141)
krach _(1,132)
beroemd _(1,142)
zwart _(1,135)
week bekend(1,112)
hoge ambtenaren(1,61)
geldschieters _(1,150)
aanleiding _(2,156)
gelezen _(1,135)
verdediging _(1,151)
sluiten _(2,156)
foar _(1,65)
proza _(1,140)
bewijs _(1,126)
wist _(1,111)
spook _(1,140)
stuk goed(1,137)
40 _(1,125)
misschien _(1,125)
zegt _(1,152)
verzet _(1,146)
groeit _(1,129)
buiten _(1,154)
kennen _(1,154)
bal _(2,156)
weezel _(1,131)
terrein _(1,147)
vol afwisseling(1,124)
hulzen _(1,122)
september 1979(1,21)
mensenrechten _(1,38)
12 45(1,150)
fracties _(1,95)
newyorkse _(1,43)
oktober 1979(1,20)
precies _(1,110)
alle _(2,156)
juliana _(1,83)
blijven _(1,153)
gaf _(1,109)
stortte _(1,153)
oud lid(1,151)
laatste uren(1,151)
boos _(1,135)
zeeland _(1,155)
spoedig verwacht(1,140)
piet _(1,112)
midden _(1,155)
meegeren _(1,103)
33 36(1,154)
jeugd _(1,131)
mear as(1,93)
demonstratie _(1,152)
haag _(1,126)
sint _(1,109)
gerechtvaardigd _(1,126)
proefschrift _(1,142)
democraten _(1,144)
400 _(1,155)
brief _(1,156)
boekvorm _(1,108)
agent _(1,146)
denkt _(1,156)
zorg _(1,122)
leugen _(1,147)
nader _(1,155)
herman _(1,131)
liberalen _(1,148)
dr _(2,156)
harde _(1,134)
nieuw onderzoek(1,155)
das _(1,137)
bekend _(2,156)
goede morgen(1,85)
provinciale waterstaat(1,114)
links _(1,129)
kiest _(1,122)
doesburg _(1,155)
germaansche _(1,90)
proppen _(1,118)
ziet _(1,155)
wilde _(1,156)
mei 1936(1,57)
den dolder(1,105)
cees _(1,59)
blijft _(1,156)
24 oktober(1,89)
jaren dertig(1,58)
hoeft _(1,124)
bladen _(1,155)
komt weer(1,125)
opvolging _(1,156)
pap _(1,128)
herzien _(1,156)
conflict tussen(1,62)
beurs _(1,156)
slaan _(1,156)
gemeld _(1,156)
beroept _(1,156)
belangrijk _(1,156)
meldde _(1,148)
ervaringen _(1,131)
wim _(1,90)
engelen _(1,156)
ging _(1,156)
59 jaar(1,137)
slecht _(1,91)
onze _(3,156)
40 45(1,155)
deel _(3,156)
visie _(1,156)
nederland _(3,156)
kandidaat _(1,135)
34 jaar(1,148)
angst _(1,140)
ns _(1,150)
z'n _(1,112)
rappard _(1,154)
500 _(1,156)
leven lang(1,156)
gast _(1,137)
liefde _(1,156)
paul _(1,155)
jonge _(1,156)
hendrik _(1,156)
eeuw geleden(1,156)
zondag 23(1,156)
iedereen _(1,147)
motie _(1,151)
hans _(1,144)
opleiding _(1,144)
nieuw _(1,156)
nieuwe haven(1,156)
premier _(1,129)
reglement _(1,155)
n.s.b _(1,50)
echte _(1,156)
gesprekken _(1,154)
ridder _(1,155)
vast _(1,155)
jonge mannen(1,144)
les _(1,156)
groningen _(1,156)
officier _(1,156)
viel _(1,156)
23 september(1,156)
gevaar _(1,156)
laten _(1,156)
gebreke _(1,156)
halve eeuw(1,156)
tijdens _(2,156)
economie _(1,142)
vorm _(1,156)
velde _(1,156)
buiten den(1,155)
komt _(1,156)
dertig jaar(1,151)
lidmaatschap _(1,156)
strijd _(1,156)
generaal _(1,156)
los _(1,156)
50 _(1,156)
nader onderzoek(1,156)
orde _(2,156)
tilburg _(1,156)
eerder _(1,105)
dag _(1,156)
winkel _(1,156)
vrije volk(1,106)
woord _(1,156)
eigenlijk _(1,156)
markt _(1,156)
buitenland _(1,153)
oranje nassau(1,156)
mensen _(1,114)
oude _(1,156)
gevraagd _(1,156)
ware _(1,156)
moord _(1,155)
weer _(1,153)
laat _(1,156)
tijd _(1,156)
internationale _(1,144)
utrecht _(1,156)
vrije _(1,156)
maakt _(1,156)
rol _(1,156)
grote _(1,86)
oranje _(1,156)
halve _(1,156)
wordt _(1,156)
jaar _(1,156)
ver _(1,156)
belangstelling _(1,156)
secretaris _(1,156)
den _(1,156)
tweede _(2,156)
eerste klasse(1,156)
nieuwe _(2,156)
binnen _(1,156)
lucht _(1,156)
afloop _(1,156)
leiding _(1,156)
tal _(1,156)
begin _(1,156)
komen _(1,156)
den haag(1,156)
laatste _(1,156)
