recessie _(43,41)
wall street(39,107)
herstel _(38,156)
economie _(30,142)
vs _(32,149)
goed _(43,156)
winst _(28,156)
1974 _(15,38)
geld _(21,156)
dollar _(17,140)
jaar _(36,156)
beleggen _(8,63)
economisch herstel(10,81)
jan bouwer(7,24)
japan _(14,155)
ed wisborg(6,14)
verwacht _(12,156)
west duitsland(11,57)
thv _(5,2)
miljoen werklozen(7,39)
ford _(8,79)
wim _(8,73)
werkloosheid blijft(6,47)
jan laan(6,56)
verlies _(15,156)
edo brandt(7,19)
werkloosheid _(13,109)
inflatie _(10,79)
geert _(6,87)
somber _(8,112)
miljard _(8,49)
amerikaanse economie(7,49)
minister lubbers(7,19)
geert jan(6,85)
den uyl(10,76)
74 _(6,115)
sparen _(7,155)
capaciteit _(5,99)
rob _(7,96)
_ _(478,156)
5,75 miljard(3,1)
groei _(10,156)
opleving _(7,100)
moeilijk jaar(5,88)
kort _(9,156)
amerika _(13,156)
olie _(9,156)
fors _(5,42)
moeilijkheden _(11,137)
minder olie(4,35)
telegraaf _(5,120)
crisis _(10,156)
lindeteves _(4,28)
street zeer(3,6)
klm _(6,59)
jan _(7,156)
ed _(5,151)
schmidt _(5,149)
miljoen _(8,97)
slecht _(8,156)
rob jager(3,9)
verhoging _(8,95)
economische _(11,138)
cees _(4,57)
rob warnderink(3,9)
street _(4,95)
jaar vermoedelijk(4,114)
gedaald _(6,155)
lagere _(5,152)
oeso verwacht(3,25)
minister duisenberg(4,10)
koersdalingen _(4,66)
blijft _(7,156)
industrielanden _(3,21)
rekent _(5,156)
warnderink vinke(3,29)
gelder _(7,156)
ontslag _(5,150)
produktie _(4,68)
auto industrie(3,39)
jaarverslag _(3,50)
hulp _(9,156)
korter werken(4,59)
rode cijfers(4,33)
economische groei(5,49)
chemie _(4,140)
zet _(4,108)
onze beursredacteur(4,33)
lager resultaat(3,34)
west _(6,155)
winstdaling _(3,28)
fors lagere(3,25)
derde kwartaal(5,156)
philips _(6,155)
maatregelen _(6,156)
rijke landen(4,75)
weg _(14,156)
1976 _(5,37)
ruud _(4,42)
oeso meent(2,2)
engeland _(11,156)
zeer fors(3,43)
vooroverleg _(2,3)
dividend _(6,155)
1975 _(5,53)
12 _(6,156)
duitsland _(7,85)
unie verwacht(2,4)
shell _(3,39)
enkes _(2,1)
hal _(5,156)
minder winst(3,95)
roet _(4,114)
coos verweij(2,4)
flauw gestemd(4,122)
wall _(4,93)
zette _(4,133)
nieuwe _(12,156)
cpn _(5,58)
dollars _(4,128)
wereldbank _(3,50)
kanttekeningen _(3,46)
coos _(2,8)
ford maakt(2,9)
bedrijven _(6,156)
vertrouwen _(8,156)
tv _(4,129)
ksh _(2,6)
v.s _(5,95)
aramco _(2,10)
15,1 miljard(2,14)
street zette(2,12)
scholten honig(3,20)
stijgen _(4,156)
begroting _(3,60)
vooral akzo(2,14)
ogem _(2,9)
scheepsbouw _(3,137)
hard _(5,156)
supertankers _(2,10)
hoop _(6,156)
regering _(11,156)
daalde _(4,137)
congres _(8,156)
ommeren _(5,156)
economische recessie(3,35)
beurs _(7,156)
bedrijfsleven _(6,91)
grote concerns(3,53)
unilever _(4,66)
japanse arbeiders(2,17)
imf _(2,15)
opec _(2,17)
gaat _(8,156)
goedkope dollar(2,9)
japanse scheepsbouw(2,15)
sombere situatie(2,21)
top _(6,156)
geheel 1974(2,5)
forse winstdaling(2,23)
street bleef(2,24)
gerard krul(2,12)
61 _(4,156)
nederland haalt(2,27)
licht herstel(3,83)
thv international(2,6)
hogere olieprijs(2,16)
rijnmond _(3,40)
bnp _(2,19)
oliecrisis _(3,26)
dalen _(3,133)
wal _(5,156)
serve overhof(2,20)
kritiek _(5,154)
uyl sprak(2,20)
kees _(4,110)
europa _(8,156)
unilever begon(2,18)
pessimisme _(3,120)
studentenstops _(2,9)
ingrijpen _(2,38)
enka _(2,26)
toekomst optimistisch(2,43)
tweede jaarhelft(2,23)
23 _(2,38)
agiobonus _(2,24)
bereikt _(4,156)
benelux duitsland(2,20)
spoedig herstel(3,154)
optimistisch _(3,91)
jaap metz(2,15)
vaak goedkoper(2,27)
amerikaans plan(2,34)
arme landen(3,63)
120 miljard(2,27)
resultaten blijven(2,47)
wereld _(9,156)
wild _(2,43)
goed hoger(2,25)
huidige recessie(2,19)
economisch _(4,121)
york _(2,52)
overeind _(3,124)
mevrouw peron(2,15)
bonn _(4,119)
rambouillet _(2,37)
werkt _(4,156)
lagere omzet(2,36)
peter _(4,154)
meldingsplicht _(2,31)
eten gooit(2,57)
koek _(4,156)
eerste halfjaar(4,156)
minder schepen(2,66)
belasting _(4,156)
spreiding rijksdiensten(2,19)
reclame _(3,115)
kabinet _(7,156)
siemens _(2,52)
olieproduktie _(2,35)
begin 1975(2,14)
steeds _(10,156)
textiel _(3,95)
40 _(4,156)
lubbers _(2,21)
boot _(3,150)
stacaravan _(2,27)
groeien _(3,117)
fors lager(2,28)
fusie _(3,103)
beperkte capaciteit(2,69)
beter _(6,156)
miljoen toeristen(2,39)
nederland _(5,156)
studeert _(2,56)
westduitse economie(2,39)
flink lager(2,40)
onder druk(4,102)
kreeg vorig(2,36)
waarschuwing _(3,156)
bevolking _(3,156)
trager _(2,82)
goed tussen(2,50)
cindu key(2,25)
boven _(5,156)
europese economie(2,48)
toekomst _(8,156)
crane nederland(2,14)
zit _(4,151)
nederland chemie(2,30)
handel _(4,156)
tussen hoop(2,48)
tekort _(5,156)
spreiding _(3,100)
moock _(2,87)
stoom _(2,76)
jaar miljoen(2,40)
concludeert _(2,77)
economische situatie(3,80)
verdere _(5,156)
hoge winst(2,41)
wijst _(3,118)
gelatine delft(2,14)
overzicht _(5,133)
werkgelegenheid _(4,86)
lage koers(2,69)
uitzonderlijk hoge(2,49)
retour _(2,65)
douglas _(2,81)
spectaculair _(2,46)
orders _(2,86)
komt _(5,156)
vs wordt(2,48)
ruim _(4,156)
werk _(5,156)
looptijd _(2,54)
informatie _(2,56)
amerika staat(2,94)
geeft moed(2,104)
arkel _(2,102)
wereldranglijst _(2,44)
halfjaar _(2,86)
duidelijke verbetering(2,66)
sprong vooruit(2,99)
cda _(2,21)
onze _(11,156)
krijgt _(3,126)
begon _(2,112)
eten _(4,156)
eindje _(2,100)
armste landen(2,30)
74 daf(2,12)
resultaten _(3,154)
bestuur blijft(2,122)
moeizaam _(2,77)
uiterst _(2,94)
hoopt _(3,155)
londen weer(2,103)
problemen _(5,101)
bleef vrij(2,126)
kok _(3,156)
moeilijk _(3,125)
dr witteveen(2,48)
frankrijk moeten(2,127)
flauw _(2,115)
jongeren _(2,58)
teruggang _(3,152)
fouten _(2,95)
blijven toenemen(2,122)
opslag _(2,94)
computer _(2,33)
klad _(2,98)
helft _(6,156)
lange termijn(3,103)
somberder _(2,112)
belgische _(2,100)
vad _(3,92)
76 _(2,115)
resultaat _(2,106)
sinds 1958(2,37)
situatie _(4,99)
economische malaise(2,52)
lagere winst(2,62)
huisvrouw _(2,115)
rokken _(2,115)
machinefabriek _(2,101)
haven _(2,126)
kalme _(2,114)
somber beeld(2,84)
redding _(2,126)
ged _(2,85)
gaan _(4,156)
verbetering _(6,156)
new york(5,155)
hogere koersen(2,51)
bp _(2,80)
faillissementen _(2,99)
groot _(7,156)
leren _(2,111)
1977 _(2,19)
noodlot _(2,110)
jaar misschien(2,115)
juist _(2,132)
strop _(2,98)
grens bereikt(2,111)
half miljoen(3,83)
zorgen _(4,156)
procent _(3,104)
ban _(2,130)
toenemen _(2,135)
westduitse _(3,49)
1980 _(3,71)
industrie _(3,156)
onaanvaardbaar _(2,68)
schuldig _(3,156)
bleef goed(2,137)
hausse _(2,99)
snelle _(2,113)
geld grof(1,1)
sylvio croes(1,1)
asm _(1,1)
zaterdagmiddagsluiting _(1,1)
regering gaat(2,84)
klaas _(2,142)
overheid _(2,108)
ballast nedam(2,27)
monopolies _(2,87)
hoeven trouwens(1,1)
ford waarschuwt(1,1)
ziet _(4,156)
hoger _(3,61)
10 procent(3,133)
vooral _(5,156)
zeventiger _(2,85)
toenemende werkloosheid(2,89)
ondernemers _(2,83)
brief _(4,156)
klap _(2,92)
vast gestemd(3,145)
britse _(2,76)
forse _(2,59)
blijven _(6,156)
jaap _(2,89)
lus _(2,123)
dure plicht(2,125)
snel _(2,94)
olieprijs _(2,36)
zeventiger jaren(2,87)
henk hoekstra(2,43)
shell nederland(2,49)
verdere toekomst(2,109)
bewoners _(2,147)
ontslagen _(2,144)
denkt _(3,156)
voorspeld _(2,136)
dieptepunt _(2,66)
oliesector buiten(1,2)
grote omzet(2,54)
frankrijk _(4,156)
communisme _(2,87)
personeel _(2,137)
krachtig _(2,148)
new _(2,128)
chamotte unie(2,48)
voorzitter landelijk(1,2)
goed gestemd(2,143)
houdt rekening(2,106)
plicht _(2,125)
zomer _(4,156)
partijbestuur _(3,104)
staan _(4,156)
weerstand _(2,136)
dr zijlstra(2,70)
pessimistisch _(2,121)
alleen _(7,156)
teken _(3,89)
hulten _(2,132)
lugt voorzitter(1,2)
vezels _(1,2)
beschouwd _(2,152)
psf offshore(1,2)
doktert _(1,3)
weer flink(2,113)
hoger personeel(2,48)
chemisch verdrag(1,2)
browne _(1,2)
gerard _(2,137)
april omhoog(1,3)
buigt _(2,135)
beurs kijkt(1,2)
uitkering _(2,59)
wending _(2,150)
overigens _(2,143)
eeg _(3,83)
scherpe winstdaling(1,3)
toeristisch jaar(1,3)
buitenlandse bureaus(1,1)
redelijk _(2,143)
optimisme _(2,108)
plassen _(2,127)
tuin _(2,134)
ford ziet(1,3)
vakbonden _(2,91)
pous _(2,41)
nieuwe economische(2,88)
limburgs dagblad(3,53)
economische vraagstukken(2,111)
vervolging _(2,153)
zicht _(3,128)
vervoersbonden nvv(1,3)
commissie meent(2,150)
investeringen _(2,48)
vrees _(4,156)
sterk gedaald(2,128)
zweden _(2,153)
vol gas(2,86)
goud _(2,149)
verwacht herstel(1,4)
achtergestelde _(1,4)
nieuw voorstel(2,156)
beter resultaat(2,136)
bouw _(5,156)
hoogovens _(2,113)
1945 _(2,52)
nieuwe toekomst(2,134)
winsten _(2,124)
record _(2,103)
westerse wereld(2,52)
rolinco _(1,4)
werklozen _(2,58)
esso nederland(2,44)
toeristen _(2,94)
ver vooruit(2,148)
slechte _(2,139)
nkv _(1,4)
ford verwacht(1,5)
ministers vos(1,5)
vast _(3,156)
schip keren(1,6)
vandaag _(3,112)
haast _(2,143)
ford tijdens(1,2)
kalme handel(2,89)
dreigt _(2,146)
nieuws _(3,156)
autobedrijven _(1,6)
draait _(2,89)
antillen _(3,142)
zoek _(4,122)
impuls _(1,7)
vulcaansoord _(1,6)
3,7 _(1,6)
nationaal inkomen(2,93)
olieprijs wordt(1,6)
kleiner tekort(1,7)
ruim miljoen(2,55)
btw _(2,29)
verdere internationalisering(1,7)
landen _(3,156)
recessie voorbij(1,6)
800.000 nederlanders(1,7)
redelijk goed(2,155)
lagere omzetten(1,10)
klein krijgt(1,9)
onzekerheid _(2,141)
werkelijk progressieve(1,5)
omzet _(3,156)
louis _(2,148)
onze correspondent(4,156)
sterke man(2,115)
japanse _(3,86)
pierson _(1,10)
bevorderd _(2,155)
laag _(3,156)
praat _(2,118)
12 procent(2,100)
matiging _(1,9)
duitsland trekt(1,12)
werknemers kwijt(1,8)
gevaarlijker _(2,153)
eigen vermogen(2,139)
weer _(6,156)
omlaag _(1,11)
grote _(7,98)
verloren gevecht(1,11)
kleine _(4,156)
50 miljoen(2,64)
winst per(2,130)
1974 vrij(1,5)
kemenade _(2,123)
nodig geld(1,10)
produktie daalde(1,9)
zware dreun(1,12)
vrije volk(3,106)
heus _(2,62)
aangediend _(1,12)
maastrichtse machinefabriek(1,5)
limburg _(2,156)
uyl weet(1,10)
duurder _(2,134)
kedichem _(1,9)
enigszins _(2,94)
duitse fiscus(1,12)
bruynzeel _(1,10)
nvv _(1,11)
rechtse _(1,14)
nationaal _(2,152)
werkelijk _(3,156)
nader inzien(2,154)
takeo fukuda(1,10)
mogelijk _(4,156)
kant _(2,120)
planmatige voorbereiding(1,8)
regeringsbeleid wordt(1,16)
vindt _(2,154)
reacties _(2,78)
dobberen _(1,16)
lange _(5,156)
gerrit hepkema(1,11)
kapitalistische chaos(1,11)
slechter _(2,150)
minder _(6,156)
dupe _(2,141)
eisen _(2,86)
voordat _(2,131)
schietboom _(1,14)
bata best(1,11)
inzinking _(1,14)
oppositie eist(1,9)
man ontslaan(1,14)
ihc _(1,11)
giscard _(1,8)
begrip _(2,115)
slechte tijden(2,134)
goed voorbeeld(2,155)
ruimte _(3,156)
betalingsbalans _(2,94)
kapitalistische _(1,16)
jaar zeer(2,156)
bouwer bonn(1,8)
papierfabriek roermond(1,14)
ir klijnstra(1,6)
toe _(3,156)
kerncentrales _(1,13)
rollen _(2,137)
halen _(2,150)
25ste congres(1,12)
aanwijzingen _(2,132)
zegt grote(1,20)
tankers _(1,18)
economie komt(1,20)
goedkoper _(2,62)
18,4 procent(1,18)
serve _(1,10)
grote moeilijkheden(2,62)
per rolstoel(1,17)
heffing _(2,153)
bonden _(2,155)
ford geeft(1,14)
stoel _(2,113)
verweer _(2,102)
amerika tussen(1,11)
math weijers(1,7)
suralco _(1,11)
wielen _(2,150)
wonden _(2,156)
beursweek _(1,15)
000 werknemers(1,18)
herman kahn(1,11)
cor lommers(1,9)
david rockefeller(1,16)
billiton _(1,15)
jaren _(4,156)
wim kremer(1,15)
fme _(1,19)
sociaal zwakken(1,21)
overschot _(3,156)
verbruik _(1,15)
limburgs _(1,28)
16,5 _(1,21)
boekingen _(1,23)
plan _(4,156)
drastisch _(1,21)
uyl ziet(1,17)
reactie _(2,111)
munteenheden _(1,19)
bruynzeel zaandam(1,14)
vertwijfeling _(1,22)
groeiende onvrede(1,17)
minder toeristen(1,21)
cao _(1,22)
felle botsing(1,27)
slechte economie(1,14)
verdiend _(1,28)
economische verwachtingen(1,24)
overleg _(2,152)
franse _(2,90)
hoesch _(1,14)
tijdens bezoek(1,28)
mensen _(2,64)
jaar omzet(1,24)
louis harris(1,13)
racisme _(1,16)
sprak _(2,156)
gezondheid _(2,156)
philips computer(1,16)
toom _(2,156)
thijn _(2,95)
standpunten uiteen(1,30)
lagere groei(1,18)
liter minder(1,25)
amsterdamse effectenbeurs(2,52)
charters _(1,19)
verteld _(1,32)
rotterdam _(4,156)
regeringsverklaring waarin(1,23)
dank _(4,156)
zes antilliaanse(1,17)
begin _(2,95)
rente _(3,156)
kapitaal _(3,156)
economie verder(1,24)
redenen _(2,156)
profiteert _(2,121)
dal heen(1,22)
eisen werk(1,15)
regeringen _(1,29)
bank ziet(1,32)
limburgse arbeidsmarkt(1,17)
directie noemt(1,27)
zakken _(2,156)
dagelijkse belangen(1,20)
ruim 10(2,156)
regering wilson(1,9)
gekocht _(2,156)
interesse _(2,89)
best _(2,154)
morgen _(3,156)
hoogste inkomen(1,29)
remmen _(2,118)
romijn _(1,13)
scheppen _(1,37)
1976 weer(1,12)
korter gaan(1,21)
estel hoogovens(1,10)
177 miljoen(1,28)
nodig _(2,68)
29 _(3,156)
verliesgevend _(1,31)
tussen negers(1,21)
schuldige _(2,156)
lagere nettowinst(1,26)
samen _(2,125)
koerst _(1,30)
british enkalon(1,17)
leonid brezjnef(1,17)
oliewapen _(1,10)
wal gaat(1,37)
academy awards(1,26)
hoofdredacteur _(2,150)
miljoen mensen(2,43)
poging _(3,156)
krijgt 50(1,33)
daden _(2,156)
aluminium industrie(1,21)
peil ligt(1,39)
indira ghandi(1,23)
amro _(1,17)
echt nieuws(1,24)
gedeeltelijk geslaagd(1,36)
strijd _(5,156)
boekjaar 1974(1,3)
nederland wijst(1,36)
stopzetten _(1,37)
eerste zes(2,156)
bureaus _(1,40)
toename _(1,40)
vietnam cambodja(1,23)
weliswaar _(2,108)
kruisinga _(1,20)
kvp _(1,23)
forse verlaging(1,23)
ferry knemeijer(1,14)
britse centrale(1,20)
crisisverschijnselen _(1,29)
lager wall(1,23)
teveel _(1,40)
economische ontwikkeling(2,115)
diana _(1,44)
sprake _(2,156)
jacht _(2,122)
eeg landen(1,26)
eerst _(5,156)
ruwe olie(2,122)
gevoelige knauw(1,46)
extra heffingen(1,38)
betekenen _(2,63)
week _(5,156)
220 man(1,42)
anwb _(1,36)
derde wereld(2,43)
denken _(4,156)
inleidingen _(1,47)
toerisme _(2,100)
geweldige tijd(1,32)
cao onderhandelingen(1,19)
klap krijgen(1,47)
groter tekort(1,40)
liquidatie _(2,155)
weer winstgevend(1,32)
werkloosheid bestrijden(1,30)
alle sprookjes(1,41)
groeit onder(1,45)
gedaan _(4,156)
warme winter(1,37)
mede _(2,155)
groter verlies(1,37)
westduitse spd(1,22)
succes _(2,145)
stap _(1,41)
storend _(1,53)
vergaderde _(1,52)
minimumlonen _(1,28)
stijgende loonkosten(1,27)
minder optimistische(1,43)
verdere spreiding(1,33)
structureel probleem(1,30)
progressieve regering(1,23)
inspirerende _(1,30)
europese commissie(2,49)
drs brouwers(1,18)
krijgt hulp(1,33)
vooral kwalijk(1,45)
economie gaat(1,33)
misbruik _(1,47)
vraagt _(2,156)
vierkante _(1,54)
maatregelen vooral(1,57)
illegale vreemdelingen(1,18)
dsm _(1,26)
verder _(4,156)
nader _(2,156)
keer _(2,143)
amerikaanse kerken(1,43)
herstellen _(2,156)
kranten zullen(1,57)
fabrieken _(2,156)
geding _(1,46)
zaad _(2,156)
termijn nodig(1,40)
sterk _(2,100)
snelst _(1,48)
korte looptijd(1,39)
oppositieleider _(1,26)
ziet voorlopig(1,33)
groep _(3,155)
groenevelt _(1,28)
nao _(1,43)
knelpunt _(1,36)
tulip hotels(1,22)
olie daalde(1,34)
exxon _(1,23)
loop _(4,156)
olierijke _(1,37)
volgens ramingen(1,47)
ford biedt(1,22)
425 miljoen(1,35)
internationale bedrijfsleven(1,40)
drs bogers(1,20)
v.d louw(1,34)
opdracht uitgevoerd(1,54)
hele westerse(1,41)
franse kalimijnen(1,23)
luchthaven _(1,33)
monetaire conferentie(1,21)
1974 per(1,13)
merkte _(1,65)
maasstad _(1,52)
volksvijand nummer(1,41)
hard getroffen(1,41)
gelaten _(2,156)
ir stikker(1,18)
aow _(1,37)
bres _(2,156)
beurs gaat(1,51)
produktielanden _(1,28)
kijkt _(1,64)
gulden _(2,156)
toestemming _(2,133)
langzaam _(1,65)
piet heil(1,30)
rentabiliteit _(1,47)
bestrijding _(3,156)
weinig speelruimte(1,40)
sluiting bedreigd(1,31)
lonen _(1,45)
effect _(2,156)
eerst sinds(2,135)
diep wantrouwen(1,60)
miljoen subsidie(1,31)
olie weer(1,46)
gedeeltelijk _(1,66)
chemische concerns(1,33)
gevaar _(3,156)
duizenden betogers(1,40)
massaal ontslag(1,39)
marionet _(1,56)
luchtvaart _(2,122)
weinig echt(1,53)
scherp gedaald(1,54)
overgeslagen _(1,64)
werknemers _(1,35)
bonus _(1,42)
hiddes galema(1,13)
oeso _(1,29)
eerdere uitspraken(1,26)
beduidend _(1,58)
bert stoop(1,24)
planbureau _(1,44)
week steeds(1,66)
motieven _(1,68)
makkelijk _(1,61)
ierland _(1,73)
nieuw fonds(1,66)
boekte vorig(1,27)
duivel _(2,156)
marijke _(1,42)
425 _(1,72)
ontreddering _(1,64)
fors hoger(1,30)
minister simon(1,23)
steek _(2,142)
redelijk optimistisch(1,29)
maand begonnen(1,73)
europese staalindustrie(1,29)
nederlanders staan(1,65)
non actief(1,66)
tijd _(3,156)
wereld vandaag(1,36)
werkloosheid terug(1,33)
pvda _(3,50)
bezinning _(1,50)
vooruitzichten _(2,127)
britse film(1,45)
rood goud(1,53)
vrachtwagens _(1,64)
volle _(2,140)
friese bedrijfsleven(1,46)
onafhankelijkheid _(1,77)
lichte opleving(1,52)
24 _(2,156)
r.k kerk(1,65)
nederlandse les(1,31)
louis velleman(1,33)
street sloot(1,32)
nieuwe inflatie(1,32)
tevreden _(2,156)
net _(2,140)
gunstig _(2,156)
miljoenennota _(1,36)
mark _(2,156)
voelbaar _(1,73)
slechte cijfers(1,58)
defensie _(2,152)
totaal verrast(1,64)
derde _(5,156)
ijsbrand hiddes(1,9)
laatste stuiptrekking(1,81)
prijsverhogingen _(1,43)
can _(1,59)
t.v _(1,35)
1974 1975(1,18)
burgers _(2,156)
alle projecten(1,45)
doorgelicht _(1,44)
1976 zeer(1,20)
forceren _(1,47)
eventjes _(1,79)
voorzitter raad(1,57)
weinig positieve(1,73)
vijfde divisie(1,48)
colijn _(1,34)
positieve berichten(1,63)
verschuivingen _(1,58)
losgekoppeld _(1,32)
grijpt _(1,80)
zeer sombere(1,76)
sprookjes _(1,83)
directie _(1,80)
amerikaanse handelsbalans(1,29)
1,7 _(1,43)
oplossing _(1,82)
gunst _(2,156)
ko _(1,75)
188 _(1,85)
hoge inflatie(1,22)
scherp conflict(1,70)
costa gomes(1,15)
derde conferentie(1,65)
nvv nkv(1,16)
goed verwerkt(1,71)
onzekerheden _(1,72)
valt terug(1,78)
amsterdamse _(3,120)
franse economie(1,46)
haag maakt(1,70)
mooi _(1,66)
ontwikkelingen _(1,31)
zakt _(1,77)
interview _(1,72)
roer _(2,156)
ongewenste _(1,52)
rijkste land(1,79)
bernhard _(1,42)
snelle expansie(1,49)
aow aww(1,34)
belastingverlaging _(1,53)
miljoen verlies(1,34)
voorlopig weinig(1,48)
steun _(2,156)
krijgen _(2,155)
know how(1,37)
gaan net(1,84)
snel groeien(1,82)
klijnstra _(1,82)
mr gerrit(1,70)
britse kranten(1,47)
eind _(2,123)
voorkomen _(1,84)
zeer slecht(2,156)
groeiende werkloosheid(1,43)
18 miljard(1,39)
brengt alle(1,98)
afbrokkelende koersen(1,65)
erg somber(1,69)
vrije _(3,156)
laurens ten(1,26)
opnieuw uitgesteld(1,80)
moreel _(1,76)
ongewenste vreemdeling(1,47)
ondernemers moeten(1,78)
hele _(4,95)
europese kernmacht(1,25)
fiscus _(1,81)
3,6 procent(1,37)
toekomstmuziek _(1,84)
wee _(2,156)
vergrote kapitaal(1,36)
gas _(1,60)
dr rutten(1,59)
tweede _(8,156)
grote verschuivingen(1,49)
staatssecretaris meijer(1,7)
werkloosheid neemt(1,59)
erg positief(1,34)
pers gaat(1,86)
winkel _(2,156)
president peron(1,20)
arbeiders _(2,156)
belachelijk laag(1,83)
toekomst vooral(1,97)
broeders hoeder(1,97)
renault _(1,50)
achtergestelde lening(1,21)
3,7 procent(1,43)
spanje _(2,156)
auto steeds(1,63)
duisenberg _(1,21)
damrak _(1,95)
staat _(4,156)
grootste onderneming(1,71)
aarzelen _(1,103)
geluiden _(1,50)
beperkende _(1,98)
actie _(3,155)
n.o _(1,71)
cel _(1,85)
hogere uitkering(1,52)
antwoord weet(1,91)
middelgrote ondernemingen(1,42)
streep gezet(1,72)
rekening _(2,156)
blokkades _(1,23)
naderende _(1,104)
subsidie _(2,155)
geschrokken _(1,70)
vs zullen(1,45)
negatief _(1,86)
leerde _(1,98)
kamer _(6,156)
beleg _(2,156)
afwentelen _(1,81)
ondernemingen _(1,89)
toestaan _(1,101)
snel herstel(1,73)
hele wereld(2,65)
oeroude _(1,75)
lenen _(1,57)
blijft groot(1,114)
honderden _(1,89)
bont _(1,101)
biecht _(1,90)
basis _(2,140)
54 miljoen(1,41)
rentedaling _(1,34)
aanbod _(3,156)
spanje weer(1,93)
7,5 _(1,47)
leugens _(1,84)
ontslagen werknemers(1,41)
remt _(1,70)
negatief effect(1,32)
sinkel _(1,61)
belgische markt(1,75)
ziekteverzuim _(1,29)
weinig _(3,156)
rapport _(1,113)
3e _(1,93)
overeind blijven(1,55)
goed gehad(1,99)
komend najaar(1,45)
biedt zeer(1,79)
optimistische geluiden(1,55)
oirsbeek _(1,51)
sluitende exploitatie(1,68)
collectieve lasten(1,22)
weer verhoogd(1,86)
werkt weer(1,90)
bezegeling _(1,104)
verkopen _(1,49)
immigratie _(1,102)
zware olie(1,72)
luide bijval(1,91)
haagse _(1,51)
klanten _(1,82)
telegraaf amsterdam(1,40)
stempel drukt(1,95)
29 miljoen(1,42)
grondstoffenprijzen _(1,61)
financieel _(2,156)
ned antillen(1,43)
zuid _(2,156)
land _(5,156)
casino _(1,90)
salon _(1,109)
hoeven _(2,156)
utrecht _(1,108)
regering neemt(1,85)
amsterdam nederland(1,88)
vaak _(2,156)
slecht resultaat(1,87)
opmerkelijk goed(1,81)
spd _(1,47)
president directeur(1,92)
hoorde _(1,106)
net maken(1,107)
hoger dividend(1,47)
gaat omhoog(1,79)
koel ontvangen(1,125)
injectie _(1,75)
winststijging _(1,39)
800 000(1,113)
aftreden _(2,156)
bijna half(1,111)
miljoen passagiers(1,40)
buitenlandse kapitaal(1,58)
cosmetica _(1,42)
gaat achteruit(1,113)
nauwelijks merkbaar(1,107)
hoekstra _(1,123)
economisch onderzoek(1,71)
merkt _(1,109)
laatste stap(1,96)
kwartaal _(1,112)
groot wantrouwen(1,115)
8,5 miljoen(1,40)
friesch groningsche(1,84)
eert _(1,105)
staalindustrie _(1,77)
tendens _(1,66)
banda abao(1,35)
commissie _(2,156)
nieuwe jaar(2,156)
opnieuw terug(1,101)
economische inzinking(1,66)
grote belangstelling(2,69)
regering denkt(1,74)
beurzen _(1,41)
kiezers _(1,117)
werken _(3,156)
mannheim _(1,103)
wiegel _(1,43)
eind 1974(1,18)
paul _(2,155)
koersen _(1,125)
sprong _(1,118)
enci _(1,57)
reorganisatie _(1,107)
25 _(1,127)
enorme klap(1,50)
wonder _(2,156)
neemt snel(1,103)
zaken _(4,156)
usa _(1,47)
hard toe(1,75)
exclusief interview(1,57)
commentaar _(1,85)
trouwens alleen(1,116)
samenwerking _(2,126)
gehele _(1,56)
redt _(1,90)
brood _(1,125)
su _(1,115)
volgend jaar(3,156)
grote landen(1,60)
plannen _(2,154)
mikt _(1,44)
jaar weer(2,136)
sprankje hoop(1,86)
grote leider(1,58)
israel _(1,38)
economische toekomst(1,88)
25ste _(1,127)
eiland _(1,141)
josef strauss(1,50)
krijgt twee(1,100)
adempauze _(1,66)
huidige samenleving(1,87)
amerikaanse _(4,102)
blijft stijgen(1,83)
harde les(1,126)
sociale _(1,86)
weinig verbetering(1,135)
gaat optreden(1,90)
keren _(2,125)
800.000 gulden(1,68)
nieuwe staatslening(1,51)
key _(1,81)
achter _(4,156)
monetaire stelsel(1,48)
brouwers _(1,120)
consumenten _(1,92)
heel stel(1,90)
daarvan _(2,156)
gouden roos(1,80)
rond 25(1,79)
verontrusting _(1,58)
onbegrijpelijk _(1,132)
puree _(1,69)
onder invloed(2,138)
rijksdiensten _(1,45)
duitse auto(1,49)
aangericht _(1,115)
waar _(5,156)
fabrikanten _(1,114)
welvaart _(1,152)
bonen _(1,65)
landen willen(1,88)
niveau _(2,119)
goed vol(1,112)
opgelicht _(1,112)
45 _(1,97)
vakorganisaties _(1,89)
feiten spreken(1,140)
hou _(1,97)
zeer positieve(1,88)
feite alleen(1,56)
deli atjeh(1,46)
angst _(2,153)
maanden cel(1,37)
bureaucratie _(1,107)
aandelen _(1,49)
internationaal monetair(1,58)
onderzoek _(4,156)
overvloed _(1,145)
parlementaire jaar(1,91)
barometer _(1,81)
postzegel _(1,109)
groter verband(1,56)
snel voorbij(1,115)
geziene gast(1,93)
bernard _(1,114)
brug komen(1,105)
gemeenteraadslid _(1,106)
gunstig beeld(1,90)
monetair fonds(1,53)
doek _(1,115)
argentijnse regering(1,56)
zaak _(1,130)
elseviers magazine(1,27)
rekenen _(2,156)
ontwikkelingen rond(1,42)
blijft even(1,148)
bijzonder hard(1,106)
aangehouden _(1,120)
gaan per(1,108)
uitspraken _(1,117)
franz _(1,105)
macht _(3,135)
beschuldigd _(2,156)
redelijke _(1,120)
consumptie _(1,115)
militaire raad(1,72)
raken _(1,106)
695 _(1,42)
steeds langer(1,102)
personeelsleden _(1,47)
waarheid _(3,156)
onvrede _(1,45)
wordt aangepast(1,75)
bezit wordt(1,143)
jean jacques(1,144)
wisselden elkaar(1,105)
opnieuw _(1,105)
regering doet(1,86)
oplopen _(1,55)
domper _(1,94)
omhoog _(1,102)
zit vast(1,114)
elke nederlander(1,80)
sparren _(1,143)
nieuwe rol(1,113)
praten _(2,137)
verlenging _(2,156)
bouwer _(1,113)
blijft achter(1,107)
handelsbalans _(1,93)
treedt _(1,141)
somber gestemd(1,110)
the union(1,111)
economische orde(1,76)
sluitende begroting(1,60)
nationale investeringsbank(1,34)
rsv _(1,22)
britse pers(1,60)
dreiging _(1,89)
groter _(1,60)
werkt hard(1,97)
1958 _(1,43)
valuta _(1,79)
berichtgeving _(1,81)
economische bedrijvigheid(1,75)
anderhalf miljard(1,42)
bittere armoede(1,118)
mr maas(1,107)
gaat verdwijnen(1,91)
gevarenzone _(1,54)
laatste _(4,156)
rode _(2,140)
tegenstand _(1,118)
grote interesse(1,53)
voorstel _(1,142)
geleden _(2,156)
grote schoonmaak(1,58)
aandelenkoersen _(1,47)
beraadt _(1,58)
belangrijk element(1,91)
den _(3,156)
arbeidsplaatsen _(1,31)
verhagen _(1,124)
middenstand _(1,96)
conjunctuur _(1,78)
bijna verdubbeld(1,138)
volvo _(1,36)
naderbij _(1,138)
huidige ontwikkeling(1,82)
belangstelling _(3,156)
doef _(1,32)
omzetten _(1,109)
harde klappen(1,91)
initiatieven _(1,64)
extra uitgaven(1,107)
onrust _(1,127)
7,5 procent(1,42)
welzijnswerk _(1,26)
economische opleving(1,71)
technische mogelijkheden(1,74)
zitting _(1,148)
vijf miljard(1,40)
illegaal _(1,58)
misleiding _(1,143)
zwart rood(1,107)
politieke ontwikkelingen(1,64)
bert _(1,72)
gouden tijd(1,118)
gelder papier(1,44)
man moeten(1,144)
nieuwe golf(1,76)
vorig jaar(4,156)
maakte plaats(1,128)
tering _(1,133)
geweld _(2,156)
eerste aanzet(1,39)
steeds duurder(1,107)
musea _(1,108)
uitgesloten _(2,154)
positief _(1,108)
opmars _(1,52)
zijlstra _(1,129)
genezen _(1,140)
elseviers weekblad(1,47)
grof geld(1,125)
conflict _(1,87)
steeds achter(1,116)
alle kwaad(1,141)
40.000 _(1,100)
uitdaging _(1,80)
zeer vast(2,155)
inderdaad wordt(1,130)
procent gedaald(1,70)
kaas _(1,147)
gaan samen(1,106)
biedt _(1,122)
sluiting _(1,127)
italianen _(2,153)
hoofd bieden(1,146)
3e plaats(1,98)
koersontwikkeling _(1,69)
grootste vijand(1,135)
wijze mannen(1,102)
onze welvaart(1,144)
president gekozen(1,151)
roe _(1,144)
aktie _(1,71)
madagascar _(1,115)
bezuiniging _(1,135)
lijst _(1,98)
uitgeput _(1,146)
fiat _(1,76)
baas _(2,156)
nationaal grondbezit(1,85)
beduidend lager(1,116)
terugslag _(1,113)
energie _(1,123)
100 min(1,81)
franz josef(1,95)
zout _(1,155)
4,5 miljoen(1,40)
verwachten _(3,156)
rol _(1,100)
contracten _(1,144)
vijftig miljoen(1,41)
stond weer(1,113)
verzet _(2,156)
woning _(2,156)
bundesbank _(1,39)
belofte _(1,151)
zwarte bevolking(1,114)
vi _(1,149)
terug _(4,156)
ervaring _(1,138)
aantal personeelsleden(1,49)
voorzieningen _(1,89)
aanzet _(1,90)
cor _(1,86)
president ford(1,15)
non _(1,149)
wordt geboren(1,140)
vruchten _(1,124)
trok _(1,145)
reddeloos verloren(1,149)
zuid vietnam(1,39)
ramingen _(1,141)
amsterdamse haven(1,57)
helmut schmidt(1,32)
eerste mei(1,104)
diamanten _(1,146)
opzeggen _(1,139)
beleid _(1,115)
vrije pers(1,116)
nieuwe type(1,102)
oosten _(1,150)
venezuela _(1,132)
vrijwel uitgesloten(1,92)
gegadigden _(1,148)
moeilijke _(2,129)
economische maatregelen(1,91)
onze steden(1,154)
ergste _(1,146)
discriminatie _(1,63)
universiteiten _(1,132)
bondskanselier helmut(1,22)
vaag _(1,121)
nieuw element(1,135)
wordt aangepakt(1,103)
honderdduizenden _(1,123)
dieper _(1,138)
loon _(2,156)
synthetische _(1,81)
jaar verwacht(1,116)
bijdrage _(2,155)
stand _(1,155)
concentreerde _(1,109)
speyk _(1,145)
ihc holland(1,33)
munten _(1,152)
zelfde _(1,143)
hudson _(1,125)
landen moeten(1,115)
middelgrote _(1,56)
vallen _(1,137)
per aandeel(2,156)
kaak gesteld(1,139)
nationaal produkt(1,41)
twintig man(1,142)
halve kracht(1,127)
nam afscheid(1,139)
eenheid _(1,129)
symbool _(1,97)
aruba _(1,82)
inzien _(1,156)
groot aanbod(1,114)
volle capaciteit(1,94)
huidige economische(1,82)
prijzen _(2,156)
alle sectoren(1,69)
wijzen _(3,156)
langer _(1,155)
armoede _(1,155)
gedraagt _(1,152)
lager peil(1,116)
antwoord _(2,156)
mineur _(1,111)
samenleving _(1,107)
klein geld(1,140)
gisteren begonnen(1,150)
japanse regering(1,62)
onderhandelingen _(1,149)
roosendaal _(1,90)
helmut kohl(1,25)
vooral gericht(1,106)
erg mee(1,105)
dialoog _(1,67)
kabinet den(1,129)
jan brouwer(1,142)
negers _(1,154)
uyl _(1,36)
stonden onder(1,148)
directeur generaal(1,151)
45 procent(1,84)
fris _(1,91)
sterkste _(1,135)
verlichting _(1,120)
activiteiten _(1,48)
snel toe(1,143)
keus _(1,153)
golden tulip(1,26)
nederland gaat(1,123)
overname _(1,152)
erg _(2,147)
sociaal democraten(1,113)
spaanse regering(1,62)
nederlandse economie(1,52)
ruimte genoeg(1,149)
slaat _(1,156)
terecht _(1,121)
navo _(1,44)
toezeggingen _(1,143)
800 _(1,155)
juli _(2,140)
tegenwerking _(1,154)
boersma _(1,118)
begonnen _(2,156)
stuit _(1,140)
voorrang _(1,110)
marcus bakker(1,50)
onder luide(1,155)
gisteren _(3,156)
ontwikkeling _(1,147)
huidige crisis(1,94)
politieke strijd(1,118)
piet _(1,112)
woord _(2,156)
naam wordt(1,152)
economische moeilijkheden(1,80)
einde _(3,156)
uitgaan _(1,148)
partij _(1,155)
zes keer(1,96)
lijnrecht tegenover(1,126)
waarom _(1,141)
opgaan _(1,133)
legde _(1,139)
koning _(1,155)
grouw _(1,75)
juni _(2,141)
woningbouw _(1,90)
weet _(2,156)
exclusief _(1,76)
leven _(3,156)
verrassing _(1,107)
kwalijk genomen(1,148)
geringe _(1,155)
stap terug(1,126)
onze economie(1,68)
uniek _(1,79)
rooskleurig _(1,119)
handhaafde _(1,110)
adviseurs _(1,108)
spiegel _(1,99)
internationale toestand(1,85)
duitse regering(1,64)
drukt _(1,154)
buitenlandse _(1,101)
pompen _(1,156)
stempel _(1,121)
maas _(1,156)
past _(1,133)
joden _(1,153)
instituut _(1,150)
nieuwe aandelen(1,54)
wordt aangehouden(1,149)
twee maten(1,142)
felle kritiek(1,80)
moeten _(3,156)
ijver _(1,155)
goedkoop _(1,69)
krijt _(1,132)
meestal _(1,132)
huidige _(3,156)
state _(1,144)
volk _(1,153)
vooraan _(1,156)
gaan geven(1,134)
sociale lasten(1,75)
beloofde land(1,148)
collectieve _(1,97)
sociaal economische(1,82)
goederen _(1,155)
tien _(2,156)
bondskanselier _(1,76)
procent hoger(1,54)
passagiers _(1,156)
miljoenen _(1,51)
meppel _(1,107)
tweede fase(1,75)
minister mr(1,110)
gewone mensen(1,61)
gestemd _(1,152)
verlaging _(2,156)
kijk _(1,97)
komend jaar(1,96)
meren _(1,147)
moeilijke tijd(1,101)
zeer _(5,156)
kwart miljoen(1,52)
dichten _(1,145)
genoeg _(2,156)
gasten _(1,134)
aantal vragen(1,137)
botsing tussen(1,62)
partijen _(2,156)
aanwezig _(1,130)
schieten _(1,152)
procent gestegen(1,87)
lekker _(1,64)
verder terug(1,138)
eerste _(9,156)
gewaarborgd _(1,155)
vrede _(2,156)
sterk onder(1,139)
knel _(1,114)
gezamenlijk _(1,156)
suriname _(1,156)
liep _(1,156)
kleine winst(1,134)
zware druk(1,107)
jaar achter(1,119)
bevredigend resultaat(1,144)
blij _(1,120)
centraal _(1,79)
kwijt _(1,119)
wennen _(1,105)
secretaris generaal(1,155)
dik _(1,137)
caribisch gebied(1,40)
fel _(1,110)
treft _(1,153)
sterke _(2,156)
procent minder(1,97)
miljard mark(1,55)
offers _(1,154)
onderneming _(2,156)
ns _(1,156)
bolsward _(1,105)
honderden mensen(1,61)
kramer _(1,153)
hogere _(1,63)
lang wachten(1,156)
arbeid _(2,156)
aanvraag _(1,153)
belegd _(1,153)
regeringsverklaring _(1,80)
vrij gunstig(1,154)
volgend _(1,124)
redden _(1,154)
betere resultaten(1,147)
bakker _(1,155)
democratie _(1,105)
slechts kleine(1,156)
or _(1,155)
bremen _(1,156)
zeep _(1,108)
ontevreden _(1,132)
gebeurtenissen _(2,156)
dringen _(2,156)
denemarken _(1,151)
gast _(1,139)
evangelische kerk(1,154)
25 jarig(1,145)
meijer _(1,155)
verkeren _(1,63)
gelijk _(1,154)
anders _(1,156)
ruim zes(1,156)
let vooral(1,123)
nieuwe uitgaven(1,151)
financieel beleid(1,129)
westerse landen(1,56)
bescherming _(2,156)
vermoedelijk _(1,155)
mee _(1,133)
fractie _(1,133)
per man(1,148)
frankfort _(1,154)
gezag _(1,156)
voorzitter _(2,156)
waterland _(1,155)
stee _(1,45)
rotterdamse haven(1,60)
lange duur(1,144)
opgewekte stemming(1,136)
grotere _(1,62)
flink _(1,130)
gehad _(1,155)
doet _(1,156)
parijs _(2,156)
vreemdelingen _(1,155)
vanaf morgen(1,96)
wordt eerst(1,156)
verband tussen(1,69)
elkaar _(1,118)
b.v _(1,120)
goed wordt(1,154)
socialisme _(1,130)
gered _(1,156)
echte _(1,119)
actief _(1,105)
eind maart(1,91)
ruim vijf(1,156)
wordt begonnen(1,126)
dertig procent(1,100)
onder zware(1,150)
stagnatie _(1,139)
discussie _(1,156)
vvd _(1,48)
per _(1,134)
hans _(1,110)
militaire _(1,156)
stellingen _(1,156)
negatieve _(1,135)
grinten _(1,131)
maanden _(2,156)
gevolgen _(3,156)
confrontatie _(1,105)
dr _(2,156)
vat _(1,156)
prof dr(1,118)
gewone man(1,95)
gezet _(1,147)
onderwijs _(1,156)
auto _(1,91)
70 _(1,156)
zes maanden(2,156)
weer normaal(1,106)
180 _(1,156)
internationale politiek(1,114)
zone _(1,101)
rotterdam 10(1,155)
70 procent(1,97)
praktijk _(2,156)
goede kansen(1,130)
daarbij _(1,156)
gouden _(1,155)
terrein _(1,152)
ongerust _(1,156)
nek _(1,120)
anderhalf _(1,156)
doorslag _(1,112)
deel _(1,155)
nederlander _(1,156)
loopt _(1,153)
politieke _(1,150)
stelsel _(1,155)
streep _(1,142)
extra _(1,155)
geld lenen(1,52)
kampen _(1,155)
laatste kans(1,118)
erg moeilijk(1,103)
bevordering _(2,156)
wisseling _(1,156)
spek _(1,156)
sociale dienst(1,59)
houding ten(1,149)
verband _(1,156)
herstelde _(1,156)
schip _(3,156)
zwaar getroffen(1,145)
tekenen _(1,73)
kostprijs _(1,113)
geboren _(1,156)
huwelijk _(2,156)
geduld _(1,156)
schouders _(1,126)
cijfers _(1,151)
rai _(1,96)
verbruikers _(1,156)
obligatiemarkt _(1,81)
kleine man(1,138)
verloren _(1,154)
crm _(1,29)
nauwelijks _(1,108)
verkiezingen _(2,156)
ser _(1,139)
west europa(1,109)
analyse _(1,144)
rijk _(1,155)
wordt bedreigd(1,156)
midden oosten(1,72)
sociaal _(1,123)
deden _(1,156)
lift _(1,114)
volgende keer(1,135)
vraag _(2,156)
verrast _(1,156)
eigen schuld(1,156)
ter wereld(2,156)
haagse redactie(1,48)
zuid amerika(1,156)
gevoelige _(1,156)
oproep _(1,103)
nieuwe verkiezingen(1,156)
nooit _(2,156)
roermond _(1,155)
baan _(2,156)
geval _(2,156)
openbare _(1,156)
economisch leven(1,100)
programma _(1,156)
koophandel _(2,156)
steeg _(1,133)
belastingen _(1,156)
mannen _(1,156)
bereid _(1,156)
arbeidersbeweging _(1,113)
friesland _(2,156)
oorzaak _(2,156)
hoog peil(1,109)
heleboel _(1,61)
import _(1,112)
invloed _(2,156)
1985 _(1,46)
vergroten _(1,66)
ligt _(1,156)
onze partij(1,141)
taak _(1,156)
moeilijke taak(1,128)
geldt _(1,156)
handelaar _(1,156)
klaar _(1,136)
element _(1,150)
rust _(1,156)
albert _(1,156)
lugt _(1,152)
amro bank(1,32)
aangepast _(1,96)
verkorting _(1,156)
jaar vast(1,153)
hangt _(1,156)
kaak _(1,155)
nieuw zeeland(1,156)
schade _(2,156)
eigen _(2,156)
richten _(1,126)
helpen _(1,156)
stad _(1,156)
tokio _(1,107)
mooi weer(1,141)
plaats _(2,156)
amerikaanse minister(1,60)
kreeg _(1,148)
du pont(1,153)
wordt weer(1,141)
74 75(1,155)
centrale bank(1,113)
zwakke _(1,141)
optreden _(1,137)
zullen _(1,156)
vos _(1,156)
buitenlandse zaken(2,107)
pers _(1,153)
st _(1,156)
stapel _(1,156)
vrouw _(3,156)
hoog _(1,156)
onze haagse(1,52)
correspondent _(1,154)
beweging _(1,136)
glimlach _(1,156)
wacht _(1,156)
afzet _(1,151)
richt _(1,125)
maandag _(1,156)
ter verbetering(1,156)
uitzicht _(1,117)
goede zaak(1,156)
hopen _(2,156)
markt _(3,156)
president _(1,156)
wijst erop(1,114)
bier _(1,156)
goede resultaten(1,156)
openbaar vervoer(1,74)
consument _(1,131)
noodzakelijk _(1,156)
zwart _(1,156)
lijf _(1,154)
weinig handel(1,152)
gehele land(1,73)
even groot(1,156)
amsterdam _(4,156)
heerenveen _(1,98)
kosten _(1,156)
gaan werken(1,141)
nationale _(1,156)
erger _(1,156)
contanten _(1,154)
kerken _(1,156)
amsterdam rubber(1,84)
genomen _(1,156)
per saldo(1,140)
stelde _(1,156)
maken _(1,156)
zeker _(2,156)
sterker _(1,156)
dagblad _(1,156)
da costa(1,156)
tegenover elkaar(1,135)
ten grondslag(1,156)
leidt _(1,156)
geloof _(1,156)
midden _(1,156)
eerste kwartaal(1,156)
nieuw leven(1,156)
totale _(1,133)
pond _(1,156)
zuid afrika(1,144)
schepen _(1,156)
neer _(1,156)
rijn _(1,156)
felle _(1,156)
dienst _(1,156)
overwinnen _(1,156)
houdt _(1,156)
zeer moeilijk(1,132)
rekening houden(1,129)
type _(1,132)
allen _(1,156)
rijke _(1,156)
miljard gulden(1,44)
ten cate(1,156)
name _(2,156)
nieuw _(3,156)
belang _(1,156)
reden waarom(1,156)
probleem _(1,110)
sociale voorzieningen(1,82)
belangrijke rol(1,156)
getroffen _(1,156)
zolang _(1,79)
winnaar _(1,107)
kern _(1,156)
fiat 128(1,26)
direct _(1,151)
prijs _(1,156)
belangrijk deel(1,156)
links _(1,156)
ned _(1,155)
zeer sterk(1,156)
naam _(1,156)
nederlandse _(3,156)
aanvallen _(1,156)
prins bernhard(1,72)
lager _(1,156)
kwart _(1,156)
wachten _(1,156)
washington _(1,140)
vragen _(1,156)
omvang _(1,156)
gericht _(1,127)
afscheid _(1,156)
provincie _(2,156)
uitgaven _(1,156)
bron _(1,156)
buiten _(2,156)
nederlandsche bank(1,156)
heen _(1,156)
bank _(1,156)
internationale _(2,151)
geweldige _(1,156)
gelukkig _(1,156)
mei _(1,156)
daling _(1,156)
massa _(1,156)
druk _(1,156)
garantie _(1,138)
komen _(4,156)
openbare werken(1,156)
enorme _(1,136)
500 _(1,156)
feiten _(1,156)
rug _(1,153)
advies _(1,156)
groot belang(1,156)
april _(1,156)
half jaar(1,156)
bestuur _(1,156)
paar dagen(1,156)
erop _(1,135)
stijging _(1,147)
afhankelijk _(1,156)
wordt _(2,156)
feite _(1,85)
tweede kamer(2,156)
ten einde(2,156)
beeld _(1,156)
exploitatie _(1,155)
twee maanden(1,156)
aanval _(1,156)
zeer groot(1,156)
anderen _(1,156)
18 _(1,156)
bevorderen _(1,156)
tweede plaats(1,156)
16 _(1,156)
eerste helft(1,156)
meerderheid _(1,156)
beroep _(1,156)
gang _(1,156)
belangrijk _(1,156)
tweede helft(1,156)
leider _(1,152)
brug _(1,156)
eerste kamer(1,156)
kans _(1,156)
houden _(3,156)
the _(1,156)
ondanks _(1,156)
medewerking _(1,156)
25 jaar(1,156)
belangrijke _(1,156)
alle _(4,156)
verenigde staten(1,117)
jeugd _(1,156)
heel _(1,156)
man _(2,156)
per dag(1,156)
bezoek _(1,156)
gewone _(1,156)
dag _(1,156)
onder _(3,156)
gevolg _(1,156)
eerste plaats(1,156)
directeur _(1,156)
aanzien _(1,156)
ten aanzien(1,156)
raad _(1,156)
twee _(1,156)
wet _(1,156)
den haag(2,156)
hoofd _(1,156)
aantal _(1,156)
brengen _(1,156)
paar _(1,156)
