helmut schmidt(1,32)
tante da(1,16)
rare sprongen(1,85)
bne akiwa(1,40)
milde straf(1,69)
woonoord vaassen(1,3)
protestantse kerken(1,60)
houten schotten(1,83)
huiselijke gezelligheid(1,88)
herman wigbold(1,35)
blauwe aanslag(1,3)
george taylor(1,17)
belendende percelen(1,63)
ach tergrond(1,67)
jonas daniel(1,68)
25 februari(1,150)
februari 1941(1,58)
opkomende fascisme(1,22)
verschillende groeperingen(1,54)
incident ontstond(1,43)
ten langen(1,137)
langen leste(1,127)
weteringschans 89(1,9)
december vorig(1,69)
dergelijke gevaarlijke(1,67)
gevaarlijke situaties(1,73)
tienduizenden guldens(1,98)
wilhelmina fonds(1,55)
geboeid afgevoerd(1,11)
abnormaal gedrag(1,5)
thewis wits(1,13)
tank kun(1,1)
plein 44(1,8)
deelnemende verenigingen(1,55)
tel 045(1,25)
harmoniezaal coerver(1,6)
coerver goebbels(1,2)
dr nolensstraat(1,59)
zoekt contact(1,71)
zeer fors(1,43)
sowjet unie(1,71)
kraag gepakt(1,100)
laurens meerten(1,12)
minnelijke schikking(1,155)
giet it(1,95)
kaak stellen(1,112)
kleine kruisstraat(1,50)
enig juiste(1,71)
bart tammeling(1,7)
groene amsterdammer(1,101)
diplomatieke status(1,48)
roerige jaren(1,25)
abnormale situatie(1,32)
hannie schaft(1,42)
groots opgezet(1,59)
christelijke politiebond(1,16)
ter attentie(1,60)
volle winst(1,85)
drukt zwaar(1,71)
brachten hem(1,125)
soepel verlopen(1,23)
belangrijkste doel(1,62)
progressieve samenwerking(1,23)
failliet verklaard(1,145)
voorlopige balans(1,48)
voorlichtingsprojekt delinkwentie(1,8)
fred soeteman(1,14)
marcus plooijer(1,3)
linkse meerderheid(1,40)
ina brouwer(1,15)
luitenant kolonel(1,154)
mohr voorzitter(1,1)
nadere bepalingen(1,117)
hervormde synode(1,75)
elseviers magazine(1,27)
linton kwesi(1,7)
nationaal kabinet(1,70)
19 september(1,156)
wettelijk verplicht(1,98)
koud stromend(1,52)
wachter sions(1,12)
monte carlo(1,116)
steve miller(1,21)
neil young(1,26)
hans werkman(1,24)
nora salomons(1,13)
alternatieve lijst(1,9)
staatkundig gereformeerde(1,73)
gereformeerde partij(1,75)
tejo willemsen(1,1)
veld ruimen(1,120)
ig metall(1,31)
weinig gelegen(1,117)
kerkstraat 27(1,79)
lagere straffen(1,28)
men begonnen(1,156)
vele tonnen(1,96)
wijken weten(1,65)
criminele vereniging(1,7)
heel europa(1,133)
gezelligheid troef(1,15)
verleden week(1,156)
ontstond toen(1,126)
ging echter(1,155)
spoedig verwacht(1,140)
enkele ervan(1,89)
gevaar oplevert(1,131)
frits diderich(1,11)
getrokken pistool(1,37)
tamelijk rustig(1,130)
rustig verloop(1,104)
korte termijn(1,106)
prijs omhoog(1,73)
gewelddadige wijze(1,142)
vermoedelijk aangestoken(1,22)
sweelinck conservatorium(2,18)
lange mars(1,38)
aanvang 10.00(1,42)
organiserende vereniging(1,56)
multifunctioneel centrum(1,19)
ongeveer zestig(1,150)
inschrijving sluit(1,95)
vanaf 20.00(1,45)
tafels vanaf(1,74)
vanaf 21.00(1,33)
smidter boys(1,19)
ieder geval(1,156)
komende dagen(1,101)
strafbare feiten(1,122)
commandant favre(1,1)
gemeenteraad zegt(1,11)
voorjaar 1981(1,4)
marisca milikowski(2,10)
stan huygens(2,28)
slechte naam(1,81)
gevaar brengen(1,156)
sint jozef(1,89)
nico scheepmaker(2,32)
toekomst wellicht(1,104)
vroegere uitspraken(1,38)
aly knol(1,21)
20.000 gulden(1,100)
alle inkomensgroepen(1,26)
toen zaten(1,89)
6000 gulden(1,122)
goede morgen(2,85)
gemeenschap ongeveer(1,6)
meerderheid zou(1,155)
plaatselijk vlak(1,26)
jim postma(2,9)
louis du(2,79)
du moulin(2,129)
felle reacties(1,51)
leo derksen(2,29)
toenemende neiging(2,81)
politieke toestand(1,149)
jonker frits(1,1)
verslaggeefster greetje(1,9)
proef schrift(1,66)
leger des(3,135)
des heils(2,149)
grimmige sfeer(2,17)
sociale dienst(2,59)
steeds intensiever(1,79)
cees koring(3,19)
westduitse consulaat(1,18)
jaarlijkse herdenking(1,47)
gingen duizenden(1,22)
mogelijk maakten(1,125)
gerard bakker(1,36)
feest georganiseerd(1,95)
ervan staan(1,35)
snel achteruit(1,90)
moment niemand(1,53)
zover bekend(2,61)
gespannen sfeer(1,63)
geweldloze blokkade(1,5)
beslag gelegd(1,155)
nederlandse kampioenschappen(1,58)
start terwijl(1,43)
nederlandse tafelvoetbalbond(1,14)
snel gebroken(1,19)
gronings model(1,3)
gestolen fietsen(1,77)
koude voeten(1,125)
alsnog geslaagd(1,54)
flinke jongens(2,121)
paar regels(1,144)
harry wubs(1,13)
mand gevallen(1,81)
hier helemaal(1,55)
joop wolff(1,41)
betere bescherming(2,116)
verkiezingen 81(1,1)
openbaar ministerie(2,156)
zwart wit(1,140)
singel 445(3,9)
aktiegroep cool(1,2)
naamloos gedagvaard(1,1)
klem tussen(1,46)
onlusten tussen(1,23)
bossche hof(1,62)
enige honderden(1,91)
hof leeuwarden(1,18)
500 personen(1,155)
feiten meningen(1,11)
60 mille(1,109)
mille per(1,118)
plek waar(1,155)
eerste krans(1,9)
ruim 60(1,156)
vreedzame oplossing(1,150)
wegens huisvredebreuk(1,95)
keiharde muziek(1,21)
kost miljoen(1,17)
eerste heerlense(1,25)
weekeinde vol(1,19)
dertig maanden(2,71)
tijdelijke verhuur(3,14)
landelijke kraakdag(1,3)
jaren 60(1,60)
helemaal echt(1,45)
jos haagmans(1,16)
liep men(1,135)
kilometer per(1,121)
rake klappen(1,78)
wegens ziekte(1,156)
politieman kan(1,21)
forse nederlaag(2,39)
aantal europese(1,51)
wim bisschop(1,13)
mooie muziek(1,101)
aantal kerncentrales(1,18)
harde aanpak(1,31)
anoniem dagvaarden(1,5)
iets leuks(1,72)
gaan bezighouden(1,106)
mobiele eenheid(5,38)
moest komen(1,156)
past beter(2,71)
veertien gekraakte(1,1)
voorwaardelijke boete(1,38)
hoge graad(1,53)
tijdelijk onderdak(1,89)
kunnen gemakkelijk(1,140)
terecht komen(1,127)
ware beter(1,149)
gedegen aanpak(1,15)
politieagenten gewond(1,39)
hele binnenstad(1,36)
haar handen(1,127)
gewond geraakt(1,112)
groep mannen(1,104)
vrije volk(1,106)
aangestoken brand(1,19)
gemeenten kunnen(2,144)
parlementaire redactie(3,45)
redelijk overleg(1,74)
bosch woensdag(1,53)
falend beleid(2,28)
mensen dakloos(1,52)
wethouder nieuwenhuijse(1,1)
wethouder barmentloo(1,10)
oud strijders(2,65)
gratis wonen(1,65)
wethouder wallage(1,8)
ons uiterlijk(1,73)
peter slavenburg(1,14)
regering politieke(1,9)
gooit hoge(1,19)
hoge ogen(1,49)
goed woord(1,147)
zes weken(1,156)
noordwijk heeft(1,65)
alleen gesteund(1,55)
voormalige hotels(1,1)
zachte hand(1,117)
vrijblijvend gesprek(1,33)
opzij zetten(1,81)
ze bedoelen(2,76)
bloemen gelegd(1,68)
vele duizenden(1,156)
groot feest(1,156)
feest ging(1,75)
vierduizend man(2,80)
andere behuizing(2,15)
100 man(2,155)
losse stenen(1,42)
hoe kon(1,155)
dienst herhuisvesting(1,24)
mei as(1,138)
zal john(1,41)
der borst(2,115)
plaats beslag(1,70)
23 mei(1,156)
mei aanstaande(2,155)
tom hendriks(5,13)
1981 lijkt(1,1)
leek wel(1,114)
sint martinus(1,80)
rotterdam krijgt(1,73)
minister wiegel(2,8)
marten toonder(5,46)
ze begrijpen(1,105)
hand gelopen(1,42)
lex hendriks(1,7)
andere tekst(1,43)
menselijke behandeling(1,28)
onroerend goed(1,156)
nemen afscheid(1,91)
jongens vinden(1,53)
gerenoveerde huizen(1,9)
nederlands geld(1,55)
zaakjes zelf(2,6)
wel gewenst(1,58)
der veen(1,156)
midden limburg(1,77)
volgende keer(1,135)
jullie hebben(1,90)
hielden hun(1,115)
legale bewoners(1,3)
hebben gistermiddag(1,102)
feit dat(1,156)
89 dat(1,11)
illegale bewoners(1,8)
afgelopen vrijdag(1,45)
hebben gevonden(1,156)
achteruit gaat(1,138)
dat moment(1,115)
maar durven(2,111)
drie meter(1,122)
anonieme dagvaarding(1,3)
hilversum maandag(1,59)
drie delen(1,61)
dat nou(1,111)
nou doen(1,73)
heerlen organiseert(2,22)
vijfde keer(1,64)
district heerlen(1,56)
37 heerlen(1,67)
heerlen tel(1,72)
drie laar(1,67)
ben hietbrink(2,6)
hebben vernield(1,143)
hebben genoeg(1,138)
hard aangepakt(1,77)
henk hoekstra(1,43)
pijn doen(1,110)
henk schaaf(2,22)
eredivisie eredivisie(5,3)
vrije voeten(2,156)
brand gestoken(2,156)
noord zuid(2,108)
actiegroep cool(1,6)
maand uitstel(1,71)
leiden zonder(1,112)
zonder stroom(1,80)
laatste elf(1,110)
brede steun(1,27)
huurder wordt(1,63)
zonder incidenten(1,103)
werd gelaten(1,152)
wordt spoedig(1,155)
arrestaties verricht(1,79)
water halen(1,120)
forse klappen(2,28)
10.00 uur(1,73)
19.00 uur(1,67)
eervolle tweede(1,65)
20.00 uur(1,69)
21.00 uur(1,65)
keihard optreden(1,7)
zes maanden(1,156)
voorlopig ongemoeid(1,5)
actiegroep dodewaard(1,2)
iedereen staat(1,52)
gemiste kans(1,53)
eerste termijn(1,152)
ruzie tussen(1,57)
negen uur(1,156)
europese steden(1,49)
stromend water(1,62)
luxe appartement(1,30)
steeds vast(1,149)
utrechtse rechtbank(1,55)
geweerd worden(1,153)
lijkt onvermijdelijk(1,35)
mr overdiep(4,31)
lang zal(1,156)
den uyls(1,26)
deze manier(2,149)
den haag(6,156)
zullen ze(2,154)
mr paulussen(1,72)
goedkope woningen(1,52)
paar honderd(1,156)
duizenden amsterdammers(1,69)
wat natuurlijk(1,132)
guldens schade(1,97)
complete oorlog(1,40)
houdt vast(1,136)
10 mei(2,156)
gelegd terwijl(1,151)
den bosch(1,156)
blijft waarschijnlijk(1,57)
den hoek(1,155)
diverse ruiten(1,40)
ruiten ingegooid(2,102)
zwart geld(2,43)
leegstaande woningen(2,76)
ik zie(1,156)
betere regeling(1,154)
prof mr(1,108)
helft bezet(1,51)
mag maximaal(1,39)
worden verhuurd(1,156)
zaten we(1,112)
mislukte poging(1,155)
1980 was(2,16)
toont wat(1,107)
we vertellen(1,87)
worden gediscrimineerd(1,31)
rijk moet(1,145)
anoniem gedagvaard(1,2)
hevig verzet(1,121)
jan eijkelboom(2,20)
jan diederen(1,16)
westland utrecht(1,25)
week tijdens(1,78)
je reinste(1,94)
kun je(1,125)
langdurige leegstand(2,12)
lach je(1,99)
groot deel(1,156)
kamer tegemoet(1,54)
wellicht nodig(1,29)
geef ons(1,149)
beter beschermd(1,90)
jan hensema(1,8)
brouwer cpn(1,9)
geloof je(1,116)
ons land(1,156)
the ex(1,28)
eigen beheer(1,155)
jan beijert(2,17)
hoger beroep(6,64)
zat achter(1,105)
personen werden(2,156)
werden gearresteerd(1,149)
werden mishandeld(1,114)
raad besluit(1,111)
iets doen(3,151)
straat gezet(1,127)
zware strijd(1,111)
24 uur(2,149)
maak ook(1,87)
felle kritiek(1,80)
amsterdamse grachten(1,52)
inmiddels ook(1,156)
vrijwillig vertrek(1,22)
leven liet(1,138)
amsterdamse vijzelstraat(1,6)
waren ook(1,156)
ook bedoeld(1,121)
heel andere(1,131)
andere uitslag(1,63)
westduitse steden(2,39)
wel betaald(1,106)
venray heeft(1,48)
mei vanaf(1,75)
zware gevechten(1,86)
tientallen gewonden(2,61)
notaris slis(1,2)
top vijf(1,28)
geef ze(1,124)
doet denken(1,156)
telefoon staat(1,60)
deze week(1,156)
maand lang(1,154)
hand toenemende(1,94)
amsterdamse toestanden(1,6)
stuk goed(1,137)
veel bekijks(1,116)
maakt rare(1,36)
onzer verslaggevers(12,94)
die verleden(1,155)
zoals die(1,78)
echter toch(1,145)
nieuwe vergadering(1,148)
russen toch(1,47)
gehouden dan(1,155)
nu eenmaal(1,156)
nieuwe veste(1,14)
dan giet(1,88)
dan gebeurt(1,124)
dan wettelijk(1,74)
dan uitsluitend(2,138)
toch normaal(1,40)
nieuwe doorbraak(1,48)
luxe luyk(4,1)
even blijven(1,84)
als bemiddelaar(2,155)
opknappen als(1,26)
kan doen(1,156)
verlaat onder(1,30)
onder begeleiding(1,156)
drie kantoren(1,37)
hun ramen(1,94)
wilden dat(1,156)
behalve als(1,138)
bedoeld als(1,127)
dat bijna(1,156)
bewoners hadden(1,127)
vrijdag verwacht(1,35)
hopen dat(1,156)
vrijdag stond(1,56)
hun ongenoegen(1,82)
onder plein(1,1)
onder 18(1,122)
als ondernemer(1,109)
onder druk(1,102)
ziet af(1,119)
ouders blijven(1,48)
hart onder(1,130)
als beesten(1,110)
als monument(1,91)
maar deels(1,63)
200 mensen(1,54)
huize st(2,80)
st gerlach(1,79)
tien weken(1,155)
duizenden mensen(1,62)
veertig jaar(1,146)
jaar geleden(2,156)
vorig jaar(1,156)
openbare weg(1,133)
weg terecht(1,93)
niemand gewond(1,114)
st truiden(10,84)
redactie den(3,99)
18 jaar(1,156)
jaar ongeslagen(1,26)
anderhalf jaar(1,156)
vrije ruimte(1,113)
20 jaar(1,156)
gekraakte grand(1,2)
zuid noord(1,73)
vrije universiteit(1,137)
huur per(1,144)
per maand(1,156)
vier maanden(1,156)
werd gegooid(1,105)
nooit meer(1,156)
honderden agenten(1,43)
uur ongeveer(1,133)
wordt gespeeld(1,141)
verslaggever wim(1,28)
acht uur(1,156)
mooie stad(1,104)
zonder pistool(1,4)
meer slapen(1,83)
lid tweede(1,104)
binnen gasthuis(2,116)
heer bommel(15,75)
heer olivier(1,142)
arnhem vrijdag(2,45)
zijn bouwers(1,10)
zijn verhuisd(1,136)
was best(1,106)
luxe flats(2,43)
enkele ruiten(1,92)
zich inmiddels(1,156)
we altijd(1,110)
bereiden zich(1,146)
weten we(1,138)
zal ze(1,156)
westberlijnse wijk(1,4)
sloot zich(1,155)
open dag(1,38)
onze correspondent(2,156)
nog overal(1,134)
dit mogelijk(1,156)
we wilden(1,118)
meter rond(1,39)
ton schade(2,47)
lucky luyk(1,4)
laatste nieuws(2,134)
onze parlementaire(3,142)
verenigingen zijn(1,56)
zich geplaatst(1,156)
mei zal(1,156)
zijn doodsbang(1,31)
onze verslaggever(8,119)
ik heb(1,156)
volgens justitie(1,23)
zijn stukgelopen(1,23)
miljoen schade(1,37)
dagelijks leven(1,93)
wat anderen(1,149)
oude troep(1,17)
vreedzame demonstratie(1,39)
gewone man(1,95)
doden zijn(1,62)
luxe appartementen(1,32)
ontvangt zijn(1,133)
onze verslaggeefster(2,50)
nog verloren(1,92)
zijn ouders(1,135)
der keuken(1,130)
gedragen zich(1,150)
bemoeien zich(1,117)
perikelen rond(1,29)
zich zorgen(1,77)
niemand doet(1,84)
zijn volgelingen(1,132)
huizen zullen(1,154)
opstand der(1,152)
vroeger was(1,156)
grote wetering(13,5)
leidt tot(2,156)
grote kerkstraat(2,51)
gegroeid tot(1,94)
tot enige(1,90)
omgebouwd tot(1,82)
actie had(1,94)
adviseert tot(1,99)
leidde tot(2,154)
omgetoverd tot(1,49)
beperkt tot(1,156)
grote haast(1,61)
besluit tot(1,156)
duurde tot(1,156)
tot negen(1,156)
grote bevoegdheden(1,54)
nieuwe wet(2,156)
bouwen woning(1,77)
nodig mee(1,9)
weinig verzet(1,62)
jan knol(1,38)
handen staat(1,47)
agenten gewond(1,64)
maanden cel(2,37)
tweede kamer(4,156)
eigen richting(1,122)
kamer ziet(1,94)
ongeveer twee(1,156)
vvd willen(1,23)
begin maar(1,122)
hebben gisteren(1,156)
maar half(1,147)
blij dat(1,137)
zeven keer(1,84)
zo mag(3,68)
beroep vrijgesproken(1,57)
rechter slepen(1,15)
opgeroepen naar(1,124)
werden verdacht(1,104)
rechter zou(1,120)
naar az(1,26)
onderzoek naar(1,156)
vrede naar(1,127)
duitse jeugd(2,58)
naar woensdrecht(1,13)
naar amerika(1,156)
vrouw naar(2,156)
oude politiebureau(4,26)
st martinus(2,106)
half jaar(2,156)
gemeente aangeboden(1,105)
gesprek tussen(1,58)
oude rkz(3,13)
stapte er(1,109)
er iemand(1,156)
werd zondag(1,138)
staking ook(1,73)
werd gelegd(1,156)
ernstige rellen(1,21)
slaan er(1,121)
klacht wegens(1,111)
hevige rellen(3,17)
wordt verbouwd(1,125)
koninginnedag werd(1,47)
er tegenaan(2,83)
limburg zeeland(1,68)
tweede plaats(2,156)
er straks(1,125)
verslaggever harry(1,23)
radio stad(1,17)
er profijt(1,90)
er bang(1,116)
gooien ze(1,88)
gaan iets(1,91)
tien mensen(1,57)
binnen 24(2,156)
voormalig hotel(2,62)
hotel willems(2,83)
dan 500(1,156)
nu echt(2,92)
jongeman die(1,102)
veel gebouwen(1,36)
anderen die(1,156)
die gebouwen(1,154)
gebouwen die(1,155)
hoe die(1,156)
heb nu(1,147)
dan slecht(1,127)
zigeuners nu(1,3)
veel verder(1,156)
veel problemen(2,67)
kwam toch(1,131)
nieuwe kerk(1,156)
nog steeds(2,156)
groninger rechtbank(4,84)
sfeer rond(2,55)
bekend worden(1,156)
laten we(1,144)
zal worden(1,156)
worden verbouwd(1,138)
open nederlandse(1,42)
we hier(1,148)
mag ik(3,156)
ambassade om(1,57)
weer treffen(1,34)
gebruikt om(1,156)
weer verbeteren(1,23)
gelegenheid om(1,156)
roep om(1,115)
om onderzoek(1,144)
gewoon weer(1,67)
hoge raad(2,63)
voorlopig blijven(1,51)
moeten eruit(1,46)
onder dreiging(1,54)
dodewaard gaat(1,4)
gespeeld onder(1,94)
waar of(2,155)
verslaggever ben(2,24)
sloeg als(1,103)
duitse steden(3,60)
regering doet(1,86)
je lang(1,101)
dagen weg(1,111)
weken cel(1,29)
gebouw zal(1,156)
school moet(1,146)
wij vrezen(1,61)
jaar later(1,156)
heeft plannen(1,98)
regering komt(1,78)
haag woensdag(1,69)
massaal verzet(1,60)
kamer blijkt(1,98)
doet iets(1,99)
jan bakker(1,146)
eigen hand(2,156)
wonen alleen(1,46)
ik ben(2,156)
meer woningbouw(1,9)
vijf steden(1,76)
gisterochtend na(1,33)
ongemoeid werd(1,5)
zin meer(1,117)
massaal achter(1,22)
werden via(1,78)
werden verdreven(1,130)
duitse bezetters(1,54)
bekend werden(1,155)
staan achter(1,109)
altijd binnen(1,121)
jongeren wilden(1,7)
binnen gegooid(1,38)
vol geweld(1,28)
groepen jongeren(1,48)
kort geding(26,117)
meer dan(6,156)
twee keer(2,132)
gaat dicht(1,67)
mensen hebben(1,63)
hun tijdelijk(1,107)
moet maar(2,156)
ben je(2,142)
ben oud(1,99)
groninger herestraat(1,7)
uur verlaten(2,77)
zich weinig(1,156)
ook ruimte(1,97)
vier woningen(1,152)
groninger rechtbankpresident(1,10)
zelf wel(1,153)
conflict rond(1,41)
ook steeds(1,156)
ze leven(1,117)
impasse rond(1,20)
limburg heeft(1,155)
dagen nog(1,156)
trekt zich(1,153)
andere plaats(1,156)
waarom nog(1,131)
rumoer rond(1,52)
keert zich(1,139)
zijn gasten(1,127)
zijn altijd(1,156)
onze reactie(1,54)
westberlijnse kraakbeweging(1,1)
dodewaard worden(1,3)
lege huizen(1,35)
stelt aan(1,155)
gelegen aan(1,156)
tot protesten(1,83)
landelijke actie(1,83)
snelle actie(1,68)
bezoek aan(1,156)
deelgenomen aan(1,155)
zij aan(1,156)
kachel aan(1,107)
tot onderhandelingen(1,140)
heren aan(1,58)
meermalen aan(1,154)
al die(1,156)
voormalige hotel(1,80)
veel schade(3,156)
die gisteren(1,156)
die snel(1,134)
veel tumult(1,31)
veel eerder(1,154)
zonder gas(1,85)
is gisterochtend(1,115)
is vrijblijvend(1,42)
is doorbroken(1,62)
uiteindelijk is(1,66)
is behalve(1,156)
tien gewonden(1,84)
twee agenten(1,151)
is bepaald(1,156)
organisatie is(1,151)
is belachelijk(1,123)
is meermalen(1,155)
is onbegrijpelijk(1,156)
uur gaan(1,114)
twee ton(1,147)
verplicht is(1,131)
carnaval is(2,84)
is gewoon(1,151)
zoek is(1,124)
is allereerst(1,122)
kerncentrales is(1,20)
eigen dak(1,99)
democratie is(1,123)
mr geertsema(2,120)
west berlijn(29,47)
deze keer(1,156)
als herdenking(1,26)
niemand onder(1,147)
onenigheid over(1,51)
klachten over(1,131)
optimistisch over(2,91)
station groningen(1,91)
kraken strafbaar(1,2)
komt terug(1,153)
kamervragen over(2,26)
beslist over(1,152)
karwei over(1,11)
over christenen(1,19)
haag vrijdag(1,66)
klaagt over(1,156)
kijkers over(1,32)
schrift over(1,88)
geen maatregelen(1,141)
geen vergunning(1,133)
geen enthousiasme(1,63)
geen wijken(1,105)
kant geen(1,137)
geen namen(1,134)
geen inschrijfgeld(1,49)
geen vrijbrief(2,82)
geen strafbare(1,96)
geen antwoord(1,156)
geen doden(1,58)
lust geen(1,73)
geen dictaten(1,2)
geen pijn(1,135)
behoeft geen(1,156)
geen coalitie(1,57)
aantal duitse(1,60)
bom naar(1,95)
staat achter(1,122)
weg staan(1,156)
houden open(1,25)
we gaan(1,130)
gekraakte panden(1,20)
bezet houden(1,152)
twee panden(2,120)
onrust rond(2,31)
regering wat(1,77)
massaal protest(1,46)
gaan we(1,135)
wonen we(1,82)
maken er(1,156)
ook laatste(1,60)
honderden amsterdamse(1,15)
er woensdagavond(1,75)
ziekenhuis wordt(1,107)
amsterdamse kraakbeweging(1,6)
anderen er(1,152)
er mis(1,87)
trekken er(1,138)
gerestaureerd pand(1,25)
wachten af(1,99)
pand weteringschans(1,2)
ontruimde pand(1,5)
keer hun(1,83)
gaat maar(1,153)
zaanstad willen(1,1)
eigen beleid(1,82)
je moet(2,135)
koopt twee(1,9)
utrecht donderdag(1,65)
kunnen wij(1,156)
mensen nodig(1,59)
kamer cda(1,15)
redactie jan(1,10)
amsterdam wenst(1,53)
amsterdam huilt(1,6)
te weren(1,156)
te vroeg(2,156)
onszelf te(1,89)
te veroveren(1,156)
te snijden(1,156)
te verhinderen(1,156)
te rechte(1,14)
te versterken(1,156)
gezin te(1,156)
autoriteiten te(2,156)
te verliezen(2,156)
heerestraat te(1,81)
te protesteren(1,123)
situaties te(1,74)
te vermijden(1,156)
blijk te(1,155)
te verdienen(1,156)
te storten(1,156)
te stichten(1,156)
te verslaan(1,156)
remise te(1,116)
schaaktoernooi te(1,43)
te voerendaal(1,95)
punt te(1,156)
te noemen(1,156)
te trillen(1,119)
te einighausen(1,56)
te zoenen(1,102)
laten zich(1,156)
open brief(1,152)
nog dagelijks(1,156)
leven ik(1,128)
haag zaterdag(1,73)
wel oorlog(1,42)
zijn gevallen(1,156)
open gesprek(1,43)
blijkt nog(1,155)
zijn levensgevaarlijk(1,62)
poging nog(1,72)
staking om(1,85)
spanning om(1,88)
strijd om(2,155)
rel om(1,37)
weer stuk(1,48)
weer troef(1,28)
om acht(1,156)
week weer(1,130)
mensen werden(1,62)
werden aangehouden(1,139)
foto achter(1,21)
eenheid achter(1,9)
bewoners werd(1,103)
tweede keer(1,147)
dinsdagavond uit(1,75)
onder wie(1,146)
springt uit(1,99)
koploper uit(1,26)
bed uit(1,131)
drie gewonden(1,119)
schilderijen uit(1,140)
fel uit(1,95)
ontsnappen uit(1,96)
uit putten(1,121)
tot zondag(1,155)
verbouwd tot(1,99)
einde aan(2,156)
grootste kraakpand(4,1)
nijmeegse binnenstad(2,12)
niet bezig(1,153)
twee banken(1,142)
weet niet(1,156)
per jaar(1,156)
niet akkoord(1,59)
perceel niet(1,92)
niet afwijzend(1,82)
niet afgeven(1,126)
niet gediend(1,150)
niet vervolgd(1,144)
niet bewezen(2,156)
niet mals(1,60)
niet schuldig(1,156)
pvda cpn(1,35)
vechten niet(1,93)
niet stil(1,156)
angst niet(1,117)
je zelf(1,121)
vertellen niet(1,89)
praat niet(1,105)
vier jaar(1,155)
perry sport(2,17)
rechtbank af(1,43)
we wachten(1,108)
drie panden(1,97)
wensen over(2,66)
we zo(1,94)
spanning na(1,59)
pal na(1,36)
problemen meer(1,67)
toestand na(1,140)
dan komen(1,155)
hotel hofman(1,36)
verslaggevers arnhem(1,30)
nu wonen(1,91)
maakt plannen(1,73)
rookbommen naar(1,7)
wat wil(2,156)
binnen vier(1,156)
vijf jongeren(1,25)
hebben eigen(1,118)
doen wij(1,156)
zo nodig(1,67)
hun eigen(1,156)
groningen koopt(3,34)
blijven wonen(1,152)
houden als(1,156)
willen af(1,78)
een predikant(1,155)
een afstandje(1,79)
een onzer(12,156)
een groepje(1,130)
nadat een(1,156)
maakten een(1,156)
een ontruimingsbevel(1,6)
reeds een(1,156)
ophouden een(1,124)
een waterkanon(1,46)
een schutting(1,117)
een meisje(1,156)
had een(1,156)
een tamelijk(1,156)
een kamerdebat(1,49)
een tank(1,97)
een eervolle(1,146)
eenmaal een(1,156)
een eerlijke(1,145)
een stroman(1,46)
een tweekamerwoning(1,21)
een nationaal(1,156)
uitsluitend een(2,140)
zuiden een(1,137)
een soort(1,156)
een crisis(1,133)
putten een(1,96)
zijn echt(1,140)
ook deze(1,156)
geruchtmakende ontruiming(1,1)
wie zich(1,156)
zich honderden(1,116)
ook pvda(1,24)
ik laat(1,156)
provincie nog(1,147)
problemen rond(1,53)
o.a bij(1,109)
bij mijn(2,156)
bij aanvaarding(1,110)
bij verrassing(1,156)
inschrijven bij(1,126)
aankloppen bij(1,92)
waarnemers bij(2,52)
kranslegging bij(1,62)
getroffen bij(1,117)
bij bureau(1,100)
bij opening(1,155)
buit bij(1,87)
bij vechtpartijen(1,49)
bij koninklijke(1,152)
bij freek(1,6)
grote manifestatie(1,46)
aan menselijke(1,49)
verbouwing tot(1,96)
trekt aan(1,123)
aan menselijk(1,39)
land aan(1,156)
mee aan(1,122)
advocaten aan(1,61)
denken aan(1,156)
open huis(2,52)
acties werden(1,70)
die dit(1,156)
toch wel(1,156)
pvda toch(1,32)
nieuwe huizen(1,155)
te gast(2,137)
te wensen(2,83)
te knappen(2,121)
is men(1,156)
utrecht zonder(1,43)
optreden nodig(1,11)
meer mensen(1,62)
bouw meer(1,46)
mis is(1,133)
slag om(1,129)
weer vrijgelaten(1,116)
geslaagd om(1,156)
over toekomst(1,57)
of dit(1,156)
beslissing over(1,156)
alleen als(1,156)
groningen weinig(1,16)
over enkele(1,150)
dat er(2,156)
ongenoegen over(1,103)
loopt uit(2,135)
hard er(2,87)
onderhandelingen over(1,156)
ruzie over(1,104)
onder brief(1,17)
bezorgd over(1,149)
wel of(1,156)
alleen of(1,156)
woning binnen(1,152)
jongeren aangehouden(1,16)
groep jongeren(1,73)
onrust binnen(1,29)
vroeger geen(1,151)
geen tijd(1,156)
heb geen(1,156)
geen zin(1,144)
ziet geen(1,155)
geen last(1,155)
met elkaar(1,146)
schoten met(4,151)
solidair met(1,105)
treffen met(1,146)
met meterkast(1,18)
eens met(1,156)
koffie met(1,127)
met gebak(1,85)
begonnen met(1,156)
verwijderd met(1,120)
met zachte(1,141)
intensiever met(1,38)
oneens met(1,118)
akkoord met(1,73)
met 50(1,156)
door herman(1,131)
iemand door(1,154)
door karei(1,50)
door george(1,134)
samen met(1,127)
joden door(1,122)
tanks door(1,57)
vermijden door(1,127)
door sluiting(1,103)
met getrokken(1,141)
nijmeegse raad(3,5)
vergadering met(1,156)
verrassing door(1,109)
door henk(7,76)
vuurwerk door(1,78)
met modder(1,138)
gediend met(1,129)
buiten naar(1,136)
door 100(2,137)
door ondanks(1,84)
rechten met(1,124)
rekening met(1,156)
mishandeling door(2,122)
door tom(5,61)
contact met(1,118)
met paneermeel(1,57)
opgezadeld met(1,27)
door bart(1,77)
door marisca(2,8)
met rubberkogels(1,14)
opzadelen met(1,22)
met 3000(1,154)
moeder met(1,156)
met kind(1,155)
door nico(2,82)
door marten(5,60)
door lex(1,50)
door ale(2,33)
met bewijs(1,126)
met traangasgranaten(1,30)
afgeleid door(1,130)
door fred(1,99)
met warm(1,147)
door frans(1,142)
wonder door(1,45)
zicht door(1,84)
door leo(2,120)
opzicht door(1,116)
ministerie met(2,151)
met verontrusting(2,51)
slapen door(1,78)
met reserves(1,68)
kapitaal met(1,154)
door hans(1,110)
met z'n(1,107)
mogen nog(2,139)
wij zijn(2,156)
a'dam nog(1,15)
overleg nog(1,95)
buurt wil(1,24)
plannen rond(1,79)
zaanstad zijn(1,6)
wij worden(1,156)
bezetten dan(1,66)
politie treedt(3,67)
politie voert(1,23)
arnhemse politie(1,44)
politie weet(1,102)
gemeente eist(1,86)
politie verrichtte(1,61)
politie hield(1,115)
politie gebruikte(1,44)
politie trad(2,102)
tussen gemeente(1,48)
bv tegen(1,11)
maatregelen tegen(1,156)
ingezet tegen(1,82)
waarschuwt tegen(2,150)
protesteren tegen(1,115)
tegen langdurige(2,15)
protesteert tegen(1,154)
tegen gestemd(1,136)
agressie tegen(1,63)
wantrouwen tegen(1,151)
betoging tegen(3,48)
houden grote(1,39)
tot bouw(1,124)
correspondent nijmegen(1,46)
er wordt(2,156)
na vertrek(1,131)
ontslag na(1,70)
wordt ook(1,156)
als advocaat(1,156)
parkeergarage onder(1,29)
ongeregeldheden bij(3,97)
is klaar(2,149)
wij willen(1,156)
veel gewonden(1,81)
wordt toch(1,156)
zonder veel(1,156)
laat veel(1,149)
nieuwe kans(1,84)
moeten weg(2,113)
burgemeester polak(1,10)
over noord(2,106)
polak wil(1,17)
boos over(2,135)
weg terug(1,154)
jaar wachten(1,108)
te hulp(1,156)
het ongelijk(1,156)
mee te(1,151)
het noorden(5,156)
het wegdek(1,76)
het zuiderplein(1,101)
gearresteerd het(1,80)
moesten het(1,156)
het eveneens(1,151)
het standbeeld(2,156)
het jonas(1,116)
het bijzonder(1,156)
het opkomende(1,139)
het feit(1,156)
weten te(1,156)
te slepen(1,156)
georganiseerd het(1,75)
te hopen(1,156)
het ware(1,156)
het teken(1,77)
btj het(1,131)
het strijdgewoel(1,101)
het gevang(1,96)
het mysterie(1,113)
het alfabet(1,80)
het geweten(1,156)
het ergste(1,156)
het kwalificatietoernooi(1,35)
het multifunctioneel(1,17)
centrum te(1,134)
borst te(1,154)
het internationaal(1,144)
te venray(1,132)
het gymnasium(1,155)
het hoensbroekse(1,40)
het punt(1,156)
het leek(1,118)
zie het(1,156)
straks het(1,133)
het heilige(1,156)
het berenei(1,10)
reden te(1,156)
het osl(2,11)
het zuiden(1,156)
het beste(1,156)
het scherp(2,139)
het schip(1,156)
een paar(2,156)
zich dinsdag(1,121)
amsterdamse rechtbank(1,63)
zich zelf(1,156)
wat er(2,156)
tijdelijk naar(1,140)
wij werden(1,155)
vrees voor(2,156)
schadevergoeding voor(2,156)
tijd voor(2,156)
voor 16(1,156)
enthousiasme voor(1,109)
leuks voor(1,37)
voor onszelf(1,98)
voor woongroep(1,10)
lees voor(1,64)
oplevert voor(1,155)
voor eventuele(1,78)
voor zover(2,84)
bepleit voor(1,84)
doof voor(1,155)
verloop voor(1,81)
voor geweldloze(1,16)
behuizing voor(2,91)
lectuur voor(1,155)
verantwoordelijk voor(1,156)
kwalificatietoernooi voor(1,33)
geplaatst voor(1,156)
vrijkomen voor(1,73)
voor dames(1,156)
voor marga(1,14)
voor moeder(1,133)
zwichten voor(2,150)
voor eerstejaars(1,31)
minlijn voor(1,2)
strop voor(1,94)
lessen voor(1,155)
ramp voor(1,155)
nederlaag voor(2,156)
voor socialisten(2,80)
aandacht voor(1,140)
11.000 voor(1,53)
bang voor(1,153)
voor alt(1,128)
wordt als(1,156)
vereniging uit(1,53)
liep uit(1,126)
meer terug(1,153)
president als(1,138)
betaald uit(1,141)
spullen uit(1,45)
onder water(1,156)
meer acties(1,27)
of anti(1,78)
bij behandeling(2,136)
verslaggevers amsterdam(6,45)
vast aan(1,156)
school aan(1,154)
geen water(3,155)
gemeente koopt(1,21)
panden die(1,140)
nieuwe luxe(1,86)
mag nu(1,152)
nu worden(1,155)
die oude(1,156)
slaags met(3,127)
debat met(3,132)
hun huis(1,156)
kwam niet(1,156)
twee groninger(1,47)
gisteren is(1,156)
niet kan(1,156)
nijmegen donderdag(2,46)
gaan er(1,156)
dit is(2,156)
bekend is(1,156)
is niemand(1,156)
niet strafbaar(1,156)
niet mee(1,152)
niet iedereen(1,147)
leeg is(1,115)
niet rustig(1,150)
op koffie(1,121)
op brede(1,59)
op kosten(2,156)
anp op(1,52)
op aswoensdag(1,32)
stapt op(1,92)
op 25(1,156)
op instorten(1,97)
op pietermaai(1,99)
gemakkelijk op(1,156)
op los(1,143)
op korte(1,150)
organiseert op(2,86)
bepaald op(1,156)
op remise(1,85)
op 23(1,156)
jacht op(1,131)
zond op(1,92)
op bed(1,138)
fors op(1,42)
duiken op(1,93)
zwaar op(1,156)
op verzoek(1,156)
beesten op(1,113)
balans op(1,137)
vechtpartijen op(1,49)
op do(1,156)
op vingers(1,16)
op plaatselijk(1,82)
op 19(1,156)
reacties op(1,78)
op zicht(1,129)
lens op(1,66)
promoveert op(1,21)
naar binnen(3,156)
dicht bij(3,131)
verf over(1,39)
zijn advocaat(1,138)
over andere(2,156)
zich terug(1,156)
oorlog of(1,156)
tribunaal over(1,13)
zonder meer(1,156)
water meer(1,151)
geen telefoon(1,89)
geen studenten(1,83)
krijgt geen(2,126)
amsterdam woensdag(2,150)
willen die(1,155)
met dodelijke(4,62)
blij met(2,106)
ook werden(1,156)
slag met(2,156)
door harry(2,86)
naar ziekenhuis(1,106)
geld naar(1,155)
keuken door(2,100)
door cees(2,57)
uitspraak tot(1,92)
tot drie(1,156)
om ons(1,156)
komen om(1,156)
klaar om(1,137)
wil open(1,26)
jaar worden(1,156)
binnen werd(1,121)
zonder geweld(1,141)
en invaliden(1,106)
en licht(2,156)
winkels en(1,156)
en buitenland(3,153)
en personeel(1,153)
en directie(1,145)
mees en(1,155)
en hope(1,126)
en schilden(1,121)
consulaat en(1,140)
en rassendiscriminatie(1,21)
rassendiscriminatie en(1,40)
en vooruitlopend(1,25)
en gedegen(1,84)
eergisteren en(1,134)
verbale en(1,23)
middags en(1,156)
rozen en(1,153)
en lectuur(1,111)
burgers en(1,156)
en vvd(2,49)
schaesberg en(1,75)
afgesloten en(1,156)
en bedraagt(1,155)
knuppels en(1,112)
autonomie en(1,128)
marga en(1,59)
en soldaat(1,139)
woon en(2,156)
hoor en(1,152)
en wederhoor(1,115)
rubberkogels en(1,12)
en koude(1,156)
en diefstal(1,156)
en speelruimte(1,28)
en gewelddadig(1,103)
lief en(1,156)
en leed(1,156)
bivakmutsen en(1,19)
en televisie(1,65)
en winkel(1,155)
en engeland(1,156)
en 20(1,156)
christenen en(1,156)
en communisme(1,87)
gevecht en(1,146)
gezorgd en(1,154)
warm en(1,156)
en koud(1,155)
stinken en(1,24)
misdaad en(1,156)
lekkage en(1,64)
en werkelijkheid(1,134)
mogen blijven(1,156)
twee kraakpanden(1,3)
protest tegen(10,156)
tegen politiegeweld(2,1)
een merkwaardig(1,156)
bijna een(1,156)
hadden een(1,156)
een heel(1,156)
een groot(1,156)
een snelle(1,137)
borst een(1,133)
aanstaande een(1,155)
een vooroordeel(1,151)
een bom(1,145)
schutte een(1,20)
er komt(1,156)
gewelddadige ontruiming(1,11)
meer woningen(1,99)
pand al(1,28)
kransen bij(1,55)
geleden bij(1,156)
twee jaar(1,156)
politieoptreden bij(1,11)
agent niet(2,97)
ingegooid bij(1,18)
cpn wil(1,20)
vlak bij(1,149)
hulp bij(1,156)
tot steun(1,154)
werken aan(1,156)
tweede grote(1,61)
flats aan(1,58)
hotel baulig(1,27)
amsterdam dinsdag(2,122)
amsterdam zaterdag(3,124)
er dan(2,156)
toch ook(1,156)
nu ook(1,156)
te blokkeren(1,88)
barricade te(1,21)
te zetten(2,156)
te geven(1,156)
te schieten(1,156)
te zware(1,155)
te voorkomen(1,156)
het recht(2,138)
bommel en(13,151)
werk is(1,156)
na overleg(1,152)
wie is(1,156)
gemeente als(2,155)
worden nog(1,156)
we zijn(1,151)
nog open(1,156)
om dit(1,156)
raad wil(1,118)
ruimte voor(2,156)
uit voormalige(1,52)
er zo(1,117)
discussie over(1,156)
nieuws uit(3,156)
verdreven uit(1,110)
er hun(1,156)
jongeren nodig(1,5)
demonstratie tot(1,36)
panden aan(2,134)
geen problemen(1,78)
door jan(5,156)
met aankoop(1,80)
optocht met(1,126)
door jos(2,137)
met helmen(1,70)
met stenen(3,62)
bestookt met(1,89)
bom met(1,115)
dreigt met(1,143)
met gevolgen(1,62)
ging door(1,156)
opspraak door(1,25)
volledig door(1,98)
geteisterd door(1,148)
door louis(1,148)
kerk door(1,155)
niet alleen(2,156)
stadsvernieuwing niet(1,13)
worden ontruimd(1,150)
zullen niet(1,156)
verslaggevers groningen(3,36)
amsterdam maandag(2,153)
op 10(2,156)
volgens politie(1,27)
tilburgse politie(1,38)
politie stond(1,104)
politie ging(1,114)
politie kwam(1,136)
boete voor(3,154)
duitse jongeren(1,44)
beter bij(2,150)
procedure tegen(1,122)
tegen beschuldigingen(1,38)
slepen tegen(1,6)
vooroordeel tegen(1,146)
beschermd tegen(1,135)
tegen verdachten(1,33)
nieuws over(2,137)
maar kort(1,152)
gaat om(1,156)
hoofdstad weer(1,82)
beleid aan(1,125)
na kritiek(1,27)
nog geen(4,156)
nieuwe burgemeester(1,129)
weg die(1,156)
traangas uit(2,10)
laatste pand(1,14)
naar oorlog(1,95)
we naar(1,146)
niet nodig(3,82)
boos op(3,142)
met traangas(3,64)
en sympathisanten(2,39)
gemeente mag(1,131)
krijgen tot(1,140)
groningen donderdag(1,83)
als protest(1,133)
groningen opnieuw(1,45)
of niet(4,156)
onder protest(1,153)
college over(1,111)
neemt het(1,156)
verbouwing te(1,101)
het gelijk(1,156)
flats te(1,60)
afbraak te(1,150)
piersonstraat te(1,2)
te werken(1,156)
het verwijderen(1,149)
het dak(2,156)
te hoensbroek(1,102)
te huur(1,156)
keert het(1,144)
een spandoek(1,64)
een onrustig(1,108)
een manier(1,126)
geen vertrouwen(1,156)
college geen(1,96)
houden geen(1,129)
rellen rond(2,23)
leegstandswet gaat(1,1)
acties tegen(3,80)
praten met(2,123)
overleg met(2,156)
werden ontruimd(1,83)
door peter(2,127)
kunnen met(2,156)
toch binnen(1,140)
voor verbouwing(2,108)
ruimen voor(1,147)
woningbouw voor(1,87)
voor woongroepen(1,7)
vrijspraak voor(1,117)
voor vele(1,156)
voor niets(1,156)
weekeinde voor(1,54)
voor 1981(1,22)
bloemen voor(1,153)
dreigt voor(1,108)
voor alle(1,156)
voor menselijke(1,57)
kandidaat voor(1,135)
agt voor(1,27)
bouwen voor(2,150)
uit vijf(1,156)
hoofdstad na(1,54)
uit stad(2,126)
na drie(1,156)
uit hoensbroek(1,79)
terug na(1,147)
uit eerste(1,142)
feest bij(1,156)
bij ontruimingen(1,4)
bij dienst(1,77)
kon bij(1,156)
bij spanje(1,76)
bij gebruik(1,142)
bij stadsvernieuwing(1,11)
tot rellen(2,24)
gas en(3,151)
politie tijdens(2,85)
cda en(3,22)
onze verslaggevers(1,60)
toch nog(1,156)
nog veel(1,156)
maakt zich(1,156)
moeten binnen(1,154)
mogen er(1,156)
echt niet(1,109)
werk niet(1,156)
wie niet(1,156)
staat niet(1,156)
niet buiten(1,156)
niet bouwen(1,104)
is wel(1,156)
om luxe(1,73)
op tv(2,104)
huisraad op(1,63)
hopen op(1,156)
bijna op(1,156)
troef op(1,60)
liet op(1,156)
geleden op(1,156)
straten op(1,151)
wacht op(1,156)
kritiek op(3,140)
op woorden(1,137)
woningbouw op(1,78)
sluit op(1,143)
stond op(1,156)
op beschuldiging(1,101)
op komst(1,118)
op proef(1,151)
gekraakte pand(1,21)
laat me(1,132)
leegstandswet wordt(1,1)
uit woningen(2,124)
groningen dinsdag(1,78)
gesprek over(1,154)
klacht over(1,130)
nog blijven(1,153)
stad na(1,151)
geen goed(1,156)
geen geld(1,156)
beroep tegen(4,145)
noord amsterdam(1,43)
moeten uit(3,156)
gisteren met(1,156)
paniek door(1,68)
gelegd door(1,156)
door loopt(1,92)
met verf(1,122)
aken met(1,138)
met bestemming(1,154)
keuken met(1,156)
gevallen door(1,156)
door joop(1,69)
met 10(1,156)
te komen(1,156)
te gaan(1,156)
foto te(1,93)
te ontruimen(2,156)
brand te(1,156)
te houden(1,156)
woning te(1,156)
blijven tot(1,156)
doen aan(1,156)
gekraakt pand(7,14)
assistentie van(1,153)
inzetten van(1,156)
van tante(1,136)
bevestiging van(1,156)
van vakbeweging(1,73)
beat van(1,63)
van bne(1,18)
afwachting van(1,156)
van bouwvergunning(1,25)
ongelijk van(1,132)
van bree(1,155)
bezit van(1,156)
loop van(1,156)
personeel van(1,156)
banden van(1,156)
van westland(1,58)
nieuwsblad van(5,149)
begeleiding van(1,156)
verdacht van(2,156)
van lidmaatschap(1,155)
lidmaatschap van(1,156)
van 26(1,156)
afkeer van(1,156)
manier van(3,156)
achtergrond van(1,139)
van overvallen(1,71)
graad van(1,156)
van vijandschap(1,152)
gescheiden van(1,156)
van gezin(1,136)
omkomen van(1,119)
van joden(1,134)
vertegenwoordigers van(1,156)
van verschillende(1,156)
aanwezigheid van(1,156)
restanten van(1,144)
wolk van(1,143)
beschutting van(1,136)
escalatie van(1,31)
positie van(1,156)
afgeven van(1,156)
omwille van(1,80)
verschrikkingen van(1,125)
mysterie van(1,106)
notities van(1,84)
van hiernaast(1,86)
gevolgen van(2,156)
van bedden(1,149)
volt van(1,59)
van rolduc(1,106)
reglementen van(1,156)
van os(1,156)
competitie van(1,100)
van redelijk(1,83)
van yes(1,27)
van no(1,156)
felheid van(1,106)
van burgeroorlog(1,90)
resultaat van(1,156)
spoor van(1,156)
van vernieling(1,142)
brandveiligheid van(1,26)
van mevr(1,156)
van eet(1,156)
deken van(1,156)
heropening van(1,156)
koop van(1,156)
druk van(1,156)
acte van(1,155)
van wantrouwen(1,156)
van vrede(1,156)
golf van(1,156)
van andermans(1,108)
onwil van(1,153)
rectificatie van(1,146)
wisten van(1,123)
engeland van(1,155)
noemen van(1,156)
wilma van(1,43)
van meteren(1,100)
afgang van(1,33)
van agt(2,86)
kijken van(1,104)
opening van(1,156)
johan van(1,156)
ale van(2,111)
van dijk(2,156)
doel van(1,156)
genoeg van(1,156)
haalbaarheid van(1,30)
morgen van(2,156)
vervolg van(1,156)
van voorpagina(1,47)
afscheid van(1,156)
van schending(1,151)
ziekte van(1,156)
van hoofdpijn(1,119)
show van(1,80)
van stookolie(1,78)
lof van(1,155)
cor van(3,91)
van gewest(1,122)
profijt van(1,129)
trappen van(1,156)
geluid van(1,156)
van kijkers(1,93)
advertentie van(1,156)
van hef(1,155)
circus van(1,136)
van neil(1,43)
van aemstel(1,152)
scherp van(2,127)
ombudsman van(1,27)
greetje van(1,47)
wens van(1,86)
van driekwart(1,82)
misbruik van(1,156)
weg zijn(1,156)
gelijk en(1,156)
en provincie(2,155)
kransen en(1,148)
en bloemen(1,156)
helmen en(1,120)
terreur en(1,79)
vervolging en(1,156)
snelle en(1,156)
man politie(2,84)
en hoe(1,156)
politie houdt(1,118)
aanstaande en(1,155)
en sloeg(1,156)
bondsrepubliek en(1,46)
gewone politie(1,82)
en heb(1,156)
politiek en(1,156)
en wim(1,100)
en tocht(1,115)
woorden en(1,156)
klaar voor(2,136)
ons uit(1,156)
hoofdstad is(1,156)
gaat is(1,153)
zo is(1,148)
wachten is(1,156)
is maar(1,156)
geding tegen(11,136)
zaak tegen(1,156)
demonstratie tegen(3,152)
opstand tegen(1,156)
van onze(17,156)
geeft een(1,156)
een ton(1,155)
staat een(1,156)
een aantal(1,156)
hard op(3,137)
naar hotel(1,113)
die naar(1,156)
nijmegen dinsdag(1,43)
schade na(1,46)
dit pand(1,155)
groningen vrijdag(1,69)
demonstreren bij(1,33)
willen niet(2,156)
gewonden bij(2,125)
arrestaties bij(1,10)
niet wonen(1,108)
bij provincie(1,32)
de oren(1,114)
de jong(2,156)
de vuist(2,156)
de telegraaf(6,156)
hebben geen(1,156)
de waarheid(2,156)
de winkelende(1,67)
de wielingen(6,109)
bekijkt de(1,98)
de legale(1,98)
de loop(1,156)
de deur(1,156)
de poel(5,155)
de piersonstraat(4,3)
de vroege(1,155)
directie de(1,156)
de tafel(1,156)
verrichtte de(1,118)
de invallen(1,151)
omdat de(1,156)
de afkeer(1,153)
de vries(3,156)
de veertien(1,156)
de achtergrond(1,136)
de burgerij(1,156)
de blauwe(1,129)
de woonkrant(1,22)
de jongeman(2,116)
de plek(1,156)
de heerestraat(1,130)
terwyl de(1,154)
de kant(1,155)
de ach(1,134)
de 11(1,156)
de lufthansa(1,61)
de inzet(1,154)
de jaarlijkse(1,96)
de februaristaking(1,51)
de dokwerker(3,49)
bijzonder de(1,156)
langs de(1,156)
de wereld(1,156)
de vondelstraat(1,128)
de straten(2,156)
noemden de(1,137)
de aanwezigheid(1,156)
de restanten(1,130)
de geruchtmakende(1,130)
gelaten de(1,155)
de illegale(1,75)
willemstad de(1,113)
de openbare(1,156)
togen de(1,155)
de woonomstandigheden(1,26)
rukt de(1,121)
de oproerpolitie(1,34)
geen advocaat(1,108)
de prinsengracht(1,155)
de koning(1,156)
de brievenbus(1,149)
de groenburgwal(1,19)
de wals(1,126)
de verschrikkingen(1,138)
de slopershamer(1,44)
aaa de(1,154)
de gaten(1,149)
de aanval(1,156)
sporthal de(1,34)
de varenbeuk(2,28)
de vijfde(1,156)
de deelnemende(1,135)
de holz(1,65)
de organiserende(1,60)
de voorrondes(1,42)
de uitslagen(1,107)
de gelegenheid(1,156)
de reglementen(1,156)
de inschrijving(1,156)
bocholtz de(1,48)
de dr(1,156)
de heren(1,126)
de start(1,111)
de tafels(1,156)
dames de(1,156)
de organisatie(1,156)
de koploper(1,48)
de competitie(1,100)
de baan(1,156)
leve de(1,156)
de zeef(1,112)
de kaak(1,155)
de hondstraat(1,12)
de grot(2,151)
de groene(1,156)
geen nieuwbouw(1,68)
de huizenhandel(1,7)
de stadsoorlog(1,1)
de aamnaak(8,1)
de been(2,156)
de aanmaak(5,131)
de ether(1,82)
de helft(1,156)
de pineut(1,22)
de mari(3,99)
de brutaliteit(1,138)
de poppenkast(1,121)
de riem(1,151)
de mand(1,156)
de 21ste(1,135)
de haalbaarheid(1,30)
de onbetaalbare(1,64)
de city(1,156)
de hoofdredacteur(2,150)
de knel(1,114)
voorbij de(1,156)
jaap de(1,88)
de bezorger(1,84)
de wachter(1,152)
de bagwhan(1,1)
freek de(1,43)
de jonge(1,156)
de la(1,156)
de snede(2,149)
de wens(1,91)
de wal(1,156)
beheersen de(1,59)
de zeedijk(1,135)
op vrije(2,156)
op handen(2,156)
me twee(1,111)
verslaggevers nijmegen(2,27)
die er(1,156)
hand amsterdam(1,9)
uit huis(3,152)
het vertrek(1,156)
het waterlooplein(1,133)
het bekend(1,156)
het onrustig(1,117)
hier het(1,156)
het raam(1,156)
te leven(1,156)
het begin(1,156)
het westduitse(1,49)
bezetters het(1,26)
het feest(1,156)
het voormalige(1,156)
loopt het(1,156)
het tumult(1,144)
het nieuws(3,156)
vrezen het(1,55)
heeft het(2,156)
terwijl het(1,156)
lijkt het(1,120)
het journaal(1,150)
het einde(1,156)
pvda te(1,46)
is meer(2,156)
en nieuwbouw(3,80)
gemeente groningen(3,148)
gekraakt huis(2,4)
zich nog(1,156)
doen tegen(2,156)
weg naar(1,156)
amsterdam na(5,156)
200 voor(1,156)
blokkade voor(1,58)
voorwaarden voor(2,156)
voor 200(1,156)
weken voor(1,156)
regeling voor(1,155)
voor tijdelijke(1,133)
voor spd(1,38)
oproep voor(1,97)
voor 24(1,156)
deel van(4,156)
optreden over(1,73)
aan oude(1,156)
panden gekraakt(1,5)
en boete(2,155)
en peter(2,145)
nu weer(1,153)
strijd met(1,156)
met verbouwing(1,39)
gooien met(1,110)
tv door(1,47)
eerste met(1,156)
foto een(1,91)
een deel(1,156)
een hoge(1,69)
een kraker(2,28)
leven niet(1,156)
wil er(1,156)
is oorlog(1,117)
niet leven(1,149)
zelf niet(1,156)
wat is(1,156)
nieuws is(1,156)
amsterdam vragen(1,108)
barricade op(1,50)
zaak op(1,156)
bouwvakkers op(1,28)
dokwerker op(1,34)
staan op(1,156)
duizenden op(1,143)
op zwart(1,149)
woede op(1,143)
op koninginnedag(1,103)
stadsvernieuwing op(1,15)
zelf op(2,156)
krakers daar(1,1)
politie ongemoeid(1,2)
politie geeft(1,79)
terug te(1,156)
te hebben(1,156)
zo te(1,152)
bij praten(1,69)
bij brand(1,154)
gewond bij(1,119)
helpt bij(1,97)
kamer bij(2,155)
per tegen(1,48)
tegen vijf(1,156)
tegen vier(1,156)
strijd tegen(1,156)
manifestatie tegen(1,113)
plan tegen(1,112)
geen den(1,136)
blijft geen(1,130)
voor hun(2,156)
toch niet(2,156)
krakers moeten(13,3)
oorlog door(2,156)
appartement in(1,71)
in gerestaureerd(1,25)
concessie in(1,138)
in beieren(1,130)
sprongen in(1,136)
in afwachting(1,156)
bank in(2,156)
geladen in(1,151)
in parlement(1,140)
in houthem(1,56)
sneuvelden in(1,80)
in rapport(1,113)
in schinveld(1,54)
aanslag in(1,156)
herdoopt in(1,111)
overal in(1,156)
onderdak in(1,95)
in hele(1,61)
betogingen in(1,53)
bemiddelt in(1,30)
in roermond(1,107)
raadsman in(1,105)
spektakel in(1,64)
in haar(1,156)
storten in(1,155)
groenburgwal in(1,3)
kopstukken in(1,78)
in treebeek(1,73)
brandjes in(1,26)
avond in(1,156)
juichend in(1,57)
kunstenaars in(2,151)
schotwond in(1,106)
as in(1,156)
in sporthal(1,31)
verzorgen in(1,84)
in lokaal(1,143)
in harmoniezaal(1,39)
in studie(2,143)
in ieder(1,156)
in bremen(1,140)
lawaai in(1,100)
in deventer(1,137)
in kraag(1,23)
slooppanden in(1,7)
in kro(1,45)
in trek(1,150)
in kleine(1,156)
in bijlmer(1,18)
opnemen in(1,156)
in beijum(1,14)
in kader(1,97)
reisbureau in(1,71)
straatgevechten in(2,57)
in slaap(1,156)
in zeist(1,96)
drukkerij in(1,139)
in vlammen(1,153)
in maastricht(1,143)
situatie in(1,99)
in uniform(1,156)
lacht in(1,109)
in belgische(1,142)
sleep in(1,65)
hem in(1,156)
in opspraak(2,132)
in eksit(1,10)
in hessen(1,143)
in susteren(1,62)
in bologna(1,95)
kerkgebouw in(1,132)
in tiel(1,112)
doeve in(1,6)
landen in(1,156)
congres in(1,155)
stof in(1,154)
socialisten in(2,128)
milieuorganisaties in(1,11)
aandelen in(1,69)
in container(1,19)
terrorist in(1,18)
in oosterpoort(1,14)
rechercheurs in(1,102)
festival in(1,71)
regelrecht in(1,110)
in monte(1,97)
in diepste(1,97)
verrassend in(1,87)
belastinggeld in(1,16)
in cijfer(2,64)
beeld is(1,155)
is je(1,155)
leegstand is(1,20)
van lucky(2,48)
herdenking van(2,151)
nacht van(2,156)
van der(4,156)
van omstreden(2,26)
premier van(2,129)
de kraakster(3,4)
in cijfers(55,156)
sport in(59,111)
studenten en(1,156)
en wooneenheden(1,9)
vries en(1,156)
en cees(1,76)
en pistolen(1,151)
speculanten en(1,132)
en braakgas(1,2)
radio en(1,75)
rechtsstaat en(1,48)
bakker en(1,156)
en niemand(1,156)
uit protest(2,88)
kraken is(2,17)
tegen woningnood(2,2)
tegen mr(2,148)
vrijwillig het(1,133)
haalt het(1,147)
het aantal(1,156)
het werk(1,156)
laat te(1,156)
het kraakt(1,83)
zetten een(1,140)
ze een(1,155)
wachten op(2,156)
willen geen(1,153)
met groep(1,73)
speculatie met(1,69)
woensdag met(1,151)
met eigenaar(2,73)
met praten(1,119)
wonen door(1,121)
wethouder met(1,100)
agent met(1,132)
pand verlaten(1,46)
voor verhuur(1,89)
water voor(2,156)
plan voor(1,156)
voor 60(1,156)
maanden voor(1,156)
gevechten voor(1,79)
problemen voor(1,84)
steun uit(1,115)
man bij(1,156)
bij banken(1,96)
buurt bij(1,117)
klacht bij(1,124)
huis te(2,156)
de zaak(2,156)
de nederlandse(2,156)
de slag(2,156)
de keuken(2,156)
politie beter(1,35)
pand grote(2,34)
af van(4,156)
amsterdam was(1,156)
binnen en(5,156)
beter tegen(1,140)
proces tegen(1,156)
verzet tegen(2,156)
tegen leegstand(2,4)
demonstraties tegen(1,94)
krijgen geen(1,122)
actie bij(3,103)
het blijft(2,156)
in hoger(5,63)
water niet(1,156)
niet zonder(1,156)
om zich(1,156)
roepen op(1,155)
op straat(1,156)
barricaden op(1,67)
kans op(2,156)
dak op(1,148)
hoensbroek op(1,72)
bouwen op(1,155)
straat op(1,156)
vertrouwen in(4,156)
de foto(3,99)
peter de(3,155)
woningen uit(1,102)
groningse politie(2,44)
dat bij(1,156)
henk de(4,78)
met voorwaarden(1,131)
gesprek met(1,156)
met geld(1,156)
hand door(1,154)
leven door(1,156)
komt met(1,156)
ze met(1,156)
het gekraakte(1,24)
houden het(1,156)
het vrije(1,156)
gebouw te(1,156)
in wageningen(3,105)
een jaar(2,156)
van anders(1,153)
van complex(1,35)
huisraad van(1,126)
van huize(1,113)
uitslag van(1,156)
bedrijfspand van(1,39)
van maken(1,156)
van adriani(1,19)
kantoren van(1,156)
van werken(2,156)
verwijderen van(1,155)
van heel(1,156)
jos van(2,108)
van perry(1,81)
standbeeld van(1,156)
vervolging van(1,156)
straten van(1,156)
verwacht van(1,156)
toestand van(1,156)
richting van(1,133)
uitstel van(1,156)
van verdediging(1,155)
van meneer(1,118)
muziekschool van(1,123)
overbodig van(1,19)
john van(1,128)
aanvang van(1,156)
vonhoff van(1,26)
van denken(1,155)
lid van(1,156)
van wraking(1,11)
motie van(1,156)
provocatie van(1,100)
van falend(1,13)
van leegstaande(1,63)
van niets(1,156)
van terreur(1,77)
verdachten van(1,108)
van minister(1,156)
van hulp(1,156)
meningen van(1,61)
programma van(1,156)
van zigeuners(1,62)
van subsidies(1,103)
nog niet(2,156)
justitie niet(1,153)
panden niet(1,70)
krakers verdreven(2,1)
honderd krakers(2,4)
gemeente nijmegen(2,140)
wanhoop en(1,151)
en betogers(1,37)
stad en(2,156)
nederland en(1,156)
en buiten(1,156)
cel voor(2,85)
eis voor(1,84)
voor zaanstad(1,3)
me zijn(1,127)
dan geen(1,156)
uit twee(1,156)
je uit(1,128)
weg bij(2,156)
tegen banken(1,5)
een zaanse(1,39)
een kans(1,135)
een anti(1,125)
met nieuwe(2,156)
raad te(1,156)
te krijgen(1,156)
achter het(2,156)
weer naar(1,154)
in aken(2,126)
in gebruik(2,156)
sympathisanten in(2,25)
in westduitse(2,42)
in neurenberg(2,106)
in bolsward(2,105)
in opstand(2,156)
recht in(2,133)
utrecht niet(1,149)
bij ontruiming(9,34)
je niet(1,148)
wij niet(1,156)
het huis(3,156)
de dag(1,156)
de kamerleden(1,132)
de uitslag(1,156)
de circa(1,150)
waar de(2,156)
roepen de(2,156)
de terreur(1,102)
de vervolging(1,156)
de staking(1,156)
standbeeld de(1,46)
de eerste(2,156)
toen de(1,156)
reden de(1,156)
de bijeenkomst(1,156)
de wacht(1,156)
de toestand(1,156)
de richting(1,133)
de demonstranten(1,90)
de hand(3,156)
de gevolgen(1,156)
de lange(1,156)
zw de(2,70)
de aanvang(1,156)
wim de(1,86)
de rel(1,132)
waarom de(1,156)
de korrel(1,146)
de oppositie(1,156)
de verkeerde(1,156)
altijd de(1,156)
de politiek(1,156)
gevraagd de(1,156)
de gouden(1,156)
de botenmakersstraat(1,3)
de tocht(1,130)
de bisschop(1,156)
pistool de(1,56)
tot na(1,156)
op wethouder(1,63)
donderdag op(1,156)
op beleid(1,34)
praten op(1,102)
vertrouwen op(1,156)
op ons(1,156)
voor rechter(2,116)
acties met(1,67)
gaat door(1,155)
met acties(1,45)
vragen met(1,155)
in groningen(27,156)
woningnood en(2,80)
nijmegen nu(1,7)
het zelf(1,156)
dit het(1,156)
het leven(1,156)
het lege(1,123)
het doet(1,156)
een westberlijnse(1,35)
een open(1,156)
nijmegen is(3,155)
in west(18,155)
geen weg(1,147)
geweld aan(1,156)
huis gekraakt(1,3)
er weer(1,149)
om er(1,156)
huizen voor(1,154)
pvda voor(1,45)
geld voor(1,156)
wiegel voor(1,18)
handen van(2,156)
van noord(2,156)
sloop van(2,78)
van wethouder(2,142)
blijft bij(1,156)
ruiten bij(1,89)
amsterdam die(1,156)
door me(4,150)
rellen in(14,34)
zijn aan(1,156)
veel te(1,156)
te veel(1,156)
komen en(1,156)
dode en(1,61)
cel en(2,124)
oud en(1,156)
demonstraties en(1,95)
en zaanstad(1,21)
geding over(2,87)
in hoofdstad(4,104)
steden door(1,153)
met steun(1,107)
jaar tegen(2,156)
een beeld(1,156)
je een(1,145)
steun van(3,156)
om te(2,156)
is zich(1,156)
huizen op(1,156)
op voorwaarden(1,155)
brief op(1,154)
dinsdag op(1,127)
doet op(1,156)
op komt(1,121)
op plaats(1,155)
op andere(1,156)
haag op(1,128)
krakers eruit(1,3)
tussen krakers(2,11)
krakers willen(5,5)
politie laat(1,96)
het pand(7,156)
dat het(1,156)
het gaat(1,156)
het zo(1,148)
advocaat het(1,101)
met geweld(2,156)
huis door(2,156)
bij politiebureau(1,18)
bij twee(1,156)
moet bij(1,156)
steden tegen(1,86)
tegen optreden(1,72)
komen de(2,156)
voor advocaat(1,78)
amsterdam wil(1,136)
oorlog met(1,156)
met wat(1,156)
door zaterdag(1,54)
schade door(1,156)
weg te(1,156)
trekken in(1,156)
in delfshaven(1,68)
vuist in(1,115)
communisten in(1,80)
in debat(2,128)
willems in(2,129)
piersonstraat in(2,1)
dag in(1,156)
woensdagavond in(1,123)
in staking(1,99)
gebouwen in(1,156)
in amstelveen(1,73)
gevechten in(2,151)
in conflict(1,134)
in centrum(1,122)
optocht in(1,116)
in sint(1,109)
drugs in(1,27)
in vroegere(1,156)
in bondsrepubliek(1,18)
in gevaar(1,156)
in toekomst(1,106)
eindigt in(1,137)
jeugd in(2,156)
eredoctoraat in(1,52)
termijn in(1,154)
land in(1,156)
in gemeenteraad(1,55)
psp in(1,35)
in aparte(1,96)
in utrecht(5,156)
voeten van(1,156)
van oude(3,156)
zender van(1,87)
van honderd(1,156)
begin van(1,156)
spandoek van(1,27)
geven van(1,156)
van kon(1,154)
van speculanten(1,137)
plaats van(2,156)
van verf(1,140)
van woede(1,156)
einde van(1,156)
ontslag van(1,156)
van premier(1,91)
van spanje(1,156)
de stad(3,156)
beroep bij(1,153)
bij raad(1,64)
bij veiling(1,120)
haag en(1,156)
en pvda(1,48)
politie was(1,155)
politie mag(1,90)
weg uit(1,155)
niet onder(1,156)
niet of(1,156)
vonnis tegen(1,154)
tegen luxe(1,49)
het wordt(1,156)
te meer(1,156)
ook een(1,156)
op dat(1,156)
op vrijdag(1,156)
terug op(1,156)
anonieme krakers(3,2)
na kort(1,149)
in nijmegen(22,133)
aan gemeente(1,120)
door kamer(1,90)
gebouw met(1,156)
voor tweede(1,155)
stad voor(1,156)
kans voor(1,155)
voor optreden(1,91)
wordt voor(1,156)
van ex(3,150)
geding om(1,46)
actie tegen(2,151)
meer uit(1,156)
en veel(2,156)
niet weg(1,156)
bij rellen(2,28)
de herestraat(1,45)
de stadsvernieuwing(1,26)
via de(1,155)
de zender(1,86)
de spd(1,55)
de barricade(1,111)
gisteren de(1,156)
de amsterdamse(4,120)
de nacht(1,156)
terwijl de(1,156)
martinus de(1,127)
de alternatieven(1,47)
de telefoon(1,118)
de buurt(2,156)
begin de(1,146)
toch een(1,156)
een nieuwe(1,156)
uitspraak in(3,156)
in amsterdam(22,156)
voor geweld(2,142)
van een(20,156)
huis uit(1,156)
aan de(12,156)
het was(1,156)
blijft het(1,156)
zich te(1,156)
het westberlijnse(1,42)
was het(1,156)
niet meer(1,156)
is er(1,156)
traangas en(1,62)
en ben(1,156)
nieuwbouw en(1,83)
hotel bij(1,134)
nijmeegse krakers(9,3)
van frigge(3,23)
geding niet(2,86)
blijven een(1,156)
in handen(2,156)
in brand(2,156)
in verzet(4,154)
krakersrellen in(2,5)
onrust in(2,156)
demonstraties in(2,94)
in a'dam(2,71)
demonstratie voor(1,121)
was voor(1,156)
over ontruiming(3,16)
niet binnen(1,156)
er geen(1,156)
rechter tegen(1,65)
wij het(1,156)
het gebouw(1,156)
in tweede(3,155)
van plan(1,156)
ton van(1,156)
huur van(1,156)
afbraak van(1,156)
staat van(1,156)
van nederland(1,156)
van buiten(1,156)
kraakster van(1,1)
van dak(1,147)
verhuur van(1,146)
profiteurs van(1,47)
van werk(1,156)
van bouwen(1,142)
officier van(1,156)
plan van(1,156)
me het(3,156)
in beroep(4,149)
op justitie(1,49)
wat op(1,156)
barricades op(1,77)
woningen op(1,154)
worden op(1,156)
op ruiten(1,49)
demonstratie op(1,138)
zeven krakers(1,7)
westberlijnse krakers(3,1)
tientallen krakers(1,7)
en water(1,156)
en anti(1,123)
nodig voor(1,70)
voor je(1,156)
kamer voor(1,156)
niet uit(3,156)
tegen groninger(1,20)
groningen om(1,146)
huis van(4,156)
toch door(1,156)
hotel door(1,135)
weer geen(1,126)
het duitse(1,95)
het groningse(1,63)
naar het(2,156)
aan me(1,142)
politie maakt(1,101)
herestraat in(1,26)
stadhuis in(1,149)
geschorst in(1,134)
vast in(1,156)
sfeer in(1,83)
gast in(1,139)
in geslaagd(1,156)
in paniek(1,100)
amsterdammers in(1,114)
relschoppers in(1,11)
tumult in(1,102)
lang in(1,156)
in nacht(1,141)
tribunaal in(1,55)
vandaag in(2,117)
gestolen in(1,112)
voeten in(1,156)
politiegeweld in(1,3)
spd in(1,47)
poging in(1,156)
in uitvoering(1,156)
in plaats(2,156)
vogel in(1,147)
meer bij(1,156)
ruiten van(2,147)
van barricades(2,43)
de wanhoop(1,156)
de afbraak(1,156)
de betogers(1,61)
hoensbroek de(1,76)
de singel(1,151)
de provincie(1,156)
de jeugd(1,156)
de straat(1,156)
een geweld(1,137)
gebouw op(1,156)
moet op(1,156)
beroep voor(1,151)
onder door(1,150)
uit naar(1,156)
blijven door(1,156)
of met(1,156)
rechtbank en(1,130)
en den(1,156)
en justitie(1,156)
geding aan(1,66)
het amsterdamse(1,114)
het ook(1,156)
huis bij(1,156)
rond een(1,126)
krakers eisen(2,1)
de nieuwe(3,156)
door burgemeester(1,156)
jaar door(1,156)
protest door(1,134)
pand om(1,47)
in kamer(3,152)
in eigen(3,156)
voor groninger(1,54)
van donderdag(1,156)
gewond van(1,129)
beleid van(1,156)
van overleg(1,145)
binnenstad van(1,92)
kraak van(2,68)
van cda(1,22)
boete van(1,156)
van ons(1,156)
cda van(1,21)
raad op(1,156)
groningen na(1,144)
zich bij(1,156)
bij zijn(1,156)
de open(2,156)
tot ontruiming(1,147)
kraker en(1,21)
eigenaar en(1,156)
en eigenaar(1,155)
cpn en(1,52)
en leegstand(1,14)
polak in(2,116)
is het(3,156)
me en(3,156)
de grote(4,98)
het kort(2,156)
groninger krakers(3,3)
vijf krakers(1,6)
aantal krakers(1,10)
uit het(4,156)
moeten het(1,156)
of het(1,156)
met jongeren(1,69)
door geweld(1,156)
de mensen(1,148)
foto de(1,89)
de binnenstad(1,150)
wil de(3,156)
de regering(1,156)
de tien(1,156)
de groep(1,156)
geen ontruiming(2,14)
politie binnen(1,96)
met zijn(1,156)
dan op(1,156)
nu op(1,156)
bij het(5,156)
het st(1,156)
in discussie(1,156)
straat in(1,156)
in staat(1,156)
in strijd(1,156)
discussie in(1,156)
ongeregeldheden in(1,154)
in duitsland(1,85)
demonstreren in(1,52)
over aan(1,156)
kraakt in(1,54)
werk in(1,156)
van dit(1,156)
van ziekenhuis(1,90)
van leven(1,156)
van deze(1,156)
van lege(1,75)
om de(5,156)
op om(2,156)
naar de(4,156)
achter de(2,156)
de duitse(2,105)
politie zich(1,153)
actie door(1,103)
tegen ontruiming(4,7)
zich tegen(1,156)
na het(2,156)
op als(1,156)
of op(1,156)
krakers of(3,5)
is geen(1,156)
ontruiming van(11,156)
niet door(3,156)
ontruimd door(1,80)
aan tegen(2,156)
en toch(1,156)
vonnis in(2,156)
barricades in(2,32)
banken de(1,137)
heeft de(1,156)
mei de(1,156)
de pvda(1,50)
op burgemeester(1,101)
krakers kunnen(1,3)
groep krakers(1,16)
op de(20,156)
op het(7,156)
me niet(1,146)
pand aan(1,147)
en weer(2,156)
polak van(1,131)
van hun(1,156)
van traangas(1,62)
van drie(1,156)
voor jongeren(1,111)
tegen krakers(18,13)
weer een(1,156)
en onder(1,156)
cel in(2,117)
mogen in(2,156)
woning in(1,156)
in proces(1,107)
in plannen(1,73)
verzet in(2,144)
dicht in(1,125)
politiebureau in(2,116)
in zaanstad(1,22)
brand in(1,156)
in binnenstad(1,64)
in beeld(2,127)
in arnhem(1,155)
college in(1,129)
ons in(1,156)
in vrije(1,152)
gas in(1,148)
zich voor(1,156)
nog voor(1,156)
en west(2,156)
krakers werden(2,10)
met politie(4,116)
met gemeente(1,83)
en de(20,156)
de drie(1,156)
de acties(1,91)
de nieuwbouw(1,87)
de hoofdstad(1,156)
ben de(1,156)
heerlen de(1,102)
onder de(2,156)
maar de(1,156)
gaat de(1,156)
nijmegen door(2,137)
door rellen(1,13)
is te(1,156)
optreden van(1,155)
steden van(1,156)
pand door(2,102)
gemeente tegen(1,136)
van de(37,156)
van het(13,156)
pand van(6,154)
amsterdam over(1,156)
zich op(1,156)
amsterdamse krakers(2,8)
politie er(1,142)
nijmeegse politie(1,40)
kraken het(1,9)
kraakpand aan(1,20)
van geweld(2,156)
na een(1,156)
de me(4,156)
en geweld(1,156)
weer met(1,153)
komt in(1,156)
baulig in(2,3)
kritiek in(1,122)
in lege(1,68)
stenen in(1,59)
goed in(1,156)
in ziekenhuis(1,108)
wiegel in(1,27)
ziekenhuis in(1,133)
is niet(1,156)
van rechtbank(1,98)
worden van(1,156)
panden van(1,152)
barricades van(1,48)
vonnis van(1,156)
van den(1,156)
van geertsema(1,62)
van justitie(1,156)
uit de(7,156)
uur de(1,156)
de tweede(1,156)
de zaanse(1,61)
gemeente het(1,156)
en zich(1,156)
in grote(3,78)
in actie(3,120)
actie in(3,138)
kraakactie in(3,6)
actie van(2,149)
als krakers(2,7)
krakers maar(1,3)
hotel in(2,156)
nu in(2,156)
gekraakt en(2,84)
voor een(3,156)
niet met(2,156)
voor rellen(1,21)
willen van(1,156)
van je(1,156)
beeld van(1,156)
van eigenaar(1,153)
van jan(1,156)
in kort(4,156)
mag de(1,156)
bezet de(1,156)
rond de(2,155)
de westberlijnse(1,44)
was de(1,156)
voor krakers(15,11)
pand voor(2,124)
pand uit(1,82)
te amsterdam(1,156)
en ontruimd(1,85)
hard in(1,125)
keer in(1,155)
in hebben(1,156)
kraakpanden in(2,14)
vragen in(1,156)
parkeergarage in(1,31)
terug in(1,156)
kraken van(2,117)
op politie(4,73)
krakers en(18,23)
door na(1,155)
is een(1,156)
de actie(2,155)
om het(1,156)
ontruiming is(1,46)
uit amsterdam(1,156)
ontruiming op(3,54)
er op(1,156)
krakers uit(7,21)
zaanse krakers(1,1)
veiling van(1,156)
raad van(1,156)
kraakpand in(8,22)
pand op(2,135)
mogen de(1,156)
de cel(1,153)
de kraak(1,74)
de cpn(1,58)
voor de(11,156)
van gemeente(2,153)
de politie(9,156)
amsterdam niet(1,155)
en politie(4,156)
gemeente en(1,156)
in russisch(1,130)
werd in(1,156)
uur in(1,156)
in stad(1,155)
water in(1,156)
er van(2,156)
van groninger(1,127)
van nijmeegse(2,18)
op te(2,156)
politie een(2,155)
van pand(4,122)
krakers zijn(2,18)
de groningse(1,67)
krijgen de(1,154)
de knokploeg(1,58)
de rechter(1,136)
er en(1,156)
en rellen(1,30)
geweld in(2,156)
uit op(2,156)
de gemeente(2,156)
van veel(1,156)
van die(1,156)
nieuwe van(1,156)
krakers aan(4,6)
in de(34,156)
rechtbank in(1,129)
in panden(1,54)
schade in(1,156)
in den(1,156)
oorlog in(1,156)
weer in(3,156)
berlijn met(1,155)
ook de(1,156)
en het(4,156)
groningen met(1,156)
van kraakpanden(1,12)
een te(1,156)
op tegen(3,156)
politie groningen(1,15)
amsterdam bij(1,156)
maakt de(1,156)
die de(1,156)
in cel(1,89)
kraker in(1,17)
kraak in(1,63)
voor ontruiming(2,65)
weg van(1,156)
van burgemeester(1,156)
aan het(1,156)
in berlijn(4,156)
een kraakpand(1,24)
als de(1,156)
het is(1,156)
en me(1,156)
tegen politie(2,48)
op een(2,156)
berlijn het(1,156)
in raad(1,116)
in duitse(1,96)
op ontruiming(2,23)
krakers ook(1,3)
krakers niet(5,10)
door de(6,156)
nijmegen tegen(1,122)
de weg(1,156)
jaar de(1,156)
van binnen(1,156)
met amsterdam(1,155)
van amsterdam(3,156)
groningen voor(1,156)
door te(1,156)
tegen de(6,156)
die krakers(1,11)
krakers die(1,25)
in groninger(1,91)
ontruiming in(6,72)
zijn van(1,156)
na de(2,156)
is op(1,156)
uit met(1,156)
om krakers(2,9)
tegen het(2,156)
berlijn op(1,155)
van grote(1,86)
kraakactie van(1,5)
een ontruiming(1,79)
de jongeren(1,145)
de heer(1,156)
groningen op(1,156)
politie uit(1,148)
de ontruiming(4,156)
de nog(1,156)
politie niet(1,153)
in als(1,156)
niet tegen(1,156)
bij de(4,156)
de kraakactie(1,21)
over en(1,156)
groningen en(1,156)
in burgemeester(1,54)
burgemeester in(1,155)
wil in(1,156)
ontruimd de(1,91)
is de(2,156)
in het(7,156)
me in(2,156)
leegstandswet in(2,2)
door een(1,156)
het niet(1,156)
meer in(1,156)
met krakers(5,13)
en tegen(2,156)
nijmegen en(1,156)
krakers in(22,25)
jongeren in(1,110)
de krakers(16,38)
in een(4,156)
nog in(1,156)
zijn in(1,156)
om van(1,156)
niet op(1,156)
politie in(5,156)
kraakpand van(2,3)
niet in(3,156)
krakers met(4,13)
politie door(1,151)
de weer(1,156)
en niet(1,156)
kraken in(1,47)
krakers er(1,8)
geding van(1,125)
met de(3,156)
krakers op(5,18)
krakers bij(3,6)
door het(1,156)
de leegstandswet(1,11)
een van(2,156)
nijmegen in(2,154)
er in(1,156)
in rellen(1,9)
in pand(2,144)
pand in(2,155)
krakers van(10,26)
gekraakt van(1,1)
amsterdam in(2,156)
is van(1,156)
om in(1,156)
van krakers(9,19)
berlijn van(1,155)
van groningen(1,156)
politie op(1,156)
van geen(1,156)
voor het(1,156)
en met(1,156)
politie van(2,156)
over de(1,156)
groningen de(1,156)
en krakers(4,18)
politie en(1,156)
van nijmegen(1,156)
het op(1,156)
op voor(1,156)
voor op(1,156)
aan krakers(1,4)
aan in(1,156)
en voor(1,156)
amsterdam de(1,156)
krakers geen(1,6)
is in(1,156)
niet van(1,156)
op in(3,156)
berlijn in(1,155)
krakers tegen(2,5)
kraakpand de(1,9)
van ontruiming(1,102)
krakers te(1,17)
het in(2,156)
ontruiming de(1,22)
en in(2,156)
door krakers(1,19)
in politie(1,72)
krakers de(3,21)
en van(1,156)
in tegen(1,156)
krakers voor(1,6)
op krakers(1,5)
in op(1,156)
in van(1,156)
