voordelig saldo(1,65)
ernstig verzwakt(1,75)
bijzonder vreemd(1,75)
roolvink schmelzer(1,1)
prinses armgard(1,41)
gekomen welke(1,145)
johan olde(1,9)
afwachtende houding(1,145)
langdurige onderhandelingen(1,146)
recente foto(1,66)
november 1973(1,26)
united states(1,148)
have reached(1,14)
multinationale ondernemingen(1,25)
vanaf 1961(1,31)
nippon airways(1,11)
broer jean(1,10)
jean paul(1,152)
1972 werden(1,18)
woont thans(1,133)
luxueus appartement(1,30)
reliance gr(1,7)
sears roeb(1,69)
sterl drugs(1,4)
studb wo(1,4)
toledo fd(1,15)
verboden toegang(1,110)
treasury secretary(1,7)
kosten betalen(1,115)
vrijstaat beieren(1,15)
democratische kandidatuur(1,24)
past three(1,7)
three weeks(1,36)
ontsnapte gevangenen(1,70)
koffer vol(1,80)
tien mille(1,118)
mea culpa(1,92)
frans jozef(1,142)
harrie cremers(1,26)
cremers telefoon(1,8)
telefoon 718100(1,4)
dwingende reden(1,47)
geef hem(1,144)
each other(1,34)
golda meir(1,39)
redelijk vermoeden(1,41)
robert wagner(1,50)
jesse winchester(1,2)
duits echtpaar(1,33)
rendez vous(1,81)
beide limburgen(1,44)
onrecht aangedaan(1,109)
aly knol(1,21)
zult gij(1,155)
diplomatieke activiteit(1,57)
gods toorn(1,76)
progressieve krachten(1,47)
henny korver(1,17)
ongelooflijke staaltjes(1,26)
verenigde staten(1,117)
89,00 88.00(1,17)
doeke vaartjes(1,17)
midden oosten(1,72)
138 136(1,93)
144 148(1,88)
fc utrecht(1,29)
doctor who(1,12)
schoon schip(1,122)
nou sil(1,32)
sil it(1,56)
atlantic richfield(1,25)
barry hughes(1,32)
totalitaire regimes(1,29)
openhartige gesprekken(2,25)
wiek geschoten(2,88)
james bond(1,34)
derde deel(1,156)
besloten zittingen(1,35)
financiele administratie(1,15)
verschil tussen(1,75)
sankt moritz(2,42)
werkzaamheden begonnen(1,144)
begin november(1,128)
breda gevangen(1,14)
gevangen zitten(1,140)
ten berge(1,149)
aircraft corporation(1,22)
aireraft corp(1,19)
advocaat william(1,4)
deze buitengewone(1,155)
sunday times(2,92)
jarige leeftijd(1,106)
ernstige schade(1,123)
mars field(2,4)
mart mar(2,12)
may dep(2,52)
midi ross(2,4)
monsanto 79(1,9)
phelps dod(2,23)
phillips pet(2,18)
texas instr(1,39)
texas ut(1,17)
hevig verzet(1,121)
louis velleman(2,33)
on trial(1,20)
onvertogen woord(1,95)
verdere acties(1,55)
bild zeitung(1,33)
juiste keuze(1,104)
communistische partij(1,79)
718100 toestel(1,6)
toestel 239(1,14)
jacques fahrenfort(2,6)
felle protesten(1,71)
savornin lohman(1,141)
dood veroordeelde(1,155)
economische stagnatie(2,35)
eerst bijeen(1,87)
klaarheid brengen(1,88)
kennis gebracht(1,130)
sociaaldemocratische partij(1,107)
sta boven(1,5)
interne conflicten(1,41)
slechts zijdelings(1,110)
helemaal tevreden(1,49)
dear henry(1,4)
ten voorbeeld(1,156)
minst slechte(1,88)
algemene regel(2,58)
interne machtsstrijd(1,29)
knellende banden(1,143)
marcus bakker(1,50)
kaarten liggen(1,92)
liggen anders(1,59)
voormalig verzet(1,47)
martin deelen(1,11)
hun rivalen(1,58)
koning klant(1,51)
volgen procedure(1,77)
174 175(1,128)
piet heil(2,30)
even slecht(1,146)
orkaan belle(2,1)
onverminderd voortgezet(1,62)
prime rate(2,28)
vijf maanden(1,156)
minder schepen(1,66)
ferry hoogendijk(1,23)
algemeen belang(1,156)
rechtse nationalisten(1,3)
journalist jack(1,7)
inquiry into(1,8)
per ongeluk(1,119)
groningse hoogleraar(1,43)
twintigtal personen(1,118)
kasteel warmelo(1,15)
absolute meerderheid(1,100)
wellicht binnenkort(1,94)
zo verklaarde(1,63)
adviseerde hij(1,79)
voeten gesteld(1,156)
states and(1,65)
right and(1,22)
maakt melding(1,155)
hollandse maffia(1,1)
rechtse beweging(1,18)
zelfmoord plegen(1,99)
lone star(2,52)
min mining(2,3)
philip morr(2,12)
10b phillips(2,2)
eerder afgelegde(1,64)
afgelegde verklaringen(1,151)
reynolds 63(1,5)
95 sears(1,2)
union carb(1,39)
twintig personen(1,156)
ondanks hevig(1,53)
jet star(1,7)
tros aktua(1,21)
fel omstreden(1,66)
laakbare activiteiten(1,1)
los angeles(1,103)
nare dingen(2,85)
moeten toezien(1,136)
geringste twijfel(1,76)
weken voort(1,27)
wijs beleid(1,142)
letterlijke tekst(2,76)
herman wigbold(3,35)
russische piloot(1,17)
reeds eerder(1,134)
eerder veroordeeld(1,95)
juni a.s(1,127)
zwijgende meerderheid(1,26)
philip mok(1,25)
eerste aflevering(1,156)
helmuth schmidt(1,19)
zelf uitmaken(1,94)
hij aftreedt(1,53)
donderend applaus(2,118)
bepaalt zelf(1,61)
oostenrijkse televisie(1,35)
z'n raap(1,19)
voorbeeld gesteld(1,136)
an evening(1,28)
jaren zeventig(1,51)
twijfel bestaan(1,156)
al.co ofa(1,1)
254 257(1,51)
jones index(1,34)
trouble with(1,27)
leuk programma(1,44)
hans hoffmann(2,15)
z'n kop(1,69)
wij kregen(2,136)
zuid korea(1,54)
bleef ongedeerd(1,130)
felle concurrentie(1,93)
directie weigert(1,31)
jack anderson(3,14)
kolonel pantchoulidzew(1,4)
contact onderhouden(1,72)
hun baan(1,86)
victor baarn(3,4)
interessant boek(1,106)
vrienden zo(1,42)
groot succes(1,141)
korrel genomen(1,51)
gedwongen deze(1,76)
deze order(1,129)
maatregel genomen(1,156)
genomen omdat(1,156)
duistere praktijken(1,68)
persoonlijke verplichtingen(1,45)
ir besancon(1,15)
zweedse koning(1,49)
kunnen concurreren(1,90)
louche praktijken(1,10)
volgende begroting(1,31)
laatste schakel(1,88)
hoogst ernstige(1,137)
britse leger(1,59)
franse wapenindustrie(1,7)
elseviers magazine(4,27)
zuid afrika(1,144)
direct contact(1,88)
januari uitspraak(1,56)
fractievoorzitter wiegel(1,7)
prinsen naast(1,6)
casino spelen(1,1)
groot onrecht(1,122)
democratisch presidentskandidaat(1,6)
actuele onderwerpen(1,53)
krachten nodig(1,55)
groningen loopt(1,25)
koninklijke familie(1,156)
140 139(1,109)
v.d poel(1,72)
76.00 76.00(1,27)
westduitse ambassade(1,36)
176 176(1,113)
sinds gisteren(1,137)
speciaal fonds(2,97)
96 95(2,148)
brug komen(1,105)
inzicht geven(1,94)
worden geloofd(1,87)
worden onderzocht(1,156)
speciale verslaggever(4,84)
le monde(2,155)
haar werkzaamheden(1,130)
zover bekend(1,61)
the united(1,145)
the u.s(1,44)
onder ede(1,128)
le jeune(2,141)
haar broer(1,119)
zeggen waar(1,148)
fair child(5,5)
johns mnv(5,6)
un techn(1,14)
vernietigend oordeel(2,94)
functies neergelegd(2,35)
parlementaire redactie(1,45)
christen democraten(2,68)
gebeurde omstreeks(5,64)
edo brandt(1,19)
leefde onder(1,88)
onder valse(1,61)
wegens smaad(1,113)
onder vuur(1,114)
haar werkwijze(1,71)
via liechtenstein(1,3)
hard oordeel(1,84)
rhodesische kwestie(1,10)
paar suggesties(1,21)
we konden(1,123)
mijn kinderen(1,133)
grotere omzet(1,48)
kleine omzet(2,89)
henk hoekstra(1,43)
ruime omzet(1,44)
state department(3,80)
onthullend licht(1,10)
jaren belangrijk(1,114)
weinig speelruimte(1,40)
4000 per(1,127)
volgens zegslieden(1,49)
zesde maand(2,49)
buitenlandse kranten(1,51)
wijze mannen(2,102)
deed aangifte(1,118)
hoogleraar staatsrecht(1,17)
verklaarde gistermiddag(1,47)
belangrijkste passages(2,37)
an agreement(1,27)
uiterst rechts(1,79)
ter gelegenheid(1,156)
hoog niveau(1,89)
ill centr(2,11)
263 266(1,56)
n.a philips(2,8)
ter beschikking(1,156)
geding gebracht(1,89)
north ill(1,5)
74 southern(1,18)
stand br(1,85)
union o.c(1,8)
volkomen vrij(1,155)
internationaal niveau(1,61)
ig farben(1,24)
ter attentie(1,60)
johnson and(1,21)
and johnson(1,8)
aantal leden(1,156)
buitenlandse betrekkingen(1,57)
nico scheepmaker(6,32)
langer dan(1,156)
regina 1976(1,1)
ter kennis(1,156)
rijke zakenman(1,35)
verouderde neptunes(1,3)
ter sprake(1,156)
ds ton(1,22)
gulden mee(1,91)
duurder dan(1,154)
129 128(1,116)
72 int.tel.tel(1,1)
hij liegt(1,100)
december 1976(1,23)
mr smit(1,149)
tegenstellingen binnen(1,63)
mei 1962(1,39)
bert stoop(7,24)
wordt duidelijk(1,147)
general dynamics(5,39)
andere duistere(1,74)
dit uiterst(1,133)
rep steel(1,50)
xerox 61(1,5)
der stoel(2,100)
stan huygens(7,28)
aow wordt(1,31)
queen juliana(1,6)
mei 1977(1,26)
general tire(1,26)
maandag j.l(1,127)
juliana regina(1,24)
mr kist(1,133)
andere keus(1,153)
half mei(1,154)
geeft je(1,103)
dit seizoen(1,131)
175 gillette(1,1)
der hoeven(1,156)
andere regeringspolitiek(1,6)
schrijvende pers(1,34)
ak ona(5,4)
paar weken(2,156)
wereld natuurfonds(3,29)
nieuw stadium(1,103)
zal doen(1,156)
veel interesse(1,80)
vele duizenden(1,156)
hoge ambtenaren(1,61)
nieuw voedsel(1,154)
geruime tijd(1,156)
philips gl(1,34)
beierse csu(1,31)
beslag genomen(2,156)
spaanse officieren(1,12)
65 shell(1,32)
25b gulf(1,1)
gaf mij(1,155)
nieuw stukje(1,65)
militaire aankoopbeleid(1,4)
derde land(1,67)
wij hadden(1,156)
bleef liggen(1,150)
hoge kringen(1,36)
persoonlijke brieven(1,52)
militaire autoriteiten(1,156)
nader inzien(5,154)
ernstigste crisis(1,46)
maanden nodig(1,58)
laatste poging(1,156)
ons staatsbestel(1,74)
laatste koning(1,68)
vaste stemming(1,155)
functies neer(3,58)
huygens journaal(4,21)
eind juni(1,96)
buiten dienst(1,156)
per maand(2,156)
1,1 min(1,26)
with us(2,46)
werd weggehaald(1,99)
mariano rumor(1,9)
teengs gerritsen(7,23)
gefotografeerd tijdens(1,40)
eigen zak(2,134)
106 103(1,91)
266 266(1,70)
eigen huid(1,86)
roept vragen(2,29)
bal toe(1,81)
programma zelf(1,64)
plotselinge ontslag(1,37)
eerste gesprek(1,86)
politieke leiders(1,112)
eigen initiatief(1,126)
eigen verzoek(1,156)
blad newsweek(1,30)
politieke inmenging(1,60)
echt goed(1,80)
62 62(1,152)
95 96(1,155)
78 78(1,152)
100 punten(1,106)
verslaggever bert(3,22)
der poel(3,156)
kon olie(5,72)
wegens laster(1,151)
verklaring afleggen(1,151)
moet inzicht(1,14)
woord worden(1,137)
misschien toch(2,124)
limburgs dagblad(9,53)
mijn vrouw(1,134)
alle gewenste(1,62)
rien robijns(10,18)
henk ten(1,41)
hier volgen(1,155)
the agreement(1,29)
190 189(1,107)
un corp(1,33)
western un(1,14)
waar zit(1,121)
illegale betalingen(1,6)
alle fronten(1,82)
omstreeks 1960(3,40)
gelijk recht(1,105)
ongeoorloofde betalingen(1,4)
dubieuze betalingen(1,4)
alle lof(1,153)
geheime loonlijst(1,1)
nos journaal(1,27)
ze mijn(1,115)
worden ingelicht(1,156)
konden toch(1,125)
bet hl(4,46)
bavuk cig(1,11)
hield stand(3,122)
eind mei(2,94)
west duitsland(3,57)
dr holtrop(5,40)
to improve(1,35)
vorig jaar(3,156)
bekende naam(1,97)
publiciteit rond(1,35)
nederlandse autoriteit(1,7)
grote verschuivingen(1,49)
zij eisten(1,58)
committee to(1,19)
to question(1,15)
to stop(1,42)
to be(2,156)
grote sussen(2,1)
nederlandse regeringsfunctionaris(1,1)
trouwde zij(1,84)
werden zij(1,156)
zij woont(1,123)
ai geruime(1,11)
speelde zij(1,119)
raadsels rond(1,23)
likely to(1,32)
senator proxmire(1,3)
iets omlaag(1,53)
valse naam(1,59)
grote belangstelling(1,69)
jaar geleden(1,156)
wel langer(1,125)
inspecteur generaal(7,109)
senator jackson(1,15)
bayuk eig(1,2)
first week(1,13)
nederlandse leeuw(1,60)
verdere informatie(1,107)
komt eind(2,54)
nodig geweest(1,62)
leden kunnen(1,155)
weinig verschil(1,154)
franse blad(1,56)
vindt prof(1,42)
oorlogsmisdadigers die(1,53)
die vocht(1,57)
getuigenissen die(1,84)
doorgaans zeer(1,135)
zeer betrouwbare(1,118)
franse film(1,57)
72 m.g.m(1,2)
stand o.c(1,6)
neem die(1,119)
west europa(1,109)
bern zwitserland(1,57)
volgende maand(2,156)
internationale overeenkomst(1,135)
kunnen hoog(1,27)
maar beslist(1,115)
moeten zwijgen(1,128)
ter dood(1,156)
presidentskandidaat carter(2,1)
verkeerde conclusies(1,88)
internationale samenwerking(1,101)
toestemming nodig(1,53)
degene die(1,156)
zijdelings ter(1,13)
hoe werkt(1,101)
belangrijkste functie(1,42)
belangrijk zegt(1,34)
pvda ppr(1,22)
groene licht(2,106)
gaf toestemming(1,78)
schmidt c.s(1,9)
hoe vertel(1,39)
lid blijven(1,92)
blijven zei(1,98)
jimmy carter(1,30)
zeer kalme(1,145)
januari 1976(2,26)
februari 1976(1,25)
bayuk cig(9,23)
190 190(2,122)
gaat studeren(1,47)
hebben gekregen(1,156)
hebben aangenomen(1,156)
hubert weisbrod(1,1)
126 125(1,119)
utrecht gaat(1,93)
fred foppen(6,3)
senator frank(4,17)
loopt kans(1,91)
ben alleen(1,127)
alleen cpn(1,9)
geert jan(10,85)
optie had(1,19)
189 gillette(1,3)
73 m.g.m(1,2)
motorola 49(2,10)
79 80(1,156)
had gesproken(1,156)
had direct(1,90)
boven dit(1,153)
dit soort(1,155)
meer belasting(1,134)
ver achter(1,150)
wim kan(1,60)
93 94(2,156)
104 102(1,107)
kan aantonen(1,57)
verder terrein(1,63)
leidt tot(3,156)
bekeerd tot(1,100)
heel wat(1,154)
tot spreken(1,154)
nu definitief(1,134)
tot daden(1,152)
wat rustiger(1,118)
weinig invloed(2,156)
nooit enig(1,66)
blad le(1,154)
and holland(1,40)
and for(1,122)
haar dochter(1,133)
123 124(1,151)
lang bekend(1,155)
koninklijk paar(2,118)
werk geven(1,133)
weken bezig(1,99)
zelf haar(1,137)
functie neer(1,96)
henk terlingen(1,26)
jan laan(10,56)
blijft erbij(1,72)
blijft aandringen(1,141)
militaire vliegtuigen(1,85)
north hl(1,4)
65 65(1,151)
wij kunnen(1,156)
gaf opdracht(1,77)
lachje af(1,34)
onze volksvertegenwoordiging(1,128)
gaan samen(1,106)
140 140(1,143)
ons land(2,156)
118 120(1,143)
71 71(1,155)
227 227(1,103)
97 98(1,155)
98 98(1,155)
brokkelen af(1,14)
royal dutch(1,76)
ik ben(2,156)
hadden niets(2,149)
man leefde(1,88)
voelt niets(1,90)
ik heb(1,156)
heb niets(1,155)
ik sta(1,156)
ik aanvaard(1,118)
ik noem(1,156)
niets bijzonders(2,156)
niets veranderd(1,156)
slimme man(1,15)
190 gillette(2,3)
mot 69(2,9)
ploeg waren(1,73)
vries pvda(1,32)
werd ingesteld(1,155)
werd gedwongen(1,137)
twee leden(1,156)
wrigley 81(1,2)
goede dingen(1,136)
eigen doel(1,107)
italiaans kabinet(2,2)
eigen streek(1,82)
koninklijk huis(3,156)
italiaanse partijen(1,7)
eerder dan(1,156)
geheim dossier(1,28)
120 122(1,144)
122 121(1,117)
voorlopig geheim(1,22)
100 102(1,147)
goede steun(1,79)
wat anderen(4,149)
vuile was(1,59)
vrije voeten(1,156)
was signed(1,8)
was bestemd(1,156)
duisenberg was(1,4)
latijns amerika(1,57)
onze verslaggevers(5,60)
124 125(2,152)
hebben gehad(2,156)
aanklacht wegens(2,124)
onze speciale(4,107)
hier ging(1,126)
the department(1,41)
paper 68(2,8)
50 nabisco(1,5)
ontvangst nam(1,121)
betalingen gedaan(1,44)
alle blaam(1,94)
moet aftreden(1,151)
kamer debatteert(1,17)
geheime diensten(1,72)
poel laat(2,7)
binnenlandse zaken(1,117)
zoek contact(1,35)
speciaal vliegtuig(1,67)
verder uiteen(2,113)
justitie verklaarde(1,121)
heer teengs(1,38)
verklaringen wordt(1,50)
exxon 51(3,8)
72 73(2,155)
amerikaans vliegtuig(1,50)
der lek(1,149)
nederland betreft(1,144)
internationale pers(2,95)
dit hoort(1,107)
62 61(1,149)
anderen er(4,152)
68 68(3,153)
nederlandse industrie(1,60)
rumoer rond(1,52)
to aid(1,17)
commission to(1,16)
bank zou(1,146)
refuses to(1,7)
alleged to(1,7)
zou weten(1,154)
procent heeft(1,80)
grote pressie(1,14)
dollars to(1,21)
naam noemen(1,137)
rel rond(1,33)
51 fair(2,7)
goed nieuws(4,133)
bereidt zich(3,152)
verontschuldigt zich(1,106)
100.000 dollar(5,90)
strekt zich(1,156)
verzocht zich(1,156)
25.000 dollar(4,79)
88 uniroyal(1,1)
verweert zich(1,93)
zich afzijdig(1,85)
zich zorgen(1,77)
begaf zich(1,156)
stapelen zich(1,97)
schaart zich(1,151)
stock exchange(21,103)
herstelde zich(1,156)
twee hoge(2,54)
biedt ons(1,130)
weinig materiaal(1,92)
frank church(5,15)
pvda ging(1,31)
treedt af(4,140)
oude vrienden(1,152)
zeer rijke(1,155)
71 72(1,155)
tijd verdwenen(2,87)
82 phelps(1,1)
pvda lid(1,32)
hoog gaan(1,71)
zal graag(1,79)
onze economie(2,68)
zeer voorzichtig(1,127)
willen horen(1,60)
veel blijken(1,125)
communisten willen(1,64)
zeer vaag(1,115)
67 66(1,151)
goede stemming(1,155)
73 73(2,154)
104 104(2,153)
mijn vriend(1,156)
for holland(1,50)
for the(1,156)
by the(1,156)
alle functies(2,89)
we toch(2,141)
mijn mensen(1,51)
mijn functies(1,11)
50 50(4,156)
69 69(1,155)
237 237(1,97)
157 157(1,127)
197 197(1,110)
fors omhoog(1,32)
vrije volk(18,106)
britse minister(3,61)
ford motor(7,85)
wijzen hebben(1,77)
als tussenpersoon(2,58)
als adviseur(1,131)
politie gaat(1,98)
weten wie(1,155)
vredeling gaat(1,2)
als vals(1,43)
als tussenschakel(1,21)
als winnaar(1,89)
als degene(1,123)
als verkoopleider(1,32)
chessie svst(1,6)
chessie sy(1,1)
nieuwe directie(1,135)
nieuwe revue(1,98)
nieuwe ontwikkelingen(1,65)
nieuwe stijl(1,102)
heer gerritsen(1,120)
drie oorlogsmisdadigers(1,14)
tweede reis(1,148)
nieuwe rembrandt(1,5)
nieuwe linie(2,62)
nieuwe revu(1,29)
drie krijgsmachtonderdelen(1,22)
drie modellen(1,76)
drie prinsen(2,42)
dow jones(3,62)
moest later(1,104)
boek geeft(1,106)
monsanto 80(1,5)
mot 71(1,16)
80 motorola(1,1)
49 nabisco(1,5)
80 phelps(1,3)
steeds meer(1,156)
geld besteed(1,135)
jozef strauss(1,20)
wiegel vvd(1,17)
na hard(1,84)
97 93(1,112)
94 93(1,153)
na vijf(1,156)
chessie syst(24,7)
ruim miljoen(1,55)
360 miljoen(1,40)
miljoen gulden(2,97)
1,6 miljoen(1,40)
4,5 miljoen(1,40)
1,8 miljoen(1,40)
1.1 miljoen(1,38)
70 miljoen(1,49)
380 miljoen(1,39)
terug zonder(1,150)
900 miljoen(1,42)
350 miljoen(1,42)
cr zellerb(16,2)
vice president(4,156)
radio tv(1,39)
moet beslissen(1,154)
openbaar maken(1,155)
aantal documenten(1,91)
buitenlandse zaken(1,107)
oude vriend(1,140)
tweede kamer(6,156)
bekend hoe(1,156)
nemen tot(1,156)
eastm kod(28,24)
paper 67(1,8)
vrij snel(1,125)
omstreeks 1968(1,3)
meerderheid moet(1,119)
twee nederlanders(1,118)
poging tot(1,156)
inzien hoe(1,149)
onder druk(1,102)
licht komen(1,155)
kod 109(1,2)
tm kod(1,2)
goede start(1,75)
chase manh(31,14)
cariing o'k(3,6)
comm sat(27,14)
cities serv(25,58)
ziet af(2,119)
materiaal komt(1,50)
90 91(4,156)
gaan volgende(1,34)
92 92(2,155)
gaan zei(1,117)
blijft vaag(1,21)
dart md(2,5)
118 118(2,132)
carling o'k(23,7)
125 123(2,101)
nederlandse functionaris(1,6)
betaald zou(1,140)
du pont(33,153)
geruchten rond(1,87)
wel eens(1,156)
wel vervangen(1,40)
pont 133(1,10)
pont 132(1,9)
pont 126(1,6)
pont 138(1,9)
pont 144(1,8)
fractie hoger(2,47)
cat tract(30,4)
koningin juliana(5,49)
liet niets(1,155)
pogingen om(1,156)
slag om(2,129)
afnemers om(1,19)
om hierdoor(1,115)
gevecht om(1,106)
uyl verwacht(3,10)
er zit(1,138)
om nadere(1,156)
mij niets(1,156)
niets gevraagd(1,117)
moed om(1,156)
linkse kamerleden(1,3)
lachen om(1,122)
vertel ik(1,120)
beschikt nog(1,96)
alleen bezig(1,140)
zoekt nog(1,127)
ampco pitt(30,7)
coca cola(35,68)
11 mars(2,24)
nog onbekend(1,156)
nog zeker(1,125)
nog lachen(1,83)
atl richt(2,25)
ampco pttt(1,3)
ampco pilt(1,2)
104 fair(1,2)
paper 73(1,7)
holland wordt(1,155)
politieke crisis(2,125)
tast ook(1,29)
medewerking toe(1,107)
zijn gekomen(1,156)
slachtoffers zijn(1,124)
die verklaringen(1,151)
steekt zijn(1,111)
67 67(1,153)
81 motorola(1,2)
72 72(1,155)
italiaanse luchtmacht(1,30)
eastem air(2,7)
pepsico 81(1,3)
74 74(1,154)
ook buitenlands(1,19)
ook strafbaar(1,85)
zijn netten(1,116)
maar eens(1,156)
wiegel tijdens(1,11)
zijn talloze(1,58)
ook afscheid(1,73)
schaadt ook(1,63)
pvda stelt(1,25)
129 129(1,136)
et paso(1,8)
eaitern air(1,1)
ashland ou(4,12)
eastern air(26,23)
wat omhoog(2,90)
was bedoeld(1,139)
agreement was(1,15)
col gas(33,38)
minister visser(1,14)
minister antwoordt(1,128)
dit jaar(2,156)
als gevolg(2,156)
waar blijft(2,156)
zaken zal(1,156)
krijgen alle(1,98)
gaan instellen(1,104)
laatste nieuws(1,134)
kamer liet(1,134)
ons parlement(1,137)
veel functies(1,28)
zal snel(1,80)
waarheid zal(1,155)
zal nooit(1,156)
moet lid(1,65)
51 51(2,153)
129 eastern(4,4)
122 122(2,137)
60 mobil(2,10)
aandelen enz(14,19)
actieve aandelen(3,45)
atl richf(26,19)
meer concerns(1,1)
binnen pvda(1,2)
achter slot(1,146)
agt justitie(1,7)
wordt beschuldigd(1,156)
us steel(1,54)
schmidt had(1,50)
boeing jumbo(1,8)
agt alleen(1,5)
buitenlandse pers(1,61)
prof mr(1,108)
49 chasemanh(1,1)
73 72(1,146)
80 78(1,125)
moest verder(1,97)
eindelijk weer(1,131)
weer uitgesteld(1,100)
zichtbaar is(1,126)
is bijzonder(1,156)
is onzeker(1,156)
is geworden(1,156)
betrekken is(1,99)
is uitgevonden(1,150)
inmiddels is(1,156)
paul is(1,110)
is gescheiden(1,153)
is woedend(1,134)
leuzen tegen(1,56)
is teer(1,117)
is hubert(1,19)
bestand tegen(1,153)
protesten tegen(1,146)
klachten tegen(1,124)
is leren(1,35)
weer zoiets(1,45)
hetze tegen(1,84)
is onjuist(1,156)
democratie is(1,123)
is noodzakelijk(1,156)
weer dicht(1,119)
dicht tegen(1,113)
trok weer(1,98)
weer zwak(1,45)
81 82(5,155)
hoge nederlandse(2,45)
heeft gisteren(2,156)
betrokken zou(1,122)
heeft besloten(1,156)
heeft deze(1,156)
gen mot(7,67)
volgende week(1,156)
65 jaar(1,143)
grote beroering(1,60)
98 bayuk(1,2)
gedaan heeft(1,156)
publiek heeft(1,156)
delegatie uit(1,108)
weggehaald uit(1,82)
uit 1850(1,36)
duidelijk uit(1,156)
122 123(1,150)
deur uit(1,156)
politieke invloed(1,103)
tweede kamerlid(1,112)
gevangenen uit(1,150)
vol uit(1,123)
loo uit(1,94)
echtpaar uit(1,107)
moeten tot(1,155)
gebeurtenissen uit(1,153)
123 122(1,114)
emigranten uit(1,126)
als inspecteur(4,146)
30.000 dollar(1,71)
stort zich(2,131)
houdt zich(2,156)
buigen zich(1,108)
4000 dollar(1,58)
dollar gestort(1,8)
11 litton(3,8)
indonesische aandelen(14,18)
deed ons(1,155)
zwitserse regering(3,60)
carter houdt(1,5)
televisie blijft(1,10)
boek maar(1,122)
iets hoger(5,60)
voorwaarde dat(1,156)
verklaard dat(1,156)
contr dat(31,5)
53 sterl(1,6)
mot 73(1,9)
dat frans(1,126)
dit geeft(1,156)
61 61(1,152)
exxon 104(1,1)
control dat(1,11)
aantonen dat(1,69)
pont 124(2,9)
jaar goed(2,151)
58 jarige(1,73)
58 monsanto(1,9)
morr 58(1,2)
geheime betalingen(2,3)
mag komen(1,149)
co ol(3,8)
gen publ(7,16)
niets gehad(1,72)
man die(4,156)
ik vroeg(1,155)
ik wist(1,156)
beschuldiging gesteld(1,152)
wist niets(1,131)
kamerleden stellen(1,5)
gen food(6,24)
als onderwerp(1,132)
hebben gisteren(1,156)
onderwerpen als(1,155)
gaat mogelijk(1,25)
leest als(1,113)
york zaterdag(1,34)
york stock(23,36)
campagne tegen(4,108)
te helpen(2,156)
drie wijzen(1,107)
te stoppen(1,156)
te werken(1,156)
failliet te(1,110)
te gast(2,137)
den haag(17,156)
te bevorderen(1,156)
drie wijze(2,49)
te trappen(1,133)
goodwill te(1,58)
te kweken(1,67)
te annuleren(1,51)
te verplichten(1,128)
toevlucht te(1,129)
te zeggen(1,156)
informatie vragen(1,26)
14 midi(2,1)
mp 14(2,5)
drie adviseurs(1,12)
diskrediet te(1,64)
te nebben(1,156)
zijn kritiek(2,98)
huid te(1,149)
te redden(1,156)
te verwachten(1,156)
bestseller te(1,18)
te openbaren(1,155)
te verbergen(1,156)
den berg(1,156)
reders te(1,16)
te verschaffen(1,156)
den uy(1,21)
kabinet moro(1,4)
te traag(1,127)
te beletten(1,156)
te ontsnappen(1,156)
stelt vragen(1,69)
118 eastern(4,2)
135 eastern(1,1)
1414 14(1,37)
te dure(1,114)
gyp 14(1,1)
te melden(1,156)
te verenigen(1,72)
binnenlandse aandelen(3,27)
verleent aan(1,153)
aan buitenlanders(1,128)
mexico aan(1,102)
wel worden(1,156)
overhandigd aan(1,150)
voedsel aan(1,155)
appartement aan(1,33)
waar zij(1,156)
epe int(26,14)
gen cable(4,19)
int flav(5,34)
int harv(5,49)
int nickel(5,55)
int paper(5,51)
aan irak(1,57)
baby aan(1,70)
aan boord(1,156)
aan egypte(1,119)
besteed aan(1,156)
aan vu(1,41)
aan dubieuze(1,11)
mensen praten(1,50)
cpc int(3,12)
omzet iets(1,81)
iets omhoog(1,92)
ashland 01l(2,13)
den uyl(33,76)
meer materiaal(1,91)
na verhoor(1,152)
directeur ir(1,82)
zaak blijkt(1,81)
andere tijd(1,98)
ministers willen(1,78)
weet na(1,116)
93 92(1,150)
was besproken(1,134)
vraag was(1,156)
amerika bereid(1,67)
burl n.lnd(1,1)
new york(53,155)
miljoen mark(1,74)
curt wi(1,13)
wisselkoersen new(11,28)
cites serv(1,1)
beursredacteur new(1,19)
ver terug(1,100)
new yorkse(4,61)
opzet of(1,125)
accused of(2,13)
of justice(1,67)
nat res(30,20)
nat cash(2,41)
nat dist(4,40)
nat gyps(3,21)
nat tea(5,23)
of support(1,9)
nagaan of(1,153)
uitvoeren of(1,102)
of verdwijnen(1,77)
uitmaken of(1,152)
nat re(2,14)
evening of(1,17)
of comedy(1,18)
ja of(1,154)
of nee(1,95)
of march(1,68)
curt wr(55,36)
pont 122(5,11)
ik kan(4,156)
alle informatie(1,36)
een onverwacht(1,155)
een hoeveelheid(1,141)
een demonstratie(1,138)
eisten een(1,54)
een recente(1,88)
kamer stemt(1,26)
een geleense(1,25)
vocht een(1,94)
een borgtocht(1,107)
washington the(1,21)
een subcommissie(1,111)
1961 een(1,38)
een pension(1,109)
een luxueus(1,82)
een rolletje(1,124)
een la(1,142)
een falsificatie(1,25)
een buitenkansje(1,131)
opdracht tot(1,125)
tot secretaris(1,155)
een echte(1,153)
maar we(1,148)
een avondje(1,117)
een koopje(1,144)
zeer flauw(2,120)
een triest(1,85)
zeer fors(1,43)
101 101(2,153)
el paso(8,98)
pont 125(7,8)
japan fund(5,32)
tandycraft 13(1,4)
13 tenneco(1,5)
13 gulfo.can(1,1)
13 control(1,1)
131 13(1,113)
man zou(3,156)
tv vandaag(4,11)
ploeg vvd(1,14)
juliana werd(1,77)
canadese fondsen(43,25)
92 publ(1,3)
blijft lid(1,71)
ppr wil(1,21)
92 90(2,127)
onze tijd(2,153)
91 91(1,155)
91 92(1,156)
is gereed(2,156)
we hebben(1,149)
via weisbrod(1,1)
later terug(4,153)
80 80(3,154)
49 49(3,153)
fractie heeft(1,93)
heeft betaald(1,155)
82 85(2,137)
grote druk(1,59)
goede naam(1,156)
pont 140(2,7)
pont 135(1,8)
olie hoger(2,8)
miljoen dollar(10,71)
blijken uit(2,156)
52 fair(2,4)
ging om(2,155)
vertraging bij(1,109)
gast bij(2,117)
bemiddeling bij(1,102)
hartelijk om(1,119)
benoemd om(1,156)
aangifte bij(1,155)
zei ik(1,144)
voorop bij(1,48)
poging om(1,156)
onrust bij(1,104)
bij arbeiders(1,68)
hielp bij(1,101)
valt er(1,156)
bij herhaling(1,156)
spanning om(1,88)
land er(1,154)
bij grotere(1,55)
bij kleine(2,156)
zich horen(1,61)
min dollar(1,30)
dollar per(1,144)
trekt zich(1,153)
paso 14(7,13)
suiker niet(1,127)
niet bekende(1,151)
japanse maatschappij(1,30)
meer gegevens(3,113)
nog steeds(1,156)
niet zichtbaar(1,123)
niet geloven(1,74)
japanse hoofdstad(1,50)
niet doorgegane(1,15)
niet bereikbaar(1,128)
zouden niet(1,156)
lehman 11(2,8)
itv 11(1,4)
niet getuigen(1,97)
niet uitgezonden(1,70)
toch kans(1,97)
paar had(1,95)
japanse luchtvaartmaatschappij(1,22)
niet relevant(1,36)
niet wijzer(1,140)
niet schuldig(1,156)
brit had(1,23)
niet nagaan(1,139)
mocht niet(1,127)
niet staken(1,109)
actie meer(1,79)
niet wezenlijk(1,116)
deugt niet(1,139)
niet helemaal(1,74)
niet uitgesloten(1,154)
niet duurder(1,139)
verder omhoog(1,91)
amerikaanse journalist(1,56)
amerikaanse senatoren(1,46)
verschillende amerikaanse(1,53)
zou hebben(2,156)
co of(41,121)
geen haast(3,150)
geen kwaad(3,156)
84 colgate(10,2)
kregen geen(2,114)
geen vervolging(2,120)
geen beslissing(2,139)
geen verdere(2,154)
geen overeenstemming(1,131)
zijn woord(1,156)
geen bankrekening(1,5)
zijn praatstoel(1,75)
terecht zijn(1,116)
zijn afgerond(1,53)
team geen(1,41)
geen langdurige(1,69)
zijn bedrijf(1,156)
zijn advocaat(1,138)
italiaanse krant(1,30)
regering stelt(2,90)
geen onvertogen(1,76)
zijn hoofd(1,156)
geen uitzicht(1,127)
regering erkent(1,83)
geen coalitie(1,57)
oude staat(1,71)
geen nare(2,53)
dan maar(1,156)
geen gouden(1,119)
zijn onschuld(1,131)
regering begint(1,26)
betreft geen(1,145)
kabinet houdt(1,39)
vooralsnog geen(1,147)
geen redelijk(1,120)
geen lachje(1,41)
zijn ze(1,156)
leverden geen(1,133)
geen vuurwerk(1,75)
zijn doel(1,156)
zeer druk(1,155)
fors terug(2,29)
21 merek(1,3)
21 wrigley(1,3)
elk 21(1,14)
201 21(1,62)
japanse indonesische(15,9)
getty oil(5,22)
imp oil(5,10)
mobil oil(2,42)
sun oil(1,22)
oil pr(1,11)
wereld vandaag(2,36)
co ofa(2,1)
drs den(5,55)
baarn was(1,37)
grote wapenaankopen(1,1)
nabisco 44(2,1)
pr 43(1,22)
43 syntex(1,7)
pers heeft(2,146)
44 burrouchs(1,1)
besmet door(1,98)
geschokt door(3,155)
achtervolgd door(1,147)
door johan(1,139)
rijk door(1,155)
gezin door(1,152)
uitgezocht door(1,88)
59 monsanto(1,13)
mining 59(1,4)
59 polaroid(1,8)
door edo(1,37)
door regeringen(2,39)
door hans(3,110)
lichten door(1,105)
door jacques(2,101)
door nico(6,82)
orde door(1,154)
rust door(1,154)
door herman(3,131)
dochter als(1,130)
door martin(2,114)
door aly(1,3)
door christina(2,24)
door henny(1,62)
ontsnappen door(1,116)
door piet(2,112)
door winstnemingen(2,90)
kop door(1,111)
cola 81(8,6)
burroughs 90(6,1)
onze parlementaire(1,142)
ons recht(1,130)
gaan akkoord(1,33)
blijft hier(1,155)
64 54(2,122)
vakantie af(1,24)
fors lager(1,28)
comm.w ed(24,5)
italianen naar(1,79)
naar methoden(1,59)
naar aanleiding(2,156)
naar londen(1,156)
doorgeschoven naar(1,30)
83 83(1,151)
greyhound 14(4,15)
51 52(3,156)
124 eastern(1,2)
gooien naar(1,88)
strijd naar(1,118)
naar democratische(1,39)
zoeken naar(1,155)
naar zichzelf(1,78)
naar da(1,155)
vertrek naar(1,156)
naar lech(1,17)
122 eastern(3,3)
81 81(4,151)
mining 60(1,3)
60 polaroid(1,12)
south pac(1,94)
dow chem(23,35)
84 84(7,152)
afstaan aan(2,149)
pont 123(2,8)
nat steel(5,46)
31 deere(1,5)
sys 38(1,1)
fred meuser(3,4)
meer dan(1,156)
enig geld(1,90)
extra geld(1,74)
andere regering(2,84)
verder dan(1,156)
na jaren(1,156)
49 flor(1,2)
ik zoek(1,144)
86 86(3,153)
vervolging tegen(1,153)
laster tegen(1,138)
aanslag is(1,155)
is bedoeld(1,155)
protest tegen(1,156)
is gistermiddag(1,117)
sussen is(1,2)
weer begonnen(1,126)
proces tegen(2,156)
wet tegen(1,154)
stappen tegen(1,87)
samenwerking tegen(1,47)
getuige tegen(1,97)
navo is(1,44)
parlementair onderzoek(3,99)
gerechtelijk onderzoek(4,128)
al heel(1,153)
ambtelijk onderzoek(1,50)
kritisch onderzoek(1,70)
1,1 miljoen(1,40)
aican al(1,14)
al co.of(1,1)
moest terug(1,118)
onderzoekcommissie heeft(1,1)
85 84(3,150)
heeft vertrouwen(1,120)
naam ons(1,97)
pont 118(3,9)
iets lager(2,156)
heeft vele(1,156)
113 nat(2,15)
premier miki(6,2)
83 colgate(3,2)
een beerput(2,97)
geen cent(4,156)
italiaanse parlement(1,50)
uit ziekenhuis(1,30)
uit bedrijfsleven(1,22)
gegevens ter(1,112)
zijn we(2,154)
een enig(2,68)
te maken(3,156)
kabinet onder(1,141)
uit rotterdam(1,156)
werd dag(1,78)
verslag uit(1,156)
burroughs 96(1,1)
burroughs 95(1,1)
69 89(1,107)
kod 113(1,2)
all nippon(1,10)
tel aviv(1,76)
maakte zich(1,156)
61 ampex(3,5)
cola 84(9,4)
met opzet(1,156)
stopt met(1,57)
vergelijking met(1,156)
royaal met(1,103)
onderhouden met(1,155)
gesprek met(3,156)
dreigen met(1,143)
met veiligheid(1,64)
concurreren met(1,80)
met amerikanen(1,81)
brak met(1,121)
coalitie met(1,104)
zwendel met(1,78)
voort met(1,156)
met tegels(1,99)
voorzichtig met(2,123)
figuur met(1,119)
met materieel(1,97)
met robert(1,98)
thriller met(1,52)
stijgt met(1,108)
met 170(1,142)
met gebeurtenissen(1,69)
57 amprx(1,1)
blij met(3,106)
verenigen met(1,71)
oppositie wil(1,82)
koningin zal(2,155)
26b dart(1,2)
alcan al(45,28)
dat bedrijf(1,154)
na arrestatie(2,67)
feit dat(1,156)
gistermiddag dat(1,75)
cola 80(5,7)
zij later(1,156)
later iets(1,148)
pont 129(2,7)
100 101(1,155)
101 100(1,151)
58 philips(1,21)
toch weg(1,108)
het grijpen(1,129)
nr het(1,124)
het hoofdkantoor(1,156)
het verloop(1,155)
het lagerhuis(1,156)
omdat het(1,156)
het paleis(1,156)
het ogenblik(1,155)
flor pow(6,12)
het moeilijk(1,130)
het gevecht(1,156)
het gebeurde(5,156)
het revanchisme(1,14)
het partijbestuur(2,104)
scoort het(1,61)
het plotselinge(1,149)
handelingen het(1,126)
het publiek(2,156)
deden het(1,156)
het normbesef(1,38)
am.el pow(1,1)
haarlem het(1,152)
niets zegt(1,134)
twee kamerleden(1,75)
45 santa(1,5)
reis om(1,155)
maar ik(2,156)
toestemming om(1,146)
engeland om(1,155)
45 45v(2,28)
ashland oil(27,32)
amf inc(7,11)
hebben ontvangen(1,156)
hebben veel(1,156)
ontvangen hebben(1,156)
ld 11(1,82)
nog lang(1,156)
nog beslissen(1,75)
mei tot(1,156)
nog moeten(1,156)
pensioen nog(1,63)
nog eens(1,156)
11 li(1,155)
li 11(1,155)
11 culbroc(1,1)
69 anaconda(2,23)
niet blij(2,113)
88 88(5,156)
40 4c(1,16)
403 40(1,51)
weer actief(2,86)
actie tegen(2,151)
nooit weer(2,146)
omzet weer(2,41)
weer flauw(4,45)
te treden(1,156)
maakt geen(2,155)
geen strafvervolging(2,81)
gerritsen die(1,92)
zijn hand(1,147)
maar werd(1,156)
order te(1,154)
te nemen(1,156)
14 esmark(4,4)
burroughs 89(5,2)
81 colgate(5,2)
83 82(1,145)
17 rep(1,22)
te brengen(1,156)
geen heksenjacht(2,24)
klaar te(2,147)
wellicht ook(1,130)
verwacht geen(2,126)
aankopen te(1,49)
politici te(1,85)
zijn pensioen(1,156)
legt zijn(1,121)
zette ook(1,104)
111 el(1,35)
86 87(4,155)
te volgen(1,156)
82 83(1,156)
87 97(1,114)
17 ta(1,71)
bij nader(5,156)
betrokkenen aan(1,78)
mag wel(1,156)
263 int(1,7)
22 quaker(1,12)
syntex 22(1,4)
22 tandy(1,6)
schenking aan(1,88)
mark aan(1,120)
alcan ai(5,13)
22 hiltonh(1,2)
po 22(2,5)
armoo st(1,2)
31 kansas(3,24)
421 42(1,101)
kan veel(1,152)
na verkiezingen(1,50)
geld ontvangen(2,153)
ir meuser(1,4)
ernstige zaak(1,150)
veel meer(1,156)
houdt vast(1,136)
exxon 90(1,4)
93 90(1,121)
zeer vast(3,155)
street moest(3,22)
het vrije(17,156)
armco st(29,25)
schuiven op(1,114)
aandringen op(1,156)
op voorwaarde(1,156)
studeren op(1,52)
reageert op(1,92)
wachten op(1,156)
op villa(1,100)
opwinding op(1,71)
op springen(3,97)
minister kissinger(1,8)
op toekomstige(1,121)
verblijft op(1,71)
op nummer(1,121)
op goederen(1,155)
traden op(1,146)
drugs 16(1,4)
16 wh.labrat(1,4)
reactie op(1,132)
bestrijden op(1,93)
op achtergrond(1,71)
boter op(1,149)
woedend op(1,138)
pressie op(2,136)
op oorlogspad(1,62)
op instorten(1,97)
toezien op(1,144)
hoopt op(1,155)
meest op(1,156)
beslist op(1,140)
op barsten(1,28)
op straat(1,156)
partijen op(1,156)
toezicht op(1,131)
vuurwerk op(1,150)
kijk op(1,115)
op ene(1,137)
steekpenningen betaald(1,5)
op prinsjesdag(1,60)
ontmoeting op(1,136)
spreker op(1,155)
op joods(1,43)
op retour(1,65)
compleet op(1,106)
op mini(1,26)
aanklacht tegen(3,127)
zich bezig(1,156)
dc 10(1,88)
10 tw.cent(1,3)
wall street(112,107)
pilt 10(1,1)
wall streel(3,37)
contract over(1,95)
panoramiek over(1,6)
verdrag over(1,123)
struikelt over(1,81)
mening over(1,64)
overeenstemming over(1,109)
miljoen ging(1,23)
onzeker over(1,47)
over toelating(1,76)
geworden over(1,156)
ruzies over(1,35)
memorandum over(1,76)
vaag over(2,49)
vergadert over(1,28)
zorgen over(1,103)
uitspraak over(1,155)
praat over(1,109)
over resultaten(1,58)
bestaan over(1,152)
over stadsvernieuwing(1,17)
over zicht(4,104)
dokumentaire over(1,26)
over emigranten(1,4)
125 eastern(3,2)
48 chasemanh(1,1)
wil praten(3,81)
wil wel(3,156)
bethl st(29,49)
saldo voor(1,137)
miljardenorder voor(1,6)
ruil voor(1,145)
afleggen voor(1,127)
interesse voor(1,89)
voor bemiddeling(1,88)
verantwoordelijk voor(1,156)
voor zover(1,84)
voor waarin(1,156)
voor multinationale(1,11)
kweken voor(1,51)
ross 24(2,4)
24 reliance(1,5)
24 transam(1,3)
voor mezelf(1,98)
voorwaarden voor(1,156)
juist voor(1,156)
voor eerherstel(1,33)
molens voor(2,49)
voor elektriciteit(2,40)
adhesiebetuigingen voor(1,2)
regeringen voor(2,62)
werktuigen voor(1,150)
voor massa(1,59)
gedragscode voor(1,23)
man achter(1,123)
voor russische(1,147)
pleiter voor(1,111)
vrijspraak voor(1,117)
voor 380(1,75)
beschikbaar voor(1,146)
voor beide(1,156)
president directeur(2,92)
oprichting voor(1,103)
voor toezicht(1,119)
dankbaarheid voor(1,156)
welkom voor(1,88)
voor vertrek(1,127)
24 cpcint(2,1)
noodzakelijk voor(1,156)
groothandelsprijzen voor(1,32)
hoekstra voor(1,123)
vrijdag 24(1,156)
24 december(1,156)
amf ine(29,16)
82 colgate(3,3)
een protest(1,156)
besloten een(1,156)
een officieel(1,156)
regering parlement(1,35)
een samenvatting(1,98)
een bedrag(1,156)
klm ir(1,3)
geheime stukken(1,125)
een democratisch(1,143)
maar toch(1,156)
een mens(1,90)
conflict een(1,104)
een feit(1,155)
62 ampex(1,5)
een soort(1,156)
60 60(14,156)
wel praten(1,77)
85 85(1,153)
meuser weisbrod(3,1)
87 89(4,148)
52 52(6,156)
345 35(1,15)
olin 37(2,1)
60 union(1,40)
pot 21(3,14)
13 i.b.m(2,5)
o'k 3b(1,1)
38 philip(2,9)
58 58(5,153)
oil 190(3,3)
vandaag start(1,34)
can pae(3,24)
20 207(1,80)
20 pnt(1,70)
verband met(3,156)
80 81(2,156)
81 80(2,150)
meer bewijzen(1,142)
kan bewijzen(1,155)
amerikaans rapport(1,26)
60 ampex(13,5)
president ford(2,15)
91 90(1,151)
90 90(2,155)
child 43(3,1)
cola 85(3,3)
is bereid(1,156)
onafhankelijke commissie(2,56)
bijzondere commissie(2,154)
marine is(1,156)
is geweest(1,156)
senaatscommissie is(1,11)
eer is(1,156)
tros is(1,44)
is los(1,130)
televisie weer(1,27)
verhaal is(1,156)
47 heller(2,4)
ij is(1,156)
jones weer(1,3)
21 grace(4,12)
genoemd als(2,156)
59 ampex(12,4)
gaat toch(1,145)
strafrechtelijk onderzoek(2,59)
al lang(2,154)
321 32(1,96)
mca 32(2,5)
32 reynolds(1,10)
tenneco 32(1,7)
32 texaco(1,17)
30 dagen(1,156)
maar zij(1,156)
praten maar(1,130)
grote rol(1,64)
senator church(2,4)
30 303(1,65)
30 30v(1,41)
week zeer(1,155)
40 am.broadc(4,1)
esmark 31(5,4)
41 sun(1,8)
het kort(3,156)
te geven(2,156)
tot politieke(1,146)
nieuwe parlement(1,133)
wat werd(1,149)
passages uit(1,117)
te kopen(2,120)
bericht uit(1,131)
woorden uit(1,156)
winst uit(1,125)
medewerking bij(2,149)
stemming bij(2,155)
bij politie(1,110)
doden bij(1,55)
krijgt nader(1,2)
autoriteiten bij(1,138)
hoogst bij(1,19)
betrokken bij(2,139)
niets ontvangen(1,137)
er kon(1,156)
zitten bij(1,122)
door bert(4,72)
oud minister(4,155)
59 59(11,150)
48 48(11,154)
vs willen(3,38)
wilde niet(1,156)
niet vergeten(1,156)
japanse krant(2,24)
niet aarzelen(1,155)
steeds niet(1,156)
niet tevreden(1,156)
toen niet(1,156)
80 colgate(3,7)
49 50(1,156)
japanse autoriteiten(1,55)
nos niet(1,137)
gelooft niet(1,156)
niet afgerond(1,40)
niet betrokken(2,149)
neer na(1,83)
niet belangrijk(1,156)
niet vasthouden(1,99)
cons ed(33,37)
met pensioen(2,152)
begint met(2,156)
amerikaanse bronnen(1,39)
amerikaanse wet(1,50)
wie zij(1,156)
vice premier(2,53)
61 60(2,148)
60 61(2,155)
te gaan(3,156)
buitenlandse regering(1,28)
concern geen(1,31)
regering neemt(1,85)
zijn leven(1,156)
ook betrokken(1,107)
zijn firma(1,114)
tweede brief(1,147)
mogelijk ook(1,156)
geen stappen(1,123)
zit geen(1,111)
geen slecht(1,129)
air 71(1,10)
ben geen(1,155)
goed af(1,155)
field 18(2,8)
18 mart(2,8)
18 olin(2,10)
18 west.h.el(1,4)
31 exxon(4,5)
can pac(35,72)
brief aan(6,156)
68 int(3,50)
verklaarde dat(1,156)
vroeg dat(1,140)
53 63(1,126)
dat hij(1,156)
sprak met(7,156)
goodyear 21(4,12)
tandy 34(1,11)
34 tandycraft(1,4)
dag tot(1,156)
tot dag(1,156)
nu alle(1,156)
ford moet(1,13)
gulf oil(4,59)
shell oil(1,64)
recht tot(1,131)
een paar(2,156)
oil 174(1,4)
oil 176(1,1)
steel 47(2,46)
het geding(2,156)
33 schaefer(1,4)
33 03(1,33)
was vooral(1,156)
premier tanaka(7,11)
en peschar(3,7)
vorstin en(1,146)
uitgevonden en(1,155)
en leed(1,156)
en april(1,156)
er toe(1,156)
en moraal(2,107)
irak en(1,79)
verwarring en(1,156)
en ontvoeringen(2,44)
binnenland buitenland(1,38)
rembrandt en(1,129)
en anti(1,123)
aardbevingen en(1,114)
en onwil(1,114)
en chantage(1,72)
onzorgvuldigheid en(1,10)
lof en(1,155)
arbeid en(1,156)
en t.v(1,49)
wapen en(1,156)
tinus en(2,43)
en pauline(2,127)
marx en(1,113)
puzzel en(1,37)
zeden en(1,156)
en centen(1,144)
consequenties en(1,79)
en leg(1,136)
gereden en(1,154)
en vance(1,12)
harddraverij en(1,148)
en democratie(1,105)
olies en(1,66)
helden en(1,146)
stil en(1,156)
worst en(1,153)
thyssen en(1,53)
en giessen(1,45)
11 11(8,156)
14 14(19,156)
justitie heeft(1,156)
kim 44(2,4)
73 gen(2,39)
honeywell 43(2,3)
insilco 13(2,7)
88 87(4,151)
ontslagen door(1,132)
gaat maar(1,153)
leven door(2,156)
heinz 48(1,6)
honeywell 48(1,4)
door louis(1,148)
pitt 12(24,6)
york woensdag(1,32)
wil mensen(1,28)
kamerlid wil(1,36)
parlement wil(1,79)
kamer zal(1,155)
cig bendix(2,1)
zich achter(1,156)
achter zich(1,156)
nieuwe onthullingen(1,91)
mee te(1,151)
ging naar(2,156)
nieuwe druk(1,150)
te trekken(1,156)
naar eventuele(1,52)
nieuwe orders(1,122)
ingesteld naar(1,151)
antwoord te(1,156)
union el(1,13)
komst naar(1,113)
weg naar(5,156)
leiden naar(1,152)
te hoog(1,156)
te lichtvaardig(1,121)
gyps 14(1,1)
89 89(2,155)
vroegere premier(1,82)
zei premier(1,47)
bereid aan(1,151)
betaald aan(1,156)
ford to(1,4)
graag aan(1,106)
nu wel(1,156)
antwoord aan(1,156)
am.el.pow 22(2,1)
50 col(2,19)
klm iets(2,11)
burroughs 101(2,2)
257 int(1,8)
31 mca(1,3)
29 north(2,18)
dod 38(1,3)
29 procent(1,61)
na watergate(1,8)
stelt vast(1,124)
zaak menten(2,10)
regering geeft(1,86)
had zeer(1,153)
japanse aandelen(17,21)
125 125(1,137)
kopen bij(2,62)
voorzover prins(1,1)
instellen om(1,107)
om onder(1,156)
om opheldering(1,148)
er mag(1,154)
aanval op(2,156)
kritiek op(2,140)
eis tegen(1,59)
beschuldigingen tegen(3,156)
is beter(1,156)
heinz 47(1,9)
intern onderzoek(1,32)
ongerust over(2,156)
ingesteld onderzoek(1,153)
ze al(1,153)
officieel onderzoek(1,132)
liet al(1,150)
al vaker(1,94)
over geruchten(2,65)
al hun(1,156)
al co.ofa(1,1)
nog zoek(1,109)
nog paar(1,93)
worden nog(1,156)
democraten nog(1,21)
12 amst(28,97)
heeft ontvangen(1,156)
71 gen(1,48)
onze naam(1,120)
zij blijft(1,156)
56 bayuk(5,1)
86 85(1,152)
85 86(1,155)
brand 40(3,7)
of per(1,156)
beslissen of(1,156)
of hij(1,156)
voor rechter(2,116)
24 min(2,123)
steun voor(2,156)
engelhard 24(2,5)
ook actief(1,85)
dan een(2,156)
gepubliceerd een(1,92)
tijdens een(3,141)
een luchtvaartshow(1,12)
praktijken uit(1,47)
uit spanje(1,156)
een conferentie(1,135)
nu maar(1,156)
kabinet moet(1,138)
land uit(1,156)
wellicht een(1,130)
zijn functies(1,97)
een speciaal(1,156)
nu zeer(1,156)
ford carter(1,1)
el pow(30,17)
ontkent geld(2,3)
48 anaconda(9,27)
48 49(3,155)
betalingen aan(3,148)
zich veel(1,156)
kon zich(1,156)
23 may(2,23)
23 rca(1,5)
un brands(1,19)
23 woolworth(1,15)
23 23v(1,58)
23 ie(1,89)
46 chase(7,6)
cola 86(3,1)
praten ik(1,97)
amax 53(11,5)
30 cities(19,12)
gesprekken met(1,154)
samen met(1,127)
relaties met(2,119)
met bank(1,132)
met aftreden(1,86)
belast met(1,156)
gistermiddag met(1,112)
spreekt met(2,156)
gesjoemel met(1,19)
prince bernhard(1,3)
stoel met(1,147)
afspraak met(1,128)
debat met(2,132)
waarschijnlijk met(1,156)
met stemmen(1,152)
contact met(2,118)
banden met(1,154)
bedreigd met(1,156)
exxon 52(1,8)
nieuwe voorzitter(1,122)
commissie donner(72,9)
st inc(11,3)
nam gas(1,13)
cable 10(3,5)
regering zal(1,119)
kraftco 44(2,9)
44 kroger(2,12)
nog wel(2,156)
act ind(3,23)
door henk(2,76)
colt ind(35,20)
motor 55(4,44)
litton ind(4,32)
nl ind(7,10)
tot omkoping(1,40)
kan verder(1,134)
zei dat(1,140)
en ploeg(7,122)
chasemanh 30(2,2)
kamer akkoord(1,37)
kamer laat(1,74)
68 58(1,109)
53 53(12,154)
31 comm(12,23)
het feit(1,156)
het formeel(1,109)
het spel(1,156)
het hoogst(1,156)
het zweedse(1,65)
het rookgordijn(1,59)
het verschil(1,156)
het eerst(1,156)
het belang(1,156)
vertel het(1,112)
het gedaan(1,156)
allen het(1,156)
het begin(1,156)
cpn het(1,41)
burroughs 87(4,2)
maandag terug(1,83)
am.broadc 35(3,1)
washington president(1,68)
om informatie(1,95)
bij verkoop(1,156)
bij defensie(1,50)
vraag bij(1,156)
beleid bij(1,119)
geweest bij(1,156)
bij eerder(1,78)
begon bij(1,137)
uyl neemt(1,6)
om goede(1,156)
un pac(1,68)
aandelen kopen(1,31)
15 15v(1,43)
15 gulfocan(2,1)
acf ind(38,26)
47 47(9,155)
dart ind(30,12)
20 insilco(3,3)
an niet(1,142)
niet besproken(1,135)
openbaar nog(1,41)
niet gepubliceerd(1,126)
insilco 12(3,4)
lang niet(1,156)
cola 82(2,4)
wist niet(1,156)
niet mee(1,152)
nederland mag(1,144)
hoort niet(1,136)
dinsdag niet(1,118)
28 gulfoil(1,2)
nederland moet(1,154)
winst niet(1,133)
bendlx 40(1,3)
brandi 40(2,1)
citicorp 30(18,3)
amerikaanse rechter(1,38)
amerikaanse vliegtuigfabrieken(1,10)
amerikaanse blad(1,53)
fluor 35(4,10)
13 13(18,156)
alt pow(8,6)
bekend is(1,156)
weer bezig(1,117)
is waarheid(1,150)
orders zijn(1,147)
te zwijgen(1,156)
geen inzage(1,96)
zijn oude(1,155)
weigert te(1,151)
17 honeywell(2,5)
14 gulf(2,15)
82 81(1,146)
ook goede(1,156)
kabinet staat(1,93)
geen verhaal(1,117)
geen twijfel(1,156)
84 83(1,151)
ia 17(1,82)
84 87(3,134)
kabinet zeer(1,89)
cerro 17(1,8)
rca 25(1,8)
25 25b(1,8)
mig 25(1,2)
25 253(1,62)
amst ind(35,5)
nickel 32(3,15)
opdracht aan(1,131)
heeft alle(1,156)
heeft recht(1,127)
conclusie aan(1,120)
vliegtuigen aan(1,85)
aan frits(1,69)
hl st(4,58)
bewijzen dat(2,156)
46 46(8,152)
ik hebben(1,150)
unilever 42(1,6)
va 21(1,79)
wil meer(2,138)
willen geld(1,36)
pers wil(1,76)
mensen uit(1,76)
invloed uit(1,156)
all chem(28,36)
55 fruehauf(2,5)
16 jarige(1,116)
gestort op(1,125)
beslag op(2,154)
op tafel(1,156)
stuit op(1,140)
op weg(5,156)
washington amerika(1,26)
was zeer(1,156)
op rekening(1,156)
op rood(1,126)
en frankrijk(2,156)
radio en(2,75)
itv 10(1,12)
10 ad(1,68)
ampcopitt 10(1,2)
burroughs 88(3,2)
uu 10(1,53)
kreeg geen(5,135)
43 flor(2,6)
44 ill(1,3)
49 col(2,12)
preek over(1,112)
bezorgd over(1,149)
publ serv(1,46)
zwijgt over(1,120)
zwijgen over(2,147)
times over(1,125)
protest over(1,91)
reportage over(1,68)
verplichtingen over(1,49)
25 comm.w(26,3)
omkopingen door(1,1)
1974 als(1,24)
haast door(1,90)
omkoperij door(1,2)
gebruikt door(1,156)
door lambert(1,47)
prins bernhard(68,72)
15 contr(27,14)
department of(1,91)
zij is(2,156)
52 gen(5,47)
belangrijk voor(1,156)
niets meer(1,156)
bij aankoop(2,147)
meuser ik(2,1)
bedoeld voor(1,118)
voor dood(1,155)
tussenpersoon voor(1,22)
senaat voor(1,144)
voor spaanse(1,47)
voor vrouw(1,145)
voor vele(2,156)
haag kan(1,102)
voor multinationals(1,14)
sympathie voor(1,155)
had niets(1,156)
gift voor(1,148)
benoemd voor(1,156)
voor rijke(1,91)
pleit voor(1,155)
voor boekhouder(1,52)
om positie(1,40)
voor allen(1,156)
24 24v(2,56)
24 251(1,43)
44 chase(10,9)
gisteren een(1,156)
een groot(1,156)
een boek(1,156)
burroughs 91(1,3)
een krant(1,120)
klm zal(1,49)
burroughs 92(1,2)
92 celanese(1,1)
regering laat(1,81)
amerikaanse canadese(18,29)
43 cr(8,6)
texaco 27(1,8)
gulfoil 27(1,2)
oi 27(1,1)
naar parijs(1,156)
ploeg te(2,153)
naar engeland(1,156)
reis naar(1,156)
83 87(1,124)
52 51(1,149)
graag naar(1,108)
polaroid 35(1,10)
nog meer(2,156)
53 un(1,53)
kamerlid dat(1,105)
italiaanse premier(3,50)
377 37(1,52)
31 31(28,155)
wie was(1,156)
21 21(22,155)
31 31v(1,51)
31 li(1,83)
31v 31(1,45)
91 can(4,5)
94 can(2,7)
102 can(1,7)
celanese 46(5,7)
12 i.b.m(2,4)
wordt ook(1,156)
kabinet had(1,153)
zijn alleen(1,156)
brascan 12(1,3)
80 89(1,117)
later vast(1,124)
zijn positie(1,132)
56 coca(11,3)
krijgt nu(1,125)
kraftco 45(2,8)
45 kroger(2,11)
buitenland nu(1,67)
56 bendix(10,5)
cont oil(29,48)
op goed(4,156)
rechts is(1,113)
weer vrij(1,136)
is afgetreden(1,156)
tegen beschuldigingen(2,38)
door geert(3,87)
de poort(1,156)
al jaren(1,148)
de suiker(1,156)
onderzoek mee(1,57)
waarvan de(1,156)
de bodem(1,156)
de praktijk(1,156)
de weekbladen(1,105)
de 1,6(1,30)
de buren(2,156)
de trom(1,151)
hoofdstad de(1,156)
de put(1,156)
de vries(3,156)
de mari(2,99)
de dochters(1,154)
de heer(3,156)
de voorlichtingsdienst(1,80)
de lunch(1,121)
lunch de(1,66)
de korrel(1,146)
links de(1,138)
de getuigenissen(1,156)
commissies de(1,91)
de voorgrond(1,126)
namens de(1,156)
de toekomst(1,156)
de zakenwereld(1,90)
de doorgaans(1,123)
de industrieel(1,136)
de rue(1,156)
de vervanging(1,156)
toelichting de(1,151)
de mist(1,156)
de letter(1,156)
letter de(1,153)
de dubbelrol(1,60)
veiligheid de(1,148)
de keiharde(1,70)
de mand(1,156)
de schoolkrant(1,45)
de steekpenningenaffaire(1,2)
de schandalen(2,130)
pistool de(1,56)
de koster(1,155)
de wapens(1,156)
de legpuzzel(1,36)
de deur(1,156)
de vrijstaat(1,113)
de noordelijken(1,115)
de bilt(1,156)
de 1001(1,99)
vermoedelijk de(1,156)
de zondebok(2,118)
de communistische(1,110)
waarom de(1,156)
de bal(1,156)
de loo(1,154)
de bruijn(1,156)
de reizen(1,156)
de savornin(2,142)
hem de(1,156)
de walm(1,79)
de nerveuze(1,85)
de havenarbeiders(1,95)
rondom de(1,156)
de zwijgende(1,128)
de jong(1,156)
100 miljoen(1,67)
de liefde(1,156)
de verslagen(1,156)
de troon(1,156)
bewezen de(1,154)
de haan(1,156)
de ethiek(1,99)
al spoedig(1,156)
de vauthaire(1,1)
de minst(1,156)
de sjah(1,105)
verkoopleider de(1,31)
de malle(1,117)
de kernvraag(1,64)
de kaarten(1,156)
de moeilijke(1,129)
al vroeg(1,152)
de deugd(1,155)
de populariteit(1,154)
de schrijvende(1,75)
de ware(1,156)
de telegraaf(1,156)
de erfenis(1,156)
de citroenen(1,81)
32 mcddougl(1,1)
32 south(1,47)
32 western(1,11)
327 32(1,56)
nederlandse regering(1,64)
72 gen(1,40)
30 mca(1,5)
nederlandse volk(1,84)
84 85(1,155)
52 53(5,156)
26 tl(2,25)
gas 25(31,26)
binnen en(4,156)
stukken uit(2,156)
te komen(1,156)
doofpot te(1,112)
wat zijn(2,156)
te worden(1,156)
87 colgate(3,1)
uit 1960(1,35)
all pow(34,22)
vraagt om(1,156)
kreeg niets(1,83)
als nederland(2,155)
cont tel(33,19)
door drs(2,84)
49 48(2,149)
aan anderen(1,156)
nooit aan(1,156)
ai co(2,80)
pot 22(2,17)
29 getty(3,11)
23 231(2,115)
goodrich 24(3,4)
zal niet(2,156)
56 fruehauf(2,5)
19 itv(2,4)
niet klaar(1,142)
19 toledo(1,10)
blijft nog(2,156)
19 ampcopitt(2,2)
zet niet(1,104)
met conclusies(2,56)
juni met(1,129)
met schmidt(1,36)
met extra(1,156)
met communisten(1,73)
met werk(1,149)
57 67(1,122)
manh 28(23,1)
naar wapenaankopen(2,1)
amerikaanse bedrijven(1,48)
uit amerika(3,156)
22 epe(10,9)
willen ook(1,155)
ook veel(1,156)
geen betaling(1,136)
geen vertrouwen(1,156)
geen verband(1,156)
kotchian zijn(1,1)
89 90(1,156)
publ 17(3,3)
oranje geen(1,43)
17 carling(9,3)
89 86(1,98)
90 89(1,153)
celanese 44(8,8)
buitenland krijgt(1,31)
al co(15,72)
18 pan(1,10)
opheldering over(2,132)
waarheid over(2,124)
brandt 39(2,1)
cerro 18(1,9)
50 miljoen(1,64)
56 56(22,155)
onderzoek naar(24,156)
zegt dat(1,156)
of the(1,156)
87 85(1,122)
nieuwe jaar(1,156)
cash 34(1,5)
34 proct(1,7)
hom 34(1,2)
34 cites(1,1)
dollar hebben(1,81)
een kwestie(1,138)
een parlementaire(1,136)
een bekend(1,156)
toch een(2,156)
54 celanese(8,10)
oil 66(1,28)
tegen andere(1,155)
46 47(6,156)
polaroid 36(1,10)
36 proct(1,12)
het beleid(1,156)
het werkstuk(1,84)
het oog(1,156)
het begon(1,149)
het werk(1,156)
verliest het(1,150)
het perspectief(1,115)
28 chessie(18,3)
20 alt(7,6)
33 mcddougl(1,1)
cash 33(1,9)
hom 33(1,3)
nederland terug(2,154)
en vrijheid(1,156)
afrika en(1,156)
en griekenland(1,155)
ontslag om(1,103)
haughton en(1,2)
italiaanse president(1,47)
vrouw en(1,156)
en rien(5,96)
luchtmacht en(1,74)
en haughton(1,1)
februari en(1,150)
douglas en(1,117)
en visser(1,156)
en persoonlijke(1,156)
om eigen(1,150)
intriges en(1,118)
prijs en(1,156)
en commissaris(1,150)
en bedrijfsleven(1,83)
rood en(1,156)
ppr en(1,27)
en beroofd(1,150)
vpro en(1,45)
journalistiek en(1,110)
en claus(1,84)
vrijheid en(1,156)
uyl tijdens(1,15)
koersen en(1,150)
en oplichting(1,112)
shell en(1,85)
en politici(1,103)
58 amerada(4,4)
zij geld(1,141)
gatx 30(3,5)
kroger 23(3,15)
87 88(2,155)
die als(1,156)
koningin gaat(1,58)
door frits(1,100)
tijd door(2,156)
43 43(19,153)
akkoord met(3,73)
wat nederland(1,154)
cola 83(1,6)
51 coca(1,3)
17 17(37,156)
45 45(33,155)
asarco 15(24,5)
pac 17(14,16)
24 goodyear(3,9)
li 40(1,43)
week over(4,150)
59 60(5,155)
56 66(1,134)
65 56(1,111)
89 can(7,2)
48 col(4,17)
is nu(2,156)
haag minister(1,56)
minister president(1,148)
29 asa(20,7)
te weinig(1,156)
geen bewijzen(2,136)
die drie(1,156)
nieuwe beschuldigingen(1,65)
naar west(1,148)
goed zijn(1,156)
mogelijk naar(1,156)
of ai(2,96)
58 59(3,155)
22 22(37,155)
brands 41(15,17)
amax 57(6,3)
mei met(2,156)
met mr(2,149)
44 44(18,155)
67 int(1,51)
rechts aan(1,113)
85 colgate(1,1)
221 22(1,115)
12 12(48,156)
haag door(4,124)
philips 29(2,14)
rockwell 29(1,8)
29 royal(1,18)
comm.w.ed 31(1,1)
yorkse beurs(4,46)
42 ill(1,4)
42 union(1,37)
42 flor(2,3)
47 48(5,155)
regering had(1,108)
54 amax(10,7)
maar geld(1,137)
laan en(5,155)
54 54(19,154)
grace 27(5,11)
actief bij(1,78)
prins weet(1,5)
antwoord op(1,156)
hand op(1,156)
oog op(1,156)
mannen op(1,156)
op hoog(1,156)
16 carling(8,3)
vrij op(2,153)
op kritiek(1,58)
op internationaal(1,109)
rechtstreeks op(1,127)
op televisie(1,44)
op bezit(1,77)
op reis(1,156)
op steun(1,120)
biedt op(1,137)
op z'n(1,112)
rapport donner(13,1)
53 amax(6,5)
dat vliegtuig(1,75)
23 epe(14,9)
tegen corruptie(1,61)
15 ashland(22,5)
zich nu(1,156)
zich wat(1,156)
st ine(29,10)
over omkopingen(1,1)
informatie over(2,78)
beslissen over(1,156)
dominee over(1,12)
onderzoek nodig(1,52)
verklaringen over(1,128)
de vroegere(3,156)
nader onderzoek(2,156)
over verkoop(1,87)
conferentie over(1,150)
groot onderzoek(1,31)
nederlanders niet(1,147)
nog niet(7,156)
54 coca(8,4)
moet nog(1,156)
neer niet(1,67)
toch nog(1,156)
amax 58(3,2)
te hebben(2,156)
werd door(2,156)
68 gen(1,44)
55 55(12,155)
achter het(2,156)
affaire menten(1,4)
47 col(4,15)
excuses voor(1,81)
voor twee(2,156)
nederland krijgt(1,78)
vraag voor(1,156)
45 anaconda(12,27)
papieren voor(2,149)
spionage voor(1,42)
applaus voor(1,100)
voor z'n(1,89)
rechtstreeks voor(1,110)
voor radio(1,78)
24 cpc(1,1)
24 74(2,74)
aan bonn(2,48)
32 32(48,155)
nog geen(7,156)
geen speciale(1,122)
geven geen(1,150)
geen opheldering(1,120)
uit duitsland(1,63)
een goede(1,156)
geen actie(1,103)
komt uit(1,156)
toch zijn(1,156)
18 imp(2,7)
occidental 18(2,7)
blijft bij(3,156)
27 greyhound(4,14)
cont can(34,45)
zaak gaat(2,133)
28 fluor(4,8)
home 33(19,4)
88 86(1,128)
57 57(6,154)
37 ti(1,14)
01l 37(1,10)
chrysler 19(25,9)
23 lehman(2,7)
dist 23(2,4)
21 cent(1,130)
111 23(1,55)
26 gatx(5,5)
39 39(36,154)
uyl sprak(1,20)
45 col(9,14)
heller 20(2,7)
96 can(1,6)
20 ail(1,1)
58 celanese(2,10)
20 cpc(1,3)
komt met(2,156)
overleg met(1,156)
met 25.000(1,99)
klaar met(1,122)
56 57(10,155)
met oranje(1,146)
terug als(2,153)
aankoop te(1,121)
had drie(1,152)
drie had(1,104)
12 engelhard(1,4)
17 alcanal(2,1)
14 nl(1,27)
12 culbroc(1,1)
41 culbro(8,3)
regering blijft(1,87)
zou nog(1,156)
heeft nog(2,156)
int 43(11,16)
44 cr(5,5)
broadc 35(12,1)
39 burroughs(9,12)
tegen rumor(1,1)
pas in(2,156)
in herfst(1,94)
in ruil(1,156)
doet in(1,156)
in james(2,28)
deining in(1,88)
in turkije(1,156)
verdachte in(1,117)
in arrest(1,155)
zegslieden in(1,51)
verschuivingen in(1,83)
vloeide in(1,68)
in opspraak(6,132)
put in(1,146)
houding in(1,155)
oorlogsmisdadiger in(1,16)
ambtenaren in(1,156)
ontwikkelingen in(1,75)
dochters in(1,144)
stemt in(3,151)
cooperation in(1,11)
corporation in(1,92)
geboren in(1,156)
in 1967(1,45)
later is(1,156)
gescheiden in(1,126)
in 1972(1,39)
thans in(1,156)
rolletje in(1,61)
in cel(2,89)
la in(1,154)
getuigen in(1,156)
sleutelfiguren in(1,30)
in handen(1,156)
in porties(1,42)
in diskrediet(1,98)
landmacht in(1,131)
huiszoeking in(1,143)
belastingdienst in(1,53)
trial in(1,9)
in bern(1,146)
stukje in(1,148)
schakel in(1,136)
ingewijde in(1,60)
eendracht in(1,124)
in china(1,156)
in markt(1,76)
verwachten in(1,154)
in augustus(2,156)
kijken in(2,112)
in delfshaven(1,68)
in past(1,74)
belemmerd in(1,133)
tegen huis(1,64)
vossen in(1,75)
in financieel(1,116)
storm in(1,156)
mille in(1,130)
ondervraagd in(1,50)
in 1956(1,58)
in davos(2,102)
in ster(1,70)
kabinetscrisis in(1,95)
in orde(1,156)
beweringen in(1,128)
oefenen in(1,156)
in noorwegen(1,156)
asiel in(1,40)
in bescherming(2,156)
news in(1,100)
in marokko(1,141)
beroep in(1,156)
fractieleiders in(1,44)
in eindhoven(1,106)
sprake in(1,135)
secretariaat in(1,91)
in oprichting(1,90)
dagje in(1,79)
in drachten(1,90)
in oostenrijk(1,156)
lire in(1,110)
verrassingen in(1,100)
in florida(1,134)
sterk in(1,156)
in opmars(2,52)
operations in(1,32)
vrede in(1,156)
in midden(1,156)
slotfase in(1,33)
belastingbetalers in(1,56)
vluchten in(1,115)
in theologie(1,61)
in 1963(1,50)
ridder in(1,149)
nek in(1,102)
made in(1,134)
in hongkong(1,120)
55 celanese(5,8)
flauw door(2,72)
mensen door(1,80)
zich er(1,156)
de hand(2,156)
de vraag(2,156)
de eindstreep(2,106)
de strijdkrachten(2,156)
geld meer(1,154)
ontvangen dat(1,156)
kan na(1,156)
16 16(33,155)
57 amax(5,4)
zou zijn(1,156)
gen el(6,62)
ook naam(1,74)
burl ind(28,21)
maandag op(2,156)
41 li(1,66)
39 bethl(9,21)
60 59(4,146)
56 celanese(6,8)
kennecott 27(3,17)
het aannemen(1,156)
het zwijgen(1,156)
het militaire(1,156)
het congres(1,156)
uit huis(1,152)
nieuwe gegevens(1,105)
uit eigen(1,156)
snel naar(1,138)
38 38(17,155)
19 citicorp(20,8)
airco 20(4,2)
32 delmonte(9,4)
regering krijgt(1,53)
verdwenen bij(1,82)
staat om(1,156)
bij prof(1,136)
19 ampco(24,4)
57 coca(4,3)
affaire wordt(1,122)
89 88(1,151)
88 89(1,155)
30 30(42,156)
nickel 31(1,14)
36 chrysler(12,33)
weer terug(3,146)
bonn wil(1,40)
af als(1,156)
lockheed aireraft(1,29)
blijft als(1,156)
wordt een(1,156)
zwitserland nog(1,100)
287 28(1,54)
delmonte 28(14,4)
ou 28(2,29)
een andere(1,156)
strauss tot(1,25)
26 atl(22,11)
42 42(29,154)
ex president(1,54)
amerikaanse vliegtuigfabriek(1,31)
volgens amerikaanse(1,59)
genoemd is(1,156)
dag weer(1,128)
toch weer(1,137)
37 boeing(12,11)
am.nat.res 37(2,1)
stukken zijn(1,156)
tokio te(1,85)
af te(2,156)
te veel(1,156)
ook maar(1,156)
veel te(1,156)
87 86(1,147)
40 40(26,156)
en buitenland(6,153)
251 25(1,103)
25 western(1,9)
de dag(6,156)
star 18(1,31)
onderzoek instellen(1,143)
de waarheid(3,156)
onderzoek worden(1,155)
183 18(1,77)
culbroc 18(1,1)
54 amerada(9,5)
brands 40(9,16)
celanese 45(7,6)
street weer(11,27)
16 alcan(13,7)
41 du(10,7)
22 lehman(1,7)
ou 22(1,30)
dat tijdens(1,156)
hebben om(1,156)
wie om(1,122)
gaat om(1,156)
heller 21(1,7)
21 hilton(1,13)
asa 15(18,1)
39 culbro(6,4)
15 asarco(17,1)
20 20(35,156)
34 am.cyan(1,3)
18 18(47,155)
geld kreeg(1,106)
street vast(7,7)
street kon(2,29)
brief na(1,84)
dat 22(12,117)
oil 74(1,20)
oil 67(1,29)
nieuws uit(1,156)
het limburgs(2,67)
staat op(3,156)
op medewerking(1,137)
op bedrijven(1,80)
akzona 16(11,3)
op westduitse(1,36)
vast op(7,156)
beter op(1,156)
brands 42(9,19)
35 ford(4,37)
europa en(1,156)
krijgt nieuwe(1,70)
en marine(1,156)
handel en(1,156)
onthullingen en(2,79)
concerns en(1,66)
niets te(2,156)
en legt(1,156)
en eer(1,156)
krijgsmacht en(1,60)
communisten en(1,96)
en socialisten(1,131)
en z'n(1,93)
lehman 10(1,6)
10 97(1,100)
57 amerada(5,4)
nederland heeft(1,156)
rapport zou(1,140)
44 anaconda(7,29)
46 du(3,5)
42 cr(6,4)
fruehauf 26(4,14)
materiaal over(1,90)
document over(1,74)
kunnen over(1,154)
over betaling(1,77)
kamerdebat over(1,85)
beroering over(1,61)
19 kennecott(3,19)
19 imp(3,5)
naam prins(4,67)
menten door(1,10)
1976 door(1,21)
40 bethl(7,25)
bezig met(1,156)
met haar(1,156)
maken met(1,156)
met mensen(1,66)
is ai(1,145)
gen motors(4,64)
weer iets(1,150)
voor orion(1,13)
voor britse(1,55)
maakte voor(1,154)
had om(1,156)
45 46(9,155)
vliegtuigen voor(1,85)
uyl had(1,27)
voor overleg(1,95)
nodig voor(1,70)
om verder(1,156)
boeing 45(9,15)
15 15(88,156)
30 comm(8,28)
een hoge(1,69)
wil nu(1,156)
een nader(1,156)
burroughs 86(1,3)
35 35(31,155)
53 amerada(5,5)
airco 21(2,3)
heinz 27(2,3)
27 kim(2,9)
27 hein(1,5)
27 texas(1,21)
77 27(1,52)
27 burl.n.lnd(2,1)
27 brascan(1,1)
naar beschuldigingen(2,25)
toe te(1,156)
menten naar(1,7)
89 87(1,116)
el 51(1,37)
24 24(29,155)
vliegtuig niet(1,84)
niet meer(2,156)
had nog(1,156)
vvd niet(1,39)
34 34(45,155)
43 44(12,156)
36 36(46,155)
am airl(27,13)
pan am(2,50)
amerikaanse pers(1,61)
am brand(5,14)
am cvan(2,17)
am el.pow(1,1)
am hom(2,24)
117 am(1,37)
29 comm.sat(1,1)
chasemanh 29(1,1)
90 can(4,8)
20 norf(2,17)
43 airco(2,2)
lockheed affaire(49,1)
57 bendix(3,3)
kan zijn(1,156)
geen andere(1,156)
34 akzona(13,6)
het geheime(2,156)
het hier(1,156)
het mijn(1,156)
dollar hoger(1,46)
dollar heeft(1,95)
am cyan(41,33)
eisen en(3,133)
45 kraftco(1,4)
recht en(3,143)
prins zelf(1,115)
am broadc(37,17)
am brands(36,26)
vragen op(2,156)
nieuwe minister(1,156)
op eigen(2,156)
aan strauss(3,20)
broadc 34(11,3)
opschudding in(3,148)
in verband(3,156)
commissie houdt(1,115)
bekentenis in(3,116)
motor 47(1,21)
praten met(2,123)
canadese en(18,55)
am home(44,32)
55 bendix(4,3)
41 41(34,154)
ed 31(11,11)
34 delmonte(8,5)
de tafel(1,156)
de wolken(1,156)
zag de(1,156)
de stemming(2,156)
de firma(2,156)
me de(1,156)
de bijzondere(1,156)
de luchtmacht(1,78)
begonnen de(1,156)
de dollars(1,123)
de eventuele(1,112)
de mede(1,156)
volgen de(1,156)
de senaat(1,156)
toen de(1,156)
de miljoenendans(1,9)
de sunday(1,104)
de betaling(2,156)
de praatstoel(1,29)
de bewapening(2,143)
de baan(1,156)
naast de(1,156)
boekhouder de(1,139)
de beurscommissie(1,58)
heil de(1,123)
de geur(1,143)
de cpn(1,58)
de order(1,156)
de 1000(1,156)
de monarchie(1,156)
53 bendix(3,4)
33 33(44,155)
regering heeft(1,131)
church heeft(1,12)
comm.w.ed 30(1,1)
am.nat.res 36(2,1)
26 dowchem(4,2)
26 heinz(2,11)
26v 26(2,36)
brandt 40(1,1)
bendix 39(7,9)
55 amerada(6,3)
miljoen aan(3,70)
honeywell 41(1,1)
food 33(2,9)
dat zij(1,156)
jaar dat(1,156)
fluor 44(1,9)
steel 43(1,45)
steel 44(1,44)
naar kamer(3,92)
uit washington(1,156)
nu ook(1,156)
uit zwitserland(1,156)
89 colgate(1,2)
arrestaties in(5,89)
24 apeco(9,1)
bij ons(1,156)
ik wil(1,156)
pers door(1,136)
46 airco(1,1)
am motors(39,33)
22 insilco(1,3)
29 29(50,155)
volk zich(1,156)
anaconda 30(10,16)
child 42(1,1)
kraftco 42(1,7)
42 kroger(1,10)
ss 23(1,48)
engelhard 23(1,7)
het grote(2,86)
wie is(1,156)
is wie(1,156)
tegen wie(1,155)
48 47(3,148)
komt niet(1,156)
ons niet(1,156)
zaak mag(1,127)
tijd niet(1,156)
kamer na(1,155)
niet ontvangen(1,156)
amax 54(6,5)
exxon 54(1,5)
19 191(1,119)
37 37(27,155)
met olie(1,155)
met kissinger(1,11)
motor 57(1,26)
bendix 40(6,10)
amerada 23(16,8)
maandag naar(1,156)
55 coca(4,3)
op tv(2,104)
invloed op(1,156)
neer op(1,146)
geven op(1,156)
campagne op(1,110)
was klm(1,30)
op bezoek(1,123)
17 asarco(7,4)
gen tel(7,56)
10 un(1,65)
ons geen(1,156)
kabinet wil(1,114)
kon geen(1,156)
54 55(9,155)
om namen(1,101)
over nederlanders(1,47)
denken over(1,154)
zaken over(1,156)
mensen over(1,64)
speculaties over(1,62)
over inhoud(1,70)
anderen over(1,156)
snel over(1,123)
over recht(2,105)
18 honeywell(1,6)
39 kraftco(1,7)
23 23(59,155)
in parijs(2,156)
in engeland(2,156)
openbaarheid in(2,123)
in juni(2,141)
luchtvaartshow in(2,15)
in staat(8,156)
gatx 29(2,4)
38 boeing(6,11)
gillette 31(1,11)
31 goodrich(1,7)
40 du(6,15)
uit vs(4,25)
57 58(2,155)
49 anaconda(1,26)
of alle(1,156)
43 culbro(3,2)
bendix 42(6,12)
drie heeft(1,102)
voor colombia(1,21)
kroger 24(1,13)
uyl nog(2,24)
en japanse(18,66)
vakantie voor(1,51)
recht voor(2,131)
34 98(1,80)
amsterdam vrijdag(1,148)
mag een(1,156)
30 apeco(9,1)
47 46(3,146)
weer verder(1,123)
weer vast(2,121)
verslaggevers het(1,53)
die het(2,156)
het koninklijk(1,156)
het oude(1,156)
brengt het(1,156)
het licht(1,156)
33 comm.w.ed(1,1)
zijn er(1,156)
geen namen(2,134)
ploeg bij(1,94)
ook kamerleden(1,33)
en spanje(1,156)
buitenland ook(1,124)
1974 bij(1,25)
csu en(1,30)
kvp en(1,49)
ik zijn(1,156)
militaire en(1,156)
krijgt ook(1,122)
45 stand(1,29)
corruptie en(2,97)
duitse en(1,88)
en oranje(1,156)
bewapening en(1,119)
bij fred(1,72)
15 union(1,42)
am.broadc 37(1,1)
greyhound 15(2,12)
am brandt(4,8)
door dassault(1,2)
anaconda 24(8,15)
bewijzen niet(1,146)
28 heller(2,7)
28 n.a(1,6)
werd niet(1,156)
28 comm.sat(1,1)
01l 28(1,20)
45 chase(5,6)
asa 16(7,1)
43 du(4,9)
ontkent dat(1,155)
praten over(2,137)
38 37(16,150)
wat is(1,156)
nu weer(1,153)
actief in(3,105)
uyl was(1,30)
naar tokio(1,98)
gaan naar(1,156)
naar hoge(1,44)
te zijn(3,156)
stukken te(1,156)
wel of(1,156)
week of(1,156)
55 54(8,149)
25 greyhound(2,12)
de doofpot(2,109)
hier de(2,156)
henk de(2,78)
terug uit(2,156)
inzien de(2,144)
top met(1,109)
opnieuw met(1,126)
voorzitter met(1,155)
vliegtuig met(1,86)
stukken aan(1,155)
beschuldigingen aan(1,111)
zij een(1,156)
een week(1,152)
aan zwitserland(1,132)
een jaar(1,156)
22 hilton(1,11)
heller 22(1,8)
een grote(1,95)
52 amerada(2,6)
26 occidental(2,4)
en bonn(3,115)
en weisbrod(3,1)
comm.w.ed 29(1,1)
41 burroughs(6,12)
41 am.broadc(1,1)
47 chase(2,6)
zich terug(1,156)
uit tot(1,156)
gegevens uit(1,116)
vs hebben(1,45)
in herstel(4,85)
int 42(9,17)
bij tv(1,88)
25 25(69,156)
op slot(1,130)
kissinger op(1,11)
rechts op(1,121)
op zwitserse(1,44)
ook amerika(1,114)
ook minister(1,114)
licht op(1,156)
101 can(2,13)
weer lager(1,122)
middelpunt van(1,156)
van maarseveen(5,152)
van traditie(1,96)
poort van(1,156)
lawine van(2,97)
methoden van(1,129)
kandidatenlijst van(1,43)
aanrijding van(1,80)
verschijnsel van(1,153)
van kapitalistische(1,90)
van belastingontduiking(1,58)
van thijn(1,95)
villa van(1,143)
afhankelijk van(1,156)
van verdachte(1,149)
telegrammen van(2,132)
besteding van(1,156)
kring van(1,156)
lambert van(3,133)
van beers(3,153)
bedrag van(2,156)
chauffeur van(1,94)
van prinses(1,156)
bevorderen van(1,156)
hoofdboekhouder van(1,33)
hoofdkantoor van(1,119)
aanleiding van(2,156)
doordrukken van(1,32)
mysterie van(1,106)
afgezien van(1,156)
verdacht van(1,156)
foto van(1,100)
zusters van(1,156)
van agt(6,86)
adviseur van(1,135)
voorlichtingsdienst van(1,77)
vrijlating van(1,155)
leed van(1,152)
van nazi(1,62)
hoofdofficier van(1,134)
aangenomen van(1,155)
borgtocht van(1,115)
april van(1,156)
van verschillende(1,156)
verloop van(1,156)
subcommissie van(1,127)
van 1.1(1,152)
van idaho(1,27)
melding van(1,156)
pension van(1,116)
gelegenheid van(1,156)
van fran(1,114)
officier van(1,156)
van genua(1,156)
uitnodigingen van(1,49)
goederen van(1,156)
vervanging van(1,156)
dubbelrol van(1,59)
voorlichtingsman van(1,15)
verblijfplaats van(1,155)
lezing van(1,156)
portemonnee van(1,35)
van bevolking(1,156)
van russen(1,140)
afkomstig van(1,156)
eerherstel van(1,90)
arbeiders van(1,153)
net van(1,156)
partijbestuur van(2,89)
vertrouweling van(1,131)
golf van(1,156)
reizen van(1,156)
motie van(1,156)
van werktuigen(1,152)
van hillo(3,30)
afzijdig van(1,77)
walm van(1,99)
van sydney(1,150)
sydney van(1,74)
verschaffen van(1,156)
vermoeden van(1,156)
definitief van(1,124)
passiviteit van(1,65)
van raad(1,156)
raad van(1,156)
aflevering van(1,156)
loonlijst van(1,40)
verzoek van(1,156)
opgang van(1,135)
plan van(1,156)
van koper(1,155)
leren van(1,149)
afscheid van(1,156)
van leerkrachten(1,98)
kraaien van(1,78)
van stof(1,155)
inzet van(1,139)
eenheid van(1,156)
van progressieve(1,83)
integriteit van(1,153)
gunst van(1,156)
avondje van(1,78)
spiegel van(2,153)
van praag(2,156)
portret van(1,156)
klant van(1,109)
van doeke(1,34)
fabricage van(1,128)
geur van(2,143)
populariteit van(1,153)
van doctor(1,155)
handhaven van(1,156)
van ome(1,152)
van naters(1,84)
1963 van(1,38)
trainer van(1,86)
van haarlem(1,156)
niels van(1,108)
uitwas van(1,84)
verdeling van(1,88)
beur van(2,94)
van sterdam(1,99)
erfenis van(1,156)
van der(7,156)
pow 23(27,9)
46 col(2,11)
onthullingen over(1,111)
maand over(1,143)
kissinger over(1,7)
17 curt(9,10)
kamer nog(1,155)
197 19(2,78)
door fred(1,99)
airco 17(2,6)
16 asarco(6,4)
16 ashland(6,7)
57 celanese(2,8)
28 dow(8,10)
in japans(6,52)
slot voor(1,153)
steel 45(1,44)
74 24(1,58)
orders voor(1,155)
japanse premier(4,54)
tel 15(26,52)
29 chessie(6,3)
geen verklaring(1,129)
geen nieuws(1,156)
geen akkoord(1,44)
mag geen(1,156)
54 52(3,128)
42 airco(2,1)
un 18(1,2)
18 kennecott(1,23)
27 heller(2,6)
27 dow(9,10)
27 am.el.pow(1,1)
dinsdag 27(1,131)
strauss als(1,49)
naar huis(1,156)
87 87(1,153)
er tegen(1,156)
42 du(5,9)
goodrich 28(2,4)
manh 29(7,1)
wil zich(1,156)
beurs van(310,156)
23 burl.n.lnd(1,1)
mr donner(1,50)
55 56(7,155)
can 32(22,16)
nickel 34(1,16)
am el(36,54)
bij grote(1,62)
20 hilton(1,12)
delmonte 27(9,5)
am.broadc 36(1,2)
26 burl(20,10)
dat 23(12,116)
geld te(2,156)
meer te(1,156)
verder te(1,156)
fruehauf 25(2,11)
kennecott 33(1,14)
prins werd(2,147)
en colombia(1,78)
en vriend(1,156)
robijns en(2,34)
en omzet(1,134)
19 19(102,155)
naar amerika(2,156)
niet praten(1,114)
sprak niet(1,147)
22 grace(1,13)
verder aan(1,156)
kamer over(3,156)
in rotterdam(1,156)
in spanje(2,156)
in administratie(1,142)
genoemd in(5,155)
in beroering(2,148)
in nigeria(1,78)
beslissing in(1,156)
in tokio(4,107)
in west(2,155)
malaise in(1,126)
verhoor in(1,132)
twijfels in(1,25)
waren in(1,156)
gisteren in(2,156)
bank in(1,156)
staatshoofd in(1,79)
in breda(1,137)
in februari(1,154)
gesprekken in(1,154)
luchtmacht in(1,75)
in beslag(2,156)
in ziekenhuis(1,108)
gedaan in(1,156)
in derde(1,140)
vaker in(1,91)
christendemocraten in(1,29)
in debat(2,128)
formeel in(1,115)
rekening in(1,156)
verantwoordelijkheid in(1,153)
beter in(2,156)
spoeddebat in(1,21)
in transacties(1,9)
in actuele(1,30)
in sankt(1,54)
stoel in(1,155)
koersen in(1,134)
steel 42(1,43)
fluor 42(1,12)
pac gas(2,46)
als een(2,156)
amerikaanse senator(1,51)
de aanval(1,156)
verklaarde de(1,156)
hij de(1,156)
de tekst(1,156)
de verkoop(1,156)
de dochter(1,156)
de zwitsers(1,151)
de marine(1,156)
defensie de(1,100)
de wereld(2,156)
vliegt de(1,125)
elkaar de(1,138)
hans de(1,143)
de tros(1,122)
buiten de(1,156)
de jaren(1,156)
van onze(14,156)
inc 20(3,9)
26 am.el.pow(1,1)
26 burt(1,1)
ministers op(1,155)
28 28(55,155)
29 comm(6,21)
10 nl(1,65)
cola 88(1,2)
35 chrysler(5,34)
colgate 27(9,7)
corruptie het(1,27)
32 cont(16,23)
37 chrysler(5,32)
justitie over(1,150)
geld terug(1,156)
over aankoop(1,90)
chrysler 21(3,11)
am nat(36,19)
volk bij(2,155)
59 amax(2,6)
41 bethl(5,21)
lockheed wilde(1,1)
lockheed aircraft(1,24)
42 burroughs(4,13)
vliegtuig voor(1,83)
kans voor(1,155)
pers voor(1,140)
voor mei(1,156)
vvd voor(1,38)
33 akzona(8,5)
27 27(70,155)
commissie gaat(2,110)
maar niet(1,156)
19 hilton(2,10)
star 19(1,27)
19 engelhard(1,5)
28 dowchem(2,4)
comm.w.ed 28(1,1)
28 goodyear(2,11)
street nu(2,4)
25 colt(9,6)
met ontslag(1,141)
bernhard werd(1,45)
27 kans(2,27)
het rapport(5,156)
15 curt(14,8)
pac 18(7,16)
bendix 41(5,10)
38 bethl(3,18)
jaar door(1,156)
home 32(7,4)
van denken(4,155)
al 24(12,95)
geen rol(1,116)
oil 26(23,34)
26 26(81,155)
25 gulf(2,13)
25 kim(1,7)
25 comm.w.ed(1,1)
25 heinz(1,11)
tv al(1,47)
holtrop in(4,44)
zich op(3,156)
dollar steekpenningen(1,1)
20 ampco(5,5)
20 grace(1,9)
93 can(1,8)
104 can(1,7)
met meuser(3,2)
inc 23(4,10)
aan indonesische(1,35)
goodyear 22(1,10)
dat zijn(2,156)
11 12(5,156)
12 nl(1,41)
bij wie(1,156)
gaat bij(1,156)
of ford(1,71)
boeing 40(5,15)
week naar(1,156)
gegevens voor(2,132)
34 us(1,8)
akzona 15(10,6)
in nederland(9,156)
herstel in(3,155)
47 anaconda(2,28)
36 stand(1,27)
amerada 21(4,5)
ed 18(11,6)
gaat niet(1,156)
amax 55(3,3)
akzona 18(7,4)
36 all(15,13)
59 57(2,119)
steel 32(1,43)
32 exxon(1,6)
food 32(1,9)
gillette 32(1,18)
washington en(2,154)
watergate en(1,13)
1968 en(1,39)
agt en(1,40)
koningin en(4,156)
om drie(1,156)
menten en(1,110)
uyl drie(1,1)
president den(1,113)
frits van(3,116)
in amerika(8,156)
binnen 30(1,145)
237 23(1,69)
26 goodrich(2,10)
26 kans(2,20)
gillette 26(2,8)
over ons(1,156)
37 38(11,155)
boeing 41(6,13)
niets aan(1,156)
prins zou(2,133)
kamerleden aan(1,95)
zwitserland door(1,139)
maar door(1,156)
oil 58(2,30)
bernhard genoemd(1,2)
bernhard mag(1,2)
57 56(4,142)
27 colt(9,4)
42 er(2,50)
cola 87(1,1)
52 coca(1,3)
20 all(12,40)
meuser om(1,1)
voor nader(1,144)
zaak ik(1,97)
om geld(1,156)
19 curt(17,11)
88 can(3,9)
motor 56(1,27)
13 contr(2,10)
zaken in(2,156)
in actie(2,120)
27 heinz(1,12)
ou 27(1,28)
27 januari(1,147)
amerikaanse aandelen(3,50)
dat 24(6,123)
naar washington(1,154)
regering naar(2,100)
naar zwitserland(1,156)
kabinet den(1,129)
niet verder(1,156)
53 54(4,155)
kan niet(1,156)
45 44(8,150)
34 chrysler(5,34)
esmark 37(1,2)
19 cons(19,32)
zich tegen(1,156)
aan italiaanse(1,52)
japan blijft(1,46)
cia en(2,35)
weisbrod en(2,2)
en cia(2,27)
86 can(2,13)
goodyear 20(1,10)
40 burl(6,11)
geen geld(2,156)
laat het(1,156)
betalingen het(1,28)
het nieuws(1,156)
18 alcanal(1,1)
57 55(3,122)
32 asa(5,6)
15 curt.wr(1,1)
157 15(1,82)
op huis(1,137)
goed op(1,156)
gas el(2,64)
29 cont(16,20)
20 21(9,156)
commissie church(3,1)
regering is(1,121)
bezit van(2,156)
gevolg van(2,156)
zij met(1,156)
jaar met(1,156)
food 34(1,11)
in japan(23,155)
bewijzen over(1,101)
de hercules(1,116)
de belangrijkste(1,156)
de franse(1,138)
de taak(1,156)
de groene(1,156)
ook oud(1,108)
de koninklijke(1,156)
vragen over(1,156)
aan steekpenningen(2,50)
inc 22(2,9)
esmark 32(1,4)
klm nog(1,42)
46 cr(1,5)
28 getty(1,12)
naar bonn(1,112)
41 42(14,155)
esmark 30(1,4)
26 kim(1,10)
33 goodrich(1,9)
amerikaanse gegevens(1,23)
en vice(1,150)
en general(1,109)
en andere(1,156)
en ministers(1,156)
en aankoop(1,149)
ed 19(18,6)
st 29(17,85)
33 cont(14,23)
47 cr(1,7)
am tel(42,90)
amerada 22(5,7)
18 cons(9,32)
ook klm(1,34)
colgate 25(6,6)
uyl wil(1,22)
verder door(1,156)
door jan(1,156)
43 burl(4,8)
citicorp 33(4,4)
gas terug(1,28)
premier den(2,85)
ine 19(23,9)
41 cr(3,6)
het jaar(1,156)
14 13(3,155)
13 14(3,156)
wil nog(1,156)
19 norf(2,14)
56 amax(3,4)
19 honeywell(1,7)
100 can(1,12)
can 83(1,11)
paso 12(1,3)
52 amax(1,4)
amax 52(1,5)
donner is(4,50)
moet op(1,156)
was een(1,156)
recht op(1,133)
op alle(1,156)
op geheime(1,102)
flauw op(1,110)
vs heeft(1,47)
42 bethl(3,21)
verklaring van(6,156)
bezoek van(3,156)
oordeel van(3,156)
oil 37(8,40)
44 burroughs(2,10)
celanese 43(2,9)
43 ford(1,25)
president bij(1,151)
26 colt(8,5)
verklaring over(1,144)
over betalingen(1,30)
nieuws over(1,137)
akkoord over(1,43)
over 50(1,140)
fonds in(1,156)
lek in(1,155)
licht in(2,156)
in europa(1,156)
passages in(1,113)
inzage in(1,156)
besproken in(1,142)
maand in(2,156)
defensie in(1,131)
geweest in(1,156)
in bezit(1,156)
directeuren in(1,142)
dossiers in(1,51)
commissie werd(1,156)
hoogleraar in(1,84)
in eigen(3,156)
in geding(1,100)
star in(1,112)
in dienst(1,156)
zwitsers in(1,97)
in tokyo(1,70)
zelfmoord in(1,119)
in los(1,110)
in frankrijk(1,156)
gerritsen in(3,102)
dinsdag in(1,131)
conferentie in(1,147)
regeringspartij in(1,48)
in tweede(3,155)
verhaal in(1,153)
eens in(1,156)
jaren in(1,156)
handel in(1,156)
gillette 29(1,9)
29 goodrich(1,10)
45 burl(5,7)
donner heeft(2,43)
amerada 24(5,8)
celanese 48(1,5)
58 57(1,148)
13 au(1,101)
staat van(7,156)
prins had(2,145)
haag niet(1,125)
colgate 24(3,8)
voor geheime(1,145)
akkoord voor(1,43)
dag voor(1,156)
achter prins(1,9)
am motor(5,31)
strauss is(1,89)
van justitie(4,156)
18 alcan(6,8)
20 curt(6,11)
heeft aan(1,156)
22 int(5,59)
het volk(2,156)
airco 19(3,3)
gegevens naar(1,84)
onderzoek kan(1,153)
bernhard ontkent(1,1)
gaat met(1,156)
ook om(1,156)
en kotchian(1,1)
kotchian en(1,1)
bij zijn(2,156)
en crisis(1,85)
en corruptie(1,91)
gulf en(1,39)
28 colt(6,4)
st 37(11,70)
42 41(12,151)
vliegtuigfabriek lockheed(2,7)
int tel(4,90)
zij op(1,156)
hoger op(2,61)
inc 26(4,8)
26 au(4,85)
zijn nog(1,156)
niet zijn(2,156)
28 stand(1,33)
10 gen(4,95)
36 boeing(5,12)
18 ampco(4,5)
44 du(2,5)
wel over(1,156)
18 gen(5,48)
celanese 47(1,6)
commissie moet(1,153)
om steekpenningen(1,5)
am can(48,69)
goodrich 23(1,6)
23 grace(1,15)
brief naar(1,153)
56 55(4,150)
en ik(2,156)
onder de(1,156)
parlement de(1,156)
vandaag de(5,112)
de inhoud(1,156)
de lockheedaffaire(1,7)
laat de(2,156)
de mensen(1,148)
maarseveen de(1,13)
nu al(1,156)
waar de(1,156)
oil 35(7,42)
44 er(1,52)
het gaat(1,156)
in buitenland(5,145)
verder met(1,156)
bernhard geld(2,1)
aan regering(1,68)
10 10(10,156)
kennecott 26(1,16)
bendix 38(2,8)
amerada 25(8,7)
niet was(1,156)
asarco 17(3,6)
17 ashland(3,7)
am st(41,96)
zich over(2,156)
10 11(3,156)
van amsterdam(306,156)
21 all(5,24)
in mei(2,156)
prins komt(1,48)
japan heeft(1,143)
op stukken(1,139)
op zijn(3,156)
stukken op(1,156)
op zwitserland(1,108)
carter op(1,24)
steekpenningen zijn(1,15)
ook steekpenningen(1,1)
dollar voor(2,129)
zich voor(2,156)
home 34(5,6)
39 38(7,152)
en 1974(1,31)
vragen en(1,156)
kamerleden naar(1,58)
en holtrop(1,97)
en fred(1,112)
weduwen van(1,154)
van piloten(1,66)
betrokkenen van(1,90)
van eisen(5,122)
schuld van(1,156)
compensatie van(1,121)
van besloten(1,109)
conclusie van(2,156)
buren van(1,155)
administratie van(1,156)
aftreden van(1,156)
dood van(1,156)
aannemen van(2,156)
wijziging van(1,156)
van breda(1,156)
samenvatting van(1,112)
hoorzittingen van(1,26)
aankopen van(1,62)
hoofdstuk van(1,156)
van 4000(1,156)
van blaam(1,104)
van state(2,156)
staf van(1,156)
neergelegd van(1,73)
vrouw van(1,156)
verzet van(1,154)
van christen(1,128)
van bejaarde(1,127)
verhoor van(1,156)
betaling van(2,156)
partij van(1,156)
weet van(1,156)
verschil van(1,156)
van schuld(1,156)
van sympathie(1,150)
belang van(1,156)
commissaris van(1,156)
gebracht van(1,131)
herziening van(1,156)
van tinus(1,62)
advocaat van(1,156)
terugtreden van(1,96)
onderwerp van(1,156)
wolken van(1,145)
van wilde(1,154)
van vrijheid(1,156)
van navo(1,43)
record van(1,109)
van vervalste(1,47)
hof van(1,156)
order van(1,156)
stukken over(1,156)
zwitserland over(1,87)
over carter(1,5)
beschuldigingen over(1,86)
in italiaanse(5,64)
anaconda 29(5,16)
19 insilco(1,3)
asarco 16(3,4)
inc 21(1,10)
36 delmonte(3,3)
41 40(10,154)
met een(4,156)
125 25(2,76)
25 125(2,95)
tel 13(4,50)
27 atl(6,16)
kan het(1,156)
het geld(2,156)
het verder(1,156)
nederlandse commissie(1,52)
commissie sprak(1,80)
47 du(1,4)
32 33(14,155)
42 43(6,155)
stukken voor(1,156)
meuser en(3,12)
voor carter(1,8)
voor koningin(2,134)
van drie(13,156)
32 akzona(4,6)
30 gen(4,71)
drie te(1,155)
30 29(15,153)
can 33(13,16)
15 alcan(7,7)
53 celanese(1,9)
food 28(1,9)
gatx 28(1,5)
grace 28(1,11)
27 cons(11,39)
premier ook(1,76)
motor 37(1,16)
de man(3,156)
23 goodyear(1,10)
goodyear 23(1,15)
can 38(7,23)
donner rapport(3,1)
drie aan(1,155)
aan den(2,156)
13 carling(1,1)
231 am(1,13)
29 dow(3,8)
ind 32(17,15)
is nog(1,156)
is niet(2,156)
vs over(4,46)
na te(1,156)
21 pac(2,25)
ed 30(6,10)
25 gatx(1,4)
gillette 25(1,7)
25 fluor(1,6)
grace 25(1,8)
st 38(6,67)
ind 34(19,24)
om uit(1,156)
en tv(1,156)
36 35(12,153)
40 39(8,151)
geld aan(1,156)
vast aan(1,156)
24 epe(2,9)
in washington(3,140)
agent in(1,156)
betaalde in(1,126)
krijgen in(1,151)
spreekt in(1,156)
betrokken in(1,156)
corruptie in(2,99)
ontvangst in(1,156)
document in(1,123)
anderson in(1,60)
in opschudding(1,152)
in januari(1,151)
csu in(1,27)
in ontvangst(1,156)
bedrijven in(1,150)
in volgende(1,155)
in reacties(1,19)
is ook(1,156)
vertrouwen in(1,156)
spanje in(1,156)
proces in(1,152)
in groene(1,148)
vrienden in(1,156)
congres in(1,155)
verkiezingen in(1,156)
stemming in(1,156)
10 el(4,145)
boeing 42(3,11)
28 cons(9,31)
papieren de(1,106)
hoe de(1,156)
de lockheedzaak(1,1)
de neptunes(1,16)
de menten(1,34)
ook onderzoek(2,42)
street had(1,46)
44 45(5,156)
32 82(1,103)
17 gen(3,43)
heeft geen(1,156)
donner nu(1,1)
40 burroughs(2,11)
55 53(2,134)
met namen(1,156)
niets met(1,156)
54 ampex(2,4)
street tegen(3,8)
top van(3,156)
arrestatie van(3,156)
positie van(3,156)
zich niet(1,156)
japan als(1,114)
boeing 43(2,16)
46 44(2,127)
53 col(1,12)
44 amax(2,8)
31 asa(2,7)
een nieuwe(1,156)
boeing 39(3,15)
verder over(1,156)
pow 18(9,4)
ed 29(7,9)
34 col(3,10)
15 esmark(1,7)
kamerleden in(4,116)
aan een(2,156)
35 34(11,154)
amerika de(3,156)
was al(1,156)
terug op(2,156)
lockheed betaalde(1,1)
42 ford(1,22)
geld voor(2,156)
van beschuldiging(7,156)
35 36(11,155)
in vs(12,129)
uit de(7,156)
japanse regering(1,62)
heller 19(1,8)
en grote(1,83)
generaal en(1,156)
en iets(1,156)
29 30(13,156)
87 can(2,9)
37 36(11,153)
27 fluor(1,9)
gatx 27(1,5)
food 27(1,10)
goodrich 27(1,5)
can 35(9,15)
22 23(12,156)
26 dart(5,7)
wie de(2,156)
prins moet(1,71)
29 apeco(4,2)
tot op(1,156)
of terug(1,153)
niet dat(2,156)
53 coca(1,6)
48 akzona(1,3)
krijgt het(1,147)
ik het(1,156)
28 apeco(5,1)
vriend van(2,156)
pitt 10(2,2)
koningin geen(1,97)
japan na(1,84)
de kamer(3,156)
een miljoen(1,97)
in 1974(2,38)
weer naar(2,154)
in politieke(2,152)
16 17(7,156)
akzona 19(7,2)
40 41(8,155)
46 anaconda(1,25)
vs om(1,55)
citicorp 35(2,3)
19 au(3,104)
chrysler 14(1,10)
nu voor(1,156)
met steekpenningen(2,22)
bernhard was(1,59)
over lockheed(27,1)
35 akzona(3,6)
van kodama(5,2)
zaak wil(1,149)
17 alcan(3,8)
24 all(6,25)
commissie had(1,155)
commissie kan(1,153)
20 miljoen(2,70)
20 citicorp(2,9)
het italiaanse(1,131)
lager op(1,156)
de aankoop(1,156)
de voorzitter(1,156)
de kans(1,156)
achter de(1,156)
binnen de(1,156)
de positie(1,156)
positie de(1,147)
13 nat(2,61)
28 29(19,156)
om te(1,156)
zwitserland en(1,156)
en carter(1,49)
carter en(1,90)
van werkspoor(3,71)
voor prins(11,154)
lager wall(1,23)
37 ford(1,28)
30 49(1,101)
is weer(1,154)
21 alcan(2,5)
pow 22(6,10)
delmonte 26(4,6)
26 ah(1,10)
brief over(1,156)
36 37(10,155)
41 boeing(3,8)
30 cont(7,50)
pow 21(4,9)
prins wel(1,42)
rond prins(1,4)
prins grote(1,5)
22 alt(1,3)
onderzoek tegen(2,149)
home 35(3,5)
57 ampex(1,5)
drie niet(1,127)
rapport uit(1,156)
41 burl(4,6)
om zaak(1,71)
vast bij(1,153)
broadc 36(3,1)
39 chrysler(2,26)
al 22(5,97)
was het(1,156)
geven in(1,156)
in verklaring(2,51)
in holland(1,156)
zoek in(1,124)
speculaties in(1,99)
brandt in(1,120)
opheldering in(1,99)
in colombia(1,67)
lockheedaffaire in(1,1)
paar in(1,148)
fors in(1,41)
bezig in(1,153)
start in(1,92)
27 dowchem(1,3)
27 goodyear(1,11)
naar regering(1,12)
geen nieuwe(1,156)
54 53(2,146)
niet geld(1,106)
zaak nog(1,156)
met nederland(1,156)
44 43(3,148)
japan wil(1,82)
colgate 26(4,7)
28 au(2,102)
11 burl(1,7)
asarco 14(1,6)
23 24(11,156)
11 10(2,156)
bernhard is(2,64)
niets voor(1,156)
37 cont(6,23)
miljoen niet(1,41)
23 jaar(1,154)
22 asarco(2,3)
om een(1,156)
die prins(1,155)
bij klm(1,32)
amerada 20(3,4)
39 40(6,155)
steekpenningen te(1,56)
chrysler 20(2,22)
affaire nog(1,77)
van dienst(1,156)
beschuldigd van(2,156)
van onthullingen(2,65)
gehad van(1,156)
van 1,1(1,94)
besluit van(2,156)
inzage van(1,155)
beleid van(1,156)
van koninklijk(2,144)
prof van(2,131)
verkoop van(1,156)
dochter van(1,156)
van 106(1,153)
van fokker(1,97)
conclusies van(2,108)
topman van(1,34)
van defensie(1,154)
druk van(2,156)
dienst van(1,156)
blijven van(1,156)
van internationaal(1,143)
leden van(1,156)
economie van(1,114)
werkstuk van(1,84)
blijken van(1,156)
voorstel van(1,156)
wist van(1,154)
van elkaar(1,143)
werk van(1,156)
programma van(1,156)
functie van(1,156)
van vorig(1,151)
perspectief van(1,100)
reis van(1,156)
air 10(2,12)
tel tel(4,82)
38 58(1,80)
by lockheed(1,1)
blijft de(2,156)
over te(3,156)
tokio de(1,97)
de aanklacht(1,129)
vooral de(1,156)
de tijd(1,156)
steekpenningen aan(1,35)
22 au(1,96)
18 citicorp(2,6)
te 59(1,13)
asa 17(2,2)
dat is(1,156)
42 burl(3,5)
de prins(21,156)
15 16(11,156)
33 delmonte(2,4)
43 42(4,150)
voor zijn(2,156)
en verder(1,156)
21 citicorp(1,8)
52 54(1,153)
ind 35(11,18)
op vrije(1,156)
tegen het(2,156)
pow 19(13,8)
naar nieuwe(1,156)
commissie krijgt(1,61)
amerika over(1,146)
over steekpenningen(2,7)
36 akzona(3,5)
om de(4,156)
25 apeco(4,1)
wil niet(1,156)
28 dart(3,10)
29 cities(2,12)
10 amst(2,111)
35 am(27,76)
was voor(1,156)
inc 24(1,9)
34 33(10,155)
44 nat(2,56)
uit het(2,156)
steekpenningen een(1,2)
ford en(1,102)
23 am(40,81)
27 au(2,94)
wil geen(1,156)
40 al(4,91)
int 46(1,11)
orders in(1,150)
in 1960(1,63)
rechts in(1,121)
in internationale(1,111)
in openbaar(1,156)
in zwitserland(2,156)
die in(2,156)
in hilton(1,32)
beschuldigingen in(2,142)
14 is(1,155)
slot in(1,156)
31 delmonte(1,4)
ind 26(22,11)
terug naar(1,156)
de tweede(1,156)
tijdens de(1,156)
de vragen(1,156)
de starfighter(1,35)
al 25(8,117)
akzona 17(2,3)
had prins(1,103)
43 chase(1,10)
aan onderzoek(2,105)
onderzoek aan(2,156)
nederland op(1,156)
32 int(3,67)
38 39(4,155)
aankoop van(2,156)
van dit(2,156)
voorzitter van(2,156)
directeur van(4,156)
om amerikaanse(1,51)
35 cont(5,33)
ind 13(5,6)
uit te(1,156)
klm naar(1,54)
rapport over(2,156)
over nederland(1,156)
tegen prins(3,104)
bernhard als(1,55)
zijn bij(1,156)
28 atl(3,13)
17 16(5,152)
25 all(8,35)
46 nat(1,50)
nederland voor(1,156)
omkoping in(2,10)
in bonn(2,119)
zaak uit(1,156)
37 pac(2,21)
hoger wall(1,21)
47 nat(1,52)
28 27(20,155)
prins nu(1,51)
al 26(9,83)
of al(2,156)
30 asa(2,6)
tegen een(1,156)
is een(1,156)
27 dart(3,11)
ook geen(1,156)
can 31(4,11)
34 35(7,155)
president en(1,156)
haag en(1,156)
een onderzoek(2,156)
moet de(1,156)
heeft voor(1,156)
43 45(3,155)
minister van(5,156)
dollar op(1,108)
inc 19(2,6)
japan is(1,148)
37 al(4,53)
29 28(13,149)
asarco 18(2,7)
33 am(28,82)
arrestatie in(1,127)
justitie in(1,156)
opnieuw in(1,131)
vliegtuig in(1,86)
31 32(4,155)
prins kreeg(1,50)
12 am(23,90)
30 japan(3,27)
akzona 13(1,7)
niet door(2,156)
55 amax(1,5)
38 cont(3,26)
38 chrysler(1,31)
24 23(8,150)
18 au(1,105)
inc 18(1,9)
van opdracht(1,78)
ontvangst van(1,156)
wijze van(1,156)
materiaal van(1,121)
orion van(1,69)
rol van(3,156)
van hercules(1,122)
eis van(1,119)
van vele(1,156)
van corruptie(2,99)
valt van(1,154)
maakte van(1,156)
van militaire(1,156)
boek van(1,156)
contact van(1,91)
van relaties(1,101)
secretaris van(1,156)
dubbelganger van(1,80)
taak van(1,156)
ingezonden van(1,140)
reacties van(1,79)
van bedrijven(1,131)
lid van(1,156)
rede van(1,156)
van ons(2,156)
zei van(1,128)
of 57(1,78)
35 all(4,22)
dat prins(3,155)
oil 34(4,46)
37 all(4,18)
int 45(2,12)
broadc 21(1,1)
st 43(3,57)
strauss het(1,58)
bij lockheed(10,11)
33 34(8,155)
nog naar(1,156)
schandaal in(3,115)
church voor(1,1)
vs aan(1,86)
55 gen(1,51)
aan de(5,156)
rond de(1,155)
de nederlandse(1,156)
asa 21(1,3)
37 57(2,93)
documenten in(2,134)
naar zijn(1,156)
er van(4,156)
anaconda 28(3,17)
34 cont(5,20)
premier geen(1,65)
onderzoek bij(2,156)
ind 33(10,20)
op als(1,156)
vandaag voor(1,112)
36 cont(5,27)
voor het(4,156)
wil met(1,156)
28 10(8,153)
zaak te(1,156)
de commissie(11,156)
40 curt(2,6)
58 37(1,52)
35 33(6,140)
aanklacht in(1,125)
in nieuw(1,156)
in duitsland(1,85)
crisis in(1,155)
dassault in(1,5)
in dutch(1,83)
lager in(2,156)
is geen(1,156)
vooral in(1,156)
in ons(1,156)
13 alcan(1,9)
van 1974(2,30)
huis van(2,156)
oil 38(2,44)
20 alcan(2,7)
zijn al(1,156)
over nieuwe(1,149)
drie over(1,108)
die de(1,156)
de zeer(1,156)
de rol(1,156)
colgate 28(2,5)
niet uit(1,156)
japan en(3,152)
22 10(4,154)
27 28(16,156)
20 19(11,154)
53 55(1,153)
22 miljoen(1,44)
op na(1,156)
geld op(1,156)
meuser op(1,1)
amerikaanse fondsen(1,43)
met prins(5,156)
56 54(2,129)
56 ampex(1,4)
drie voor(1,154)
nederland en(1,156)
jan van(3,156)
vast wall(1,9)
vandaag in(3,117)
24 25(8,156)
was prins(1,139)
boeing 44(1,17)
43 boeing(1,5)
43 anaconda(1,33)
17 armco(1,6)
donner en(5,99)
geld over(1,143)
21 akzona(1,5)
akzona 21(1,2)
krijgt in(2,130)
namen in(2,156)
bernhard nog(1,22)
op de(9,156)
miljoen op(1,55)
39 burl(2,9)
16 curt(2,7)
st 36(5,71)
24 comm.w(1,2)
10 miljoen(1,77)
16 15(7,153)
33 gen(2,50)
17 chase(1,9)
tanaka in(3,7)
16 nat(2,54)
34 am(22,81)
23 all(5,20)
26 27(19,156)
met zijn(1,156)
boeing 27(3,10)
23 22(6,156)
35 delmonte(1,4)
op een(2,156)
bij het(2,156)
kwestie van(1,156)
van vakantie(1,55)
van start(1,97)
inhoud van(1,156)
mag van(2,156)
ontkenning van(1,149)
kamerlid van(1,116)
van roha(1,1)
mensen van(1,106)
van democraten(1,92)
instellen van(1,155)
van parlementaire(1,151)
van holland(1,156)
voor de(9,156)
11 am(5,122)
18 carling(1,3)
klm 39(1,10)
ontslag in(1,156)
in den(6,156)
werd in(1,156)
bewijzen in(1,155)
toe in(1,156)
in kabinet(2,148)
in huis(1,156)
amax 38(1,4)
38 amax(1,7)
19 alcan(4,7)
ine 43(2,11)
met de(7,156)
el 55(1,55)
gas 23(2,36)
23 au(1,99)
de drie(2,156)
de nieuwe(2,156)
om lockheed(4,1)
32 52(1,99)
affaire een(1,150)
25 10(7,155)
voor een(2,156)
voor klm(1,39)
36 am(21,70)
25 am(30,89)
37 am(17,75)
39 am(16,72)
door lockheed(9,5)
38 al(2,52)
in zaak(6,139)
vast in(3,156)
32 31(3,153)
oil 27(5,33)
st 30(4,128)
30 31(3,156)
31 30(3,153)
jan de(1,156)
st 41(4,61)
int 41(2,13)
af van(3,156)
minister in(2,156)
nat can(2,34)
25 24(7,152)
14 15(3,156)
18 19(11,156)
29 cons(3,25)
40 coca(1,5)
ed 17(2,5)
prins heeft(1,156)
57 54(1,102)
tel 29(4,42)
niet te(1,156)
generaal van(2,156)
naam van(2,156)
28 int(3,66)
geld van(5,156)
in kamer(2,152)
eisen in(1,84)
mag in(1,156)
betalingen in(1,152)
flauw in(1,122)
can 13(2,17)
op om(1,156)
anaconda 23(2,16)
19 20(9,156)
57 38(1,58)
22 am(14,84)
in het(10,156)
om 10(1,156)
met lockheed(10,10)
18 17(4,153)
de klm(2,74)
nu de(1,156)
street niet(2,45)
45 43(2,136)
42 am(14,78)
met rapport(1,75)
prins niet(3,147)
27 10(7,148)
33 32(5,153)
11 16(1,156)
tel 30(3,50)
27 26(16,151)
27 am(30,77)
al 23(4,93)
donner op(3,25)
tegen bernhard(1,3)
nog over(1,156)
38 amerada(1,5)
21 22(2,156)
prins geen(3,127)
21 am(9,85)
naar het(2,156)
manh 30(1,1)
28 asa(2,7)
33 cities(1,19)
33 52(1,82)
commissie wil(1,142)
of niet(1,156)
affaire niet(1,104)
van weinig(1,156)
van openbaar(1,156)
van regering(4,101)
van twee(1,156)
papieren van(1,155)
van oude(1,156)
van die(2,156)
van 1968(1,39)
van 1960(1,57)
van 1976(1,31)
28 cont(5,27)
nog voor(1,156)
18 10(4,156)
over zijn(1,156)
broadc 22(1,1)
van de(43,156)
18 curt(2,10)
in onderzoek(8,147)
al 27(5,81)
int 44(1,11)
13 15(3,156)
19 all(6,19)
21 10(2,153)
sprak in(1,156)
zou in(1,156)
wel in(1,156)
hoger in(2,57)
iets in(1,156)
tel 57(1,23)
en strauss(1,112)
ook voor(1,156)
brands 39(1,18)
en prins(6,156)
het is(1,156)
26 10(7,150)
21 nat(1,62)
naar den(1,156)
45 47(1,151)
47 45(1,131)
12 11(1,156)
prins als(1,148)
apeco 17(1,1)
17 apeco(1,3)
bij de(4,156)
haag de(1,131)
en oud(1,156)
miljoen en(1,73)
26 cons(4,28)
zich in(2,156)
in wall(10,93)
46 40(1,132)
40 boeing(1,10)
34 burroughs(1,7)
14 am(6,82)
van wie(2,156)
18 chase(1,8)
voor steekpenningen(1,6)
steekpenningen voor(1,12)
gas 24(1,29)
39 59(1,98)
anaconda 17(1,17)
anaconda 25(2,18)
33 klm(1,8)
31 int(1,67)
st 31(2,95)
de japanse(4,86)
aan lockheed(5,2)
38 am(9,72)
en klm(1,50)
42 31(2,86)
st 28(5,100)
21 20(2,156)
ook in(3,156)
regering in(2,132)
can 34(4,15)
aan prins(2,155)
niet bij(1,156)
prins geld(1,1)
chrysler 18(1,10)
20 10(3,156)
japan in(5,145)
st 32(3,78)
commentaar van(1,100)
justitie van(1,156)
van maandag(1,156)
van voorzitter(1,156)
van mr(1,156)
al 42(2,66)
10 28(5,148)
naar een(1,156)
de zaak(3,156)
39 boeing(1,10)
20 amst(1,97)
voor premier(1,64)
vs met(1,89)
met vs(1,97)
weer op(1,156)
tel 14(1,48)
15 carling(1,3)
over prins(4,104)
dat het(1,156)
de minister(1,156)
op onderzoek(2,131)
colgate 29(1,6)
miljoen van(4,51)
22 all(2,23)
16 gen(1,42)
naar japan(1,156)
japan naar(1,130)
wie in(1,156)
kodama in(1,1)
met den(1,156)
voor tegen(1,156)
41 43(2,152)
uit op(1,156)
en het(3,156)
voor onderzoek(2,130)
na 23(1,126)
34 coca(1,10)
al een(1,156)
40 am(10,87)
dollar van(3,111)
amerada 17(1,4)
pow 28(4,8)
beurs blijft(1,101)
18 ashland(1,8)
lockheed hebben(1,2)
37 gen(1,55)
verder in(1,156)
had in(1,156)
directeur in(1,155)
23 nat(2,64)
akzona 20(1,2)
voor lockheed(9,4)
41 am(12,80)
ontvangen van(1,156)
van dassault(1,12)
van gulf(1,29)
weer in(3,156)
commissie is(1,156)
aan het(1,156)
terug in(2,156)
is de(2,156)
in new(4,149)
bernhard een(1,64)
asa 18(1,2)
oil 36(2,39)
niet naar(1,156)
oil 33(2,43)
affaire in(4,154)
19 apeco(2,2)
26 25(10,156)
13 19(3,149)
19 18(7,150)
wat in(1,156)
commissie uit(1,155)
29 colt(1,6)
dat voor(1,156)
namen van(2,156)
beschuldiging van(2,156)
president van(2,156)
van niets(2,156)
anaconda 19(2,17)
bij onderzoek(1,156)
23 dart(1,6)
33 asa(1,5)
tel 32(2,43)
tegen lockheed(3,1)
am air(3,7)
over de(5,156)
delmonte 25(1,5)
al 28(3,83)
st 42(2,59)
29 asarco(1,5)
14 16(1,156)
43 54(1,85)
19 akzona(2,4)
31 34(2,152)
voor vs(1,88)
vs voor(1,106)
bij tel(1,98)
in brief(1,110)
af in(1,156)
vragen van(1,156)
ontslag van(1,156)
ploeg van(1,141)
van holtrop(1,50)
10 te(1,156)
14 10(1,156)
onderzoek geen(1,139)
de koningin(1,156)
geen onderzoek(1,155)
36 38(2,154)
en premier(1,107)
25 comm(1,18)
in de(16,156)
36 amax(1,8)
commissie van(14,156)
st 39(2,63)
18 akzona(1,3)
bernhard bij(1,41)
dat de(2,156)
54 56(1,152)
32 53(1,79)
24 el(1,108)
19 10(5,154)
13 lockheed(4,8)
op prins(3,143)
de 58(1,147)
34 gen(1,52)
24 am(9,79)
beschuldiging in(1,154)
man in(1,156)
en weer(1,156)
niet met(1,156)
bernhard niet(1,17)
26 am(20,80)
18 all(2,25)
prins door(2,142)
van new(6,156)
al 43(1,56)
niet in(4,156)
voor op(2,156)
24 burl(1,9)
de vs(2,134)
als de(1,156)
tanaka de(1,11)
amerada 19(2,4)
van dag(1,156)
van alle(1,156)
van geheime(1,156)
weg van(1,156)
nieuws van(1,156)
voor new(1,128)
25 dart(1,11)
10 27(4,152)
van het(10,156)
over een(1,156)
ine 44(1,11)
broadc 23(1,1)
naar de(3,156)
het niet(1,156)
het japanse(1,70)
lockheed president(1,1)
aan commissie(1,102)
10 13(1,156)
13 10(1,155)
37 39(2,152)
26 dow(1,13)
10 20(2,156)
bernhard en(2,118)
35 nat(1,59)
asa 23(1,3)
12 10(2,156)
25 cons(2,31)
het geen(1,156)
53 34(1,67)
34 amerada(1,5)
prins is(1,156)
bernhard door(1,27)
27 all(3,23)
was in(1,156)
voor japan(1,141)
33 53(1,92)
32 burl(1,5)
lockheed ook(2,1)
van nederlandse(1,145)
23 apeco(1,1)
10 26(4,149)
16 cons(1,20)
commissie voor(2,156)
13 am(4,88)
39 41(2,153)
41 curt(1,7)
een commissie(1,155)
12 13(1,156)
13 12(1,154)
17 18(2,156)
premier in(2,126)
vs en(1,150)
en vs(1,152)
niet op(1,156)
27 cont(3,30)
niet over(1,156)
32 am(8,76)
22 21(1,153)
met onderzoek(1,118)
asa 28(1,3)
int 34(1,19)
over amerikaanse(1,51)
oil 22(1,29)
van washington(1,156)
van een(5,156)
van koningin(2,156)
carter van(1,54)
10 25(3,156)
niet voor(1,156)
de lockheed(13,61)
33 int(1,67)
onderzoek in(4,156)
10 21(1,155)
heeft in(1,156)
in hoger(1,63)
44 42(1,127)
zaak en(1,156)
van ex(2,150)
van steekpenningen(3,67)
het onderzoek(1,156)
34 nat(1,71)
40 38(1,140)
30 cons(1,34)
al 45(1,84)
dollar in(1,127)
hauser in(1,7)
oil 24(1,32)
van omkoping(1,41)
van prins(13,156)
affaire en(1,152)
ed 32(1,12)
bernhard in(4,72)
lockheed heeft(1,13)
amerikaanse commissie(1,48)
en een(1,156)
prins te(1,155)
de amerikaanse(2,102)
commissie geen(1,148)
drie van(2,156)
oil 20(1,34)
over naar(1,155)
ook de(1,156)
premier van(3,129)
29 burl(1,10)
en japan(1,152)
met het(1,156)
bernhard het(1,59)
10 29(2,143)
29 10(2,151)
van lockheed(30,38)
25 26(6,156)
meer van(1,156)
van meuser(2,9)
van jan(1,156)
analyses in(1,27)
de steekpenningen(1,41)
27 apeco(1,1)
en de(4,156)
23 el(1,94)
van oud(2,156)
prins of(1,130)
23 25(4,156)
39 al(1,32)
anaconda 27(1,16)
door de(2,156)
prins een(1,156)
29 japan(1,16)
31 am(4,86)
van wat(1,156)
onderzoek voor(1,155)
drie in(1,156)
31 12(1,128)
10 all(1,120)
oil 19(2,29)
ind 14(1,7)
27 gen(1,56)
premier de(1,136)
donner het(1,23)
bernhard op(1,57)
40 45(1,155)
als lockheed(1,3)
strauss in(1,90)
meuser in(1,3)
in vast(1,133)
al 20(1,117)
prins in(6,156)
brief van(1,156)
38 41(1,151)
el 15(1,101)
anaconda 26(1,15)
bernhard voor(1,44)
tel 37(1,32)
tegen de(1,156)
lockheed aan(2,4)
op het(1,156)
41 al(1,56)
klm in(1,56)
beurs niet(2,154)
st 40(1,110)
krijgt van(1,140)
kamerleden van(1,114)
man van(1,156)
van er(1,156)
van president(1,156)
niets van(1,156)
14 25(1,151)
42 40(1,142)
40 42(1,155)
54 34(1,90)
van vs(3,149)
al 19(2,83)
ind 20(2,13)
pow 27(2,5)
wil in(1,156)
van den(3,156)
33 31(1,140)
10 22(1,153)
en lockheed(5,24)
op 16(1,156)
prins en(2,156)
steekpenningen van(2,50)
26 cont(2,23)
al 36(1,72)
33 al(1,58)
27 int(1,65)
25 japan(1,21)
in japanse(2,61)
nog in(1,156)
affaire van(3,156)
naar prins(1,117)
27 burl(1,9)
oil 23(1,30)
55 25(1,126)
rapport van(2,156)
van nederland(1,156)
van rapport(2,147)
10 12(1,156)
26 int(1,63)
zaak de(1,156)
steekpenningen in(1,24)
van onderzoek(4,156)
onderzoek van(4,156)
37 35(1,137)
of de(1,156)
affaire de(1,135)
oil 28(1,34)
lockheed steekpenningen(1,1)
van zich(1,156)
van hauser(1,18)
zich van(1,156)
lockheed en(4,27)
prins met(1,155)
10 19(2,154)
in rapport(1,113)
oil 25(1,32)
30 20(1,154)
lockheed voor(3,4)
16 18(1,156)
church van(1,42)
van church(1,7)
is in(1,156)
st 33(1,82)
19 13(1,132)
uit in(1,156)
33 39(1,145)
over en(1,156)
van commissie(5,155)
lockheed is(1,7)
in met(2,156)
ind 19(3,11)
28 al(1,73)
33 35(1,156)
van 87(1,156)
15 all(1,29)
37 33(1,139)
tel 28(1,43)
28 all(1,22)
29 39(1,116)
van strauss(1,146)
prins op(1,155)
tel 25(1,53)
terug van(1,156)
33 30(1,144)
25 23(2,150)
york in(1,113)
21 19(1,137)
in te(1,156)
aan in(1,156)
van japan(2,156)
zaak in(1,156)
tel 27(1,45)
wil van(1,156)
lockheed te(1,4)
33 36(1,154)
19 am(6,82)
in een(1,156)
10 15(1,156)
15 10(1,156)
ind 27(2,9)
lockheed op(2,4)
de all(1,145)
26 all(1,25)
tel 26(1,47)
19 al(1,90)
23 26(2,155)
bernhard de(1,71)
lockheed een(1,6)
am te(1,155)
in amerikaanse(1,68)
van boeing(1,39)
19 40(1,136)
18 15(1,151)
door in(1,156)
in door(1,156)
33 15(1,121)
26 24(1,137)
19 16(1,137)
16 19(1,154)
25 34(1,140)
34 25(1,130)
26 37(1,119)
33 25(1,129)
al in(1,156)
ind 23(1,23)
van te(1,156)
aan van(1,156)
43 am(1,74)
zaak van(1,156)
23 28(1,151)
voor beurs(1,77)
26 36(1,135)
het lockheed(1,7)
street in(1,95)
voor in(1,156)
29 19(1,114)
van japanse(1,63)
niet van(1,156)
van amerikaanse(1,92)
in commissie(1,154)
commissie in(1,156)
15 am(2,81)
19 23(1,155)
28 am(2,80)
27 25(1,147)
17 am(1,82)
28 26(1,143)
10 am(1,104)
in 34(1,152)
in prins(1,104)
18 am(1,79)
van donner(1,45)
van 40(1,156)
lockheed in(2,12)
25 in(1,156)
de beurs(1,156)
van 30(1,156)
en van(1,156)
lockheed de(1,8)
lockheed van(2,6)
van 25(1,156)
in amsterdam(1,156)
