hoofd bieden(1,146)
zwart rood(1,107)
volksvijand nummer(1,41)
exclusief interview(1,57)
regeringsverklaring waarin(1,23)
luide bijval(1,91)
kwalijk genomen(1,148)
openbaar vervoer(1,74)
heel stel(1,90)
gevoelige knauw(1,46)
eerdere uitspraken(1,26)
paar dagen(1,156)
david rockefeller(1,16)
ijsbrand hiddes(1,9)
hiddes galema(1,13)
duizenden betogers(1,40)
golden tulip(1,26)
gedeeltelijk geslaagd(1,36)
deli atjeh(1,46)
british enkalon(1,17)
caribisch gebied(1,40)
the union(1,111)
oppositie eist(1,9)
stijgende loonkosten(1,27)
leonid brezjnef(1,17)
ferry knemeijer(1,14)
vietnam cambodja(1,23)
optimistische geluiden(1,55)
chemisch verdrag(1,2)
friesch groningsche(1,84)
du pont(1,153)
opgewekte stemming(1,136)
achtergestelde lening(1,21)
halve kracht(1,127)
opdracht uitgevoerd(1,54)
technische mogelijkheden(1,74)
wijze mannen(1,102)
academy awards(1,26)
standpunten uiteen(1,30)
ongewenste vreemdeling(1,47)
totaal verrast(1,64)
papierfabriek roermond(1,14)
geziene gast(1,93)
piet heil(1,30)
vijfde divisie(1,48)
da costa(1,156)
costa gomes(1,15)
planmatige voorbereiding(1,8)
know how(1,37)
math weijers(1,7)
illegale vreemdelingen(1,18)
aow aww(1,34)
800 000(1,113)
dagelijkse belangen(1,20)
midden oosten(1,72)
lijnrecht tegenover(1,126)
gerrit hepkema(1,11)
herman kahn(1,11)
psf offshore(1,2)
broeders hoeder(1,97)
prins bernhard(1,72)
banda abao(1,35)
cor lommers(1,9)
warme winter(1,37)
bert stoop(1,24)
franz josef(1,95)
josef strauss(1,50)
nam afscheid(1,139)
indira ghandi(1,23)
streep gezet(1,72)
jean jacques(1,144)
structureel probleem(1,30)
kaak gesteld(1,139)
sylvio croes(1,1)
rood goud(1,53)
henk hoekstra(2,43)
groeiende onvrede(1,17)
stempel drukt(1,95)
moeilijke taak(1,128)
hij succes(1,101)
felle botsing(1,27)
helmut kohl(1,25)
reden waarom(1,156)
monetaire stelsel(1,48)
belangrijk deel(1,156)
hoeven trouwens(1,1)
mede omdat(1,141)
peil ligt(1,39)
opnieuw uitgesteld(1,80)
kapitalistische chaos(1,11)
sinds 1958(2,37)
bruynzeel zaandam(1,14)
chamotte unie(2,48)
evangelische kerk(1,154)
v.d louw(1,34)
gelatine delft(2,14)
werkelijk progressieve(1,5)
marcus bakker(1,50)
lang wachten(1,156)
middelgrote ondernemingen(1,42)
extra heffingen(1,38)
jaap metz(2,15)
elseviers weekblad(1,47)
bittere armoede(1,118)
diep wantrouwen(1,60)
collectieve lasten(1,22)
koel ontvangen(1,125)
aantal personeelsleden(1,49)
gerard krul(2,12)
r.k kerk(1,65)
nationale investeringsbank(1,34)
directie noemt(1,27)
ballast nedam(2,27)
elseviers magazine(1,27)
harde klappen(1,91)
dure plicht(2,125)
korte looptijd(1,39)
franse kalimijnen(1,23)
louis velleman(1,33)
ir stikker(1,18)
volgende keer(1,135)
komend najaar(1,45)
militaire raad(1,72)
ministers vos(1,5)
hoog peil(1,109)
elke nederlander(1,80)
hun fouten(2,95)
cao onderhandelingen(1,19)
scherp conflict(1,70)
serve overhof(2,20)
gouden roos(1,80)
tegenover elkaar(1,135)
wisselden elkaar(1,105)
nauwelijks merkbaar(1,107)
men praat(1,118)
coos verweij(2,4)
verenigde staten(1,117)
nader inzien(2,154)
zwaar getroffen(1,145)
ir klijnstra(1,6)
louis harris(1,13)
belachelijk laag(1,83)
wij staan(1,156)
eind maart(1,91)
tijdens bezoek(1,28)
mevrouw peron(2,15)
takeo fukuda(1,10)
sprake geweest(1,156)
twee maten(1,142)
tulip hotels(1,22)
vergrote kapitaal(1,36)
ihc holland(1,33)
maastrichtse machinefabriek(1,5)
zwarte bevolking(1,114)
uitzonderlijk hoge(2,49)
haar activiteiten(1,48)
vaak goedkoper(2,27)
scholten honig(3,20)
zuid vietnam(1,39)
verloren gevecht(1,11)
maanden cel(1,37)
sociale voorzieningen(1,82)
eigen vermogen(2,139)
mr maas(1,107)
eigen schuld(1,156)
sociaal zwakken(1,21)
sociaal democraten(1,113)
volgens ramingen(1,47)
internationaal monetair(1,58)
reddeloos verloren(1,149)
ben je(1,142)
ben romijn(1,13)
mr gerrit(1,70)
fiat 128(1,26)
ben ik(1,156)
hoogste inkomen(1,29)
vervoersbonden nvv(1,3)
goede zaak(1,156)
zaak geweest(1,130)
goede kansen(1,130)
waar waren(1,137)
maand begonnen(1,73)
zuid afrika(1,144)
nationaal grondbezit(1,85)
nederlandsche bank(1,156)
belangrijke rol(1,156)
antwoord weet(1,91)
wijst erop(1,114)
legde hem(1,139)
aantal vragen(1,137)
bondskanselier helmut(1,22)
krijgen omdat(1,131)
negatief effect(1,32)
andere munteenheden(1,19)
andere keus(1,153)
bata best(1,11)
dal heen(1,22)
secretaris generaal(1,155)
extra uitgaven(1,107)
nationaal produkt(1,41)
drs bogers(1,20)
slechte tijden(2,134)
ver vooruit(2,148)
eten gooit(2,57)
warnderink vinke(3,29)
vrije volk(3,106)
staatssecretaris meijer(1,7)
brug komen(1,105)
maakte plaats(1,128)
politieke ontwikkelingen(1,64)
harde les(1,126)
non actief(1,66)
zes antilliaanse(1,17)
buitenlandse bureaus(1,1)
sluiting bedreigd(1,31)
drs brouwers(1,18)
positieve berichten(1,63)
000 werknemers(1,18)
was gunstig(1,151)
3e plaats(1,98)
amro bank(1,32)
sluitende exploitatie(1,68)
chemische concerns(1,33)
belangrijk element(1,91)
afbrokkelende koersen(1,65)
geweldige tijd(1,32)
25 jarig(1,145)
echt nieuws(1,24)
lage koers(2,69)
amerikaans plan(2,34)
botsing tussen(1,62)
enorme klap(1,50)
vanaf morgen(1,96)
eerst sinds(2,135)
alle kwaad(1,141)
cindu key(2,25)
toch gedeeltelijk(1,66)
zware dreun(1,12)
gelder papier(1,44)
verdere internationalisering(1,7)
lange duur(1,144)
lange termijn(3,103)
tussen negers(1,21)
westduitse spd(1,22)
oliesector buiten(1,2)
honderden mensen(1,61)
100 min(1,81)
laatste stuiptrekking(1,81)
brengt alle(1,98)
alle sectoren(1,69)
ten grondslag(1,156)
ten aanzien(1,156)
alle sprookjes(1,41)
laurens ten(1,26)
ten cate(1,156)
zeventiger jaren(2,87)
limburgs dagblad(3,53)
grootste vijand(1,135)
monetaire conferentie(1,21)
ed wisborg(6,14)
sprong vooruit(2,99)
gisteren begonnen(1,150)
werd hem(1,156)
aftreden werd(1,122)
hij begin(1,95)
had voorspeld(1,130)
had beschouwd(1,129)
trouwens alleen(1,116)
daarvan kan(1,156)
feite alleen(1,56)
amsterdamse effectenbeurs(2,52)
haagse redactie(1,48)
massaal ontslag(1,39)
rode cijfers(4,33)
sociale dienst(1,59)
bleef vrij(2,126)
zo goedkoop(1,69)
nationaal inkomen(2,93)
rekening houden(1,129)
scherpe winstdaling(1,3)
heus wel(1,62)
openbare werken(1,156)
geeft moed(2,104)
grens bereikt(2,111)
groter verband(1,56)
sprankje hoop(1,86)
zonder brood(1,125)
zo lekker(1,64)
limburgse arbeidsmarkt(1,17)
bijzonder hard(1,106)
new york(5,155)
jongeren zonder(1,37)
monetair fonds(1,53)
800.000 nederlanders(1,7)
ruimte genoeg(1,149)
britse film(1,45)
dank zij(4,156)
partij kan(1,155)
sociale lasten(1,75)
nooit zo(1,80)
haag maakt(1,70)
nvv nkv(1,16)
zes maanden(2,156)
schip keren(1,6)
laag geweest(1,117)
huidige samenleving(1,87)
hebben geleden(1,156)
veel gevaarlijker(1,153)
thv international(2,6)
per rolstoel(1,17)
rob warnderink(3,9)
edo brandt(7,19)
rob jager(3,9)
feiten spreken(1,140)
europese kernmacht(1,25)
zonder werk(4,156)
vol gas(2,86)
spreiding rijksdiensten(2,19)
doet niets(1,156)
alles wijst(1,118)
snelle expansie(1,49)
gedaan we(1,73)
we hoeven(1,90)
kant al(1,120)
doen stijgen(1,156)
800.000 gulden(1,68)
duidelijke verbetering(2,66)
zes keer(1,96)
financieel beleid(1,129)
doen we(1,132)
beloofde land(1,148)
belgische markt(1,75)
weinig speelruimte(1,40)
centrale bank(1,113)
moeilijke tijd(1,101)
kleiner tekort(1,7)
president gekozen(1,151)
felle kritiek(1,80)
voorlopig weinig(1,48)
boekte vorig(1,27)
gehele land(1,73)
ned antillen(1,43)
rijkste land(1,79)
werknemers kwijt(1,8)
ontwikkelingen rond(1,42)
internationale toestand(1,85)
erg mee(1,105)
nieuw zeeland(1,156)
ons verdiend(1,28)
gouden tijd(1,118)
we eten(2,101)
boven alles(1,156)
slechts kleine(1,156)
buitenlandse zaken(2,107)
weinig echt(1,53)
vrijwel uitgesloten(1,92)
dr witteveen(2,48)
twee maanden(1,156)
groot belang(1,156)
lugt voorzitter(1,2)
voorzitter landelijk(1,2)
nederlanders staan(1,65)
dr rutten(1,59)
unilever begon(2,18)
kranten zullen(1,57)
net maken(1,107)
even groot(1,156)
kalme handel(2,89)
aluminium industrie(1,21)
verband tussen(1,69)
rotterdamse haven(1,60)
laatste stap(1,96)
klap krijgen(1,47)
hogere uitkering(1,52)
state of(1,144)
of the(1,156)
wat doen(1,154)
stacaravan of(2,27)
of boot(2,123)
uyl sprak(2,20)
hogere koersen(2,51)
kreeg vorig(2,36)
als colijn(1,34)
74 75(1,155)
alle projecten(1,45)
politieke strijd(1,118)
wat denken(1,105)
of nauwelijks(1,108)
steeds langer(1,102)
houding ten(1,149)
amsterdam rubber(1,84)
gewone mensen(1,61)
korter werken(4,59)
houdt rekening(2,106)
japanse arbeiders(2,17)
per aandeel(2,156)
onder invloed(2,138)
vooral gericht(1,106)
onder luide(1,155)
vooral kwalijk(1,45)
let vooral(1,123)
man ontslaan(1,14)
220 man(1,42)
twintig man(1,142)
stonden onder(1,148)
beduidend lager(1,116)
tweede fase(1,75)
blijft even(1,148)
tweede jaarhelft(2,23)
wim kremer(1,15)
derde kwartaal(5,156)
snel voorbij(1,115)
deze week(2,156)
den uyl(10,76)
samenleving die(1,107)
schade die(1,156)
deze redenen(1,156)
maar betekenen(1,37)
aangehouden maar(1,120)
hele westerse(1,41)
gebeurtenissen die(1,156)
die kant(1,117)
der sterkste(1,135)
buitenlandse kapitaal(1,58)
aanbod zo(1,36)
vruchten af(1,124)
bijna verdubbeld(1,138)
keer zo(1,60)
wel overeind(1,31)
beurs kijkt(1,2)
der stee(1,45)
der tuin(2,134)
begin 1975(2,14)
britse centrale(1,20)
internationale politiek(1,114)
hard getroffen(1,41)
neemt snel(1,103)
vrij gunstig(1,154)
der wild(2,43)
der lugt(1,152)
hangt af(1,156)
grootste onderneming(1,71)
der doef(1,32)
hoorde maar(1,106)
april omhoog(1,3)
eventjes maar(1,79)
gunstig beeld(1,90)
der spiegel(1,99)
den haag(2,156)
der stoel(1,100)
nederlandse les(1,31)
der grinten(1,131)
stoom af(2,76)
sprookjes die(1,83)
vrije pers(1,116)
25ste congres(1,12)
ten einde(2,156)
ons land(5,156)
18,4 procent(1,18)
er meestal(1,132)
dertig procent(1,100)
7,5 procent(1,42)
70 procent(1,97)
lagere nettowinst(1,26)
lagere omzetten(1,10)
merkt er(1,109)
3,7 procent(1,43)
45 procent(1,84)
beperkte capaciteit(2,69)
5,75 miljard(3,1)
onze correspondent(4,156)
eerste halfjaar(4,156)
inderdaad wordt(1,130)
naam wordt(1,152)
wordt aangehouden(1,149)
hebben gisteren(1,156)
kunnen doen(1,156)
zou zakken(1,76)
terecht zou(1,121)
zou ko(1,75)
goedkope dollar(2,9)
jan bouwer(7,24)
15,1 miljard(2,14)
geert jan(6,85)
jan laan(6,56)
18 miljard(1,39)
wordt aangepakt(1,103)
anderhalf miljard(1,42)
per saldo(1,140)
ruim vijf(1,156)
ziet voorlopig(1,33)
120 miljard(2,27)
ruim 10(2,156)
betere resultaten(1,147)
sluitende begroting(1,60)
europese staalindustrie(1,29)
jan brouwer(1,142)
onze beursredacteur(4,33)
wordt geboren(1,140)
onze partij(1,141)
alles nodig(1,48)
bezit wordt(1,143)
onze steden(1,154)
onze welvaart(1,144)
regeringsbeleid wordt(1,16)
wordt aangepast(1,75)
zal langzaam(1,65)
stelde zich(1,156)
concentreerde zich(1,109)
worden gedaan(2,156)
worden aangericht(1,115)
steek zal(1,95)
worden gelaten(1,156)
aandelen worden(1,49)
worden gekocht(1,156)
zal mede(1,155)
worden belegd(1,153)
daarbij zal(1,156)
eisen werk(1,15)
sombere situatie(2,21)
handhaafde zich(1,110)
richt zich(1,125)
zal heus(1,53)
buigt zich(2,135)
herstelde zich(1,156)
forse winstdaling(2,23)
bevorderd worden(1,155)
74 daf(2,12)
gedraagt zich(1,152)
beraadt zich(1,58)
worden genezen(1,140)
tussen hoop(2,48)
arme landen(3,63)
grote leider(1,58)
grote schoonmaak(1,58)
helmut schmidt(1,32)
nieuw element(1,135)
want al(1,156)
gaat achteruit(1,113)
snel toe(1,143)
ruwe olie(2,122)
rotterdam 10(1,155)
nieuw voorstel(2,156)
armste landen(2,30)
nieuw fonds(1,66)
weinig positieve(1,73)
gaan geven(1,134)
zegt grote(1,20)
grote verschuivingen(1,49)
erg positief(1,34)
gaat optreden(1,90)
gaat verdwijnen(1,91)
rond 25(1,79)
onder druk(4,102)
flink lager(2,40)
bestuur blijft(2,122)
merkte tot(1,65)
leidt tot(1,156)
mooi weer(1,141)
stond weer(1,113)
zijn stempel(1,121)
zijn schouders(1,126)
succes heeft(1,145)
zijn gezag(1,156)
bijdrage tot(1,155)
weer normaal(1,106)
bereid tot(1,156)
tot overname(1,152)
weer winstgevend(1,32)
oproep tot(1,103)
mannen zijn(1,156)
tegen zaterdagmiddagsluiting(1,1)
tot onafhankelijkheid(1,77)
tot ongewenste(1,52)
verliesgevend zijn(1,31)
zijn beduidend(1,58)
anwb zijn(1,36)
heeft honderden(1,89)
baas heeft(1,96)
weer verhoogd(1,86)
optreden tegen(1,137)
fel tegen(1,110)
tot 188(1,85)
italianen zijn(1,132)
zijn geschrokken(1,70)
1945 zijn(1,52)
zijn verteld(1,32)
10 procent(3,133)
argentijnse regering(1,56)
taak om(1,156)
alleen maar(4,156)
drastisch om(1,21)
om zeep(1,108)
volle capaciteit(1,94)
krijgt 50(1,33)
crane nederland(2,14)
progressieve regering(1,23)
overeind blijven(1,55)
nederland haalt(2,27)
britse kranten(1,47)
blijven toenemen(2,122)
regering wilson(1,9)
limburg had(1,99)
moet bevorderd(1,53)
voorzitter raad(1,57)
geding om(1,46)
grijpt om(1,80)
groot wantrouwen(1,115)
roer moet(1,46)
poging om(2,156)
spaanse regering(1,62)
groot aanbod(1,114)
lus om(1,65)
britse pers(1,60)
deze zomer(1,118)
om ingrijpen(2,38)
vallen ook(1,137)
ligt dan(1,156)
minder schepen(2,66)
sterker dan(1,156)
goedkoper dan(2,62)
trager dan(2,82)
minder optimistische(1,43)
liter minder(1,25)
begon dit(2,112)
staan er(2,156)
er zit(2,138)
erop dat(1,135)
dat hij(2,156)
genomen dat(1,156)
btw als(1,19)
nu voorkomen(1,84)
stelsel dat(1,155)
uitgaan dat(1,148)
hopen dat(1,156)
betekenen dat(1,63)
uitspraken dat(1,117)
boekjaar 1974(1,3)
rijke landen(4,75)
bevredigend resultaat(1,144)
forse verlaging(1,23)
scherp gedaald(1,54)
nu teveel(1,40)
directeur generaal(1,151)
geheel 1974(2,5)
bijna half(1,111)
laatste kans(1,118)
steeds duurder(1,107)
vezels na(1,2)
uyl weet(1,10)
1974 was(1,22)
nu 45(1,97)
snel groeien(1,82)
ontslagen werknemers(1,41)
na 1945(1,51)
als steun(1,113)
kunnen helpen(1,156)
nieuwe aandelen(1,54)
nieuwe golf(1,76)
per dag(1,156)
termijn nodig(1,40)
industrielanden hebben(1,21)
nieuwe staatslening(1,51)
grote concerns(3,53)
friese bedrijfsleven(1,46)
stap terug(1,126)
lager peil(1,116)
minister lubbers(7,19)
groeit onder(1,45)
geld lenen(1,52)
opnieuw terug(1,101)
geld grof(1,1)
grof geld(1,125)
gewone man(1,95)
hogere olieprijs(2,16)
duitsland trekt(1,12)
auto industrie(3,39)
hard toe(1,75)
westerse wereld(2,52)
ter verbetering(1,156)
groter tekort(1,40)
president peron(1,20)
der hoeven(1,156)
wel vindt(1,119)
derde conferentie(1,65)
grote belangstelling(2,69)
frankrijk moeten(2,127)
ter wereld(2,156)
somber beeld(2,84)
nieuw leven(1,156)
erg moeilijk(1,103)
slechte cijfers(1,58)
amerikaanse kerken(1,43)
nederlander die(1,156)
zij gaan(2,156)
elkaar af(1,118)
gaan net(1,84)
voorstel kan(1,142)
lichte opleving(1,52)
philips computer(1,16)
kunnen hebben(2,156)
bedrijven hebben(2,95)
estel hoogovens(1,10)
50 miljoen(2,64)
vijftig miljoen(1,41)
kwart miljoen(1,52)
miljoen passagiers(1,40)
8,5 miljoen(1,40)
425 miljoen(1,35)
177 miljoen(1,28)
verdere spreiding(1,33)
west duitsland(11,57)
weer flink(2,113)
tegen 1980(2,26)
omdat er(1,156)
12 procent(2,100)
nkv er(1,4)
ford waarschuwt(1,1)
esso nederland(2,44)
krijgt twee(1,100)
kijk uit(1,97)
prof dr(1,118)
uit vertwijfeling(1,22)
uit angst(1,140)
gasten uit(1,134)
concludeert uit(2,77)
klein krijgt(1,9)
sterke man(2,115)
flauw gestemd(4,122)
vooral akzo(2,14)
hoe ziet(1,122)
effect zou(1,119)
overigens kunnen(1,126)
onze haagse(1,52)
ruim zes(1,156)
biedt zeer(1,79)
miljard mark(1,55)
economische bedrijvigheid(1,75)
economische vraagstukken(2,111)
vijf miljard(1,40)
zeer positieve(1,88)
eerste mei(1,104)
economische orde(1,76)
eerste aanzet(1,39)
amerika staat(2,94)
economische inzinking(1,66)
eerste zes(2,156)
wordt bedreigd(1,156)
zich herstellen(1,108)
als uitgesloten(1,98)
betalingsbalans zal(1,43)
kapitaal dat(2,155)
unie verwacht(2,4)
worden doorgelicht(1,44)
zware druk(1,107)
zich heen(1,156)
redelijk optimistisch(1,29)
mensen zonder(1,64)
duurder worden(1,129)
zit vast(1,114)
hoger personeel(2,48)
kon shell(2,39)
sterk gedaald(2,128)
gevaarlijker is(1,144)
is weliswaar(1,108)
is dus(1,156)
is voordat(1,118)
geboren is(1,156)
koek is(2,125)
is uniek(1,79)
huwelijk is(1,156)
dr zijlstra(2,70)
minister duisenberg(4,10)
europese commissie(2,49)
naar mooi(1,66)
geen aanwijzingen(1,105)
zoek naar(2,122)
hele wereld(2,65)
geen toestemming(1,124)
geen roet(2,91)
geen verrassing(1,107)
jacht naar(1,119)
geen stand(1,155)
grote interesse(1,53)
geen echte(1,119)
geen matiging(1,9)
geen woord(1,156)
naar eenheid(1,129)
gaan samen(1,106)
naar 3e(1,93)
bernhard naar(1,42)
naar venezuela(1,132)
geen meldingsplicht(1,9)
charters naar(1,19)
ondernemers moeten(1,78)
tering naar(1,133)
vast gestemd(3,145)
stap tegen(1,41)
spanje weer(1,93)
spanje heeft(1,156)
toenemende werkloosheid(2,89)
verzet tegen(1,156)
werkloosheid bestrijden(1,30)
aanzet tot(1,90)
heeft goud(1,73)
zijn antwoord(1,156)
zijn schuldig(1,145)
zijn poging(1,125)
computer heeft(1,32)
benelux duitsland(2,20)
te lijf(1,154)
consumptie te(1,115)
te bevorderen(1,156)
te vergroten(1,66)
toom te(1,155)
te hopen(1,156)
bouwer bonn(1,8)
japanse scheepsbouw(2,15)
huisvrouw te(2,115)
verdere toekomst(2,109)
te dichten(1,145)
offers te(1,154)
te brengen(1,156)
duivel te(1,127)
te biecht(1,90)
rentabiliteit te(1,47)
huidige ontwikkeling(1,82)
liep te(1,156)
te overwinnen(1,156)
naderbij te(1,138)
blij te(1,120)
te vaag(1,121)
miljoen werklozen(7,39)
dalen maar(1,133)
economisch leven(1,100)
kan alleen(1,156)
gedaan om(1,156)
krijgen om(1,155)
zo sterk(1,95)
amerikaanse handelsbalans(1,29)
commissie meent(2,150)
best moet(1,57)
om overeind(1,65)
komt maar(2,154)
goed voorbeeld(2,155)
goed verwerkt(1,71)
goed gehad(1,99)
volk der(1,153)
directie moet(1,80)
moet opnieuw(1,105)
opmerkelijk goed(1,81)
werkt hard(1,97)
om vrede(1,155)
lager resultaat(3,34)
ook belgische(1,80)
ondernemingen ook(1,89)
juist meer(2,132)
23 meer(2,38)
meer begrip(1,96)
meer jongeren(1,58)
meer haast(1,113)
somberder dan(1,72)
wall street(39,107)
3,6 procent(1,37)
deze inflatie(2,31)
hoge inflatie(1,22)
street sloot(1,32)
dat geval(1,156)
iets gedaald(2,137)
amsterdamse haven(1,57)
of slechter(1,113)
week steeds(1,66)
ford maakt(2,9)
half miljoen(3,83)
nieuwe verkiezingen(1,156)
wordt begonnen(1,126)
sterk kunnen(1,100)
nieuwe type(1,102)
zeer sombere(1,76)
goede resultaten(1,156)
nieuwe uitgaven(1,151)
zuid amerika(1,156)
minister mr(1,110)
minister simon(1,23)
nieuwe rol(1,113)
strijd tegen(2,156)
londen weer(2,103)
internationale bedrijfsleven(1,40)
kleine man(1,138)
blijft stijgen(1,83)
tweede plaats(1,156)
valt terug(1,78)
nog erger(1,156)
dollars worden(1,97)
nog enigszins(1,89)
weliswaar nog(1,103)
nog sprake(1,141)
ongerust over(1,156)
kijkt over(1,64)
leugens over(1,84)
geluiden over(1,50)
doek over(1,115)
onzekerheid over(2,141)
nog grotere(1,62)
zitting over(1,148)
friesland nog(1,121)
verontrusting over(1,58)
beter resultaat(2,136)
woord over(1,156)
over vervolging(1,26)
inzinking nog(1,14)
nog nooit(1,156)
rijnmond zal(1,24)
nog toekomstmuziek(1,84)
bezoek aan(1,156)
energie aan(1,123)
voorrang aan(1,110)
denkt aan(3,156)
doktert aan(1,3)
brief aan(2,156)
lenen aan(1,57)
wennen aan(1,105)
geweld aan(1,156)
schuldig aan(2,156)
bewoners aan(1,147)
aan racisme(1,16)
aangepast aan(1,96)
is redelijk(2,143)
te boven(3,156)
parlementaire jaar(1,91)
dit jaar(19,156)
vorig jaar(4,156)
jaar misschien(2,115)
volgend jaar(3,156)
toeristisch jaar(1,3)
al deze(1,156)
gaan werken(1,141)
duitse fiscus(1,12)
westerse landen(1,56)
pers gaat(1,86)
kon olie(2,72)
wal gaat(1,37)
tweede kamer(2,156)
of wat(1,156)
miljoen subsidie(1,31)
4,5 miljoen(1,40)
miljoen toeristen(2,39)
steeds achter(1,116)
tot eind(1,120)
heeft genoeg(1,145)
actie tegen(1,151)
zijn vaak(1,128)
maasstad heeft(1,52)
zweden heeft(1,153)
heeft zorgen(1,54)
arbeiders zijn(1,153)
plannen zijn(1,154)
procent gestegen(1,87)
fors lagere(3,25)
we er(1,155)
plannen om(1,152)
een exclusief(1,76)
interview een(1,72)
een bijdrage(1,139)
een heleboel(1,61)
een enorme(1,136)
een heel(1,156)
een gevoelige(1,156)
dus een(1,156)
een adempauze(1,66)
voordat een(1,131)
begonnen moet(1,97)
gekocht een(1,124)
een paar(1,156)
gezondheid een(1,143)
redelijk goed(2,155)
ford biedt(1,22)
nederland chemie(2,30)
hoge winst(2,41)
een kwart(1,156)
genoeg om(1,156)
een glimlach(1,156)
zo slecht(1,91)
krijgt hulp(1,33)
nieuws uit(2,156)
moet zorgen(1,154)
regering neemt(1,85)
een dieper(1,138)
wijst uit(2,103)
een totale(1,133)
uit denemarken(1,151)
regering denkt(1,74)
een geweldige(1,156)
een streep(1,142)
een gelukkig(1,156)
een onbegrijpelijk(1,132)
een vat(1,156)
vraagt om(2,156)
onderwijs niet(1,156)
treedt niet(1,141)
niet aangediend(1,12)
niet overgeslagen(1,64)
niet direct(1,151)
blijft achter(1,107)
niet rooskleurig(1,119)
onder zware(1,150)
niet ontevreden(1,132)
niet eens(1,156)
goederen niet(1,155)
niet stopzetten(1,37)
niet spectaculair(2,46)
1977 niet(1,18)
past niet(1,133)
belofte niet(1,151)
niet forceren(1,47)
eerste plaats(1,156)
plaats zou(1,156)
hal hebben(1,19)
zou overigens(1,143)
korter gaan(1,21)
economische malaise(2,52)
bank ziet(1,32)
miljard gulden(1,44)
oeso meent(2,2)
gaan per(1,108)
duitse auto(1,49)
zeer fors(3,43)
moeilijk jaar(5,88)
begin dit(1,66)
frankrijk dit(2,146)
meer orders(2,86)
meer werkgelegenheid(2,67)
zullen dit(1,156)
weg naar(5,156)
er slecht(2,155)
jaar vermoedelijk(4,114)
aarzelen met(1,103)
met name(1,156)
name bij(1,140)
onvrede met(1,45)
61 bij(2,120)
klanten bij(1,82)
met 7,5(1,47)
kanttekeningen bij(3,46)
bij asm(1,1)
cda met(2,21)
met 24(2,156)
motieven bij(1,68)
met postzegel(1,109)
met giscard(1,8)
dialoog met(1,67)
sprak met(2,156)
met verlichting(1,120)
met 40.000(1,100)
bij hoesch(1,14)
met garantie(1,138)
terrein met(1,152)
met 425(1,72)
eens met(1,156)
haast bij(1,143)
je bij(1,146)
vergaderde met(1,52)
met militaire(1,156)
bij siemens(2,52)
met 1,7(1,43)
met ogem(2,9)
conflict bij(1,87)
bij billiton(1,15)
met scheppen(1,37)
anders met(1,156)
dreiging met(1,89)
met geweld(1,156)
eiland bij(1,141)
bij bewoners(1,68)
bij nader(2,156)
met 16,5(1,21)
met pierson(1,10)
bij kalme(2,114)
bij uiterst(2,94)
kampen met(1,155)
confrontatie met(1,105)
zal komen(1,156)
spoedig herstel(3,154)
engeland zal(2,155)
1974 vrij(1,5)
eind 1974(1,18)
zweden nu(1,34)
verkiezingen is(1,154)
is gisteren(1,156)
redenen is(1,155)
gisteren is(1,156)
salon is(1,109)
is noodzakelijk(1,156)
werkloosheid blijft(6,47)
miljoen mensen(2,43)
kunnen beter(1,105)
veel vertrouwen(1,156)
resultaten blijven(2,47)
zeer slecht(2,156)
vraag naar(1,156)
wijzen naar(1,136)
naar spanje(1,156)
geen verhoging(2,57)
tendens naar(1,66)
weinig verbetering(1,135)
derde wereld(2,43)
erg somber(1,69)
landen willen(1,88)
biedt geen(1,122)
geen ruimte(1,142)
waarom geen(1,141)
geen subsidie(1,145)
naar israel(1,38)
sterk onder(1,139)
verder terug(1,138)
fors lager(2,28)
klein geld(1,140)
zit nog(2,151)
zal blijven(2,156)
bonn uit(2,33)
nog net(2,140)
tot samenwerking(1,125)
week tot(1,156)
tot week(1,135)
rotterdam heeft(1,156)
groeiende werkloosheid(1,43)
aan industrielanden(2,1)
investeringen te(1,48)
te wijzen(1,156)
te denken(1,156)
te houden(1,156)
te keren(1,125)
te verwachten(2,156)
overeind te(1,124)
te remmen(1,118)
te dringen(1,156)
te pessimistisch(1,121)
te laag(1,156)
wordt eerst(1,156)
economische ontwikkeling(2,115)
laatste zou(1,156)
zeer vast(2,155)
toekomst optimistisch(2,43)
1976 zeer(1,20)
amerika tussen(1,11)
te hard(3,156)
huidige crisis(1,94)
auto steeds(1,63)
economisch herstel(10,81)
regering doet(1,86)
komen om(1,156)
west europa(1,109)
weinig handel(1,152)
groter verlies(1,37)
produktie daalde(1,9)
iets beter(1,156)
nederland wijst(1,36)
moet snel(1,94)
bleef goed(2,137)
het hoofd(1,156)
beschouwd het(1,152)
het verweer(1,102)
het schip(3,156)
het wonder(1,156)
redt het(1,90)
het zaad(1,156)
hou het(1,97)
het roer(1,156)
het rollen(1,137)
deden het(1,156)
het krijt(1,132)
het partijbestuur(2,104)
gehad het(1,155)
het pond(1,156)
het olierijke(1,37)
het huwelijk(1,156)
het oeroude(1,75)
het 25ste(1,127)
het oliewapen(1,10)
29 miljoen(1,42)
54 miljoen(1,41)
zal jaren(1,84)
nog steeds(6,156)
rol meer(1,100)
zeker meer(1,156)
minder olie(4,35)
oplossing meer(1,82)
minder toeristen(1,21)
ook kritiek(1,65)
12 meer(2,86)
tweede helft(1,156)
per man(1,148)
kan er(1,156)
street zette(2,12)
street bleef(2,24)
al of(1,156)
stijgen dat(1,122)
zware olie(1,72)
president directeur(1,92)
markt nu(1,97)
licht herstel(3,83)
ford tijdens(1,2)
hulp uit(2,153)
uit limburg(1,156)
zeer sterk(1,156)
maar veel(1,156)
zeer moeilijk(1,132)
economisch onderzoek(1,71)
sociaal economische(1,82)
lagere omzet(2,36)
vooruitzichten zijn(1,122)
1976 weer(1,12)
ruim miljoen(2,55)
man moeten(1,144)
iets lager(1,156)
rekening met(2,156)
fusie met(2,103)
met 29(2,156)
economische groei(5,49)
slecht resultaat(1,87)
tevreden over(2,156)
pessimistisch over(1,81)
werkelijk over(1,114)
shell nederland(2,49)
over defensie(1,50)
over enka(1,2)
nog toenemen(2,135)
nog ruimte(1,128)
amsterdam nederland(1,88)
over cao(1,22)
over ontwikkelingen(1,31)
over loop(1,44)
nog somberder(1,112)
nog duurder(1,134)
beter of(1,147)
strijd om(1,155)
hoger kon(1,30)
goed tussen(2,50)
het kort(9,156)
er veel(1,156)
aan kapitalistische(1,16)
denken aan(1,156)
weerstand aan(1,136)
stad aan(1,156)
dringen aan(1,150)
goud aan(1,149)
economische situatie(3,80)
komend jaar(1,96)
amerikaanse economie(7,49)
uit onderzoek(2,69)
naar gas(1,60)
wereld vandaag(1,36)
grote moeilijkheden(2,62)
mogelijk geen(2,102)
overheid geen(2,108)
olie daalde(1,34)
maar weinig(1,156)
kvp geen(1,23)
gaat omhoog(1,79)
die ons(1,156)
street toch(2,2)
eerste helft(1,156)
zou hebben(1,156)
eerste kwartaal(1,156)
blijft groot(1,114)
maatregelen vooral(1,57)
crisis of(1,84)
dat toch(1,156)
dat laatste(1,156)
steeds als(1,156)
na jaren(1,156)
wat nu(1,156)
congres tegen(2,101)
heeft hoop(1,124)
werkt weer(1,90)
werkloosheid neemt(1,59)
cijfers zijn(1,151)
fiscus heeft(1,81)
grote omzet(2,54)
te hulp(2,156)
kunnen worden(1,156)
waarschuwing aan(3,156)
een antwoord(1,156)
een aantal(1,156)
een felle(1,156)
een belangrijk(1,156)
een baan(1,133)
een werkelijk(1,156)
een beweging(1,136)
had goed(2,133)
een moeilijke(1,125)
zo goed(2,141)
cpn wil(1,20)
een zwakke(1,141)
uit vrees(1,156)
winst kon(2,99)
vad een(1,84)
een belangrijke(1,156)
uitdaging voor(1,80)
niet bereikt(3,156)
symbool voor(1,97)
aanwijzingen voor(1,132)
voor bescherming(1,116)
zeker niet(1,156)
toestemming voor(1,133)
niet best(1,154)
niet kwijt(1,119)
vooroverleg voor(2,3)
franse economie(1,46)
voor openbare(1,156)
klaar voor(1,136)
koning voor(1,155)
voor browne(1,2)
aanvraag voor(1,153)
voor 695(1,42)
niet zo(3,152)
verband niet(1,156)
cel voor(1,85)
belang voor(1,156)
voor achtergestelde(1,4)
redding voor(2,126)
plicht voor(2,125)
keer niet(1,143)
voor t.v(1,35)
storend voor(1,53)
aanwezig voor(1,130)
bres voor(1,107)
angst voor(1,153)
voor immigratie(1,102)
opslag voor(2,94)
onderhandelingen voor(1,149)
voor 800(1,155)
voor st(1,156)
voor 1977(1,19)
voor fabrikanten(1,114)
meldingsplicht voor(1,31)
voor bezinning(1,50)
voor amro(1,17)
ijver voor(1,155)
kerncentrales voor(1,13)
bedrijven naar(2,156)
economische verwachtingen(1,24)
eerst nog(2,156)
zal worden(2,156)
nog achter(2,134)
bereikt ook(1,97)
ook britse(1,43)
meer belangstelling(1,156)
meer hulp(2,123)
verder dan(1,156)
gezamenlijk met(1,156)
houden met(1,156)
stijgen met(2,112)
vrouw met(1,156)
praat met(1,106)
waarheid met(1,148)
daalde met(3,106)
met 12(2,156)
met regeringen(1,29)
met sluiting(1,127)
bij bouw(2,90)
met volvo(1,36)
bij 12(2,151)
kunnen zijn(1,156)
maar als(1,156)
hoger dividend(1,47)
kan nu(1,156)
beurs nu(2,49)
af na(2,142)
iets hoger(1,60)
tekort aan(3,137)
het eerst(3,156)
gevaar is(1,156)
is onaanvaardbaar(1,68)
is gevaar(1,112)
eerste kamer(1,156)
olieprijs wordt(1,6)
japanse regering(1,62)
zeer groot(1,156)
winst per(2,130)
en communisme(2,87)
faillissementen en(1,99)
en beleggen(8,63)
prijsverhogingen en(1,43)
bureaucratie en(1,107)
links en(1,156)
en oppositieleider(1,26)
burgers en(1,156)
en kiezers(1,117)
voorspeld en(1,136)
en daarvan(1,156)
en wee(1,156)
geduld en(1,156)
zakken en(1,156)
en gezondheid(1,156)
ziekteverzuim en(1,29)
bp en(1,68)
spek en(1,156)
en bonen(1,65)
contracten en(1,144)
en geringe(1,155)
en middelgrote(1,56)
groenevelt en(1,28)
en or(1,155)
omzetten en(1,109)
en kramer(1,153)
ontreddering en(1,64)
looptijd en(2,54)
vakorganisaties en(1,89)
en verlenging(1,130)
negers en(1,154)
en joden(1,153)
hier en(1,156)
meren en(1,147)
en plassen(1,127)
roermond en(1,155)
vos en(1,156)
en 3,7(1,6)
minimumlonen en(1,28)
en aow(1,37)
en ksh(2,6)
bremen en(1,156)
en verhagen(1,124)
bier en(1,156)
en fris(1,91)
onzekerheden en(1,72)
socialisme en(1,130)
vvd en(1,48)
en nao(1,43)
cosmetica en(1,42)
en franz(1,105)
inspirerende en(1,30)
kemenade en(1,38)
en wiegel(1,43)
pompen en(1,156)
arkel en(1,102)
en kedichem(1,9)
sparren en(1,143)
klijnstra en(1,82)
pous en(1,21)
monopolies en(1,74)
en overvloed(1,145)
wereld al(1,120)
geen snel(1,41)
geen andere(1,156)
geen dividend(2,136)
naar kleine(1,119)
landen moeten(1,115)
ondernemers geen(1,64)
toeristen naar(1,79)
door ervaring(1,138)
door klaas(2,142)
informatie door(2,56)
door cees(4,57)
door ruud(2,33)
geleden door(1,156)
trok door(1,145)
door utrecht(1,108)
door geert(6,87)
door jaap(2,89)
door peter(2,127)
door marijke(1,42)
door gerard(2,137)
door kees(2,90)
gered door(1,156)
makkelijk door(1,61)
door louis(2,148)
verrast door(1,156)
vs zullen(1,45)
uitgeput door(1,146)
door piet(1,112)
rollen door(1,109)
oosten door(1,150)
gewaarborgd door(1,155)
langer door(1,155)
door coos(2,8)
door cor(1,86)
stoel door(1,113)
door bert(1,72)
redden door(1,154)
gezet door(1,147)
door hans(1,110)
raken door(1,106)
door bernard(1,114)
door diana(1,44)
opgelicht door(1,112)
procent gedaald(1,70)
of er(1,156)
maar terug(1,123)
veel minder(1,156)
europa nog(2,154)
maatregelen zal(1,156)
een sterke(2,156)
moet worden(2,156)
praten over(1,137)
zorgen over(1,103)
nvv over(1,11)
bevolking nog(1,153)
wacht op(1,156)
op niveau(1,82)
domper op(1,94)
aanval op(1,156)
op lonen(1,45)
hoopt op(3,155)
gericht op(1,127)
op bevordering(1,148)
op zoek(2,104)
moeten zijn(1,156)
schmidt zijn(1,40)
deel op(1,155)
impuls op(1,7)
terugslag op(1,113)
draait op(2,89)
op volle(2,140)
op gelijk(1,154)
rekenen op(2,156)
beroep op(1,156)
op ged(1,54)
moeizaam op(2,77)
op wielen(1,150)
wielen op(1,128)
beleg op(1,112)
op madagascar(1,115)
wachten op(1,156)
op woning(1,56)
op 70(1,156)
op misbruik(1,47)
passagiers op(1,156)
op luchthaven(1,33)
koerst op(1,30)
inleidingen op(1,47)
b.v op(1,120)
heeft weinig(1,156)
op vrachtwagens(1,64)
richten op(1,126)
tot president(1,156)
voorzieningen op(1,89)
eindje op(2,100)
op jacht(1,122)
op 40(2,156)
op rechtse(1,14)
tot verbetering(1,156)
hulten op(1,4)
op non(1,149)
op kosten(1,156)
stuit op(1,140)
op tegenstand(1,118)
op lijst(1,98)
tankers op(1,18)
bureaus op(1,40)
studeert op(2,56)
leren op(2,111)
verschuivingen op(1,58)
op retour(2,65)
gegadigden op(1,148)
schieten op(1,152)
op vierkante(1,54)
reacties op(2,78)
aanvallen op(1,156)
welvaart op(1,152)
rekent op(5,156)
westduitse economie(2,39)
aan eigen(1,156)
handel is(2,156)
te komen(1,156)
uyl ziet(1,17)
dat zou(2,156)
zou als(1,156)
dollar of(1,112)
hebben dat(1,156)
oeso verwacht(3,25)
nu ruim(1,156)
1974 per(1,13)
als zeer(1,156)
nu per(1,134)
nu zeer(2,156)
kabinet den(1,129)
om al(1,156)
regering gaat(2,84)
congres wil(1,74)
duitse regering(1,64)
kleine winst(1,134)
goed we(1,111)
sparen en(7,155)
staat voor(3,156)
nieuwe toekomst(2,134)
met forse(2,59)
het type(1,132)
het financieel(1,156)
mee het(1,133)
het wel(3,156)
het aanbod(1,156)
het werkelijk(1,156)
het eten(2,156)
het vrije(2,156)
het pessimisme(1,120)
hoe het(1,156)
weet het(1,156)
het vad(1,86)
zich als(1,156)
telegraaf amsterdam(1,40)
door rob(6,70)
ook klm(1,34)
al dan(1,156)
25 meer(1,127)
heeft vertrouwen(1,120)
krijgt zijn(1,126)
bedrijfsleven zou(1,69)
toekomst vooral(1,97)
nodig geld(1,10)
door ed(5,151)
wat is(1,156)
geld en(18,156)
inflatie af(1,17)
te groot(2,156)
dat klm(1,28)
1974 1975(1,18)
eeg landen(1,26)
somber gestemd(1,110)
naar amsterdam(1,156)
groeien naar(1,76)
ons nu(1,156)
ons na(1,156)
aan ruim(2,152)
ford wil(2,21)
zomer een(1,155)
een plan(1,156)
een verloren(1,154)
maken een(1,156)
ford geeft(1,14)
komt uit(1,156)
eisen een(1,75)
blijft bij(4,156)
niet dalen(1,87)
zich vooral(1,156)
basis voor(2,140)
plan voor(2,156)
niet uitgesloten(1,154)
niet waar(1,156)
amerikaanse minister(1,60)
dollar maar(1,79)
ziet af(1,119)
heeft na(2,156)
blijven dit(1,137)
vs al(2,51)
op weg(7,156)
begonnen met(1,156)
reclame bij(1,111)
bij sociale(1,86)
werken bij(2,156)
beursweek met(1,15)
prijzen met(1,156)
bij lindeteves(1,21)
bij deze(2,156)
vandaag bij(2,102)
sprong bij(1,118)
bij suralco(1,11)
praten met(1,123)
door wim(8,73)
het kabinet(5,156)
gulden nog(1,111)
optimisme over(1,80)
nog slechter(1,150)
fors hoger(1,30)
goed vol(1,112)
goed gestemd(2,143)
telegraaf kon(1,8)
procent zou(1,84)
street zeer(3,6)
boven aan(1,155)
aan top(1,64)
wel is(1,156)
25 jaar(1,156)
dan verwacht(3,152)
verwacht dit(3,130)
steeds meer(2,156)
wal en(2,156)
en dollars(2,95)
en lindeteves(2,28)
die grote(1,75)
beurs gaat(1,51)
terug te(2,156)
europese economie(2,48)
krachtig door(2,148)
procent hoger(1,54)
amerika zou(1,138)
huidige economische(1,82)
of na(1,156)
blijven nog(2,156)
zijn die(1,156)
die zijn(1,156)
bij thv(2,1)
lagere groei(1,18)
dan onder(1,156)
zou worden(1,156)
zet door(3,108)
verwachten een(1,140)
engeland een(2,156)
regering wil(1,103)
president ford(1,15)
nederland wil(1,132)
is kunnen(1,156)
is nodig(1,68)
halfjaar niet(1,57)
vragen voor(1,156)
subsidie voor(1,155)
voor bruynzeel(1,10)
arbeid voor(1,156)
uitgaven voor(1,156)
voor miljoenen(1,51)
ontslag voor(3,124)
rotterdam niet(1,153)
uitkering voor(1,56)
interesse voor(1,89)
beleid niet(1,115)
dienst voor(1,156)
hoekstra voor(1,123)
voor politieke(1,150)
slechte economie(1,14)
ruimte voor(1,156)
niet erg(1,147)
computer voor(1,33)
steun voor(1,156)
tijd voor(2,156)
voor investeringen(1,48)
partijbestuur voor(1,42)
blijft na(1,146)
treft het(1,153)
het werd(1,156)
het kapitaal(1,156)
waar het(1,156)
het halen(1,141)
wereld zou(1,154)
onderzoek naar(1,156)
toch nog(1,156)
over problemen(1,78)
zich over(3,156)
optimistisch over(2,91)
mensen over(1,64)
zet nog(1,103)
over verdere(1,120)
op lange(3,154)
minder winst(3,95)
produktie dit(1,30)
meer winst(6,122)
meer mogelijk(1,156)
lagere winst(2,62)
om inflatie(1,46)
half jaar(1,156)
jaar achter(1,119)
met schmidt(2,36)
top bij(1,62)
steeg met(1,133)
de kostprijs(1,113)
de massa(1,156)
de jeugd(1,156)
rust de(1,156)
de regeringsverklaring(1,80)
de koersdalingen(2,66)
de schade(1,156)
de praktijk(1,156)
de steek(1,142)
de gebeurtenissen(1,156)
de koersontwikkeling(1,69)
zolang de(1,79)
de gevarenzone(1,54)
de rentedaling(1,34)
geldt de(1,156)
de obligatiemarkt(1,81)
de waarheid(2,156)
de consument(1,131)
de schuldige(2,156)
de vrouw(2,156)
de lift(1,114)
de roe(1,144)
eert de(1,105)
de rug(1,153)
de gunst(2,156)
de luchtvaart(2,122)
de brug(1,156)
de provincie(2,156)
de wonden(2,156)
de daden(2,156)
de knel(1,114)
de hoofdredacteur(2,150)
de duivel(1,156)
de bres(1,156)
de koek(2,156)
de doorslag(1,112)
de puree(1,69)
paul de(1,155)
de anderen(1,156)
de partijen(1,156)
de schietboom(1,14)
de baas(1,156)
de verbruikers(1,156)
de lus(1,123)
de nek(1,120)
de blokkades(1,23)
suriname de(1,156)
de italianen(1,153)
de produktielanden(1,28)
de tegenwerking(1,154)
de pous(1,41)
de ser(1,139)
de crisisverschijnselen(1,29)
de kaak(1,155)
de monopolies(1,87)
de rijn(1,156)
waren de(1,156)
bont de(1,101)
de grondstoffenprijzen(1,61)
de zeventiger(2,85)
de arbeidersbeweging(1,113)
de wal(3,156)
wordt weer(1,141)
gaat zich(1,143)
1974 af(1,11)
wereld worden(1,148)
snel herstel(1,73)
produktie na(1,18)
meer dan(3,156)
van ommeren(5,156)
gang van(1,156)
noodlot van(2,110)
invloed van(2,156)
gevolg van(1,156)
van faillissementen(1,94)
dupe van(2,141)
niveau van(1,119)
ergste van(1,146)
teken van(2,89)
van diamanten(1,146)
bescherming van(1,156)
van honderdduizenden(1,123)
bevordering van(1,156)
ruud van(2,42)
van moock(2,87)
van koophandel(2,156)
import van(1,112)
leider van(1,152)
misleiding van(1,143)
van burgers(1,155)
verweer van(1,101)
losgekoppeld van(1,32)
van redelijke(1,120)
wee van(1,152)
van arbeidsplaatsen(1,31)
van 61(2,156)
bron van(1,156)
medewerking van(1,156)
agiobonus van(2,24)
van bp(1,80)
wonder van(1,147)
ged van(1,85)
oplopen van(1,55)
olieproduktie van(2,35)
van aramco(2,10)
van gelder(5,156)
van beleg(1,156)
van haar(1,156)
van 18(1,156)
van consumenten(1,92)
van anderhalf(1,156)
toezeggingen van(1,143)
zaad van(1,156)
afhankelijk van(1,156)
peter van(2,154)
opzeggen van(1,139)
macht van(2,133)
omvang van(1,156)
van collectieve(1,97)
van crm(1,29)
adviseurs van(1,108)
van synthetische(1,81)
winststijging van(1,39)
van 180(1,156)
van naderende(1,104)
van prijs(1,156)
maas van(1,156)
strop van(2,98)
40 van(2,156)
van tien(2,156)
kees van(2,110)
van loon(2,156)
zout van(1,155)
albert van(1,156)
initiatieven van(1,64)
verlenging van(1,156)
van ns(1,156)
ramingen van(1,141)
van exxon(1,23)
van 500(1,156)
berichtgeving van(1,81)
van hier(1,156)
van toename(1,40)
van boekingen(1,23)
van hulten(1,132)
loop van(2,156)
marionet van(1,56)
aktie van(1,71)
brouwers van(1,120)
van hoog(1,156)
van autobedrijven(1,6)
van hun(2,156)
van supertankers(2,10)
van paul(1,155)
partijen van(1,156)
beschuldigd van(2,156)
van discriminatie(1,63)
wisseling van(1,156)
winnaar van(1,107)
van rijk(1,155)
van casino(1,90)
verkorting van(1,156)
van kruisinga(1,20)
bezegeling van(1,104)
analyse van(1,144)
van thijn(1,95)
winkel van(1,156)
van sinkel(1,61)
kern van(1,156)
van n.o(1,71)
allen van(1,156)
van stapel(1,156)
aanzien van(1,156)
van speyk(1,145)
afscheid van(1,156)
gemeenteraadslid van(1,106)
van kemenade(1,123)
munten van(1,152)
van liquidatie(1,144)
liquidatie van(1,155)
probleem van(1,110)
meerderheid van(1,156)
middenstand van(1,96)
advies van(1,156)
stellingen van(1,156)
procent minder(1,97)
lubbers over(2,21)
economische maatregelen(1,91)
financieel en(1,140)
oliecrisis en(1,18)
houden en(1,156)
miljoenennota en(1,36)
key en(1,81)
en goed(18,156)
remmen en(1,108)
en negatief(1,86)
en democratie(1,105)
en pessimisme(1,77)
en serve(1,10)
kerken en(1,156)
en neer(1,156)
en boersma(1,118)
studentenstops en(1,6)
en vrees(2,156)
heeft zich(1,156)
werkloosheid zal(2,98)
naar ons(1,156)
geen verbetering(1,145)
grote landen(1,60)
door snelle(2,113)
toe door(2,156)
door jan(7,156)
boot door(1,150)
zette door(2,100)
personeel door(2,137)
getroffen door(1,156)
zaken door(2,156)
keren door(1,60)
wil geld(1,84)
zou dan(1,156)
veel meer(1,156)
bedrijven meer(1,84)
een verdere(1,143)
als een(2,156)
komt nog(1,156)
nederland zal(1,156)
nog verder(1,156)
om zich(1,156)
een lange(1,156)
goed hoger(2,25)
wijzen op(1,156)
weet op(1,156)
drukt op(1,154)
weerstand op(1,74)
werkt op(3,156)
maandag op(1,156)
hoop op(3,156)
op zelfde(1,143)
op belgische(1,100)
op verbruik(1,15)
afwentelen op(1,81)
onrust op(1,127)
loopt op(1,153)
mikt op(1,44)
interesse op(1,59)
olie weer(1,46)
nieuwe inflatie(1,32)
klap voor(2,92)
voor verdere(2,156)
voor new(2,128)
ontwikkeling niet(1,147)
hard aan(1,142)
dat amerika(1,147)
dollar dat(1,86)
zou dat(1,156)
amerika nu(1,103)
gaat te(2,156)
een nieuwe(4,156)
beter geen(1,125)
krijgt geen(1,126)
geen maatregelen(1,141)
toerisme naar(1,64)
nederland gaat(1,123)
weer tegen(1,130)
van der(10,156)
niet somber(3,91)
nieuwe economische(2,88)
vermoedelijk met(1,155)
achter bij(1,148)
resultaat bij(2,106)
problemen met(1,81)
problemen bij(1,71)
1976 met(1,24)
morgen bij(1,156)
bij hoogovens(1,38)
vast bij(2,153)
het hele(1,88)
het internationale(1,144)
al het(2,156)
het buitenlandse(1,101)
het derde(2,156)
het welzijnswerk(1,26)
blijft uit(1,149)
in zicht(2,125)
in zwart(1,156)
voelbaar in(1,73)
rokken in(2,115)
in parijs(2,156)
barometer in(1,81)
slaat in(1,156)
fractie in(1,133)
in tokio(1,107)
enigszins in(1,94)
in toom(1,156)
in feite(1,85)
in naam(1,156)
praktijk in(1,150)
gelaten in(1,155)
belastingen in(1,156)
in juli(2,140)
in 76(2,115)
bnp in(2,19)
in washington(1,140)
in mineur(1,111)
in contanten(1,154)
wending in(2,150)
overleg in(2,152)
in roosendaal(1,90)
geloof in(1,156)
in usa(1,47)
woning in(1,156)
douglas in(2,81)
roet in(2,114)
armoede in(1,155)
verkeren in(1,63)
snelst in(1,48)
personeelsleden in(1,47)
opgaan in(1,133)
illegaal in(1,58)
stagnatie in(1,139)
can in(1,59)
universiteiten in(1,132)
in juni(2,141)
enkes in(2,1)
leerde in(1,98)
knelpunt in(1,36)
fabrieken in(2,156)
programma in(1,156)
in gehele(1,56)
begrip in(1,115)
fme in(1,19)
in brief(2,110)
spd in(1,47)
in mannheim(1,103)
in friesland(1,156)
plassen in(1,124)
in 1985(1,46)
in bonus(1,42)
gast in(1,139)
in ierland(1,73)
in uitzicht(1,117)
toestaan in(1,101)
klad in(2,98)
moreel in(1,76)
vreemdelingen in(1,155)
vi in(1,149)
in heerenveen(1,98)
in ban(2,130)
in discussie(1,156)
vervolging in(1,153)
in su(1,115)
in midden(1,156)
in oirsbeek(1,51)
mij in(1,156)
in meppel(1,107)
in kaas(1,147)
thijn in(1,28)
in winkel(1,139)
vooraan in(1,156)
dobberen in(1,16)
in waterland(1,155)
in reactie(2,111)
handelaar in(1,156)
in bolsward(1,105)
in grouw(1,75)
renault in(1,50)
in arkel(1,20)
in frankfort(1,154)
musea in(1,108)
vs wordt(2,48)
dan olie(1,62)
landen dit(1,96)
nederland heeft(1,156)
regering heeft(1,131)
nog niet(8,156)
is gedaald(1,155)
crisis is(1,154)
recessie voorbij(1,6)
weg te(1,156)
te blijven(1,156)
over economische(4,96)
kwartaal nog(1,112)
de hele(3,95)
74 naar(1,52)
optimistisch naar(1,15)
zijn ook(1,156)
heeft ook(1,156)
maar een(2,156)
had een(1,156)
regering moet(1,104)
nederland moet(1,154)
moet om(1,156)
verhoging van(3,95)
jaar zeer(2,156)
voor bestrijding(1,108)
economie komt(1,20)
komt niet(1,156)
voor ihc(1,11)
economie verder(1,24)
economie kan(1,64)
zorgen voor(1,156)
belangstelling voor(1,156)
eisen voor(1,86)
niet verder(1,156)
niet omhoog(1,102)
nederlandse economie(1,52)
opleving niet(2,24)
voor actie(1,92)
niet mogelijk(1,156)
geweest voor(1,156)
gevolgen voor(1,156)
voor zuid(1,142)
economische opleving(1,71)
economische moeilijkheden(1,80)
naar nieuwe(2,156)
dat zijn(1,156)
zijn dat(1,156)
krijgt meer(1,109)
nederland ook(1,156)
maatregelen meer(1,88)
crisis te(1,155)
geen tweede(1,155)
met europa(1,155)
werkt met(1,152)
verlies bij(4,149)
alleen bij(1,156)
met ontslag(1,141)
ontslag bij(1,150)
tot nieuwe(1,156)
de textiel(2,95)
dividend over(1,155)
gaat over(2,156)
moeten over(1,142)
na goed(2,132)
na winst(2,28)
dan ook(1,156)
minder dan(1,156)
huidige recessie(2,19)
bestrijding van(2,156)
van bevolking(2,156)
van belasting(2,156)
profiteert van(2,121)
teruggang van(2,152)
kok van(2,156)
groep van(2,155)
wereldranglijst van(2,44)
maanden van(2,156)
aan ons(1,156)
bonn het(1,58)
het westduitse(1,49)
het laatste(1,156)
in 1976(4,37)
werkloosheid terug(1,33)
jaar al(1,156)
miljard uit(1,39)
zou een(2,156)
een onderzoek(1,156)
ford ziet(1,3)
van onze(9,156)
dat dan(1,156)
prijzen en(1,156)
en waar(1,156)
chemie en(2,140)
en zuid(1,156)
en vulcaansoord(1,6)
en kok(1,156)
bonden en(1,155)
lindeteves en(1,21)
en frankrijk(2,156)
en bezuiniging(1,135)
en pvda(1,48)
en arbeiders(1,156)
leven en(1,156)
hoop en(2,156)
bij lagere(2,119)
geen opleving(1,39)
voor japanse(2,56)
hulp door(2,155)
york door(2,52)
door ben(1,155)
werkgelegenheid door(1,61)
door fusie(1,75)
waar door(1,156)
overzicht van(5,133)
economische toekomst(1,88)
om japan(1,100)
jaar weer(2,136)
dat nu(1,156)
is er(1,156)
er is(1,156)
kamer over(1,156)
voorzitter over(1,126)
handel over(1,155)
groot over(1,136)
het bedrijfsleven(2,91)
op eind(1,123)
op eigen(1,156)
staan op(1,156)
reorganisatie op(1,107)
dalen op(1,129)
bonden op(1,114)
heffing op(1,153)
aan slecht(1,105)
de dollar(8,133)
moeilijkheden te(1,129)
af te(1,156)
te den(1,156)
helft van(4,156)
lager wall(1,23)
een nieuw(1,156)
een iets(1,144)
is onze(1,156)
van capaciteit(5,99)
omlaag voor(1,11)
voor verbetering(2,156)
halfjaar voor(1,86)
onaanvaardbaar voor(1,64)
voor engeland(2,156)
plaats voor(1,156)
voor verhoging(1,57)
dreigt voor(1,108)
voor ondernemers(1,83)
record voor(1,103)
gunstig voor(1,156)
vrees voor(1,156)
gevaar voor(1,156)
het kan(1,156)
kan het(1,156)
thv en(2,2)
leven in(2,156)
belasting in(2,156)
machinefabriek in(2,101)
hausse in(2,99)
reclame in(2,115)
vakbonden in(2,91)
een miljoen(3,97)
gestemd over(1,152)
over 1974(2,12)
meer moeilijkheden(1,109)
meer produktie(1,32)
verlies ook(1,123)
vs naar(3,56)
ford tegen(1,16)
aan industrie(1,87)
shell aan(1,39)
is zal(1,156)
jaar vast(1,153)
met weinig(1,156)
bij klm(1,32)
1975 met(1,35)
samen de(2,125)
de moeilijke(1,129)
de oliecrisis(1,26)
de bondskanselier(1,76)
de btw(1,29)
de betalingsbalans(1,94)
de aandelenkoersen(1,47)
de amsterdamse(2,120)
omdat de(1,156)
de rente(2,156)
de mark(1,156)
de baan(1,156)
want de(1,156)
de defensie(1,152)
op helft(2,40)
de arbeid(1,156)
de rai(1,96)
de top(2,154)
de macht(1,135)
de bundesbank(1,39)
enka de(1,26)
de enci(1,57)
de hudson(1,125)
de onderneming(1,156)
denken de(1,155)
de verkiezingen(1,156)
de studentenstops(1,9)
de vrede(1,156)
de negatieve(1,135)
de gewone(1,156)
de vad(1,92)
nog geen(3,156)
verwacht geen(2,126)
zal geen(1,156)
na verlies(1,59)
niet te(4,156)
herstellen van(1,156)
niets van(1,156)
afzet van(1,151)
koersdalingen van(1,57)
effect van(1,156)
valuta van(1,79)
1958 van(1,43)
winstdaling van(3,28)
tekenen van(1,73)
verlaging van(2,156)
aftreden van(1,156)
injectie van(1,75)
van rambouillet(1,37)
van nationaal(2,152)
van extra(1,155)
van verkopen(1,49)
zicht van(1,128)
van nationale(1,156)
van oliecrisis(1,3)
raad van(1,156)
zone van(1,101)
van 16(1,156)
van franse(1,90)
van uitkering(1,59)
pessimisme van(1,102)
van haagse(1,51)
laag van(1,155)
bouw van(2,156)
van gouden(1,155)
exploitatie van(1,155)
aanbod van(1,156)
inzien van(1,156)
van beperkende(1,98)
nieuwe jaar(2,156)
procent meer(1,104)
slecht voor(2,153)
niet uit(3,156)
niet beter(1,156)
niet slecht(1,156)
olie is(1,152)
vooral op(3,156)
goed wordt(1,154)
aan tweede(1,123)
en verhoging(1,61)
en dividend(2,131)
en kleine(1,156)
kleine en(1,156)
verhoging en(1,52)
en record(1,61)
wereldbank en(1,50)
hal en(2,146)
positief en(1,108)
optimisme en(1,108)
tijd door(1,156)
kritiek door(1,90)
markt door(1,154)
zou het(2,156)
niet meer(4,156)
winst bij(4,126)
maatregelen bij(1,155)
zich goed(1,156)
over amerikaanse(1,51)
maar over(1,156)
op kleine(1,155)
kans op(1,156)
op limburgs(1,28)
op werknemers(1,35)
kritiek op(1,140)
op erg(1,76)
op antillen(1,19)
op beurzen(1,41)
iets op(2,156)
op vrije(1,156)
steeds niet(1,156)
voor einde(1,123)
laatste voor(1,155)
voor ontslagen(1,87)
vooruitzichten voor(1,127)
nu niet(2,156)
voor alle(1,156)
niet of(1,156)
aan west(1,93)
die aan(1,156)
te somber(1,112)
verwacht meer(2,95)
herstel ook(2,48)
unilever en(2,66)
regering geen(1,106)
goed door(8,156)
door dr(2,156)
er nog(1,156)
jaar miljoen(2,40)
gedaald met(1,100)
japan uit(1,91)
een tweede(1,156)
te weer(1,155)
buiten de(2,156)
wereldbank in(2,44)
in jaarverslag(3,50)
in europa(3,156)
in teken(1,50)
hem in(1,156)
koersdalingen in(1,37)
element in(1,150)
zette in(2,133)
in 74(5,115)
rolinco in(1,4)
in engeland(4,156)
bakker in(1,155)
er aan(1,156)
in franse(1,78)
mark in(1,132)
woningbouw in(1,90)
schepen in(1,156)
in slechte(2,139)
in april(1,156)
zakt in(1,77)
mei in(1,156)
in ned(1,155)
in rotterdam(2,156)
staalindustrie in(1,77)
vraag in(1,156)
in loop(1,129)
onderneming in(1,156)
belastingverlaging in(1,53)
in geval(1,156)
planbureau in(1,44)
centraal in(1,79)
in rambouillet(1,10)
verzet in(1,144)
in opmars(1,52)
aan lagere(1,125)
miljoen verlies(1,34)
vooral niet(1,156)
dan naar(1,156)
van westduitse(2,44)
spreiding van(2,100)
overschot van(2,156)
jaar omzet(1,24)
zijn goed(1,156)
is dat(1,156)
en winsten(1,124)
werk en(1,156)
en hogere(1,63)
navo en(1,44)
naar herstel(3,108)
door alle(1,156)
die een(1,156)
een der(1,156)
terug met(1,156)
voor moeilijk(1,79)
voor nederlandse(1,100)
voor kon(1,132)
die niet(1,156)
voor economisch(2,78)
voor verder(1,151)
in 1974(9,38)
het toerisme(1,100)
het vertrouwen(1,156)
het beter(1,156)
geen nieuwe(1,156)
zich nog(1,156)
zal nog(1,156)
in vs(19,129)
op einde(1,137)
overschot op(1,155)
op tv(1,104)
situatie op(2,91)
tv op(1,92)
op spreiding(1,14)
op verdere(1,156)
gedaald op(2,116)
japan is(1,148)
moet meer(1,155)
is nog(2,156)
in amerika(6,156)
in eerste(6,156)
in v.s(3,39)
begroting in(3,60)
een procent(1,100)
geen geld(1,156)
jaar zal(1,156)
bij philips(1,82)
moeilijkheden met(1,126)
de beurs(4,156)
werd de(1,156)
de zomer(1,156)
de dag(1,156)
vaak de(1,156)
de werkgelegenheid(1,86)
de wet(1,156)
de sociaal(1,123)
de twee(1,156)
de rijnmond(1,40)
de actie(1,155)
de gevolgen(1,156)
de pvda(1,50)
in moeilijkheden(5,126)
in west(5,155)
over gaat(1,108)
somber over(1,55)
over groei(1,29)
oorzaak van(2,156)
geweest van(1,156)
plan van(1,156)
van fiat(1,76)
handelsbalans van(1,93)
van rijksdiensten(1,45)
van bestuur(1,156)
beeld van(1,156)
gevolgen van(1,156)
van volgend(1,124)
van 29(1,156)
daling van(1,156)
in tv(2,129)
gelder in(2,139)
toch in(2,156)
ziet een(1,156)
een economische(2,116)
een zeer(1,156)
wel en(1,156)
en nederlandse(1,86)
werken en(1,156)
europa en(1,156)
moeilijk en(1,125)
en philips(2,146)
met inflatie(1,42)
dollar niet(1,79)
onze economie(1,68)
toekomst niet(1,156)
imf voor(2,15)
niet wordt(1,156)
dieptepunt voor(1,33)
weer aan(1,152)
dat de(6,156)
bij een(4,156)
groei in(6,108)
in 1975(3,53)
ford verwacht(1,5)
moet nog(1,156)
winst over(2,141)
op moeilijk(1,75)
dsm op(1,26)
fors op(2,42)
vs dit(1,47)
economie zal(1,74)
omzet en(2,155)
resultaten bij(1,128)
aan regering(1,68)
aan goed(2,156)
de huidige(2,156)
de v.s(2,95)
miljard in(5,49)
inflatie door(2,47)
en nu(3,156)
van opec(2,17)
naar een(2,156)
miljoen te(1,56)
economie gaat(1,33)
al voor(1,156)
olie niet(1,116)
voor klm(1,39)
op lagere(2,152)
worden met(1,156)
die het(1,156)
het congres(1,156)
en thv(1,1)
bouwer en(1,113)
en rob(1,96)
in dollars(1,128)
in rijnmond(1,33)
groep in(1,133)
dik in(1,137)
teruggang in(1,149)
in chemie(2,39)
in textiel(1,74)
in groter(1,60)
belangstelling in(1,156)
in 1980(1,71)
heffing in(1,141)
vertrouwen in(3,156)
flink in(1,130)
pvda in(1,49)
halen in(1,150)
pers in(1,153)
zomer in(1,155)
nu nog(1,156)
toekomst door(2,151)
tot een(1,156)
heeft een(1,156)
zijn niet(1,156)
in japan(7,155)
gaat met(1,156)
met grote(1,91)
de gulden(1,156)
de rode(1,140)
koersen de(1,125)
de antillen(1,142)
de internationale(1,151)
dagblad de(1,156)
instituut de(1,150)
de markt(1,156)
worden door(2,156)
zich door(2,156)
economische recessie(3,35)
duitsland en(3,74)
van zaken(1,156)
bank van(1,156)
van schmidt(2,149)
verbetering van(2,156)
staat van(1,156)
vindt van(1,154)
top van(1,156)
opleving van(3,100)
meijer van(1,155)
van ons(2,156)
van week(1,144)
stijging van(1,147)
van rsv(1,22)
gaan van(2,156)
kritiek van(1,154)
van samenwerking(1,126)
van antillen(1,28)
maatregelen voor(1,156)
niet moet(1,156)
voor cpn(1,23)
japan op(3,132)
tegen de(4,156)
klm en(1,59)
en hal(1,144)
dan een(1,156)
wereld door(2,156)
ziet het(1,156)
wordt het(1,156)
ook niet(1,156)
dan niet(1,156)
voor minder(2,156)
jaar nog(2,156)
met een(3,156)
met regering(1,45)
meer economische(1,86)
uit de(6,156)
om de(4,156)
de olieprijs(2,36)
de groot(2,156)
de kamer(2,156)
de cpn(2,58)
en werkloosheid(4,104)
dat een(1,156)
is te(1,156)
tekort op(1,152)
1975 op(1,28)
op nieuw(1,155)
in tweede(3,155)
kamer van(2,156)
vertrouwen van(2,156)
crisis voor(1,119)
voor of(1,156)
worden het(1,156)
is winst(1,105)
goed is(1,156)
ook met(1,156)
ook bij(1,156)
miljoen nog(1,40)
aan het(3,156)
en unilever(1,65)
voor nieuwe(2,156)
1974 met(1,26)
bij 1974(1,2)
het wereld(1,119)
gaat het(1,156)
remt de(1,70)
de problemen(1,101)
als de(2,156)
de rijke(1,156)
achter de(1,156)
de lange(1,156)
commentaar de(1,85)
de crisis(2,156)
in bouw(1,143)
correspondent in(1,154)
zaken in(1,156)
rente in(1,156)
in andere(1,156)
conjunctuur in(1,78)
dreigt in(1,146)
in amsterdamse(1,53)
toeristen in(1,94)
in derde(2,140)
aruba in(1,82)
toe in(1,156)
in ons(2,156)
actief in(1,105)
kritiek in(1,122)
top in(1,117)
komen in(1,156)
in rode(1,68)
in rapport(1,113)
fors in(3,41)
damrak in(1,95)
nieuws in(1,156)
bedrijfsleven voor(1,74)
recessie te(3,31)
einde van(1,156)
problemen van(1,100)
van alle(1,156)
van eeg(2,83)
groeien van(1,108)
jaren van(1,156)
van jaren(1,156)
van winsten(1,114)
van amsterdam(1,156)
amsterdam van(1,156)
van morgen(1,156)
op maatregelen(1,155)
groot op(1,155)
handel op(1,156)
over economie(2,68)
goed te(1,156)
crisis en(1,150)
uyl en(1,36)
door crisis(1,21)
onder de(2,156)
flauw van(2,115)
commissie in(2,156)
over herstel(2,75)
het niet(3,156)
vast op(1,156)
miljoen voor(2,73)
jaar met(2,156)
in toekomst(3,106)
is op(3,156)
het dan(1,156)
jaar verwacht(1,116)
met verlies(1,156)
vandaag de(1,112)
de moeilijkheden(2,137)
die de(2,156)
op nieuwe(2,156)
de nederlandse(1,156)
van den(2,156)
af van(2,156)
hulp van(1,156)
verlies van(4,156)
druk van(1,156)
kabinet van(2,156)
hard van(1,141)
congres van(2,156)
in het(15,156)
ford voor(2,60)
in haven(2,126)
hoogovens in(1,113)
strijd in(1,156)
in strijd(1,156)
situatie in(2,99)
wat in(1,156)
in alle(1,156)
werklozen in(2,58)
morgen in(1,156)
kreeg in(1,148)
industrie in(2,156)
in bonn(1,119)
groeien in(1,117)
ontslagen in(1,144)
in amsterdam(1,156)
in scheepsbouw(2,33)
op tweede(1,108)
en die(1,156)
en economisch(1,121)
philips en(1,155)
miljard voor(1,45)
voor toekomst(1,109)
voor amerika(1,152)
voor eerste(1,156)
de inflatie(2,79)
moeilijkheden door(1,114)
door philips(1,100)
recessie zal(1,19)
over te(1,156)
er van(2,156)
nu de(3,156)
somber in(3,107)
verwacht een(1,153)
economie met(2,73)
voor het(5,156)
op amerikaanse(1,64)
op verlies(2,118)
inflatie en(1,78)
de japanse(1,86)
de eerste(2,156)
dollar de(2,119)
de bedrijven(1,156)
de ruim(1,154)
de feiten(1,156)
is een(1,156)
economie is(1,86)
dieptepunt van(1,66)
van zijlstra(1,129)
in duitsland(4,85)
van de(33,156)
voor grote(1,63)
en zeer(1,156)
en resultaten(1,125)
dollar en(1,140)
over de(6,156)
herstel in(10,155)
europa in(1,156)
alleen in(1,156)
had in(1,156)
in britse(1,76)
daalde in(1,137)
verwacht herstel(1,4)
door onze(1,156)
aan de(6,156)
de wereld(2,156)
de derde(1,156)
moeten de(1,156)
resultaten op(1,154)
miljard op(1,41)
dollar op(1,108)
herstel door(4,106)
goed een(1,156)
van engeland(1,156)
groei van(2,155)
van grote(2,86)
tekort van(1,156)
van hal(1,156)
voor een(3,156)
ford het(1,57)
groei en(1,156)
zich op(1,156)
telegraaf op(2,120)
hoger op(1,61)
olie door(1,112)
recessie nu(1,4)
in auto(1,91)
houdt in(1,156)
hebben in(1,156)
amerika in(2,156)
in huidige(1,82)
de weg(1,156)
voorzitter de(1,156)
heeft en(1,156)
wereld op(1,156)
bij het(2,156)
van regering(2,101)
van groot(1,156)
slecht van(1,152)
van unilever(1,65)
duisenberg van(1,21)
voor herstel(3,148)
herstel het(2,75)
winst en(2,156)
en winst(2,142)
is het(1,156)
op tegen(1,156)
op zijn(1,156)
op tot(1,156)
van dit(2,156)
na de(2,156)
ondanks de(1,156)
de eeg(1,39)
klm in(1,56)
dividend in(1,122)
landen in(2,156)
in nieuw(1,156)
japan voor(1,129)
herstel van(6,156)
directeur van(1,156)
van crisis(1,151)
ook door(1,156)
economie nog(1,60)
niet aan(1,156)
en dat(1,156)
weer in(2,156)
meer op(2,156)
op minder(1,156)
voor de(10,156)
de man(1,156)
de tweede(1,156)
in de(27,156)
verlies voor(1,156)
goed het(1,156)
van economie(5,87)
winst in(4,143)
regering in(2,132)
in kamer(1,152)
cpn in(1,49)
nog in(5,156)
de werkloosheid(3,109)
op de(12,156)
in economie(6,70)
ook in(2,156)
de amerikaanse(1,102)
in wall(4,93)
van die(1,156)
van af(1,156)
van economisch(1,100)
van amerikaanse(1,92)
van produktie(1,68)
scheepsbouw in(1,137)
crisis in(1,155)
geld op(1,156)
economie niet(1,77)
de recessie(8,41)
en het(3,156)
van recessie(8,31)
omzet van(1,156)
jaar op(2,156)
recessie is(1,27)
niet met(1,156)
de economie(4,142)
economie in(5,88)
man in(1,156)
bedrijfsleven in(1,87)
in bedrijfsleven(1,49)
blijft in(1,156)
telegraaf voor(1,84)
zou de(1,156)
de toekomst(1,156)
werkloosheid in(3,106)
van economische(2,122)
van amerika(1,156)
jaar het(1,156)
bij met(1,156)
ford door(1,27)
uit door(1,156)
bij de(4,156)
met de(4,156)
zal de(1,156)
die in(1,156)
maar in(1,156)
philips in(1,128)
beurs in(1,156)
opleving in(1,88)
congres in(1,155)
in congres(1,104)
in herstel(5,85)
van zich(1,156)
is de(2,156)
niet op(2,156)
naar de(2,156)
de grote(1,98)
de olie(1,156)
telegraaf door(1,76)
recessie in(8,40)
olie van(1,154)
van olie(1,156)
weer de(1,155)
voor meer(1,156)
zou in(1,156)
dollar in(1,127)
oeso in(1,29)
de regering(1,156)
goed de(2,156)
van een(3,156)
zal in(1,156)
dan de(1,156)
ook de(1,156)
minder van(1,156)
dan van(1,156)
winst door(1,130)
recessie nog(1,10)
vs voor(1,106)
in grote(1,78)
nog voor(1,156)
tot in(1,156)
heeft in(1,156)
de vs(2,134)
jaar voor(1,156)
moet in(1,156)
vs door(1,66)
dan in(1,156)
van jaar(2,156)
nog door(1,156)
street in(2,95)
vs op(1,115)
aan door(1,156)
in dat(1,156)
van het(3,156)
over op(1,156)
aan op(1,156)
op jaar(1,155)
recessie en(2,33)
en recessie(2,17)
de economische(1,138)
door een(1,156)
jaar in(2,156)
recessie op(2,22)
verlies in(1,156)
op een(1,156)
miljoen in(1,76)
recessie het(1,12)
uit in(1,156)
ford in(1,79)
op herstel(1,156)
van werkloosheid(1,108)
in economische(1,102)
de winst(1,156)
op en(2,156)
winst van(1,156)
verwacht in(1,156)
is in(1,156)
meer van(1,156)
op het(1,156)
en de(3,156)
van vs(1,149)
jaar van(1,156)
recessie de(2,22)
recessie van(2,38)
vs in(1,133)
door recessie(1,3)
economie van(1,114)
over in(1,156)
de met(1,156)
in jaar(1,156)
bij van(1,156)
door de(2,156)
in een(1,156)
niet in(1,156)
en op(1,156)
op door(1,156)
voor van(1,156)
van voor(1,156)
in door(1,156)
