sport in(59,111)
in cijfers(55,156)
van de(37,156)
in de(34,156)
west berlijn(29,47)
in groningen(27,156)
kort geding(26,117)
krakers in(22,25)
in amsterdam(22,156)
in nijmegen(22,133)
op de(20,156)
en de(20,156)
van een(20,156)
tegen krakers(18,13)
krakers en(18,23)
in west(18,155)
van onze(17,156)
de krakers(16,38)
voor krakers(15,11)
heer bommel(15,75)
rellen in(14,34)
grote wetering(13,5)
krakers moeten(13,3)
van het(13,156)
bommel en(13,151)
aan de(12,156)
een onzer(12,156)
onzer verslaggevers(12,94)
geding tegen(11,136)
ontruiming van(11,156)
voor de(11,156)
krakers van(10,26)
protest tegen(10,156)
st truiden(10,84)
van krakers(9,19)
nijmeegse krakers(9,3)
bij ontruiming(9,34)
de politie(9,156)
kraakpand in(8,22)
onze verslaggever(8,119)
de aamnaak(8,1)
krakers uit(7,21)
het pand(7,156)
uit de(7,156)
op het(7,156)
in het(7,156)
gekraakt pand(7,14)
door henk(7,76)
hoger beroep(6,64)
de telegraaf(6,156)
ontruiming in(6,72)
de wielingen(6,109)
verslaggevers amsterdam(6,45)
tegen de(6,156)
pand van(6,154)
meer dan(6,156)
den haag(6,156)
door de(6,156)
krakers op(5,18)
in hoger(5,63)
krakers niet(5,10)
met krakers(5,13)
om de(5,156)
in utrecht(5,156)
door jan(5,156)
politie in(5,156)
binnen en(5,156)
de poel(5,155)
krakers willen(5,5)
mobiele eenheid(5,38)
nieuwsblad van(5,149)
het noorden(5,156)
bij het(5,156)
amsterdam na(5,156)
door tom(5,61)
tom hendriks(5,13)
de aanmaak(5,131)
door marten(5,60)
marten toonder(5,46)
eredivisie eredivisie(5,3)
en krakers(4,18)
krakers met(4,13)
met politie(4,116)
en het(4,156)
huis van(4,156)
krakers aan(4,6)
nog geen(4,156)
en politie(4,156)
uit het(4,156)
van pand(4,122)
schoten met(4,151)
met dodelijke(4,62)
op politie(4,73)
af van(4,156)
groninger rechtbank(4,84)
vertrouwen in(4,156)
deel van(4,156)
in kort(4,156)
de ontruiming(4,156)
naar de(4,156)
oude politiebureau(4,26)
in verzet(4,154)
tegen ontruiming(4,7)
in hoofdstad(4,104)
de piersonstraat(4,3)
mr overdiep(4,31)
de grote(4,98)
in berlijn(4,156)
de me(4,156)
de amsterdamse(4,120)
in een(4,156)
bij de(4,156)
luxe luyk(4,1)
door me(4,150)
henk de(4,78)
grootste kraakpand(4,1)
in beroep(4,149)
beroep tegen(4,145)
van der(4,156)
of niet(4,156)
tweede kamer(4,156)
me en(3,156)
krakers of(3,5)
en nieuwbouw(3,80)
weer in(3,156)
groninger krakers(3,3)
krakers bij(3,6)
niet uit(3,156)
met traangas(3,64)
in wageningen(3,105)
van ex(3,150)
slaags met(3,127)
singel 445(3,9)
het huis(3,156)
debat met(3,132)
niet nodig(3,82)
me het(3,156)
politie treedt(3,67)
hard op(3,137)
op tegen(3,156)
boos op(3,142)
in grote(3,78)
in actie(3,120)
steun van(3,156)
krakers de(3,21)
westberlijnse krakers(3,1)
gas en(3,151)
leger des(3,135)
anonieme krakers(3,2)
niet door(3,156)
niet in(3,156)
moeten uit(3,156)
uit huis(3,152)
verslaggevers groningen(3,36)
met de(3,156)
de foto(3,99)
geen water(3,155)
van oude(3,156)
voor een(3,156)
en buitenland(3,153)
oude rkz(3,13)
nijmegen is(3,155)
de stad(3,156)
veel schade(3,156)
over ontruiming(3,16)
nieuws uit(3,156)
peter de(3,155)
de vries(3,156)
cees koring(3,19)
manier van(3,156)
amsterdam zaterdag(3,124)
boete voor(3,154)
actie in(3,138)
actie bij(3,103)
uitspraak in(3,156)
iets doen(3,151)
naar binnen(3,156)
de dokwerker(3,49)
van amsterdam(3,156)
ontruiming op(3,54)
is het(3,156)
op in(3,156)
acties tegen(3,80)
nijmeegse raad(3,5)
demonstratie tegen(3,152)
ongeregeldheden bij(3,97)
de hand(3,156)
het nieuws(3,156)
met stenen(3,62)
kritiek op(3,140)
kraakactie in(3,6)
gemeente groningen(3,148)
groningen koopt(3,34)
hevige rellen(3,17)
wil de(3,156)
de kraakster(3,4)
onze parlementaire(3,142)
parlementaire redactie(3,45)
redactie den(3,99)
cda en(3,22)
de nieuwe(3,156)
dicht bij(3,131)
duitse steden(3,60)
van frigge(3,23)
tijdelijke verhuur(3,14)
betoging tegen(3,48)
in tweede(3,155)
in kamer(3,152)
de mari(3,99)
cor van(3,91)
zo mag(3,68)
mag ik(3,156)
in eigen(3,156)
op tv(2,104)
krakers verdreven(2,1)
cel in(2,117)
krakers zijn(2,18)
vrees voor(2,156)
cel voor(2,85)
mogen in(2,156)
voorwaarden voor(2,156)
voor verbouwing(2,108)
praten met(2,123)
traangas uit(2,10)
op vrije(2,156)
vrije voeten(2,156)
uit woningen(2,124)
in pand(2,144)
pand voor(2,124)
klaar voor(2,136)
gemeente nijmegen(2,140)
geding niet(2,86)
het blijft(2,156)
de jong(2,156)
de vuist(2,156)
schadevergoeding voor(2,156)
krakers eisen(2,1)
om krakers(2,9)
niet alleen(2,156)
mogen nog(2,139)
moeten weg(2,113)
nog steeds(2,156)
mr geertsema(2,120)
actie tegen(2,151)
ruiten van(2,147)
aan tegen(2,156)
tijd voor(2,156)
voor ontruiming(2,65)
voor rechter(2,116)
de waarheid(2,156)
binnen 24(2,156)
24 uur(2,149)
uur verlaten(2,77)
in debat(2,128)
en licht(2,156)
leidt tot(2,156)
pand grote(2,34)
grote kerkstraat(2,51)
voormalig hotel(2,62)
baulig in(2,3)
ruimte voor(2,156)
in aken(2,126)
des heils(2,149)
van lucky(2,48)
amsterdamse krakers(2,8)
in handen(2,156)
handen van(2,156)
hoge raad(2,63)
kans op(2,156)
nijmeegse binnenstad(2,12)
jan eijkelboom(2,20)
honderd krakers(2,4)
binnen gasthuis(2,116)
open huis(2,52)
tussen krakers(2,11)
willen niet(2,156)
krakers tegen(2,5)
de zaak(2,156)
op een(2,156)
amsterdam dinsdag(2,122)
bank in(2,156)
nijmegen in(2,154)
in brand(2,156)
brand gestoken(2,156)
actie van(2,149)
amsterdam woensdag(2,150)
luxe flats(2,43)
te vroeg(2,156)
vonnis in(2,156)
pand op(2,135)
grimmige sfeer(2,17)
sfeer rond(2,55)
het in(2,156)
water voor(2,156)
verzet tegen(2,156)
huize st(2,80)
st martinus(2,106)
groningse politie(2,44)
wij zijn(2,156)
hotel willems(2,83)
willems in(2,129)
in gebruik(2,156)
sociale dienst(2,59)
huis te(2,156)
gemeente als(2,155)
als bemiddelaar(2,155)
het kort(2,156)
de gemeente(2,156)
op kosten(2,156)
blij met(2,106)
en sympathisanten(2,39)
sympathisanten in(2,25)
piersonstraat in(2,1)
na het(2,156)
achter de(2,156)
barricades in(2,32)
verzet in(2,144)
als krakers(2,7)
waarschuwt tegen(2,150)
overleg met(2,156)
politie van(2,156)
verslaggevers nijmegen(2,27)
nijmegen donderdag(2,46)
uit stad(2,126)
stad en(2,156)
en provincie(2,155)
er van(2,156)
amsterdam maandag(2,153)
politie een(2,155)
een van(2,156)
krakers werden(2,10)
verdacht van(2,156)
uit protest(2,88)
waar de(2,156)
komen de(2,156)
door peter(2,127)
deze manier(2,149)
van werken(2,156)
past beter(2,71)
beter bij(2,150)
bij mijn(2,156)
rond de(2,155)
panden aan(2,134)
voor hun(2,156)
van barricades(2,43)
op om(2,156)
te zetten(2,156)
personen werden(2,156)
met eigenaar(2,73)
te gast(2,137)
nijmegen door(2,137)
twee keer(2,132)
hotel in(2,156)
en weer(2,156)
onze correspondent(2,156)
autoriteiten te(2,156)
te verliezen(2,156)
nu echt(2,92)
oorlog door(2,156)
door jos(2,137)
jos van(2,108)
van noord(2,156)
roepen de(2,156)
zullen ze(2,154)
ze bedoelen(2,76)
de jongeman(2,116)
krakersrellen in(2,5)
is de(2,156)
perry sport(2,17)
te ontruimen(2,156)
het dak(2,156)
sloop van(2,78)
gekraakt en(2,84)
een paar(2,156)
tegen het(2,156)
een kraker(2,28)
herdenking van(2,151)
het standbeeld(2,156)
jaar geleden(2,156)
om te(2,156)
en in(2,156)
de duitse(2,105)
en tegen(2,156)
de eerste(2,156)
een jaar(2,156)
de straten(2,156)
te wensen(2,83)
wensen over(2,66)
dat er(2,156)
er dan(2,156)
nacht van(2,156)
voor zover(2,84)
zover bekend(2,61)
uit op(2,156)
nog niet(2,156)
dit is(2,156)
politiebureau in(2,116)
gevechten in(2,151)
geding over(2,87)
loopt uit(2,135)
gewonden bij(2,125)
je moet(2,135)
moet maar(2,156)
maar durven(2,111)
van geweld(2,156)
ton schade(2,47)
tegen leegstand(2,4)
achter het(2,156)
nieuws over(2,137)
over noord(2,106)
noord zuid(2,108)
vierduizend man(2,80)
man politie(2,84)
twee panden(2,120)
de actie(2,155)
van gemeente(2,153)
op handen(2,156)
pand in(2,155)
politie tijdens(2,85)
onrust in(2,156)
met geweld(2,156)
rellen rond(2,23)
strijd om(2,155)
in westduitse(2,42)
westduitse steden(2,39)
plaats van(2,156)
kraakpand van(2,3)
is klaar(2,149)
kraakpanden in(2,14)
laatste nieuws(2,134)
kunstenaars in(2,151)
forse klappen(2,28)
sweelinck conservatorium(2,18)
optimistisch over(2,91)
over andere(2,156)
andere behuizing(2,15)
behuizing voor(2,91)
kraken is(2,17)
ik ben(2,156)
wachten op(2,156)
gevolgen van(2,156)
kraken van(2,117)
huis door(2,156)
door 100(2,137)
100 man(2,155)
gemeenten kunnen(2,144)
kunnen met(2,156)
met nieuwe(2,156)
nieuwe wet(2,156)
doen tegen(2,156)
tegen langdurige(2,15)
langdurige leegstand(2,12)
hard er(2,87)
er tegenaan(2,83)
weg bij(2,156)
demonstraties in(2,94)
polak in(2,116)
en vvd(2,49)
einde aan(2,156)
heerlen organiseert(2,22)
organiseert op(2,86)
de varenbeuk(2,28)
zw de(2,70)
heeft het(2,156)
op 10(2,156)
10 mei(2,156)
der borst(2,115)
tweede plaats(2,156)
mei aanstaande(2,155)
er wordt(2,156)
onder de(2,156)
de nederlandse(2,156)
de open(2,156)
toch niet(2,156)
mishandeling door(2,122)
agent niet(2,97)
niet bewezen(2,156)
in studie(2,143)
ben je(2,142)
geen ontruiming(2,14)
de slag(2,156)
slag met(2,156)
geen vrijbrief(2,82)
tegen woningnood(2,2)
politie trad(2,102)
op ontruiming(2,23)
gekraakt huis(2,4)
leidde tot(2,154)
tot rellen(2,24)
in neurenberg(2,106)
woon en(2,156)
kraak van(2,68)
door harry(2,86)
half jaar(2,156)
jaar tegen(2,156)
vandaag in(2,117)
waarnemers bij(2,52)
bij rellen(2,28)
in bolsward(2,105)
pand door(2,102)
in a'dam(2,71)
tientallen gewonden(2,61)
onrust rond(2,31)
amsterdam in(2,156)
ruiten ingegooid(2,102)
tegen mr(2,148)
falend beleid(2,28)
geweld in(2,156)
zwart geld(2,43)
de grot(2,151)
en veel(2,156)
in beeld(2,127)
wat wil(2,156)
dertig maanden(2,71)
maanden cel(2,37)
waar of(2,155)
door marisca(2,8)
marisca milikowski(2,10)
cel en(2,124)
en boete(2,155)
leegstaande woningen(2,76)
woningnood en(2,80)
straatgevechten in(2,57)
tegen politiegeweld(2,1)
kamervragen over(2,26)
van wethouder(2,142)
en west(2,156)
me in(2,156)
stan huygens(2,28)
flinke jongens(2,121)
duitse jeugd(2,58)
nu in(2,156)
verslaggever ben(2,24)
ben hietbrink(2,6)
de been(2,156)
tegen politie(2,48)
na de(2,156)
zwichten voor(2,150)
voor geweld(2,142)
kamer bij(2,155)
bij behandeling(2,136)
arnhem vrijdag(2,45)
door nico(2,82)
nico scheepmaker(2,32)
minister wiegel(2,8)
in opspraak(2,132)
van omstreden(2,26)
onze verslaggeefster(2,50)
van nijmeegse(2,18)
van agt(2,86)
naar het(2,156)
jeugd in(2,156)
in opstand(2,156)
door ale(2,33)
ale van(2,111)
van dijk(2,156)
boos over(2,135)
oud strijders(2,65)
goede morgen(2,85)
morgen van(2,156)
de hoofdredacteur(2,150)
veel problemen(2,67)
1980 was(2,16)
niet met(2,156)
leegstandswet in(2,2)
betere bescherming(2,116)
krijgt geen(2,126)
het osl(2,11)
forse nederlaag(2,39)
nederlaag voor(2,156)
voor socialisten(2,80)
socialisten in(2,128)
wat er(2,156)
in plaats(2,156)
premier van(2,129)
bouwen voor(2,150)
de buurt(2,156)
jim postma(2,9)
louis du(2,79)
du moulin(2,129)
carnaval is(2,84)
is meer(2,156)
dan uitsluitend(2,138)
uitsluitend een(2,140)
door leo(2,120)
leo derksen(2,29)
vrouw naar(2,156)
de keuken(2,156)
keuken door(2,100)
het recht(2,138)
recht in(2,133)
eigen hand(2,156)
toenemende neiging(2,81)
zaakjes zelf(2,6)
zelf op(2,156)
op te(2,156)
te knappen(2,121)
openbaar ministerie(2,156)
ministerie met(2,151)
met verontrusting(2,51)
door cees(2,57)
en peter(2,145)
henk schaaf(2,22)
het scherp(2,139)
scherp van(2,127)
de snede(2,149)
jan beijert(2,17)
in cijfer(2,64)
200 voor(1,156)
blokkade voor(1,58)
zijn bouwers(1,10)
veel bekijks(1,116)
in discussie(1,156)
en invaliden(1,106)
feest bij(1,156)
beroep vrijgesproken(1,57)
roepen op(1,155)
in cel(1,89)
zaanse krakers(1,1)
mogen er(1,156)
er weer(1,149)
studenten en(1,156)
een predikant(1,155)
stelt aan(1,155)
aan krakers(1,4)
helmut schmidt(1,32)
demonstratie voor(1,121)
bij politiebureau(1,18)
zich op(1,156)
op justitie(1,49)
mogen blijven(1,156)
pand uit(1,82)
krakers geen(1,6)
geen goed(1,156)
goed woord(1,147)
rijk moet(1,145)
voorlopig blijven(1,51)
de oren(1,114)
luxe appartement(1,30)
appartement in(1,71)
anoniem gedagvaard(1,2)
assistentie van(1,153)
barricade op(1,50)
even blijven(1,84)
per tegen(1,48)
al die(1,156)
die krakers(1,11)
ambassade om(1,57)
op straat(1,156)
straat gezet(1,127)
veld ruimen(1,120)
ruimen voor(1,147)
inzetten van(1,156)
actiegroep cool(1,6)
huizen voor(1,154)
van tante(1,136)
tante da(1,16)
barricaden op(1,67)
voor 200(1,156)
200 mensen(1,54)
zijn verhuisd(1,136)
krakers kunnen(1,3)
aktiegroep cool(1,2)
trekken in(1,156)
in gerestaureerd(1,25)
gerestaureerd pand(1,25)
en me(1,156)
blijft bij(1,156)
bij praten(1,69)
in delfshaven(1,68)
op wethouder(1,63)
bv tegen(1,11)
huizen op(1,156)
krijgen geen(1,122)
geen telefoon(1,89)
krakers eruit(1,3)
zes weken(1,156)
weken voor(1,156)
met voorwaarden(1,131)
voor het(1,156)
het vertrek(1,156)
geen maatregelen(1,141)
maatregelen tegen(1,156)
politie op(1,156)
vuist in(1,115)
met elkaar(1,146)
ig metall(1,31)
neemt het(1,156)
het op(1,156)
op voor(1,156)
politie was(1,155)
was best(1,106)
op voorwaarden(1,155)
volgende keer(1,135)
noordwijk heeft(1,65)
krakers te(1,17)
te weren(1,156)
maken er(1,156)
steun uit(1,115)
uit amsterdam(1,156)
nog in(1,156)
moeten eruit(1,46)
bouwen woning(1,77)
woning in(1,156)
in groninger(1,91)
groninger herestraat(1,7)
weg uit(1,155)
oorlog met(1,156)
zeven krakers(1,7)
steeds vast(1,149)
meer woningbouw(1,9)
woningbouw voor(1,87)
voor jongeren(1,111)
jongeren nodig(1,5)
komt in(1,156)
van rechtbank(1,98)
rechtbank in(1,129)
naamloos gedagvaard(1,1)
amsterdam was(1,156)
was voor(1,156)
utrecht niet(1,149)
bevestiging van(1,156)
vonnis tegen(1,154)
tegen vijf(1,156)
vijf krakers(1,6)
geweld aan(1,156)
krijgen tot(1,140)
tot zondag(1,155)
krakers voor(1,6)
rechter slepen(1,15)
woningen uit(1,102)
jullie hebben(1,90)
hebben geen(1,156)
geen vergunning(1,133)
utrechtse rechtbank(1,55)
voor 16(1,156)
van vakbeweging(1,73)
politie voert(1,23)
zware strijd(1,111)
strijd met(1,156)
klem tussen(1,46)
de wanhoop(1,156)
wanhoop en(1,151)
woning binnen(1,152)
de winkelende(1,67)
laten zich(1,156)
zich weinig(1,156)
weinig gelegen(1,117)
gelegen aan(1,156)
de herestraat(1,45)
herestraat in(1,26)
communisten in(1,80)
met groep(1,73)
groep krakers(1,16)
regering doet(1,86)
concessie in(1,138)
nieuwe burgemeester(1,129)
harde aanpak(1,31)
tot protesten(1,83)
gemeente tegen(1,136)
kerkstraat 27(1,79)
onder dreiging(1,54)
hotel baulig(1,27)
maak ook(1,87)
ook ruimte(1,97)
voor woongroepen(1,7)
niet van(1,156)
van plan(1,156)
verbouwing te(1,101)
te blokkeren(1,88)
maand uitstel(1,71)
stadhuis in(1,149)
in beieren(1,130)
politie beter(1,35)
beter tegen(1,140)
politie door(1,151)
door krakers(1,19)
rechter tegen(1,65)
begin maar(1,122)
maar kort(1,152)
maakt rare(1,36)
rare sprongen(1,85)
sprongen in(1,136)
in proces(1,107)
proces tegen(1,156)
beat van(1,63)
open brief(1,152)
kwam niet(1,156)
van bne(1,18)
bne akiwa(1,40)
in russisch(1,130)
weg zijn(1,156)
hevig verzet(1,121)
demonstratie tot(1,36)
tot steun(1,154)
leiden zonder(1,112)
zonder gas(1,85)
raad te(1,156)
te hulp(1,156)
mogen de(1,156)
de stadsvernieuwing(1,26)
stadsvernieuwing niet(1,13)
de weg(1,156)
weg staan(1,156)
solidair met(1,105)
geding van(1,125)
in panden(1,54)
vrijspraak voor(1,117)
voor groninger(1,54)
milde straf(1,69)
weer treffen(1,34)
treffen met(1,146)
demonstreren bij(1,33)
geschorst in(1,134)
in afwachting(1,156)
afwachting van(1,156)
van bouwvergunning(1,25)
het gelijk(1,156)
gelijk en(1,156)
het ongelijk(1,156)
ongelijk van(1,132)
met meterkast(1,18)
vier woningen(1,152)
zonder stroom(1,80)
voor advocaat(1,78)
geding aan(1,66)
niet onder(1,156)
hielden hun(1,115)
hun huis(1,156)
hard in(1,125)
in op(1,156)
op krakers(1,5)
alleen gesteund(1,55)
houden grote(1,39)
grote manifestatie(1,46)
zaak tegen(1,156)
van anders(1,153)
houden open(1,25)
wat op(1,156)
geweerd worden(1,153)
de cel(1,153)
lagere straffen(1,28)
rechtbank af(1,43)
vast in(1,156)
pand verlaten(1,46)
onlusten tussen(1,23)
groninger rechtbankpresident(1,10)
uit voormalige(1,52)
voormalige hotels(1,1)
van grote(1,86)
geen vertrouwen(1,156)
in plannen(1,73)
zaanstad willen(1,1)
niet weg(1,156)
van complex(1,35)
blijven tot(1,156)
tot na(1,156)
na kort(1,149)
gesprek met(1,156)
winkels en(1,156)
en wooneenheden(1,9)
hebben eigen(1,118)
we wachten(1,108)
wachten af(1,99)
onze verslaggevers(1,60)
ton van(1,156)
van bree(1,155)
bekijkt de(1,98)
zaak op(1,156)
een afstandje(1,79)
straat in(1,156)
eens met(1,156)
anoniem dagvaarden(1,5)
moeten het(1,156)
huis uit(1,156)
voeten van(1,156)
groningen dinsdag(1,78)
geen enthousiasme(1,63)
enthousiasme voor(1,109)
voor verhuur(1,89)
en water(1,156)
water niet(1,156)
niet zonder(1,156)
zonder meer(1,156)
meer bij(1,156)
beroep voor(1,151)
bossche hof(1,62)
ook laatste(1,60)
laatste elf(1,110)
landelijke actie(1,83)
krakers er(1,8)
er komt(1,156)
verf over(1,39)
bezit van(1,156)
felle kritiek(1,80)
kritiek in(1,122)
in raad(1,116)
raad op(1,156)
op burgemeester(1,101)
massaal achter(1,22)
flats te(1,60)
bouwvakkers op(1,28)
op koffie(1,121)
koffie met(1,127)
met gebak(1,85)
uit twee(1,156)
twee groninger(1,47)
gisteren is(1,156)
is men(1,156)
men begonnen(1,156)
begonnen met(1,156)
gebouw op(1,156)
het amsterdamse(1,114)
huisraad van(1,126)
de legale(1,98)
legale bewoners(1,3)
bewoners werd(1,103)
werd in(1,156)
geladen in(1,151)
de loop(1,156)
loop van(1,156)
de dag(1,156)
ook de(1,156)
vrijwillig het(1,133)
foto een(1,91)
een groepje(1,130)
met wat(1,156)
huisraad op(1,63)
het waterlooplein(1,133)
uit vijf(1,156)
vijf steden(1,76)
haalt het(1,147)
in parlement(1,140)
de kamerleden(1,132)
honderden amsterdamse(1,15)
de deur(1,156)
lijkt onvermijdelijk(1,35)
acties met(1,67)
met geld(1,156)
college geen(1,96)
amsterdam wenst(1,53)
huur van(1,156)
een deel(1,156)
van huize(1,113)
st gerlach(1,79)
in houthem(1,56)
verwijderd met(1,120)
met zachte(1,141)
zachte hand(1,117)
hand door(1,154)
jan diederen(1,16)
voor tweede(1,155)
tweede keer(1,147)
een merkwaardig(1,156)
hopen op(1,156)
op brede(1,59)
brede steun(1,27)
zijn echt(1,140)
echt niet(1,109)
niet bezig(1,153)
iets leuks(1,72)
leuks voor(1,37)
voor onszelf(1,98)
onszelf te(1,89)
te veroveren(1,156)
volgens politie(1,27)
voormalige hotel(1,80)
in lege(1,68)
huurder wordt(1,63)
wordt als(1,156)
gebruikt om(1,156)
om ons(1,156)
ons uit(1,156)
te krijgen(1,156)
woonoord vaassen(1,3)
procedure tegen(1,122)
zonder incidenten(1,103)
sfeer in(1,83)
amsterdamse grachten(1,52)
gesprek tussen(1,58)
over toekomst(1,57)
en personeel(1,153)
personeel van(1,156)
bijna op(1,156)
opknappen als(1,26)
als de(1,156)
gemeente het(1,156)
het niet(1,156)
niet kan(1,156)
kan doen(1,156)
doen wij(1,156)
wij het(1,156)
het zelf(1,156)
zelf wel(1,153)
protestantse kerken(1,60)
arnhemse politie(1,44)
tilburgse politie(1,38)
in als(1,156)
brief op(1,154)
anp op(1,52)
met aankoop(1,80)
door te(1,156)
te snijden(1,156)
conflict rond(1,41)
afbraak te(1,150)
te verhinderen(1,156)
het aantal(1,156)
aantal krakers(1,10)
is gisterochtend(1,115)
gisterochtend na(1,33)
het bekend(1,156)
bekend worden(1,156)
worden van(1,156)
de uitslag(1,156)
uitslag van(1,156)
gegroeid tot(1,94)
tot enige(1,90)
enige honderden(1,91)
het was(1,156)
de circa(1,150)
de mensen(1,148)
mensen werden(1,62)
werden via(1,78)
via de(1,155)
de zender(1,86)
zender van(1,87)
opgeroepen naar(1,124)
piersonstraat te(1,2)
te komen(1,156)
komen om(1,156)
om er(1,156)
er zo(1,117)
zo nodig(1,67)
nodig mee(1,9)
mee te(1,151)
te werken(1,156)
werken aan(1,156)
aan menselijke(1,49)
de vroege(1,155)
sneuvelden in(1,80)
enkele ruiten(1,92)
o.a bij(1,109)
bij twee(1,156)
twee banken(1,142)
banken de(1,137)
politie weet(1,102)
weet niet(1,156)
niet of(1,156)
of dit(1,156)
dit het(1,156)
het werk(1,156)
werk is(1,156)
is van(1,156)
is zich(1,156)
zich inmiddels(1,156)
inmiddels ook(1,156)
ook steeds(1,156)
steeds intensiever(1,79)
intensiever met(1,38)
de kraakactie(1,21)
gaan bezighouden(1,106)
laten we(1,144)
we altijd(1,110)
altijd binnen(1,121)
en directie(1,145)
directie de(1,156)
de tafel(1,156)
bedrijfspand van(1,39)
groningen donderdag(1,83)
oneens met(1,118)
ingezet tegen(1,82)
hoofdstad is(1,156)
is vrijblijvend(1,42)
vrijblijvend gesprek(1,33)
gemeente eist(1,86)
huur per(1,144)
per jaar(1,156)
weg te(1,156)
te gaan(1,156)
veel gewonden(1,81)
schade in(1,156)
bereiden zich(1,146)
zich voor(1,156)
voor op(1,156)
beslissing over(1,156)
plan voor(1,156)
verbouwing tot(1,96)
gemeente koopt(1,21)
alleen als(1,156)
geding om(1,46)
krakers ook(1,3)
ook deze(1,156)
deze keer(1,156)
tientallen krakers(1,7)
en betogers(1,37)
hoofdstad na(1,54)
snelle actie(1,68)
tegen groninger(1,20)
discussie over(1,156)
met gemeente(1,83)
vrijwillig vertrek(1,22)
eis voor(1,84)
voor woongroep(1,10)
in rapport(1,113)
zat achter(1,105)
speculatie met(1,69)
laatste pand(1,14)
voor vele(1,156)
vele tonnen(1,96)
willen van(1,156)
van geen(1,156)
geen wijken(1,105)
wijken weten(1,65)
weten we(1,138)
we gaan(1,130)
gaan er(1,156)
van je(1,156)
je lang(1,101)
lang zal(1,156)
zal ze(1,156)
ze leven(1,117)
leven niet(1,156)
banden van(1,156)
beroep bij(1,153)
hof leeuwarden(1,18)
van westland(1,58)
westland utrecht(1,25)
bezoek aan(1,156)
dagen weg(1,111)
politie mag(1,90)
mag de(1,156)
met amsterdam(1,155)
amsterdam over(1,156)
tijdelijk naar(1,140)
naar hotel(1,113)
den uyls(1,26)
wil er(1,156)
van maken(1,156)
niet akkoord(1,59)
akkoord met(1,73)
met verbouwing(1,39)
panden van(1,152)
van adriani(1,19)
een westberlijnse(1,35)
verlaat onder(1,30)
onder begeleiding(1,156)
begeleiding van(1,156)
de drie(1,156)
drie panden(1,97)
panden die(1,140)
die gisteren(1,156)
gisteren met(1,156)
werden ontruimd(1,83)
ontruimd de(1,91)
politie verrichtte(1,61)
verrichtte de(1,118)
de invallen(1,151)
omdat de(1,156)
werden verdacht(1,104)
van lidmaatschap(1,155)
lidmaatschap van(1,156)
criminele vereniging(1,7)
vereniging uit(1,53)
van 26(1,156)
drie kantoren(1,37)
kantoren van(1,156)
de spd(1,55)
bezet de(1,156)
de acties(1,91)
acties werden(1,70)
de nieuwbouw(1,87)
moest komen(1,156)
de afkeer(1,153)
afkeer van(1,156)
een te(1,156)
te rechte(1,14)
vries en(1,156)
en cees(1,76)
de veertien(1,156)
veertien gekraakte(1,1)
gekraakte panden(1,20)
blijft het(1,156)
het onrustig(1,117)
hier het(1,156)
het wegdek(1,76)
de barricade(1,111)
barricade te(1,21)
te versterken(1,156)
houten schotten(1,83)
hun ramen(1,94)
het verwijderen(1,149)
verwijderen van(1,155)
barricades op(1,77)
de westberlijnse(1,44)
westberlijnse wijk(1,4)
maakt de(1,156)
politie zich(1,153)
zich dinsdag(1,121)
dinsdag op(1,127)
woningen op(1,154)
de achtergrond(1,136)
achtergrond van(1,139)
foto te(1,93)
dan 500(1,156)
500 personen(1,155)
werden aangehouden(1,139)
nieuwe luxe(1,86)
voorwaardelijke boete(1,38)
woensdag met(1,151)
van heel(1,156)
heel europa(1,133)
hun eigen(1,156)
krakers maar(1,3)
huiselijke gezelligheid(1,88)
gezelligheid troef(1,15)
troef op(1,60)
het zuiderplein(1,101)
tien weken(1,155)
weken cel(1,29)
tegen vier(1,156)
gast in(1,139)
in schinveld(1,54)
optocht met(1,126)
met 50(1,156)
feiten meningen(1,11)
de burgerij(1,156)
sloot zich(1,155)
zich bij(1,156)
aan oude(1,156)
beeld is(1,155)
is doorbroken(1,62)
door herman(1,131)
herman wigbold(1,35)
politie binnen(1,96)
keer in(1,155)
groningen weinig(1,16)
weinig verzet(1,62)
stapte er(1,109)
er iemand(1,156)
iemand door(1,154)
door het(1,156)
het raam(1,156)
open dag(1,38)
dag in(1,156)
de blauwe(1,129)
blauwe aanslag(1,3)
aanslag in(1,156)
in den(1,156)
haag en(1,156)
weer verbeteren(1,23)
van overvallen(1,71)
en anti(1,123)
dodewaard gaat(1,4)
gaat dicht(1,67)
dicht in(1,125)
tegen beschuldigingen(1,38)
correspondent nijmegen(1,46)
nijmegen dinsdag(1,43)
jan knol(1,38)
opzij zetten(1,81)
zetten een(1,140)
een hoge(1,69)
hoge graad(1,53)
graad van(1,156)
van vijandschap(1,152)
gescheiden van(1,156)
van gezin(1,136)
gezin te(1,156)
te leven(1,156)
leven door(1,156)
door karei(1,50)
de woonkrant(1,22)
noord amsterdam(1,43)
mees en(1,155)
en hope(1,126)
pand al(1,28)
lees voor(1,64)
voor 60(1,156)
60 mille(1,109)
mille per(1,118)
per maand(1,156)
mr paulussen(1,72)
doet op(1,156)
op aswoensdag(1,32)
perceel niet(1,92)
door george(1,134)
george taylor(1,17)
hebben gisteren(1,156)
gisteren de(1,156)
herdoopt in(1,111)
was de(1,156)
jongeman die(1,102)
die verleden(1,155)
verleden week(1,156)
week tijdens(1,78)
berlijn het(1,156)
het leven(1,156)
leven liet(1,138)
liet op(1,156)
de plek(1,156)
plek waar(1,155)
worden nog(1,156)
nog dagelijks(1,156)
kransen en(1,148)
en bloemen(1,156)
bloemen gelegd(1,68)
uiteindelijk is(1,66)
de groningse(1,67)
politie er(1,142)
er woensdagavond(1,75)
woensdagavond in(1,123)
in geslaagd(1,156)
samen met(1,127)
het gekraakte(1,24)
gekraakte pand(1,21)
van perry(1,81)
de heerestraat(1,130)
heerestraat te(1,81)
in paniek(1,100)
paniek door(1,68)
belendende percelen(1,63)
terwyl de(1,154)
dak op(1,148)
op komt(1,121)
van honderd(1,156)
stapt op(1,92)
op als(1,156)
vroeger geen(1,151)
gaan iets(1,91)
doen aan(1,156)
eigen beleid(1,82)
beleid aan(1,125)
de kant(1,155)
kant geen(1,137)
moeten binnen(1,154)
binnen vier(1,156)
vier maanden(1,156)
met helmen(1,70)
helmen en(1,120)
en schilden(1,121)
het begin(1,156)
begin van(1,156)
werden verdreven(1,130)
verdreven uit(1,110)
de ach(1,134)
ach tergrond(1,67)
werden gearresteerd(1,149)
gearresteerd het(1,80)
het lege(1,123)
werd zondag(1,138)
de 11(1,156)
de jongeren(1,145)
jongeren wilden(1,7)
wilden dat(1,156)
dat het(1,156)
het gebouw(1,156)
gebouw zal(1,156)
zal worden(1,156)
worden verbouwd(1,138)
verbouwd tot(1,99)
omgebouwd tot(1,82)
goedkope woningen(1,52)
de lufthansa(1,61)
amsterdamse vijzelstraat(1,6)
nadat een(1,156)
paar honderd(1,156)
krakers daar(1,1)
dinsdagavond uit(1,75)
omkomen van(1,119)
kraker in(1,17)
waren ook(1,156)
ook werden(1,156)
rookbommen naar(1,7)
binnen gegooid(1,38)
ruiten bij(1,89)
het westduitse(1,49)
westduitse consulaat(1,18)
consulaat en(1,140)
het duitse(1,95)
moesten het(1,156)
het eveneens(1,151)
de inzet(1,154)
zoals die(1,78)
die naar(1,156)
binnen werd(1,121)
werd gegooid(1,105)
vele duizenden(1,156)
duizenden mensen(1,62)
mensen hebben(1,63)
hebben gistermiddag(1,102)
deelgenomen aan(1,155)
de jaarlijkse(1,96)
jaarlijkse herdenking(1,47)
de februaristaking(1,51)
standbeeld van(1,156)
dokwerker op(1,34)
het jonas(1,116)
jonas daniel(1,68)
veertig jaar(1,146)
geleden op(1,156)
op 25(1,156)
25 februari(1,150)
februari 1941(1,58)
gingen duizenden(1,22)
duizenden amsterdammers(1,69)
amsterdammers in(1,114)
in staking(1,99)
staking om(1,85)
te protesteren(1,123)
protesteren tegen(1,115)
de terreur(1,102)
terreur en(1,79)
het bijzonder(1,156)
bijzonder de(1,156)
de vervolging(1,156)
vervolging van(1,156)
van joden(1,134)
joden door(1,122)
duitse bezetters(1,54)
bezetters het(1,26)
langs de(1,156)
is behalve(1,156)
behalve als(1,138)
als herdenking(1,26)
de staking(1,156)
staking ook(1,73)
ook bedoeld(1,121)
bedoeld als(1,127)
als protest(1,133)
de nog(1,156)
nog overal(1,134)
overal in(1,156)
de wereld(1,156)
vervolging en(1,156)
en rassendiscriminatie(1,21)
rassendiscriminatie en(1,40)
het opkomende(1,139)
opkomende fascisme(1,22)
vertegenwoordigers van(1,156)
van verschillende(1,156)
verschillende groeperingen(1,54)
kransen bij(1,55)
standbeeld de(1,46)
eerste krans(1,9)
werd gelegd(1,156)
gelegd door(1,156)
door burgemeester(1,156)
burgemeester polak(1,10)
polak van(1,131)
incident ontstond(1,43)
ontstond toen(1,126)
toen de(1,156)
een spandoek(1,64)
spandoek van(1,27)
zij aan(1,156)
aan het(1,156)
het feit(1,156)
feit dat(1,156)
dat bijna(1,156)
bijna een(1,156)
geleden bij(1,156)
pand aan(1,147)
de vondelstraat(1,128)
tanks door(1,57)
straten van(1,156)
reden de(1,156)
noemden de(1,137)
de aanwezigheid(1,156)
aanwezigheid van(1,156)
amsterdam die(1,156)
die dit(1,156)
dit mogelijk(1,156)
mogelijk maakten(1,125)
maakten een(1,156)
de bijeenkomst(1,156)
ten langen(1,137)
langen leste(1,127)
heeft de(1,156)
gerard bakker(1,36)
toch een(1,156)
een ontruimingsbevel(1,6)
de wacht(1,156)
weten te(1,156)
te slepen(1,156)
slepen tegen(1,6)
krakers die(1,25)
die de(1,156)
de restanten(1,130)
restanten van(1,144)
bezet houden(1,152)
houden het(1,156)
het gaat(1,156)
gaat om(1,156)
om het(1,156)
pand weteringschans(1,2)
weteringschans 89(1,9)
89 dat(1,11)
dat bij(1,156)
de geruchtmakende(1,130)
geruchtmakende ontruiming(1,1)
december vorig(1,69)
vorig jaar(1,156)
jaar door(1,156)
politie ongemoeid(1,2)
ongemoeid werd(1,5)
werd gelaten(1,152)
gelaten de(1,155)
de illegale(1,75)
illegale bewoners(1,8)
bewoners hadden(1,127)
hadden een(1,156)
een heel(1,156)
heel andere(1,131)
andere uitslag(1,63)
afgelopen vrijdag(1,45)
vrijdag verwacht(1,35)
verwacht van(1,156)
amsterdamse rechtbank(1,63)
rechtbank en(1,130)
en vooruitlopend(1,25)
reeds een(1,156)
een groot(1,156)
groot feest(1,156)
feest georganiseerd(1,95)
georganiseerd het(1,75)
het feest(1,156)
feest ging(1,75)
ging echter(1,155)
echter toch(1,145)
toch door(1,156)
door zaterdag(1,54)
foto de(1,89)
wordt spoedig(1,155)
spoedig verwacht(1,140)
willemstad de(1,113)
de toestand(1,156)
toestand van(1,156)
van veel(1,156)
veel gebouwen(1,36)
gebouwen in(1,156)
de binnenstad(1,150)
laat te(1,156)
over enkele(1,150)
enkele ervan(1,89)
ervan staan(1,35)
staan op(1,156)
op instorten(1,97)
wat natuurlijk(1,132)
gevaar oplevert(1,131)
oplevert voor(1,155)
voor eventuele(1,78)
die er(1,156)
er hun(1,156)
hun tijdelijk(1,107)
tijdelijk onderdak(1,89)
onderdak in(1,95)
in hebben(1,156)
hebben gevonden(1,156)
anderen die(1,156)
er in(1,156)
ophouden een(1,124)
van die(1,156)
die gebouwen(1,154)
gebouwen die(1,155)
die snel(1,134)
snel achteruit(1,90)
achteruit gaat(1,138)
gaat is(1,153)
het voormalige(1,156)
op pietermaai(1,99)
geeft een(1,156)
een beeld(1,156)
beeld van(1,156)
de afbraak(1,156)
afbraak van(1,156)
van dit(1,156)
dit pand(1,155)
kunnen gemakkelijk(1,140)
gemakkelijk op(1,156)
de openbare(1,156)
openbare weg(1,133)
weg terecht(1,93)
terecht komen(1,127)
komen en(1,156)
het is(1,156)
is te(1,156)
te hopen(1,156)
hopen dat(1,156)
dan op(1,156)
op dat(1,156)
dat moment(1,115)
moment niemand(1,53)
niemand onder(1,147)
onder door(1,150)
door loopt(1,92)
loopt het(1,156)
het ware(1,156)
ware beter(1,149)
dergelijke gevaarlijke(1,67)
gevaarlijke situaties(1,73)
situaties te(1,74)
te vermijden(1,156)
vermijden door(1,127)
door een(1,156)
een snelle(1,137)
snelle en(1,156)
en gedegen(1,84)
gedegen aanpak(1,15)
eergisteren en(1,134)
de nacht(1,156)
van donderdag(1,156)
donderdag op(1,156)
op vrijdag(1,156)
vrijdag stond(1,56)
berlijn in(1,155)
het teken(1,77)
ernstige rellen(1,21)
togen de(1,155)
straten op(1,151)
om in(1,156)
verbale en(1,23)
blijk te(1,155)
te geven(1,156)
geven van(1,156)
van hun(1,156)
hun ongenoegen(1,82)
ongenoegen over(1,103)
over de(1,156)
de woonomstandigheden(1,26)
stad voor(1,156)
bekend werden(1,155)
btj het(1,131)
het tumult(1,144)
ruim 60(1,156)
politieagenten gewond(1,39)
gewond van(1,129)
de betogers(1,61)
onder wie(1,146)
wie zich(1,156)
zich honderden(1,116)
arrestaties verricht(1,79)
foto achter(1,21)
wolk van(1,143)
van traangas(1,62)
traangas en(1,62)
en onder(1,156)
beschutting van(1,136)
een waterkanon(1,46)
rukt de(1,121)
de oproerpolitie(1,34)
de richting(1,133)
richting van(1,133)
de demonstranten(1,90)
bij aanvaarding(1,110)
in amstelveen(1,73)
liep uit(1,126)
dan geen(1,156)
geen advocaat(1,108)
de prinsengracht(1,155)
niet afwijzend(1,82)
spanning om(1,88)
nooit meer(1,156)
meer terug(1,153)
terug te(1,156)
te verdienen(1,156)
tienduizenden guldens(1,98)
guldens schade(1,97)
schade door(1,156)
door sluiting(1,103)
politie geeft(1,79)
niet op(1,156)
van kon(1,154)
wilhelmina fonds(1,55)
frits diderich(1,11)
is je(1,155)
je reinste(1,94)
groningen met(1,156)
met verf(1,122)
geen namen(1,134)
in hele(1,61)
hele binnenstad(1,36)
water halen(1,120)
met getrokken(1,141)
getrokken pistool(1,37)
tweede grote(1,61)
wacht op(1,156)
betogingen in(1,53)
nijmegen tegen(1,122)
tien gewonden(1,84)
gesprek over(1,154)
rechter zou(1,120)
zijn advocaat(1,138)
vreedzame oplossing(1,150)
bepleit voor(1,84)
blijven een(1,156)
een onrustig(1,108)
president als(1,138)
als advocaat(1,156)
gewelddadige ontruiming(1,11)
nieuwe vergadering(1,148)
vergadering met(1,156)
bemiddelt in(1,30)
politie groningen(1,15)
we wilden(1,118)
escalatie van(1,31)
politie hield(1,115)
eenheid achter(1,9)
slaan er(1,121)
er op(1,156)
op los(1,143)
barricades van(1,48)
van drie(1,156)
drie meter(1,122)
meter rond(1,39)
utrecht zonder(1,43)
zonder geweld(1,141)
gemeente mag(1,131)
springt uit(1,99)
in roermond(1,107)
geboeid afgevoerd(1,11)
hotel bij(1,134)
bij verrassing(1,156)
verrassing door(1,109)
ontruimd door(1,80)
de koning(1,156)
positie van(1,156)
van speculanten(1,137)
vonnis van(1,156)
van groninger(1,127)
niet afgeven(1,126)
afgeven van(1,156)
abnormaal gedrag(1,5)
ontruiming is(1,46)
is oorlog(1,117)
relschoppers in(1,11)
de hoofdstad(1,156)
hoofdstad weer(1,82)
raadsman in(1,105)
klacht wegens(1,111)
wegens huisvredebreuk(1,95)
spektakel in(1,64)
uitstel van(1,156)
van ontruiming(1,102)
anonieme dagvaarding(1,3)
groningen opnieuw(1,45)
doof voor(1,155)
een ton(1,155)
hilversum maandag(1,59)
vuurwerk door(1,78)
de brievenbus(1,149)
een schutting(1,117)
tumult in(1,102)
man bij(1,156)
bij brand(1,154)
in staat(1,156)
staat van(1,156)
van verdediging(1,155)
complete oorlog(1,40)
oorlog in(1,156)
in strijd(1,156)
strijd tegen(1,156)
panden gekraakt(1,5)
met modder(1,138)
en met(1,156)
stenen in(1,59)
in haar(1,156)
haar handen(1,127)
handen staat(1,47)
staat een(1,156)
een meisje(1,156)
klaar om(1,137)
om zich(1,156)
zich te(1,156)
te storten(1,156)
storten in(1,155)
het strijdgewoel(1,101)
een kraakpand(1,24)
kraakpand aan(1,20)
de groenburgwal(1,19)
groenburgwal in(1,3)
amsterdam de(1,156)
actie had(1,94)
had een(1,156)
een tamelijk(1,156)
tamelijk rustig(1,130)
rustig verloop(1,104)
verloop voor(1,81)
bekend is(1,156)
is niemand(1,156)
niemand gewond(1,114)
gewond geraakt(1,112)
russen toch(1,47)
en ontruimd(1,85)
op beleid(1,34)
beleid van(1,156)
kopstukken in(1,78)
trekt aan(1,123)
aan menselijk(1,39)
moet op(1,156)
op woorden(1,137)
bestookt met(1,89)
honderden agenten(1,43)
groep mannen(1,104)
ontruimde pand(1,5)
in zaanstad(1,22)
omwille van(1,80)
van ziekenhuis(1,90)
houdt vast(1,136)
vast aan(1,156)
drie delen(1,61)
de wals(1,126)
in treebeek(1,73)
brandjes in(1,26)
gespannen sfeer(1,63)
arrestaties bij(1,10)
groningen om(1,146)
aken met(1,138)
betaald uit(1,141)
twee jaar(1,156)
mag nu(1,152)
nu worden(1,155)
worden ontruimd(1,150)
school moet(1,146)
op korte(1,150)
korte termijn(1,106)
lucky luyk(1,4)
water meer(1,151)
meer uit(1,156)
kachel aan(1,107)
aan in(1,156)
jongeren in(1,110)
het gevang(1,96)
een kamerdebat(1,49)
de verschrikkingen(1,138)
verschrikkingen van(1,125)
de leegstandswet(1,11)
en hoe(1,156)
hoe die(1,156)
avond in(1,156)
kraakpand de(1,9)
a'dam nog(1,15)
voor niets(1,156)
prijs omhoog(1,73)
woningbouw op(1,78)
op plaats(1,155)
ziekenhuis wordt(1,107)
wordt verbouwd(1,125)
van nederland(1,156)
onenigheid over(1,51)
het mysterie(1,113)
mysterie van(1,106)
van meneer(1,118)
klachten over(1,131)
politieoptreden bij(1,11)
het alfabet(1,80)
discussie in(1,156)
amsterdamse kraakbeweging(1,6)
notities van(1,84)
brand te(1,156)
te stichten(1,156)
voor geweldloze(1,16)
geweldloze blokkade(1,5)
gewelddadige wijze(1,142)
huis bij(1,156)
bij banken(1,96)
juichend in(1,57)
in conflict(1,134)
huis gekraakt(1,3)
gekraakt van(1,1)
thewis wits(1,13)
bij ontruimingen(1,4)
twee agenten(1,151)
agenten gewond(1,64)
gewond bij(1,119)
kraken het(1,9)
het vrije(1,156)
vrije volk(1,106)
keiharde muziek(1,21)
een tank(1,97)
tank kun(1,1)
kun je(1,125)
je niet(1,148)
niet wonen(1,108)
vermoedelijk aangestoken(1,22)
aangestoken brand(1,19)
brand in(1,156)
adviseert tot(1,99)
tot onderhandelingen(1,140)
amsterdam niet(1,155)
niet gediend(1,150)
gediend met(1,129)
rel om(1,37)
om luxe(1,73)
van buiten(1,156)
buiten naar(1,136)
koninginnedag werd(1,47)
muziekschool van(1,123)
klacht over(1,130)
amsterdam wil(1,136)
is een(1,156)
een manier(1,126)
van leven(1,156)
leven ik(1,128)
ben de(1,156)
kraakster van(1,1)
van hiernaast(1,86)
de slopershamer(1,44)
aaa de(1,154)
de gevolgen(1,156)
het geweten(1,156)
nijmeegse politie(1,40)
politie houdt(1,118)
goed in(1,156)
de gaten(1,149)
wordt toch(1,156)
toch wel(1,156)
wel betaald(1,106)
van bedden(1,149)
kost miljoen(1,17)
middags en(1,156)
weer stuk(1,48)
rozen en(1,153)
en lectuur(1,111)
lectuur voor(1,155)
station groningen(1,91)
met praten(1,119)
praten op(1,102)
kraken strafbaar(1,2)
parkeergarage onder(1,29)
onder plein(1,1)
plein 44(1,8)
spanning na(1,59)
losse stenen(1,42)
hoe kon(1,155)
dat nou(1,111)
nou doen(1,73)
helpt bij(1,97)
gaat door(1,155)
door ondanks(1,84)
rechten met(1,124)
overbodig van(1,19)
haag zaterdag(1,73)
kraakactie van(1,5)
lange mars(1,38)
nijmegen en(1,156)
en den(1,156)
burgers en(1,156)
bij dienst(1,77)
dienst herhuisvesting(1,24)
uitspraak tot(1,92)
tot ontruiming(1,147)
naar az(1,26)
volt van(1,59)
van dak(1,147)
schotwond in(1,106)
in ziekenhuis(1,108)
bij raad(1,64)
rekening met(1,156)
met jongeren(1,69)
de aanval(1,156)
wij vrezen(1,61)
vrezen het(1,55)
het ergste(1,156)
verantwoordelijk voor(1,156)
amsterdam bij(1,156)
impasse rond(1,20)
heerlen de(1,102)
eerste heerlense(1,25)
mei as(1,138)
as in(1,156)
in sporthal(1,31)
sporthal de(1,34)
de vijfde(1,156)
vijfde keer(1,64)
keer hun(1,83)
de lange(1,156)
aanvang 10.00(1,42)
10.00 uur(1,73)
uur de(1,156)
de deelnemende(1,135)
deelnemende verenigingen(1,55)
verenigingen zijn(1,56)
de holz(1,65)
schaesberg en(1,75)
de organiserende(1,60)
organiserende vereniging(1,56)
limburg heeft(1,155)
het kwalificatietoernooi(1,35)
kwalificatietoernooi voor(1,33)
onder 18(1,122)
18 jaar(1,156)
jaar ongeslagen(1,26)
afgesloten en(1,156)
en zich(1,156)
zich geplaatst(1,156)
geplaatst voor(1,156)
de voorrondes(1,42)
mei de(1,156)
de uitslagen(1,107)
limburg zeeland(1,68)
mei zal(1,156)
zal john(1,41)
john van(1,128)
borst een(1,133)
verzorgen in(1,84)
het multifunctioneel(1,17)
multifunctioneel centrum(1,19)
centrum te(1,134)
te hoensbroek(1,102)
hoensbroek de(1,76)
de aanvang(1,156)
aanvang van(1,156)
van deze(1,156)
is bepaald(1,156)
bepaald op(1,156)
19.00 uur(1,67)
uur ongeveer(1,133)
ongeveer zestig(1,150)
krijgen de(1,154)
de gelegenheid(1,156)
gelegenheid om(1,156)
om van(1,156)
borst te(1,154)
te verslaan(1,156)
of op(1,156)
op remise(1,85)
remise te(1,116)
te houden(1,156)
houden geen(1,129)
geen inschrijfgeld(1,49)
na drie(1,156)
het internationaal(1,144)
schaaktoernooi te(1,43)
te venray(1,132)
venray heeft(1,48)
het st(1,156)
uit hoensbroek(1,79)
hoensbroek op(1,72)
een eervolle(1,146)
eervolle tweede(1,65)
plaats beslag(1,70)
beslag gelegd(1,155)
gelegd terwijl(1,151)
terwijl het(1,156)
het gymnasium(1,155)
van rolduc(1,106)
het hoensbroekse(1,40)
kon bij(1,156)
de tweede(1,156)
district heerlen(1,56)
op 23(1,156)
23 mei(1,156)
aanstaande een(1,155)
een open(1,156)
in lokaal(1,143)
te voerendaal(1,95)
wordt gespeeld(1,141)
gespeeld onder(1,94)
de reglementen(1,156)
reglementen van(1,156)
inschrijven bij(1,126)
de heer(1,156)
van os(1,156)
37 heerlen(1,67)
heerlen tel(1,72)
tel 045(1,25)
de inschrijving(1,156)
inschrijving sluit(1,95)
sluit op(1,143)
aanstaande en(1,155)
en bedraagt(1,155)
bocholtz de(1,48)
open nederlandse(1,42)
nederlandse kampioenschappen(1,58)
worden op(1,156)
mei vanaf(1,75)
vanaf 20.00(1,45)
20.00 uur(1,69)
uur in(1,156)
in harmoniezaal(1,39)
harmoniezaal coerver(1,6)
coerver goebbels(1,2)
de dr(1,156)
dr nolensstraat(1,59)
gehouden dan(1,155)
dan komen(1,155)
de heren(1,126)
heren aan(1,58)
de start(1,111)
start terwijl(1,43)
terwijl de(1,156)
de tafels(1,156)
tafels vanaf(1,74)
vanaf 21.00(1,33)
21.00 uur(1,65)
vrijkomen voor(1,73)
voor dames(1,156)
dames de(1,156)
de organisatie(1,156)
organisatie is(1,151)
is in(1,156)
de koploper(1,48)
koploper uit(1,26)
de competitie(1,100)
competitie van(1,100)
nederlandse tafelvoetbalbond(1,14)
smidter boys(1,19)
het wordt(1,156)
we zijn(1,151)
zijn doodsbang(1,31)
verslaggever wim(1,28)
wim de(1,86)
aankloppen bij(1,92)
bij provincie(1,32)
in centrum(1,122)
snel gebroken(1,19)
weg van(1,156)
van redelijk(1,83)
redelijk overleg(1,74)
overleg nog(1,95)
nog open(1,156)
ik heb(1,156)
heb nu(1,147)
nu eenmaal(1,156)
eenmaal een(1,156)
een vooroordeel(1,151)
vooroordeel tegen(1,146)
niet vervolgd(1,144)
politie gebruikte(1,44)
de weer(1,156)
weer met(1,153)
knuppels en(1,112)
en pistolen(1,151)
politie stond(1,104)
stond op(1,156)
het punt(1,156)
punt te(1,156)
te schieten(1,156)
pal na(1,36)
na vertrek(1,131)
politie en(1,156)
den bosch(1,156)
bosch woensdag(1,53)
van yes(1,27)
van no(1,156)
jacht op(1,131)
speculanten en(1,132)
en justitie(1,156)
berlijn met(1,155)
felheid van(1,106)
van burgeroorlog(1,90)
geen studenten(1,83)
resultaat van(1,156)
van overleg(1,145)
als ondernemer(1,109)
volgens justitie(1,23)
justitie niet(1,153)
niet strafbaar(1,156)
koopt twee(1,9)
zo is(1,148)
in ieder(1,156)
ieder geval(1,156)
spullen uit(1,45)
komende dagen(1,101)
dagen nog(1,156)
zoekt contact(1,71)
contact met(1,118)
onderhandelingen over(1,156)
zijn stukgelopen(1,23)
lang in(1,156)
spoor van(1,156)
van vernieling(1,142)
zond op(1,92)
op bed(1,138)
bed uit(1,131)
nieuwe veste(1,14)
land aan(1,156)
weer een(1,156)
een ontruiming(1,79)
optreden nodig(1,11)
autonomie en(1,128)
en geweld(1,156)
vragen in(1,156)
bezetten dan(1,66)
dan slecht(1,127)
de baan(1,156)
jaar later(1,156)
in binnenstad(1,64)
binnenstad van(1,92)
van groningen(1,156)
groningen na(1,144)
zonder veel(1,156)
veel tumult(1,31)
trekt zich(1,153)
zich terug(1,156)
blijft waarschijnlijk(1,57)
gooien met(1,110)
parkeergarage in(1,31)
nijmegen nu(1,7)
nu op(1,156)
op andere(1,156)
andere plaats(1,156)
in bremen(1,140)
in duitse(1,96)
steden tegen(1,86)
geen geld(1,156)
komt terug(1,153)
terug op(1,156)
op beschuldiging(1,101)
lawaai in(1,100)
in nacht(1,141)
brandveiligheid van(1,26)
van kraakpanden(1,12)
laat veel(1,149)
veel te(1,156)
de rel(1,132)
zeer fors(1,43)
fors op(1,42)
zware gevechten(1,86)
keihard optreden(1,7)
optreden over(1,73)
over en(1,156)
van mevr(1,156)
te huur(1,156)
voor marga(1,14)
marga en(1,59)
en ben(1,156)
optocht in(1,116)
sowjet unie(1,71)
protesteert tegen(1,154)
omgetoverd tot(1,49)
manifestatie tegen(1,113)
en soldaat(1,139)
de kraak(1,74)
van eet(1,156)
in deventer(1,137)
leve de(1,156)
lach je(1,99)
je een(1,145)
vijf jongeren(1,25)
jongeren aangehouden(1,16)
waarom de(1,156)
de knokploeg(1,58)
geen strafbare(1,96)
strafbare feiten(1,122)
tribunaal in(1,55)
roep om(1,115)
om onderzoek(1,144)
onderzoek naar(1,156)
een bom(1,145)
bom met(1,115)
met paneermeel(1,57)
in kraag(1,23)
kraag gepakt(1,100)
ruzie over(1,104)
tegen gestemd(1,136)
vonhoff van(1,26)
groningen vrijdag(1,69)
niet tegen(1,156)
de zeef(1,112)
drie gewonden(1,119)
amsterdam vragen(1,108)
laurens meerten(1,12)
werk niet(1,156)
niet mee(1,152)
mee aan(1,122)
minnelijke schikking(1,155)
schilderijen uit(1,140)
dan giet(1,88)
giet it(1,95)
slooppanden in(1,7)
miljoen schade(1,37)
niet mals(1,60)
ongeregeldheden in(1,154)
dagelijks leven(1,93)
in kro(1,45)
in trek(1,150)
deken van(1,156)
van den(1,156)
den hoek(1,155)
agressie tegen(1,63)
advocaten aan(1,61)
de kaak(1,155)
kaak stellen(1,112)
de hondstraat(1,12)
demonstraties tegen(1,94)
weekeinde voor(1,54)
een aantal(1,156)
aantal duitse(1,60)
dreigt met(1,143)
met acties(1,45)
in kleine(1,156)
kleine kruisstraat(1,50)
voor 1981(1,22)
1981 lijkt(1,1)
lijkt het(1,120)
het ook(1,156)
gestolen in(1,112)
heropening van(1,156)
diverse ruiten(1,40)
in stad(1,155)
stad na(1,151)
koop van(1,156)
hotel hofman(1,36)
commandant favre(1,1)
schade na(1,46)
optreden van(1,155)
hoor en(1,152)
en wederhoor(1,115)
opgezadeld met(1,27)
in bijlmer(1,18)
onder druk(1,102)
druk van(1,156)
van cda(1,22)
en pvda(1,48)
pvda toch(1,32)
zes maanden(1,156)
maanden voor(1,156)
wat anderen(1,149)
anderen er(1,152)
van denken(1,155)
voorlopig ongemoeid(1,5)
van verf(1,140)
bom naar(1,95)
ingegooid bij(1,18)
weekeinde vol(1,19)
vol geweld(1,28)
in duitsland(1,85)
weer troef(1,28)
onder brief(1,17)
lid van(1,156)
van woede(1,156)
acte van(1,155)
van wraking(1,11)
motie van(1,156)
van wantrouwen(1,156)
wantrouwen tegen(1,151)
dode en(1,61)
slag om(1,129)
gronings model(1,3)
enig juiste(1,71)
het leek(1,118)
leek wel(1,114)
wel oorlog(1,42)
oorlog of(1,156)
of het(1,156)
het groningse(1,63)
groningen op(1,156)
de korrel(1,146)
door bart(1,77)
bart tammeling(1,7)
wij willen(1,156)
willen die(1,155)
de regering(1,156)
regering wat(1,77)
de oppositie(1,156)
opnemen in(1,156)
ook pvda(1,24)
pvda voor(1,45)
niet schuldig(1,156)
boete van(1,156)
de groene(1,156)
groene amsterdammer(1,101)
gestolen fietsen(1,77)
polak wil(1,17)
groot deel(1,156)
gemeenteraad zegt(1,11)
vertrouwen op(1,156)
in burgemeester(1,54)
voorjaar 1981(1,4)
provocatie van(1,100)
van vrede(1,156)
vrede naar(1,127)
naar oorlog(1,95)
tien mensen(1,57)
mensen dakloos(1,52)
een eerlijke(1,145)
bezorgd over(1,149)
utrecht donderdag(1,65)
politie uit(1,148)
uit met(1,156)
met rubberkogels(1,14)
rubberkogels en(1,12)
en braakgas(1,2)
diplomatieke status(1,48)
politie niet(1,153)
opzadelen met(1,22)
met gevolgen(1,62)
van falend(1,13)
waarom nog(1,131)
geen nieuwbouw(1,68)
en koude(1,156)
koude voeten(1,125)
voeten in(1,156)
in sint(1,109)
sint martinus(1,80)
martinus de(1,127)
verhuur van(1,146)
van leegstaande(1,63)
beperkt tot(1,156)
tot drie(1,156)
drie laar(1,67)
en diefstal(1,156)
drugs in(1,27)
in beijum(1,14)
in kader(1,97)
landelijke kraakdag(1,3)
reisbureau in(1,71)
steden door(1,153)
door rellen(1,13)
weg die(1,156)
die oude(1,156)
oude troep(1,17)
bloemen voor(1,153)
buurt wil(1,24)
niet iedereen(1,147)
staan achter(1,109)
ik laat(1,156)
laat me(1,132)
me niet(1,146)
veel eerder(1,154)
hotel door(1,135)
me twee(1,111)
geen antwoord(1,156)
onder protest(1,153)
protest door(1,134)
door kamer(1,90)
maar de(1,156)
bij veiling(1,120)
veiling van(1,156)
politiegeweld in(1,3)
golf van(1,156)
leegstandswet gaat(1,1)
gaat maar(1,153)
maar half(1,147)
in slaap(1,156)
pvda cpn(1,35)
kraker en(1,21)
en van(1,156)
wethouder nieuwenhuijse(1,1)
rond een(1,126)
een zaanse(1,39)
de verkeerde(1,156)
in zeist(1,96)
en speelruimte(1,28)
vreedzame demonstratie(1,39)
tegen optreden(1,72)
weer vrijgelaten(1,116)
rumoer rond(1,52)
notaris slis(1,2)
kraak in(1,63)
gevechten voor(1,79)
te zware(1,155)
naar ziekenhuis(1,106)
alsnog geslaagd(1,54)
heeft plannen(1,98)
plannen rond(1,79)
toch ook(1,156)
in vroegere(1,156)
drukkerij in(1,139)
in vlammen(1,153)
kranslegging bij(1,62)
gewone man(1,95)
bij spanje(1,76)
leeg is(1,115)
is belachelijk(1,123)
nieuwe kans(1,84)
beslist over(1,152)
wij werden(1,155)
werden mishandeld(1,114)
grote haast(1,61)
en sloeg(1,156)
rotterdam krijgt(1,73)
getroffen bij(1,117)
tribunaal over(1,13)
en gewelddadig(1,103)
lief en(1,156)
en leed(1,156)
ik zie(1,156)
zie het(1,156)
het zo(1,148)
een stroman(1,46)
regering komt(1,78)
kamer tegemoet(1,54)
betere regeling(1,154)
regeling voor(1,155)
voor tijdelijke(1,133)
in maastricht(1,143)
blij dat(1,137)
er geen(1,156)
geen doden(1,58)
doden zijn(1,62)
zijn gevallen(1,156)
met 3000(1,154)
wil open(1,26)
open gesprek(1,43)
massaal protest(1,46)
bivakmutsen en(1,19)
profiteurs van(1,47)
van andermans(1,108)
duiken op(1,93)
de huizenhandel(1,7)
de stadsoorlog(1,1)
een geweld(1,137)
roerige jaren(1,25)
jaren 60(1,60)
terug in(1,156)
in bondsrepubliek(1,18)
slechte naam(1,81)
keert zich(1,139)
zich tegen(1,156)
tegen banken(1,5)
flats aan(1,58)
er straks(1,125)
straks het(1,133)
het westberlijnse(1,42)
panden niet(1,70)
in gevaar(1,156)
gevaar brengen(1,156)
tegen luxe(1,49)
luxe appartementen(1,32)
van binnen(1,156)
duizenden op(1,143)
politie ging(1,114)
ging door(1,156)
door na(1,155)
abnormale situatie(1,32)
situatie in(1,99)
demonstreren in(1,52)
in uniform(1,156)
hannie schaft(1,42)
groots opgezet(1,59)
bij bureau(1,100)
lacht in(1,109)
in tegen(1,156)
zigeuners nu(1,3)
nu weer(1,153)
weer naar(1,154)
naar woensdrecht(1,13)
onwil van(1,153)
van eigenaar(1,153)
dreigt voor(1,108)
voor moeder(1,133)
moeder met(1,156)
met kind(1,155)
rectificatie van(1,146)
van geertsema(1,62)
ontvangt zijn(1,133)
zijn gasten(1,127)
bouwen op(1,155)
op zwart(1,149)
haag woensdag(1,69)
verslaggevers arnhem(1,30)
sint jozef(1,89)
geld voor(1,156)
het heilige(1,156)
bondsrepubliek en(1,46)
er en(1,156)
christelijke politiebond(1,16)
groep jongeren(1,73)
is meermalen(1,155)
meermalen aan(1,154)
aan gemeente(1,120)
gemeente aangeboden(1,105)
wisten van(1,123)
van niets(1,156)
radio en(1,75)
en televisie(1,65)
ter attentie(1,60)
de ether(1,82)
zeven keer(1,84)
volle winst(1,85)
top vijf(1,28)
wiegel in(1,27)
bij gebruik(1,142)
in toekomst(1,106)
toekomst wellicht(1,104)
wellicht nodig(1,29)
drukt zwaar(1,71)
zwaar op(1,156)
gewone politie(1,82)
politie laat(1,96)
karwei over(1,11)
over aan(1,156)
aan me(1,142)
provincie nog(1,147)
wachten is(1,156)
is op(1,156)
op verzoek(1,156)
eigenaar en(1,156)
te hebben(1,156)
hebben vernield(1,143)
en winkel(1,155)
onder water(1,156)
water in(1,156)
in arnhem(1,155)
eindigt in(1,137)
heer olivier(1,142)
in belgische(1,142)
actiegroep dodewaard(1,2)
prof mr(1,108)
is onbegrijpelijk(1,156)
nederland en(1,156)
en engeland(1,156)
engeland van(1,155)
van terreur(1,77)
rechtsstaat en(1,48)
de singel(1,151)
sleep in(1,65)
groningen voor(1,156)
voor eerstejaars(1,31)
nog voor(1,156)
de helft(1,156)
helft bezet(1,51)
mag maximaal(1,39)
jaar worden(1,156)
worden verhuurd(1,156)
geen tijd(1,156)
voor rellen(1,21)
zijn altijd(1,156)
altijd de(1,156)
de pineut(1,22)
ben oud(1,99)
oud en(1,156)
en heb(1,156)
heb geen(1,156)
geen zin(1,144)
zin meer(1,117)
meer in(1,156)
in rellen(1,9)
vroegere uitspraken(1,38)
brachten hem(1,125)
hem in(1,156)
opspraak door(1,25)
anderhalf jaar(1,156)
ziet af(1,119)
iedereen staat(1,52)
staat achter(1,122)
groepen jongeren(1,48)
vechten niet(1,93)
steden van(1,156)
aly knol(1,21)
geef ons(1,149)
20.000 gulden(1,100)
ze begrijpen(1,105)
de brutaliteit(1,138)
om dit(1,156)
woning te(1,156)
te noemen(1,156)
noemen van(1,156)
wilma van(1,43)
van meteren(1,100)
na een(1,156)
paar regels(1,144)
je uit(1,128)
de poppenkast(1,121)
hand gelopen(1,42)
vrije ruimte(1,113)
toch nog(1,156)
nog verloren(1,92)
afgang van(1,33)
eigen richting(1,122)
en 20(1,156)
20 jaar(1,156)
wie niet(1,156)
moet bij(1,156)
bij zijn(1,156)
zijn ouders(1,135)
ouders blijven(1,48)
blijven wonen(1,152)
wonen door(1,121)
door lex(1,50)
lex hendriks(1,7)
andere tekst(1,43)
gemiste kans(1,53)
raad besluit(1,111)
besluit tot(1,156)
tot bouw(1,124)
lust geen(1,73)
geen dictaten(1,2)
minlijn voor(1,2)
voor alle(1,156)
alle inkomensgroepen(1,26)
fel uit(1,95)
uit naar(1,156)
geslaagd om(1,156)
om acht(1,156)
acht uur(1,156)
uur gaan(1,114)
gaan we(1,135)
we naar(1,146)
het journaal(1,150)
kijken van(1,104)
verslaggever harry(1,23)
harry wubs(1,13)
soepel verlopen(1,23)
woede op(1,143)
op ruiten(1,49)
opstand tegen(1,156)
na overleg(1,152)
geef ze(1,124)
ze een(1,155)
een kans(1,135)
wethouder barmentloo(1,10)
gebouw met(1,156)
met bestemming(1,154)
strop voor(1,94)
nog blijven(1,153)
blijven door(1,156)
bij opening(1,155)
opening van(1,156)
het berenei(1,10)
johan van(1,156)
der keuken(1,130)
keuken met(1,156)
tv door(1,47)
in eksit(1,10)
hart onder(1,130)
de riem(1,151)
met bewijs(1,126)
de politiek(1,156)
politiek en(1,156)
me zijn(1,127)
zijn in(1,156)
de mand(1,156)
mand gevallen(1,81)
gevallen door(1,156)
door joop(1,69)
belangrijkste doel(1,62)
doel van(1,156)
massaal verzet(1,60)
ontslag na(1,70)
na kritiek(1,27)
college in(1,129)
lessen voor(1,155)
voor spd(1,38)
spd in(1,47)
in hessen(1,143)
oproep voor(1,97)
voor menselijke(1,57)
menselijke behandeling(1,28)
een tweekamerwoning(1,21)
kunnen wij(1,156)
wij niet(1,156)
niet leven(1,149)
toen zaten(1,89)
zaten we(1,112)
we zo(1,94)
zo te(1,152)
te trillen(1,119)
nu wonen(1,91)
wonen we(1,82)
we hier(1,148)
hier helemaal(1,55)
helemaal echt(1,45)
sloeg als(1,103)
als beesten(1,110)
beesten op(1,113)
op ons(1,156)
ons in(1,156)
joop wolff(1,41)
college over(1,111)
over christenen(1,19)
christenen en(1,156)
en communisme(1,87)
jos haagmans(1,16)
meer mensen(1,62)
mensen nodig(1,59)
de 21ste(1,135)
liep men(1,135)
kilometer per(1,121)
burgemeester in(1,155)
de provincie(1,156)
mislukte poging(1,155)
poging in(1,156)
gebouw te(1,156)
te einighausen(1,56)
buit bij(1,87)
in susteren(1,62)
6000 gulden(1,122)
hebben genoeg(1,138)
genoeg van(1,156)
beter beschermd(1,90)
beschermd tegen(1,135)
kraken in(1,47)
in bologna(1,95)
kandidaat voor(1,135)
eredoctoraat in(1,52)
de haalbaarheid(1,30)
haalbaarheid van(1,30)
veel verder(1,156)
de onbetaalbare(1,64)
haag vrijdag(1,66)
tegen verdachten(1,33)
verdachten van(1,108)
cpn wil(1,20)
progressieve samenwerking(1,23)
geen weg(1,147)
weg terug(1,154)
terug na(1,147)
het einde(1,156)
einde van(1,156)
de city(1,156)
mooie stad(1,104)
gaat de(1,156)
kamer ziet(1,94)
ziet geen(1,155)
geen problemen(1,78)
problemen meer(1,67)
meer acties(1,27)
het kraakt(1,83)
kraakt in(1,54)
gedragen zich(1,150)
zich zelf(1,156)
uit eerste(1,142)
eerste termijn(1,152)
termijn in(1,154)
kamer blijkt(1,98)
blijkt nog(1,155)
nog veel(1,156)
problemen rond(1,53)
onroerend goed(1,156)
failliet verklaard(1,145)
kerkgebouw in(1,132)
in tiel(1,112)
zijn aan(1,156)
houden als(1,156)
als monument(1,91)
politie maakt(1,101)
voorlopige balans(1,48)
balans op(1,137)
gemeenschap ongeveer(1,6)
ongeveer twee(1,156)
twee ton(1,147)
bemoeien zich(1,117)
zich nog(1,156)
gekraakte grand(1,2)
vervolg van(1,156)
van voorpagina(1,47)
met traangasgranaten(1,30)
kans voor(1,155)
de alternatieven(1,47)
te veel(1,156)
problemen voor(1,84)
doeve in(1,6)
afgeleid door(1,130)
perikelen rond(1,29)
maakt plannen(1,73)
gratis wonen(1,65)
pand om(1,47)
te voorkomen(1,156)
nieuwe huizen(1,155)
advocaat het(1,101)
het doet(1,156)
doet denken(1,156)
denken aan(1,156)
landen in(1,156)
voorlichtingsprojekt delinkwentie(1,8)
gevraagd de(1,156)
de telefoon(1,118)
telefoon staat(1,60)
staat niet(1,156)
niet stil(1,156)
nemen afscheid(1,91)
afscheid van(1,156)
wethouder wallage(1,8)
bij vechtpartijen(1,49)
vechtpartijen op(1,49)
op koninginnedag(1,103)
volledig door(1,98)
van schending(1,151)
ruzie tussen(1,57)
tussen gemeente(1,48)
gemeente en(1,156)
politie kwam(1,136)
kwam toch(1,131)
toch binnen(1,140)
zuid noord(1,73)
de rechter(1,136)
door fred(1,99)
fred soeteman(1,14)
hard aangepakt(1,77)
zijn levensgevaarlijk(1,62)
nodig voor(1,70)
kamer cda(1,15)
vvd willen(1,23)
nieuwbouw en(1,83)
en eigenaar(1,155)
rake klappen(1,78)
reden te(1,156)
te meer(1,156)
de jeugd(1,156)
deze week(1,156)
week weer(1,130)
weer geen(1,126)
geen den(1,136)
haag op(1,128)
op do(1,156)
wegens ziekte(1,156)
ziekte van(1,156)
van jan(1,156)
jan hensema(1,8)
of anti(1,78)
school aan(1,154)
van hoofdpijn(1,119)
geen last(1,155)
op vingers(1,16)
congres in(1,155)
in vrije(1,152)
vrije universiteit(1,137)
politieman kan(1,21)
angst niet(1,117)
niet binnen(1,156)
en niet(1,156)
niet buiten(1,156)
ontsnappen uit(1,96)
de gouden(1,156)
show van(1,80)
van werk(1,156)
werk in(1,156)
in uitvoering(1,156)
stof in(1,154)
de knel(1,114)
marcus plooijer(1,3)
maakt zich(1,156)
zich zorgen(1,77)
linkse meerderheid(1,40)
meerderheid zou(1,155)
ramp voor(1,155)
voor zaanstad(1,3)
zaanstad zijn(1,6)
ina brouwer(1,15)
brouwer cpn(1,9)
onze reactie(1,54)
voorbij de(1,156)
de botenmakersstraat(1,3)
radio stad(1,17)
de zaanse(1,61)
ontruiming de(1,22)
de cpn(1,58)
cpn en(1,52)
actie door(1,103)
henk hoekstra(1,43)
westberlijnse kraakbeweging(1,1)
doet iets(1,99)
berlijn van(1,155)
jaap de(1,88)
de bezorger(1,84)
nu ook(1,156)
luitenant kolonel(1,154)
mohr voorzitter(1,1)
dan gebeurt(1,124)
geloof je(1,116)
je zelf(1,121)
zelf niet(1,156)
duurde tot(1,156)
tot negen(1,156)
negen uur(1,156)
nadere bepalingen(1,117)
en leegstand(1,14)
milieuorganisaties in(1,11)
gas in(1,148)
van stookolie(1,78)
lof van(1,155)
van minister(1,156)
wiegel voor(1,18)
voor optreden(1,91)
ontslag van(1,156)
van burgemeester(1,156)
hervormde synode(1,75)
klaagt over(1,156)
op plaatselijk(1,82)
plaatselijk vlak(1,26)
blijft geen(1,130)
geen pijn(1,135)
pijn doen(1,110)
vlak bij(1,149)
bij koninklijke(1,152)
willen af(1,78)
aantal europese(1,51)
europese steden(1,49)
geteisterd door(1,148)
door geweld(1,156)
twee kraakpanden(1,3)
komt met(1,156)
duitse jongeren(1,44)
vragen met(1,155)
aandacht voor(1,140)
ziekenhuis in(1,133)
van ons(1,156)
ons land(1,156)
land in(1,156)
in van(1,156)
van gewest(1,122)
elseviers magazine(1,27)
demonstraties en(1,95)
en rellen(1,30)
raad wil(1,118)
wil in(1,156)
bouw meer(1,46)
meer woningen(1,99)
amsterdam huilt(1,6)
toont wat(1,107)
er mis(1,87)
mis is(1,133)
gevecht en(1,146)
en voor(1,156)
jongens vinden(1,53)
aandelen in(1,69)
in container(1,19)
11.000 voor(1,53)
terrorist in(1,18)
in gemeenteraad(1,55)
linton kwesi(1,7)
behoeft geen(1,156)
verkiezingen 81(1,1)
redactie jan(1,10)
jan bakker(1,146)
bakker en(1,156)
en wim(1,100)
wim bisschop(1,13)
met steun(1,107)
van premier(1,91)
agt voor(1,27)
een nationaal(1,156)
nationaal kabinet(1,70)
demonstratie op(1,138)
op 19(1,156)
19 september(1,156)
dodewaard worden(1,3)
we vertellen(1,87)
vertellen niet(1,89)
niet meer(1,156)
dan wettelijk(1,74)
wettelijk verplicht(1,98)
verplicht is(1,131)
wordt voor(1,156)
voor je(1,156)
gezorgd en(1,154)
en niemand(1,156)
niemand doet(1,84)
met warm(1,147)
warm en(1,156)
en koud(1,155)
koud stromend(1,52)
stromend water(1,62)
voor 24(1,156)
trekken er(1,138)
er profijt(1,90)
profijt van(1,129)
van bouwen(1,142)
buurt bij(1,117)
bij stadsvernieuwing(1,11)
stadsvernieuwing op(1,15)
de tocht(1,130)
wel of(1,156)
niet bouwen(1,104)
in oosterpoort(1,14)
gerenoveerde huizen(1,9)
de bisschop(1,156)
door frans(1,142)
nederlands geld(1,55)
geld naar(1,155)
naar amerika(1,156)
wij worden(1,156)
worden gediscrimineerd(1,31)
ons uiterlijk(1,73)
trappen van(1,156)
mooie muziek(1,101)
geluid van(1,156)
van hulp(1,156)
hulp bij(1,156)
rechercheurs in(1,102)
felle reacties(1,51)
reacties op(1,78)
te zoenen(1,102)
door louis(1,148)
weg naar(1,156)
het zuiden(1,156)
zuiden een(1,137)
een soort(1,156)
wonder door(1,45)
peter slavenburg(1,14)
is gewoon(1,151)
gewoon weer(1,67)
zonder pistool(1,4)
pistool de(1,56)
de straat(1,156)
straat op(1,156)
wie is(1,156)
is er(1,156)
er bang(1,116)
bang voor(1,153)
voor alt(1,128)
festival in(1,71)
op zicht(1,129)
zicht door(1,84)
opzicht door(1,116)
willen geen(1,153)
zijn van(1,156)
hand amsterdam(1,9)
officier van(1,156)
van justitie(1,156)
in politie(1,72)
zoek is(1,124)
regelrecht in(1,110)
een crisis(1,133)
wat is(1,156)
en toch(1,156)
toch normaal(1,40)
schutte een(1,20)
een nieuwe(1,156)
nieuwe doorbraak(1,48)
de wachter(1,152)
wachter sions(1,12)
geen coalitie(1,57)
regering politieke(1,9)
politieke toestand(1,149)
toestand na(1,140)
poging nog(1,72)
van spanje(1,156)
meningen van(1,61)
van kijkers(1,93)
kijkers over(1,32)
in monte(1,97)
monte carlo(1,116)
het beste(1,156)
nieuws is(1,156)
is allereerst(1,122)
onrust binnen(1,29)
en buiten(1,156)
raad van(1,156)
van nijmegen(1,156)
lens op(1,66)
psp in(1,35)
in diepste(1,97)
verrassend in(1,87)
maand lang(1,154)
stinken en(1,24)
berlijn op(1,155)
klacht bij(1,124)
advertentie van(1,156)
van hef(1,155)
cda van(1,21)
eerste met(1,156)
hand toenemende(1,94)
programma van(1,156)
jaar de(1,156)
de bagwhan(1,1)
praat niet(1,105)
met zijn(1,156)
zijn volgelingen(1,132)
amsterdamse toestanden(1,6)
misdaad en(1,156)
plan tegen(1,112)
leegstand is(1,20)
is geen(1,156)
van lege(1,75)
lege huizen(1,35)
huizen zullen(1,154)
zullen niet(1,156)
niet rustig(1,150)
meer slapen(1,83)
slapen door(1,78)
bij freek(1,6)
freek de(1,43)
de jonge(1,156)
groningen en(1,156)
en zaanstad(1,21)
steve miller(1,21)
vier jaar(1,155)
jaar wachten(1,108)
aantal kerncentrales(1,18)
kerncentrales is(1,20)
is wel(1,156)
wel gewenst(1,58)
van zigeuners(1,62)
plan van(1,156)
wethouder met(1,100)
met reserves(1,68)
is maar(1,156)
maar deels(1,63)
grote bevoegdheden(1,54)
circus van(1,136)
de tien(1,156)
opstand der(1,152)
the ex(1,28)
eigen beheer(1,155)
eigen dak(1,99)
op komst(1,118)
kapitaal met(1,154)
met 10(1,156)
democratie is(1,123)
is niet(1,156)
stuk goed(1,137)
agent met(1,132)
lekkage en(1,64)
en tocht(1,115)
nieuwe van(1,156)
van neil(1,43)
neil young(1,26)
van aemstel(1,152)
nieuwe kerk(1,156)
kerk door(1,155)
door hans(1,110)
hans werkman(1,24)
begin de(1,146)
de la(1,156)
leegstandswet wordt(1,1)
wordt ook(1,156)
ook een(1,156)
een anti(1,125)
nora salomons(1,13)
lid tweede(1,104)
kamer voor(1,156)
de pvda(1,50)
pvda te(1,46)
te amsterdam(1,156)
woorden en(1,156)
en werkelijkheid(1,134)
zwart wit(1,140)
jonker frits(1,1)
uit putten(1,121)
putten een(1,96)
ombudsman van(1,27)
alternatieve lijst(1,9)
gooit hoge(1,19)
hoge ogen(1,49)
verslaggeefster greetje(1,9)
greetje van(1,47)
der veen(1,156)
wonen alleen(1,46)
alleen of(1,156)
of met(1,156)
met z'n(1,107)
groningen de(1,156)
de wens(1,91)
wens van(1,86)
van driekwart(1,82)
promoveert op(1,21)
op proef(1,151)
proef schrift(1,66)
schrift over(1,88)
belastinggeld in(1,16)
in aparte(1,96)
vogel in(1,147)
misbruik van(1,156)
van subsidies(1,103)
de groep(1,156)
staatkundig gereformeerde(1,73)
gereformeerde partij(1,75)
de wal(1,156)
keert het(1,144)
het schip(1,156)
tejo willemsen(1,1)
midden limburg(1,77)
vroeger was(1,156)
was het(1,156)
gooien ze(1,88)
ze met(1,156)
beheersen de(1,59)
de zeedijk(1,135)
