van de(37,156)
in de(34,156)
van het(13,156)
van den(1,156)
in het(7,156)
aan de(12,156)
voor de(11,156)
op de(20,156)
de heer(1,156)
door de(6,156)
bij de(4,156)
van een(20,156)
op het(7,156)
met de(3,156)
in den(1,156)
voor het(1,156)
aan het(1,156)
den haag(6,156)
de eerste(2,156)
over de(1,156)
dat het(1,156)
in een(4,156)
meer dan(6,156)
niet meer(1,156)
zal worden(1,156)
en de(20,156)
bij het(5,156)
uit de(7,156)
te amsterdam(1,156)
op een(2,156)
voor een(3,156)
dat er(2,156)
nog niet(2,156)
is het(3,156)
naar de(4,156)
door het(1,156)
ik heb(1,156)
door een(1,156)
te geven(1,156)
een paar(2,156)
is een(1,156)
te huur(1,156)
niet alleen(2,156)
te gaan(1,156)
om de(5,156)
naar het(2,156)
de tweede(1,156)
te houden(1,156)
het is(1,156)
ons land(1,156)
van der(4,156)
te komen(1,156)
te hebben(1,156)
nog steeds(2,156)
onder de(2,156)
een groot(1,156)
de politie(9,156)
tegen de(6,156)
tweede kamer(4,156)
van dit(1,156)
vorig jaar(1,156)
feit dat(1,156)
ik ben(2,156)
van deze(1,156)
van onze(17,156)
is er(1,156)
een aantal(1,156)
de hand(3,156)
uit het(4,156)
het feit(1,156)
de nieuwe(3,156)
het aantal(1,156)
het leven(1,156)
jaar geleden(2,156)
na een(1,156)
de gemeente(2,156)
de vries(3,156)
het werk(1,156)
de zaak(2,156)
ook de(1,156)
na de(2,156)
per maand(1,156)
heeft de(1,156)
om te(2,156)
om het(1,156)
is de(2,156)
de nederlandse(2,156)
deze week(1,156)
deel van(4,156)
de stad(3,156)
in staat(1,156)
lid van(1,156)
de jong(2,156)
de regering(1,156)
van justitie(1,156)
per jaar(1,156)
een nieuwe(1,156)
er geen(1,156)
was het(1,156)
het begin(1,156)
op te(2,156)
is niet(1,156)
te krijgen(1,156)
onzer verslaggevers(12,94)
terug te(1,156)
nog geen(4,156)
er op(1,156)
van hun(1,156)
terwijl de(1,156)
niet in(3,156)
de wereld(1,156)
te zetten(2,156)
het huis(3,156)
uur in(1,156)
en het(4,156)
ieder geval(1,156)
het einde(1,156)
raad van(1,156)
met zijn(1,156)
dit is(2,156)
het schip(1,156)
als de(1,156)
het gebouw(1,156)
tegen het(2,156)
in handen(2,156)
waar de(2,156)
er in(1,156)
van ons(1,156)
plaats van(2,156)
bezoek aan(1,156)
toen de(1,156)
om zich(1,156)
wat er(2,156)
een deel(1,156)
de deur(1,156)
nu eenmaal(1,156)
het was(1,156)
groot deel(1,156)
het niet(1,156)
is in(1,156)
het recht(2,138)
langs de(1,156)
in haar(1,156)
het noorden(5,156)
korte termijn(1,106)
voor alle(1,156)
op vrijdag(1,156)
het bijzonder(1,156)
toch niet(2,156)
was de(1,156)
te voorkomen(1,156)
weg naar(1,156)
de provincie(1,156)
onze correspondent(2,156)
begin van(1,156)
na het(2,156)
op verzoek(1,156)
te veel(1,156)
toch wel(1,156)
officier van(1,156)
een onzer(12,156)
omdat de(1,156)
het beste(1,156)
de grote(4,98)
twee jaar(1,156)
ook een(1,156)
heeft het(2,156)
die de(1,156)
en met(1,156)
zes maanden(1,156)
te werken(1,156)
de gelegenheid(1,156)
samen met(1,127)
kun je(1,125)
het zuiden(1,156)
zich op(1,156)
loop van(1,156)
den bosch(1,156)
18 jaar(1,156)
achter de(2,156)
de helft(1,156)
die er(1,156)
de jonge(1,156)
hun eigen(1,156)
in plaats(2,156)
maar de(1,156)
van dijk(2,156)
op dat(1,156)
een soort(1,156)
te noemen(1,156)
bezit van(1,156)
niet op(1,156)
20.00 uur(1,69)
toch nog(1,156)
gelegen aan(1,156)
is geen(1,156)
de buurt(2,156)
zich te(1,156)
de openbare(1,156)
weer een(1,156)
zich zelf(1,156)
de richting(1,133)
mee te(1,151)
de drie(1,156)
overleg met(2,156)
19.00 uur(1,67)
in ieder(1,156)
de toestand(1,156)
de jeugd(1,156)
wegens ziekte(1,156)
de koning(1,156)
een jaar(2,156)
er wordt(2,156)
dicht bij(3,131)
vertegenwoordigers van(1,156)
in gebruik(2,156)
kunnen wij(1,156)
veel te(1,156)
weg te(1,156)
einde van(1,156)
kans op(2,156)
nog veel(1,156)
al die(1,156)
hopen dat(1,156)
werd in(1,156)
een heel(1,156)
onroerend goed(1,156)
optreden van(1,155)
strijd tegen(1,156)
tweede plaats(2,156)
weten te(1,156)
de waarheid(2,156)
de gevolgen(1,156)
op straat(1,156)
voor hun(2,156)
onderzoek naar(1,156)
in amsterdam(22,156)
de uitslag(1,156)
nu ook(1,156)
nederland en(1,156)
wij zijn(2,156)
het gaat(1,156)
ben je(2,142)
de weg(1,156)
de hoofdstad(1,156)
bekend is(1,156)
toestand van(1,156)
20 jaar(1,156)
weer in(3,156)
dat bij(1,156)
contact met(1,118)
de duitse(2,105)
de organisatie(1,156)
met elkaar(1,146)
nacht van(2,156)
in strijd(1,156)
de heren(1,126)
in eigen(3,156)
van nederland(1,156)
24 uur(2,149)
21.00 uur(1,65)
heerlen tel(1,72)
de la(1,156)
zich bij(1,156)
het vertrek(1,156)
de lange(1,156)
laten we(1,144)
geven van(1,156)
richting van(1,133)
van amsterdam(3,156)
de mensen(1,148)
op korte(1,150)
om in(1,156)
nu weer(1,153)
wij willen(1,156)
strijd met(1,156)
in afwachting(1,156)
handen van(2,156)
vier jaar(1,155)
positie van(1,156)
terwijl het(1,156)
verleden week(1,156)
gevolgen van(2,156)
is bepaald(1,156)
de amsterdamse(4,120)
half jaar(2,156)
bepaald op(1,156)
toch ook(1,156)
zich nog(1,156)
strijd om(2,155)
vlak bij(1,149)
der veen(1,156)
van plan(1,156)
opening van(1,156)
van verschillende(1,156)
had een(1,156)
is wel(1,156)
reeds een(1,156)
gelegenheid om(1,156)
er dan(2,156)
onder wie(1,146)
op do(1,156)
of niet(4,156)
nog in(1,156)
het ware(1,156)
acht uur(1,156)
de dag(1,156)
je moet(2,135)
in brand(2,156)
is op(1,156)
hem in(1,156)
binnen en(5,156)
de rechter(1,136)
openbaar ministerie(2,156)
vrije volk(1,106)
zich voor(1,156)
nooit meer(1,156)
vier maanden(1,156)
staat van(1,156)
onze verslaggever(8,119)
niet kan(1,156)
het feest(1,156)
achter het(2,156)
zes weken(1,156)
niet zonder(1,156)
niet uit(3,156)
de staking(1,156)
den hoek(1,155)
denken aan(1,156)
de pvda(1,50)
een meisje(1,156)
zonder meer(1,156)
de uitslagen(1,107)
is men(1,156)
voor dames(1,156)
naar binnen(3,156)
en toch(1,156)
de straat(1,156)
je niet(1,148)
via de(1,155)
wat is(1,156)
gaat om(1,156)
de politiek(1,156)
des heils(2,149)
of het(1,156)
gesprek met(1,156)
verzet tegen(2,156)
aanwezigheid van(1,156)
beeld van(1,156)
23 mei(1,156)
huis van(4,156)
10 mei(2,156)
in geslaagd(1,156)
om er(1,156)
weer naar(1,154)
de baan(1,156)
de telegraaf(6,156)
het pand(7,156)
vertrouwen in(4,156)
meer in(1,156)
negen uur(1,156)
de groep(1,156)
de straten(2,156)
bij zijn(1,156)
in gevaar(1,156)
vrees voor(2,156)
niet door(3,156)
en hoe(1,156)
er weer(1,149)
in groningen(27,156)
niet mee(1,152)
10.00 uur(1,73)
de loop(1,156)
steun van(3,156)
twee keer(2,132)
begonnen met(1,156)
van drie(1,156)
ik zie(1,156)
in duitsland(1,85)
kort geding(26,117)
geen geld(1,156)
resultaat van(1,156)
afwachting van(1,156)
vrije voeten(2,156)
om dit(1,156)
anderhalf jaar(1,156)
jaar later(1,156)
zich tegen(1,156)
uit amsterdam(1,156)
wij niet(1,156)
protest tegen(10,156)
onder water(1,156)
rond de(2,155)
het raam(1,156)
naar amerika(1,156)
weet niet(1,156)
ook deze(1,156)
het dak(2,156)
het punt(1,156)
de oppositie(1,156)
uitslag van(1,156)
zijn in(1,156)
de actie(2,155)
was voor(1,156)
mag ik(3,156)
monte carlo(1,116)
te vermijden(1,156)
te stichten(1,156)
ons uit(1,156)
leger des(3,135)
te versterken(1,156)
huis te(2,156)
niet met(2,156)
de aanwezigheid(1,156)
dat moment(1,115)
verdacht van(2,156)
voor zover(2,84)
doel van(1,156)
die naar(1,156)
personeel van(1,156)
de bijeenkomst(1,156)
komen en(1,156)
met geweld(2,156)
gas en(3,151)
de nacht(1,156)
te hopen(1,156)
verantwoordelijk voor(1,156)
vonnis van(1,156)
geen antwoord(1,156)
de vijfde(1,156)
veertig jaar(1,146)
discussie over(1,156)
deze manier(2,149)
het vrije(1,156)
herdenking van(2,151)
worden op(1,156)
we zijn(1,151)
te verdienen(1,156)
paar honderd(1,156)
toch een(1,156)
het st(1,156)
onderhandelingen over(1,156)
keuken met(1,156)
geen tijd(1,156)
onze parlementaire(3,142)
te schieten(1,156)
geeft een(1,156)
te verhinderen(1,156)
radio en(1,75)
aanvang van(1,156)
me niet(1,146)
het ergste(1,156)
failliet verklaard(1,145)
sowjet unie(1,71)
komen om(1,156)
een open(1,156)
het internationaal(1,144)
zelf niet(1,156)
klachten over(1,131)
nu in(2,156)
de inschrijving(1,156)
geen zin(1,144)
de competitie(1,100)
brand gestoken(2,156)
het nieuws(3,156)
het gymnasium(1,155)
en in(2,156)
te verliezen(2,156)
kan doen(1,156)
eens met(1,156)
is maar(1,156)
te veroveren(1,156)
vrije universiteit(1,137)
wachten op(2,156)
we hier(1,148)
behoeft geen(1,156)
stond op(1,156)
gaan we(1,135)
de gouden(1,156)
de start(1,111)
kritiek op(3,140)
bevestiging van(1,156)
beperkt tot(1,156)
beleid van(1,156)
om ons(1,156)
ruimte voor(2,156)
hoger beroep(6,64)
afscheid van(1,156)
personen werden(2,156)
te storten(1,156)
in utrecht(5,156)
de tafel(1,156)
parlementaire redactie(3,45)
op andere(1,156)
onder druk(1,102)
programma van(1,156)
bang voor(1,153)
leidt tot(2,156)
een beeld(1,156)
de foto(3,99)
deze keer(1,156)
einde aan(2,156)
situatie in(1,99)
op ons(1,156)
de aanval(1,156)
te hulp(1,156)
geld voor(1,156)
gisteren is(1,156)
een snelle(1,137)
wij het(1,156)
werk is(1,156)
van buiten(1,156)
niet nodig(3,82)
blij dat(1,137)
te meer(1,156)
leidde tot(2,154)
of op(1,156)
nieuwe kerk(1,156)
stad en(2,156)
de burgerij(1,156)
lidmaatschap van(1,156)
zo is(1,148)
motie van(1,156)
die dit(1,156)
zaak tegen(1,156)
in actie(3,120)
brand in(1,156)
oorlog in(1,156)
veiling van(1,156)
weg van(1,156)
overal in(1,156)
proces tegen(1,156)
werken aan(1,156)
plek waar(1,155)
er komt(1,156)
19 september(1,156)
blijft het(1,156)
de gaten(1,149)
tijd voor(2,156)
vele duizenden(1,156)
politie in(5,156)
komende dagen(1,101)
oud en(1,156)
de bisschop(1,156)
hebben gisteren(1,156)
nieuwe wet(2,156)
de jongeren(1,145)
op 10(2,156)
een kans(1,135)
hebben gevonden(1,156)
lijkt het(1,120)
op 25(1,156)
plan van(1,156)
25 februari(1,150)
de binnenstad(1,150)
de groene(1,156)
werk in(1,156)
we gaan(1,130)
wordt ook(1,156)
boete van(1,156)
zo nodig(1,67)
niet onder(1,156)
en weer(2,156)
laatste nieuws(2,134)
komt in(1,156)
manier van(3,156)
ze met(1,156)
op 23(1,156)
het duitse(1,95)
woning in(1,156)
druk van(1,156)
de wacht(1,156)
de tocht(1,130)
de jaarlijkse(1,96)
de achtergrond(1,136)
met 10(1,156)
is te(1,156)
begeleiding van(1,156)
voor vele(1,156)
actie tegen(2,151)
niet tegen(1,156)
niet weg(1,156)
de wens(1,91)
maatregelen tegen(1,156)
zwart wit(1,140)
groningen en(1,156)
de slag(2,156)
weten we(1,138)
het kort(2,156)
open brief(1,152)
die gisteren(1,156)
en buitenland(3,153)
in berlijn(4,156)
uitstel van(1,156)
binnen 24(2,156)
van spanje(1,156)
van agt(2,86)
te snijden(1,156)
in centrum(1,122)
ons in(1,156)
vries en(1,156)
ontslag van(1,156)
op 19(1,156)
dan op(1,156)
zoals die(1,78)
weer met(1,153)
en engeland(1,156)
wordt gespeeld(1,141)
het amsterdamse(1,114)
te verslaan(1,156)
misbruik van(1,156)
tweede keer(1,147)
na drie(1,156)
na overleg(1,152)
golf van(1,156)
uit naar(1,156)
woon en(2,156)
zonder veel(1,156)
doet denken(1,156)
ongeveer twee(1,156)
hebben geen(1,156)
het voormalige(1,156)
gebruikt om(1,156)
anderen die(1,156)
wie zich(1,156)
beslag gelegd(1,155)
politie en(1,156)
te weren(1,156)
beslissing over(1,156)
in maastricht(1,143)
woning te(1,156)
gaat de(1,156)
eigen beheer(1,155)
jacht op(1,131)
mei aanstaande(2,155)
zullen ze(2,154)
hoge raad(2,63)
op vrije(2,156)
kilometer per(1,121)
water in(1,156)
zijn ouders(1,135)
te vroeg(2,156)
aandacht voor(1,140)
werden gearresteerd(1,149)
mogen blijven(1,156)
redactie den(3,99)
verhuur van(1,146)
deelgenomen aan(1,155)
ontruiming van(11,156)
over enkele(1,150)
kantoren van(1,156)
de been(2,156)
de cpn(1,58)
geen last(1,155)
de keuken(2,156)
zijn gevallen(1,156)
een merkwaardig(1,156)
land in(1,156)
tot drie(1,156)
heer bommel(15,75)
besluit tot(1,156)
acte van(1,155)
heel andere(1,131)
waarom de(1,156)
dag in(1,156)
bijna een(1,156)
met bestemming(1,154)
een groepje(1,130)
stromend water(1,62)
spoor van(1,156)
een hoge(1,69)
niet of(1,156)
doen aan(1,156)
een bom(1,145)
het leek(1,118)
maakt zich(1,156)
van groningen(1,156)
voor niets(1,156)
plan voor(1,156)
minnelijke schikking(1,155)
het teken(1,77)
voor je(1,156)
staat een(1,156)
een nationaal(1,156)
de vroege(1,155)
zij aan(1,156)
veel schade(3,156)
leve de(1,156)
van mevr(1,156)
nieuwsblad van(5,149)
bedoeld als(1,127)
nu op(1,156)
wordt voor(1,156)
actie van(2,149)
wordt als(1,156)
van jan(1,156)
om acht(1,156)
ze een(1,155)
sloot zich(1,155)
in slaap(1,156)
waren ook(1,156)
protesteren tegen(1,115)
moest komen(1,156)
verplicht is(1,131)
regeling voor(1,155)
wens van(1,86)
terecht komen(1,127)
strafbare feiten(1,122)
een tamelijk(1,156)
gemeente groningen(3,148)
van die(1,156)
het ook(1,156)
en west(2,156)
de plek(1,156)
en niet(1,156)
de blauwe(1,129)
hulp bij(1,156)
heb geen(1,156)
gewond geraakt(1,112)
wil de(3,156)
straten van(1,156)
te leven(1,156)
ziekte van(1,156)
je een(1,145)
alleen als(1,156)
lief en(1,156)
de ontruiming(4,156)
staan op(1,156)
warm en(1,156)
tot steun(1,154)
verslaggevers amsterdam(6,45)
open huis(2,52)
voorwaarden voor(2,156)
keer in(1,155)
uit protest(2,88)
wie is(1,156)
nog voor(1,156)
in uniform(1,156)
en sloeg(1,156)
meer mensen(1,62)
de jongeman(2,116)
laat me(1,132)
wat wil(2,156)
de kant(1,155)
brand te(1,156)
van noord(2,156)
lang in(1,156)
in beeld(2,127)
het standbeeld(2,156)
of dit(1,156)
afkeer van(1,156)
volgende keer(1,135)
en onder(1,156)
echt niet(1,109)
in west(18,155)
veel verder(1,156)
vroeger was(1,156)
vreedzame oplossing(1,150)
maakt de(1,156)
van os(1,156)
vervolg van(1,156)
in opstand(2,156)
klaar om(1,137)
pand aan(1,147)
zijn aan(1,156)
nieuws uit(3,156)
worden verhuurd(1,156)
achtergrond van(1,139)
er iemand(1,156)
wel of(1,156)
bekend worden(1,156)
en buiten(1,156)
rekening met(1,156)
te wensen(2,83)
je zelf(1,121)
oorlog met(1,156)
haag en(1,156)
rechtbank in(1,129)
cda en(3,22)
bij mijn(2,156)
de kaak(1,155)
te hoensbroek(1,102)
graad van(1,156)
hadden een(1,156)
en veel(2,156)
sociale dienst(2,59)
in studie(2,143)
en niemand(1,156)
volle winst(1,85)
arrestaties verricht(1,79)
niet iedereen(1,147)
protesteert tegen(1,154)
in vlammen(1,153)
steden van(1,156)
geluid van(1,156)
vertrouwen op(1,156)
zelf wel(1,153)
heel europa(1,133)
van burgemeester(1,156)
met z'n(1,107)
niet bewezen(2,156)
landen in(1,156)
te slepen(1,156)
uit twee(1,156)
jaar door(1,156)
haar handen(1,127)
amsterdam zaterdag(3,124)
gevaar brengen(1,156)
ziekenhuis in(1,133)
meer uit(1,156)
zware gevechten(1,86)
duizenden mensen(1,62)
mee aan(1,122)
politieke toestand(1,149)
te gast(2,137)
de open(2,156)
eenmaal een(1,156)
van wantrouwen(1,156)
met nieuwe(2,156)
kandidaat voor(1,135)
politiek en(1,156)
zich terug(1,156)
blij met(2,106)
terug op(1,156)
het doet(1,156)
wil er(1,156)
wacht op(1,156)
in grote(3,78)
in a'dam(2,71)
avond in(1,156)
het zelf(1,156)
er zo(1,117)
johan van(1,156)
het westduitse(1,49)
morgen van(2,156)
neemt het(1,156)
jongeman die(1,102)
aaa de(1,154)
te ontruimen(2,156)
standbeeld van(1,156)
dan komen(1,155)
door burgemeester(1,156)
de prinsengracht(1,155)
deken van(1,156)
werd gelegd(1,156)
het wegdek(1,76)
amsterdam woensdag(2,150)
vandaag in(2,117)
tienduizenden guldens(1,98)
uitspraak in(3,156)
er van(2,156)
veel eerder(1,154)
de vuist(2,156)
terug in(1,156)
vast aan(1,156)
assistentie van(1,153)
vergadering met(1,156)
een eerlijke(1,145)
op proef(1,151)
met wat(1,156)
mei as(1,138)
schade door(1,156)
en zich(1,156)
ruim 60(1,156)
en bloemen(1,156)
luitenant kolonel(1,154)
de verkeerde(1,156)
dan geen(1,156)
de woonkrant(1,22)
niet stil(1,156)
ik laat(1,156)
in staking(1,99)
andere plaats(1,156)
te knappen(2,121)
bakker en(1,156)
winkels en(1,156)
weg staan(1,156)
de vervolging(1,156)
in arnhem(1,155)
heropening van(1,156)
de kamerleden(1,132)
komt met(1,156)
eigen hand(2,156)
bezorgd over(1,149)
amsterdam dinsdag(2,122)
met 50(1,156)
en koud(1,155)
meer terug(1,153)
klaagt over(1,156)
wensen over(2,66)
de deelnemende(1,135)
amsterdam bij(1,156)
twee agenten(1,151)
nadat een(1,156)
voor jongeren(1,111)
dagelijks leven(1,93)
met stenen(3,62)
gesprek tussen(1,58)
praten met(2,123)
op kosten(2,156)
van geweld(2,156)
leek wel(1,114)
betere regeling(1,154)
de inzet(1,154)
met geld(1,156)
te protesteren(1,123)
een eervolle(1,146)
amsterdamse rechtbank(1,63)
gesprek over(1,154)
kwam niet(1,156)
felle kritiek(1,80)
op komst(1,118)
het heilige(1,156)
wie niet(1,156)
de groningse(1,67)
akkoord met(1,73)
de wal(1,156)
in beieren(1,130)
mislukte poging(1,155)
klaar voor(2,136)
de demonstranten(1,90)
dan 500(1,156)
school aan(1,154)
de cel(1,153)
blijven tot(1,156)
laten zich(1,156)
afbraak van(1,156)
cor van(3,91)
werden aangehouden(1,139)
in trek(1,150)
blijven wonen(1,152)
straat op(1,156)
op los(1,143)
de acties(1,91)
en televisie(1,65)
en water(1,156)
van woede(1,156)
geen vergunning(1,133)
opstand tegen(1,156)
een crisis(1,133)
langen leste(1,127)
van aemstel(1,152)
als protest(1,133)
de oren(1,114)
huur per(1,144)
mensen hebben(1,63)
grote kerkstraat(2,51)
week weer(1,130)
haag vrijdag(1,66)
staat niet(1,156)
haag woensdag(1,69)
het mysterie(1,113)
van donderdag(1,156)
afgelopen vrijdag(1,45)
lang zal(1,156)
woorden en(1,156)
van minister(1,156)
geen problemen(1,78)
die verleden(1,155)
de reglementen(1,156)
in paniek(1,100)
drie meter(1,122)
de tien(1,156)
veel bekijks(1,116)
wachten is(1,156)
gewone man(1,95)
slag om(1,129)
geen vertrouwen(1,156)
geen goed(1,156)
kamer voor(1,156)
en 20(1,156)
februari 1941(1,58)
weg die(1,156)
ook steeds(1,156)
zullen niet(1,156)
als bemiddelaar(2,155)
verslaggevers groningen(3,36)
zoekt contact(1,71)
enige honderden(1,91)
open dag(1,38)
gemeente en(1,156)
in kleine(1,156)
in opspraak(2,132)
gisteren de(1,156)
in nijmegen(22,133)
niet binnen(1,156)
klacht over(1,130)
actie in(3,138)
terwyl de(1,154)
gevaar oplevert(1,131)
boos op(3,142)
gevechten in(2,151)
hoe kon(1,155)
doen wij(1,156)
gaan er(1,156)
wantrouwen tegen(1,151)
zijn volgelingen(1,132)
echter toch(1,145)
af van(4,156)
dit pand(1,155)
gezin te(1,156)
met steun(1,107)
met kind(1,155)
het zo(1,148)
flinke jongens(2,121)
waarschuwt tegen(2,150)
werk niet(1,156)
amsterdam maandag(2,153)
de hoofdredacteur(2,150)
st martinus(2,106)
in beroep(4,149)
studenten en(1,156)
aanslag in(1,156)
groene amsterdammer(1,101)
zaak op(1,156)
van honderd(1,156)
politie op(1,156)
vervolging van(1,156)
gisteren met(1,156)
politie was(1,155)
nodig voor(1,70)
nederlandse kampioenschappen(1,58)
ongeveer zestig(1,150)
duurde tot(1,156)
dat nou(1,111)
groot feest(1,156)
onze verslaggeefster(2,50)
twee ton(1,147)
helmut schmidt(1,32)
het geweten(1,156)
haag zaterdag(1,73)
en leed(1,156)
in verzet(4,154)
rake klappen(1,78)
onder begeleiding(1,156)
op handen(2,156)
loopt het(1,156)
in vroegere(1,156)
snelle en(1,156)
is gewoon(1,151)
bij opening(1,155)
niet strafbaar(1,156)
of met(1,156)
enig juiste(1,71)
niet buiten(1,156)
als advocaat(1,156)
luxe appartementen(1,32)
blijft bij(1,156)
en wim(1,100)
binnen vier(1,156)
de grot(2,151)
het blijft(2,156)
onrust in(2,156)
goed in(1,156)
de mand(1,156)
en licht(2,156)
problemen rond(1,53)
ging echter(1,155)
van 26(1,156)
niet gediend(1,150)
wat op(1,156)
op koninginnedag(1,103)
geteisterd door(1,148)
burgers en(1,156)
en peter(2,145)
kans voor(1,155)
reacties op(1,78)
protestantse kerken(1,60)
weer vrijgelaten(1,116)
de nieuwbouw(1,87)
van nijmegen(1,156)
in hoger(5,63)
geef ons(1,149)
organisatie is(1,151)
trekt zich(1,153)
niet schuldig(1,156)
we naar(1,146)
op zicht(1,129)
hun huis(1,156)
tot negen(1,156)
20.000 gulden(1,100)
is meer(2,156)
zal ze(1,156)
geleden op(1,156)
willemstad de(1,113)
maar kort(1,152)
huis uit(1,156)
van premier(1,91)
geen water(3,155)
door te(1,156)
politie een(2,155)
woensdagavond in(1,123)
keert zich(1,139)
politie van(2,156)
land aan(1,156)
de brievenbus(1,149)
premier van(2,129)
nico scheepmaker(2,32)
acties tegen(3,80)
de spd(1,55)
dit mogelijk(1,156)
organiserende vereniging(1,56)
geplaatst voor(1,156)
en tegen(2,156)
zover bekend(2,61)
in zeist(1,96)
we wilden(1,118)
vanaf 20.00(1,45)
die oude(1,156)
reden te(1,156)
weg terug(1,154)
raad te(1,156)
leven niet(1,156)
nog dagelijks(1,156)
hervormde synode(1,75)
geleden bij(1,156)
roep om(1,115)
zich inmiddels(1,156)
van vrede(1,156)
brachten hem(1,125)
communisten in(1,80)
zelf op(2,156)
er straks(1,125)
jeugd in(2,156)
onder protest(1,153)
geen maatregelen(1,141)
omwille van(1,80)
en personeel(1,153)
hoe die(1,156)
zijn altijd(1,156)
mobiele eenheid(5,38)
in roermond(1,107)
dat bijna(1,156)
organiseert op(2,86)
hevig verzet(1,121)
openbare weg(1,133)
door jan(5,156)
een manier(1,126)
politie kwam(1,136)
nijmegen en(1,156)
de illegale(1,75)
weken voor(1,156)
koud stromend(1,52)
inzetten van(1,156)
genoeg van(1,156)
van hef(1,155)
zwichten voor(2,150)
congres in(1,155)
giet it(1,95)
je reinste(1,94)
de verschrikkingen(1,138)
een predikant(1,155)
van oude(3,156)
het waterlooplein(1,133)
inmiddels ook(1,156)
in amstelveen(1,73)
willen niet(2,156)
maakten een(1,156)
meer bij(1,156)
gevaarlijke situaties(1,73)
dagen nog(1,156)
goede morgen(2,85)
de terreur(1,102)
verwijderen van(1,155)
mr geertsema(2,120)
iets doen(3,151)
en vvd(2,49)
in conflict(1,134)
zaten we(1,112)
jaar worden(1,156)
worden ontruimd(1,150)
optimistisch over(2,91)
door hans(1,110)
de knel(1,114)
wat natuurlijk(1,132)
gebouw te(1,156)
autoriteiten te(2,156)
de zender(1,86)
te venray(1,132)
hopen op(1,156)
het ongelijk(1,156)
ontstond toen(1,126)
met zachte(1,141)
geef ze(1,124)
van heel(1,156)
gaan bezighouden(1,106)
de afbraak(1,156)
hoge ogen(1,49)
uit vijf(1,156)
nieuws over(2,137)
zin meer(1,117)
zonder incidenten(1,103)
aandelen in(1,69)
geslaagd om(1,156)
december vorig(1,69)
rustig verloop(1,104)
woning binnen(1,152)
tien weken(1,155)
dinsdag op(1,127)
henk hoekstra(1,43)
luxe appartement(1,30)
de organiserende(1,60)
voeten van(1,156)
maand lang(1,154)
achteruit gaat(1,138)
het groningse(1,63)
onze verslaggevers(1,60)
de betogers(1,61)
komt terug(1,153)
veld ruimen(1,120)
de veertien(1,156)
afgeven van(1,156)
in lokaal(1,143)
zijn gasten(1,127)
zich geplaatst(1,156)
gaat door(1,155)
verschrikkingen van(1,125)
vonnis in(2,156)
gebouwen in(1,156)
bezet houden(1,152)
nadere bepalingen(1,117)
hand gelopen(1,42)
heb nu(1,147)
ruiten van(2,147)
en voor(1,156)
worden verbouwd(1,138)
sfeer in(1,83)
door henk(7,76)
nederlaag voor(2,156)
in kort(4,156)
demonstratie tegen(3,152)
is niemand(1,156)
bij verrassing(1,156)
drie delen(1,61)
is onbegrijpelijk(1,156)
iets leuks(1,72)
ziet geen(1,155)
de aanvang(1,156)
geding tegen(11,136)
beschermd tegen(1,135)
geen pijn(1,135)
mysterie van(1,106)
jongeren in(1,110)
ruzie tussen(1,57)
in aken(2,126)
goed woord(1,147)
nieuwe huizen(1,155)
het verwijderen(1,149)
nieuwe burgemeester(1,129)
en koude(1,156)
punt te(1,156)
elseviers magazine(1,27)
men begonnen(1,156)
lessen voor(1,155)
zware strijd(1,111)
straat gezet(1,127)
profijt van(1,129)
spoedig verwacht(1,140)
vast in(1,156)
st truiden(10,84)
in deventer(1,137)
togen de(1,155)
voor eventuele(1,78)
jos van(2,108)
door geweld(1,156)
weg zijn(1,156)
west berlijn(29,47)
show van(1,80)
hotel in(2,156)
beroep bij(1,153)
ter attentie(1,60)
wettelijk verplicht(1,98)
wegens huisvredebreuk(1,95)
kransen en(1,148)
omgebouwd tot(1,82)
competitie van(1,100)
door herman(1,131)
de krakers(16,38)
nu echt(2,92)
altijd binnen(1,121)
jullie hebben(1,90)
lectuur voor(1,155)
utrechtse rechtbank(1,55)
opstand der(1,152)
werd zondag(1,138)
donderdag op(1,156)
mogen er(1,156)
minister wiegel(2,8)
joop wolff(1,41)
boos over(2,135)
op beschuldiging(1,101)
paar regels(1,144)
altijd de(1,156)
gaat maar(1,153)
van binnen(1,156)
koude voeten(1,125)
tot ontruiming(1,147)
schadevergoeding voor(2,156)
ramp voor(1,155)
voorbij de(1,156)
gebouw zal(1,156)
het tumult(1,144)
slag met(2,156)
restanten van(1,144)
beroep tegen(4,145)
de ether(1,82)
leegstaande woningen(2,76)
geen namen(1,134)
zich zorgen(1,77)
mei zal(1,156)
houden als(1,156)
solidair met(1,105)
eerste termijn(1,152)
staatkundig gereformeerde(1,73)
hoofdstad is(1,156)
gebouw met(1,156)
ruiten ingegooid(2,102)
trappen van(1,156)
oplevert voor(1,155)
mensen werden(1,62)
politie er(1,142)
nijmegen is(3,155)
met warm(1,147)
de geruchtmakende(1,130)
optocht met(1,126)
moet maar(2,156)
door louis(1,148)
huize st(2,80)
deelnemende verenigingen(1,55)
politie hield(1,115)
ging door(1,156)
banden van(1,156)
gebouwen die(1,155)
nieuwbouw en(1,83)
rozen en(1,153)
is gisterochtend(1,115)
niemand gewond(1,114)
moet bij(1,156)
afgesloten en(1,156)
zie het(1,156)
werd gelaten(1,152)
houdt vast(1,136)
sport in(59,111)
wilhelmina fonds(1,55)
wat anderen(1,149)
we zo(1,94)
agressie tegen(1,63)
zijn advocaat(1,138)
en den(1,156)
inschrijven bij(1,126)
politie niet(1,153)
maanden voor(1,156)
uit hoensbroek(1,79)
sint jozef(1,89)
hard op(3,137)
500 personen(1,155)
groots opgezet(1,59)
groninger rechtbank(4,84)
gelegd door(1,156)
tegen vijf(1,156)
huur van(1,156)
op bed(1,138)
tegen vier(1,156)
geloof je(1,116)
de city(1,156)
veel problemen(2,67)
de poel(5,155)
beslist over(1,152)
is klaar(2,149)
christenen en(1,156)
storten in(1,155)
6000 gulden(1,122)
zwaar op(1,156)
socialisten in(2,128)
tel 045(1,25)
heer olivier(1,142)
blijkt nog(1,155)
nationaal kabinet(1,70)
bank in(2,156)
gegroeid tot(1,94)
mag nu(1,152)
koffie met(1,127)
voeten in(1,156)
eigenaar en(1,156)
in uitvoering(1,156)
zich weinig(1,156)
de 21ste(1,135)
gast in(1,139)
gemeente als(2,155)
willen geen(1,153)
gerard bakker(1,36)
hebben gistermiddag(1,102)
dan gebeurt(1,124)
geweld aan(1,156)
enthousiasme voor(1,109)
sluit op(1,143)
niet akkoord(1,59)
de brutaliteit(1,138)
voor verhuur(1,89)
pand in(2,155)
limburg heeft(1,155)
ruzie over(1,104)
wordt toch(1,156)
te blokkeren(1,88)
zeven keer(1,84)
een schutting(1,117)
de wachter(1,152)
mogelijk maakten(1,125)
van eigenaar(1,153)
maar half(1,147)
geweld in(2,156)
politiebureau in(2,116)
blijk te(1,155)
bouwen op(1,155)
krijgt geen(2,126)
is behalve(1,156)
verzet in(2,144)
oproep voor(1,97)
bijzonder de(1,156)
met dodelijke(4,62)
de wanhoop(1,156)
van bree(1,155)
vier woningen(1,152)
mensen nodig(1,59)
we wachten(1,108)
moeder met(1,156)
mees en(1,155)
vrouw naar(2,156)
stelt aan(1,155)
dienst herhuisvesting(1,24)
vijfde keer(1,64)
tien mensen(1,57)
in discussie(1,156)
inschrijving sluit(1,95)
gevallen door(1,156)
op tv(2,104)
herman wigbold(1,35)
huiselijke gezelligheid(1,88)
in cijfers(55,156)
100 man(2,155)
zoek is(1,124)
noord zuid(2,108)
ongeregeldheden in(1,154)
onwil van(1,153)
wolk van(1,143)
woningen op(1,154)
van werken(2,156)
een ton(1,155)
te trillen(1,119)
jan bakker(1,146)
bekend werden(1,155)
helpt bij(1,97)
democratie is(1,123)
hotel willems(2,83)
te voerendaal(1,95)
gescheiden van(1,156)
staan achter(1,109)
oorlog of(1,156)
ten langen(1,137)
as in(1,156)
treffen met(1,146)
in wageningen(3,105)
kaak stellen(1,112)
groep jongeren(1,73)
vonnis tegen(1,154)
vooroordeel tegen(1,146)
wel gewenst(1,58)
recht in(2,133)
gemeente nijmegen(2,140)
reglementen van(1,156)
groningen op(1,156)
gebouw op(1,156)
oorlog door(2,156)
rare sprongen(1,85)
binnenstad van(1,92)
groningen voor(1,156)
steun uit(1,115)
worden nog(1,156)
beeld is(1,155)
ina brouwer(1,15)
van gewest(1,122)
voor tijdelijke(1,133)
appartement in(1,71)
du moulin(2,129)
schilderijen uit(1,140)
landelijke actie(1,83)
o.a bij(1,109)
we altijd(1,110)
westland utrecht(1,25)
de korrel(1,146)
tot na(1,156)
37 heerlen(1,67)
de stadsvernieuwing(1,26)
staat achter(1,122)
geen wijken(1,105)
die snel(1,134)
geweerd worden(1,153)
en winkel(1,155)
drie gewonden(1,119)
weg uit(1,155)
rond een(1,126)
john van(1,128)
panden aan(2,134)
afbraak te(1,150)
hannie schaft(1,42)
guldens schade(1,97)
aanvang 10.00(1,42)
bne akiwa(1,40)
opnemen in(1,156)
bouwen voor(2,150)
gewond bij(1,119)
door peter(2,127)
college in(1,129)
in neurenberg(2,106)
een tank(1,97)
midden limburg(1,77)
ware beter(1,149)
tijdelijk onderdak(1,89)
maken er(1,156)
jaar tegen(2,156)
een spandoek(1,64)
gemiste kans(1,53)
nog open(1,156)
nieuwe luxe(1,86)
binnen gasthuis(2,116)
cpn en(1,52)
oneens met(1,118)
werden verdreven(1,130)
straat in(1,156)
in bolsward(2,105)
demonstraties tegen(1,94)
school moet(1,146)
amsterdamse grachten(1,52)
gemakkelijk op(1,156)
gewelddadige wijze(1,142)
van wethouder(2,142)
leven door(1,156)
misdaad en(1,156)
lof van(1,155)
hun ongenoegen(1,82)
politie zich(1,153)
ongenoegen over(1,103)
verrassing door(1,109)
van grote(1,86)
beroep voor(1,151)
pijn doen(1,110)
duitse bezetters(1,54)
van rolduc(1,106)
de telefoon(1,118)
klacht bij(1,124)
huizen op(1,156)
niet afwijzend(1,82)
slaags met(3,127)
verbouwd tot(1,99)
stof in(1,154)
in sporthal(1,31)
onenigheid over(1,51)
en cees(1,76)
sporthal de(1,34)
van subsidies(1,103)
de westberlijnse(1,44)
twee panden(2,120)
en pvda(1,48)
de wielingen(6,109)
is allereerst(1,122)
week tijdens(1,78)
klacht wegens(1,111)
vrije ruimte(1,113)
ook werden(1,156)
man bij(1,156)
voor onszelf(1,98)
betere bescherming(2,116)
noemen van(1,156)
nederlands geld(1,55)
terreur en(1,79)
discussie in(1,156)
gespannen sfeer(1,63)
door jos(2,137)
me in(2,156)
bloemen voor(1,153)
kunstenaars in(2,151)
het gelijk(1,156)
wordt verbouwd(1,125)
demonstratie op(1,138)
haalt het(1,147)
btj het(1,131)
de koploper(1,48)
van cda(1,22)
bossche hof(1,62)
de bezorger(1,84)
werd gegooid(1,105)
hoge graad(1,53)
ruimen voor(1,147)
goedkope woningen(1,52)
slechte naam(1,81)
van meneer(1,118)
demonstraties en(1,95)
balans op(1,137)
met traangas(3,64)
alleen of(1,156)
meerderheid zou(1,155)
kwam toch(1,131)
de zaanse(1,61)
herdoopt in(1,111)
groningen met(1,156)
de aanmaak(5,131)
maanden cel(2,37)
het journaal(1,150)
en wederhoor(1,115)
hielden hun(1,115)
met modder(1,138)
weg bij(2,156)
van terreur(1,77)
mensen dakloos(1,52)
dreigt met(1,143)
door leo(2,120)
eindigt in(1,137)
politie houdt(1,118)
gestolen fietsen(1,77)
wanhoop en(1,151)
dicht in(1,125)
freek de(1,43)
adviseert tot(1,99)
marten toonder(5,46)
vanaf 21.00(1,33)
zwart geld(2,43)
de poppenkast(1,121)
de vondelstraat(1,128)
er hun(1,156)
debat met(3,132)
bereiden zich(1,146)
belendende percelen(1,63)
verrichtte de(1,118)
roepen op(1,155)
politie uit(1,148)
zachte hand(1,117)
demonstraties in(2,94)
centrum te(1,134)
kraag gepakt(1,100)
leo derksen(2,29)
door frans(1,142)
st gerlach(1,79)
raad op(1,156)
festival in(1,71)
toch door(1,156)
door fred(1,99)
doden zijn(1,62)
dan uitsluitend(2,138)
gelegd terwijl(1,151)
feest bij(1,156)
wij vrezen(1,61)
vogel in(1,147)
200 mensen(1,54)
in hessen(1,143)
tamelijk rustig(1,130)
zonder stroom(1,80)
hart onder(1,130)
geld naar(1,155)
neil young(1,26)
mr paulussen(1,72)
haalbaarheid van(1,30)
weg terecht(1,93)
gedragen zich(1,150)
vrijspraak voor(1,117)
in monte(1,97)
de zeedijk(1,135)
te zware(1,155)
de riem(1,151)
behalve als(1,138)
vrijblijvend gesprek(1,33)
voor 200(1,156)
gereformeerde partij(1,75)
van joden(1,134)
zijn verhuisd(1,136)
niet vervolgd(1,144)
de februaristaking(1,51)
procedure tegen(1,122)
de restanten(1,130)
remise te(1,116)
op voorwaarden(1,155)
zonder geweld(1,141)
raad besluit(1,111)
met 3000(1,154)
kamer bij(2,155)
mis is(1,133)
advertentie van(1,156)
liep uit(1,126)
is belachelijk(1,123)
jaren 60(1,60)
europese steden(1,49)
wordt spoedig(1,155)
bestookt met(1,89)
politie ging(1,114)
opzij zetten(1,81)
mille per(1,118)
huis door(2,156)
van verdediging(1,155)
het kwalificatietoernooi(1,35)
hebben vernield(1,143)
mooie muziek(1,101)
en diefstal(1,156)
op instorten(1,97)
zo mag(3,68)
kerk door(1,155)
van andermans(1,108)
de haalbaarheid(1,30)
eigen beleid(1,82)
met verf(1,122)
bij koninklijke(1,152)
het strijdgewoel(1,101)
bij veiling(1,120)
schotwond in(1,106)
is meermalen(1,155)
groep mannen(1,104)
en bedraagt(1,155)
sint martinus(1,80)
leeg is(1,115)
en geweld(1,156)
als ondernemer(1,109)
en justitie(1,156)
bij brand(1,154)
geen weg(1,147)
zat achter(1,105)
ook bedoeld(1,121)
toekomst wellicht(1,104)
in debat(2,128)
met gebak(1,85)
verschillende groeperingen(1,54)
praat niet(1,105)
ig metall(1,31)
woede op(1,143)
naar hotel(1,113)
voor verbouwing(2,108)
harde aanpak(1,31)
moeten binnen(1,154)
problemen voor(1,84)
kerkstraat 27(1,79)
aantal europese(1,51)
steeds intensiever(1,79)
niet rustig(1,150)
er tegenaan(2,83)
bed uit(1,131)
en ben(1,156)
meningen van(1,61)
door harry(2,86)
doet op(1,156)
omgetoverd tot(1,49)
grote haast(1,61)
bondsrepubliek en(1,46)
tientallen gewonden(2,61)
water niet(1,156)
vele tonnen(1,96)
in tiel(1,112)
afgeleid door(1,130)
utrecht donderdag(1,65)
foto te(1,93)
het alfabet(1,80)
ze leven(1,117)
ach tergrond(1,67)
felle reacties(1,51)
dr nolensstraat(1,59)
hotel hofman(1,36)
de oproerpolitie(1,34)
wim de(1,86)
noemden de(1,137)
het lege(1,123)
demonstratie voor(1,121)
perikelen rond(1,29)
het gevang(1,96)
groepen jongeren(1,48)
escalatie van(1,31)
kraken van(2,117)
strop voor(1,94)
beschutting van(1,136)
heeft plannen(1,98)
amsterdam in(2,156)
mooie stad(1,104)
opgezadeld met(1,27)
burgemeester polak(1,10)
mishandeling door(2,122)
over andere(2,156)
de lufthansa(1,61)
voor 60(1,156)
pand op(2,135)
houten schotten(1,83)
het opkomende(1,139)
en nieuwbouw(3,80)
doof voor(1,155)
perry sport(2,17)
loopt uit(2,135)
luxe flats(2,43)
arnhemse politie(1,44)
verslaggevers arnhem(1,30)
twee banken(1,142)
leven liet(1,138)
door joop(1,69)
krijgen geen(1,122)
uiteindelijk is(1,66)
duitse steden(3,60)
belangrijkste doel(1,62)
moeten weg(2,113)
snel achteruit(1,90)
hard aangepakt(1,77)
gewoon weer(1,67)
rellen in(14,34)
werden mishandeld(1,114)
terug na(1,147)
van vijandschap(1,152)
gemeenten kunnen(2,144)
de barricade(1,111)
middags en(1,156)
forse nederlaag(2,39)
moet op(1,156)
ingezet tegen(1,82)
gooien met(1,110)
water halen(1,120)
van je(1,156)
louis du(2,79)
en invaliden(1,106)
voor moeder(1,133)
kunnen gemakkelijk(1,140)
de heerestraat(1,130)
multifunctioneel centrum(1,19)
geen nieuwbouw(1,68)
sprongen in(1,136)
regering doet(1,86)
tot onderhandelingen(1,140)
te zoenen(1,102)
60 mille(1,109)
door george(1,134)
bewoners hadden(1,127)
straks het(1,133)
politie trad(2,102)
diplomatieke status(1,48)
steeds vast(1,149)
geen doden(1,58)
de afkeer(1,153)
de snede(2,149)
aankloppen bij(1,92)
drie panden(1,97)
uit putten(1,121)
van vernieling(1,142)
oud strijders(2,65)
stuk goed(1,137)
huizen voor(1,154)
panden die(1,140)
onderdak in(1,95)
geen inschrijfgeld(1,49)
bemoeien zich(1,117)
plannen rond(1,79)
geding aan(1,66)
een vooroordeel(1,151)
werden verdacht(1,104)
thewis wits(1,13)
anp op(1,52)
lach je(1,99)
pvda cpn(1,35)
de wals(1,126)
eigen richting(1,122)
redelijk overleg(1,74)
vervolging en(1,156)
grote manifestatie(1,46)
in pand(2,144)
bommel en(13,151)
nieuwe kans(1,84)
bij aanvaarding(1,110)
correspondent nijmegen(1,46)
helmen en(1,120)
weer geen(1,126)
tegen gestemd(1,136)
regelrecht in(1,110)
prof mr(1,108)
rumoer rond(1,52)
keert het(1,144)
bij banken(1,96)
toenemende neiging(2,81)
nieuws is(1,156)
knuppels en(1,112)
in beijum(1,14)
eervolle tweede(1,65)
bijna op(1,156)
eis voor(1,84)
de dokwerker(3,49)
de legale(1,98)
stan huygens(2,28)
christelijke politiebond(1,16)
cel in(2,117)
rijk moet(1,145)
in sint(1,109)
een anti(1,125)
haag op(1,128)
duitse jeugd(2,58)
rectificatie van(1,146)
enkele ruiten(1,92)
feest georganiseerd(1,95)
jonas daniel(1,68)
en communisme(1,87)
hoor en(1,152)
borst te(1,154)
beter beschermd(1,90)
bij gebruik(1,142)
er bang(1,116)
den uyls(1,26)
het zuiderplein(1,101)
linkse meerderheid(1,40)
van tante(1,136)
van overleg(1,145)
geen vrijbrief(2,82)
in zaanstad(1,22)
door nico(2,82)
falend beleid(2,28)
harry wubs(1,13)
in susteren(1,62)
conflict rond(1,41)
wilma van(1,43)
en pistolen(1,151)
ze begrijpen(1,105)
traangas en(1,62)
termijn in(1,154)
politie verrichtte(1,61)
bekijkt de(1,98)
de herestraat(1,45)
felheid van(1,106)
vragen met(1,155)
alsnog geslaagd(1,54)
zender van(1,87)
berlijn in(1,155)
zijn echt(1,140)
snelle actie(1,68)
geen strafbare(1,96)
gezorgd en(1,154)
verdreven uit(1,110)
laat veel(1,149)
massaal verzet(1,60)
nemen afscheid(1,91)
duizenden amsterdammers(1,69)
milde straf(1,69)
een afstandje(1,79)
in aparte(1,96)
manifestatie tegen(1,113)
mand gevallen(1,81)
in schinveld(1,54)
in bologna(1,95)
tot zondag(1,155)
nieuwe vergadering(1,148)
uur ongeveer(1,133)
meer woningen(1,99)
fel uit(1,95)
jaarlijkse herdenking(1,47)
nijmeegse politie(1,40)
van schending(1,151)
betoging tegen(3,48)
wilden dat(1,156)
wachten af(1,99)
sloop van(2,78)
niet mals(1,60)
in treebeek(1,73)
voorlopige balans(1,48)
hotel baulig(1,27)
flats aan(1,58)
boete voor(3,154)
anderen er(1,152)
brede steun(1,27)
kwalificatietoernooi voor(1,33)
gaat is(1,153)
open gesprek(1,43)
actie door(1,103)
hier helemaal(1,55)
beter bij(2,150)
hard in(1,125)
water voor(2,156)
proef schrift(1,66)
rechter zou(1,120)
huizen zullen(1,154)
verwacht van(1,156)
pand van(6,154)
trekken in(1,156)
beter tegen(1,140)
betaald uit(1,141)
de slopershamer(1,44)
kranslegging bij(1,62)
weekeinde voor(1,54)
onszelf te(1,89)
met praten(1,119)
massaal protest(1,46)
na vertrek(1,131)
tweede grote(1,61)
cel en(2,124)
maar durven(2,111)
dode en(1,61)
met getrokken(1,141)
eredoctoraat in(1,52)
autonomie en(1,128)
van lidmaatschap(1,155)
niet bezig(1,153)
als beesten(1,110)
tafels vanaf(1,74)
en sympathisanten(2,39)
raad wil(1,118)
groningen om(1,146)
amsterdam die(1,156)
provocatie van(1,100)
plaats beslag(1,70)
verenigingen zijn(1,56)
naar ziekenhuis(1,106)
marisca milikowski(2,10)
volledig door(1,98)
gemeente mag(1,131)
mr overdiep(4,31)
krijgen tot(1,140)
henk de(4,78)
ontsnappen uit(1,96)
gediend met(1,129)
trekken er(1,138)
en gedegen(1,84)
hilversum maandag(1,59)
het jonas(1,116)
jaar wachten(1,108)
water meer(1,151)
aantal duitse(1,60)
open nederlandse(1,42)
vermijden door(1,127)
politie maakt(1,101)
uitsluitend een(2,140)
in bremen(1,140)
gooien ze(1,88)
door cees(2,57)
tijdelijk naar(1,140)
toch binnen(1,140)
meermalen aan(1,154)
afgang van(1,33)
de varenbeuk(2,28)
de tafels(1,156)
de voorrondes(1,42)
politie stond(1,104)
de rel(1,132)
gekraakte pand(1,21)
prijs omhoog(1,73)
niemand onder(1,147)
gewonden bij(2,125)
sfeer rond(2,55)
smidter boys(1,19)
amsterdam wenst(1,53)
sweelinck conservatorium(2,18)
voorlopig blijven(1,51)
stadhuis in(1,149)
groningen dinsdag(1,78)
van traangas(1,62)
van speculanten(1,137)
ziet af(1,119)
justitie niet(1,153)
waarom nog(1,131)
we vertellen(1,87)
voor spd(1,38)
tilburgse politie(1,38)
vragen in(1,156)
tien gewonden(1,84)
gekraakte panden(1,20)
na kort(1,149)
op pietermaai(1,99)
muziekschool van(1,123)
woningnood en(2,80)
dan giet(1,88)
actie bij(3,103)
pand voor(2,124)
verslaggever wim(1,28)
op brede(1,59)
progressieve samenwerking(1,23)
rechercheurs in(1,102)
van stookolie(1,78)
een kraakpand(1,24)
wij werden(1,155)
college over(1,111)
amsterdam was(1,156)
voormalige hotel(1,80)
stapte er(1,109)
flats te(1,60)
jan hensema(1,8)
met paneermeel(1,57)
kleine kruisstraat(1,50)
groningen donderdag(1,83)
limburg zeeland(1,68)
vierduizend man(2,80)
kant geen(1,137)
voor menselijke(1,57)
in russisch(1,130)
van meteren(1,100)
amsterdammers in(1,114)
grote bevoegdheden(1,54)
er profijt(1,90)
spullen uit(1,45)
door lex(1,50)
hans werkman(1,24)
schoten met(4,151)
het westberlijnse(1,42)
dergelijke gevaarlijke(1,67)
ze bedoelen(2,76)
op remise(1,85)
tot enige(1,90)
die gebouwen(1,154)
past beter(2,71)
fred soeteman(1,14)
nog overal(1,134)
zeer fors(1,43)
jaap de(1,88)
problemen meer(1,67)
drukt zwaar(1,71)
worden gediscrimineerd(1,31)
henk schaaf(2,22)
de invallen(1,151)
politie weet(1,102)
bloemen gelegd(1,68)
zich dinsdag(1,121)
gemeente eist(1,86)
opgeroepen naar(1,124)
college geen(1,96)
brief op(1,154)
stapt op(1,92)
consulaat en(1,140)
barricades op(1,77)
en ontruimd(1,85)
iemand door(1,154)
van hiernaast(1,86)
en schilden(1,121)
groningen vrijdag(1,69)
steve miller(1,21)
als monument(1,91)
verwijderd met(1,120)
niet afgeven(1,126)
speculanten en(1,132)
het berenei(1,10)
notities van(1,84)
werden ontruimd(1,83)
acties werden(1,70)
lid tweede(1,104)
hand toenemende(1,94)
station groningen(1,91)
verslaggevers nijmegen(2,27)
de holz(1,65)
concessie in(1,138)
lawaai in(1,100)
jan eijkelboom(2,20)
poging in(1,156)
aanstaande een(1,155)
dreigt voor(1,108)
der borst(2,115)
vreedzame demonstratie(1,39)
drugs in(1,27)
verdachten van(1,108)
eigen dak(1,99)
vroeger geen(1,151)
gaat dicht(1,67)
een waterkanon(1,46)
lange mars(1,38)
en heb(1,156)
tumult in(1,102)
getrokken pistool(1,37)
radio stad(1,17)
situaties te(1,74)
gratis wonen(1,65)
schade in(1,156)
barricaden op(1,67)
circus van(1,136)
een kamerdebat(1,49)
actie had(1,94)
betogingen in(1,53)
verslaggever harry(1,23)
ziekenhuis wordt(1,107)
te einighausen(1,56)
het gekraakte(1,24)
regering komt(1,78)
forse klappen(2,28)
onder dreiging(1,54)
zich honderden(1,116)
en lectuur(1,111)
begin maar(1,122)
straatgevechten in(2,57)
vuist in(1,115)
straten op(1,151)
en gewelddadig(1,103)
met acties(1,45)
van hoofdpijn(1,119)
westduitse steden(2,39)
hebben genoeg(1,138)
politie tijdens(2,85)
agenten gewond(1,64)
het kraakt(1,83)
toont wat(1,107)
amsterdam vragen(1,108)
groningse politie(2,44)
doen tegen(2,156)
maak ook(1,87)
bij rellen(2,28)
voorwaardelijke boete(1,38)
de alternatieven(1,47)
carnaval is(2,84)
van neil(1,43)
aly knol(1,21)
weken cel(1,29)
mag maximaal(1,39)
kerkgebouw in(1,132)
in vrije(1,152)
zonder gas(1,85)
district heerlen(1,56)
voormalig hotel(2,62)
krakers die(1,25)
cees koring(3,19)
panden van(1,152)
bouwen woning(1,77)
arnhem vrijdag(2,45)
kritiek in(1,122)
woningbouw voor(1,87)
dak op(1,148)
niemand doet(1,84)
laurens meerten(1,12)
trekt aan(1,123)
jan beijert(2,17)
door bart(1,77)
verbouwing tot(1,96)
toestand na(1,140)
jos haagmans(1,16)
van kijkers(1,93)
weinig gelegen(1,117)
het hoensbroekse(1,40)
enkele ervan(1,89)
en anti(1,123)
in diepste(1,97)
toen zaten(1,89)
tribunaal in(1,55)
helemaal echt(1,45)
pal na(1,36)
springt uit(1,99)
de knokploeg(1,58)
mogen nog(2,139)
krakers en(18,23)
joden door(1,122)
gekraakt en(2,84)
beroep vrijgesproken(1,57)
maand uitstel(1,71)
duitse jongeren(1,44)
losse stenen(1,42)
bemiddelt in(1,30)
liep men(1,135)
polak van(1,131)
van eet(1,156)
dertig maanden(2,71)
vrijkomen voor(1,73)
kamervragen over(2,26)
huis bij(1,156)
wijken weten(1,65)
gerestaureerd pand(1,25)
zuid noord(1,73)
politieagenten gewond(1,39)
gespeeld onder(1,94)
en zaanstad(1,21)
praten op(1,102)
ook ruimte(1,97)
schaaktoernooi te(1,43)
provincie nog(1,147)
is doorbroken(1,62)
spd in(1,47)
de zeef(1,112)
aantal kerncentrales(1,18)
george taylor(1,17)
woningbouw op(1,78)
wethouder barmentloo(1,10)
een onrustig(1,108)
vijf steden(1,76)
drukkerij in(1,139)
foto een(1,91)
voor 1981(1,22)
dan slecht(1,127)
gehouden dan(1,155)
doet iets(1,99)
geding over(2,87)
het onrustig(1,117)
hun ramen(1,94)
rellen rond(2,23)
tot protesten(1,83)
politie treedt(3,67)
met helmen(1,70)
parkeergarage onder(1,29)
gewone politie(1,82)
polak in(2,116)
roerige jaren(1,25)
bom naar(1,95)
meer slapen(1,83)
met jongeren(1,69)
omkomen van(1,119)
feest ging(1,75)
rukt de(1,121)
voor alt(1,128)
en werkelijkheid(1,134)
amsterdam over(1,156)
lex hendriks(1,7)
1980 was(2,16)
kachel aan(1,107)
hevige rellen(3,17)
steden door(1,153)
veel gewonden(1,81)
soepel verlopen(1,23)
de winkelende(1,67)
ongeregeldheden bij(3,97)
een stroman(1,46)
ben oud(1,99)
lijkt onvermijdelijk(1,35)
kapitaal met(1,154)
gekraakt pand(7,14)
nora salomons(1,13)
in delfshaven(1,68)
rotterdam krijgt(1,73)
wim bisschop(1,13)
geladen in(1,151)
oude rkz(3,13)
hele binnenstad(1,36)
geschorst in(1,134)
volgens justitie(1,23)
duiken op(1,93)
opzicht door(1,116)
beesten op(1,113)
brouwer cpn(1,9)
opzadelen met(1,22)
krakers van(10,26)
was best(1,106)
een kraker(2,28)
tot bouw(1,124)
vvd willen(1,23)
geen advocaat(1,108)
incident ontstond(1,43)
klem tussen(1,46)
wel betaald(1,106)
bosch woensdag(1,53)
met traangasgranaten(1,30)
gemeente aangeboden(1,105)
wethouder wallage(1,8)
slaan er(1,121)
spektakel in(1,64)
sneuvelden in(1,80)
grimmige sfeer(2,17)
even blijven(1,84)
laatste elf(1,110)
kopstukken in(1,78)
ernstige rellen(1,21)
vroegere uitspraken(1,38)
optocht in(1,116)
nijmegen donderdag(2,46)
jan knol(1,38)
in binnenstad(1,64)
door tom(5,61)
het multifunctioneel(1,17)
en boete(2,155)
binnen gegooid(1,38)
nijmegen tegen(1,122)
pand verlaten(1,46)
fors op(1,42)
man politie(2,84)
leuks voor(1,37)
groep krakers(1,16)
alle inkomensgroepen(1,26)
aken met(1,138)
protest door(1,134)
maakt plannen(1,73)
abnormale situatie(1,32)
groningen na(1,144)
berlijn met(1,155)
uit huis(3,152)
vechten niet(1,93)
de kraakactie(1,21)
hun tijdelijk(1,107)
kraakpand aan(1,20)
van perry(1,81)
angst niet(1,117)
top vijf(1,28)
spanning om(1,88)
schaesberg en(1,75)
onrust rond(2,31)
onrust binnen(1,29)
diverse ruiten(1,40)
nijmegen dinsdag(1,43)
psp in(1,35)
tom hendriks(5,13)
ons uiterlijk(1,73)
drie laar(1,67)
maakt rare(1,36)
de pineut(1,22)
op plaatselijk(1,82)
voorlichtingsprojekt delinkwentie(1,8)
krakers in(22,25)
geen coalitie(1,57)
geen telefoon(1,89)
nieuwe doorbraak(1,48)
dan wettelijk(1,74)
opkomende fascisme(1,22)
verslaggeefster greetje(1,9)
van voorpagina(1,47)
nu wonen(1,91)
hoofdstad weer(1,82)
bij vechtpartijen(1,49)
berlijn op(1,155)
politie binnen(1,96)
lege huizen(1,35)
impasse rond(1,20)
politie mag(1,90)
er mis(1,87)
de leegstandswet(1,11)
westduitse consulaat(1,18)
parkeergarage in(1,31)
jim postma(2,9)
grote wetering(13,5)
op aswoensdag(1,32)
dokwerker op(1,34)
jongens vinden(1,53)
moment niemand(1,53)
peter slavenburg(1,14)
plaatselijk vlak(1,26)
miljoen schade(1,37)
nou doen(1,73)
marga en(1,59)
vermoedelijk aangestoken(1,22)
tijdelijke verhuur(3,14)
promoveert op(1,21)
massaal achter(1,22)
of anti(1,78)
profiteurs van(1,47)
wonen we(1,82)
gewelddadige ontruiming(1,11)
oude politiebureau(4,26)
rechtsstaat en(1,48)
moeten eruit(1,46)
krakers uit(7,21)
geding van(1,125)
honderden agenten(1,43)
politie gebruikte(1,44)
een westberlijnse(1,35)
eerste heerlense(1,25)
twee groninger(1,47)
de onbetaalbare(1,64)
voor geweld(2,142)
je lang(1,101)
barricade op(1,50)
lagere straffen(1,28)
rassendiscriminatie en(1,40)
frits diderich(1,11)
demonstreren in(1,52)
moesten het(1,156)
tanks door(1,57)
van ontruiming(1,102)
waarnemers bij(2,52)
verzorgen in(1,84)
bom met(1,115)
veel tumult(1,31)
bij twee(1,156)
langdurige leegstand(2,12)
door karei(1,50)
linton kwesi(1,7)
schrift over(1,88)
van leegstaande(1,63)
met verontrusting(2,51)
kraakpand in(8,22)
het osl(2,11)
gedegen aanpak(1,15)
dodewaard gaat(1,4)
tussen gemeente(1,48)
voor eerstejaars(1,31)
kraak in(1,63)
kraakt in(1,54)
geen enthousiasme(1,63)
helft bezet(1,51)
met bewijs(1,126)
cpn wil(1,20)
wachter sions(1,12)
nederlandse tafelvoetbalbond(1,14)
gooit hoge(1,19)
bezetten dan(1,66)
in houthem(1,56)
bepleit voor(1,84)
kamer blijkt(1,98)
reisbureau in(1,71)
groningen koopt(3,34)
wiegel in(1,27)
nijmeegse binnenstad(2,12)
tegen krakers(18,13)
tussen krakers(2,11)
over noord(2,106)
gezelligheid troef(1,15)
venray heeft(1,48)
keiharde muziek(1,21)
politie laat(1,96)
overleg nog(1,95)
meer acties(1,27)
vereniging uit(1,53)
het eveneens(1,151)
zijn stukgelopen(1,23)
met meterkast(1,18)
bewoners werd(1,103)
aangestoken brand(1,19)
van driekwart(1,82)
werden via(1,78)
huurder wordt(1,63)
de woonomstandigheden(1,26)
amsterdamse krakers(2,8)
beleid aan(1,125)
opspraak door(1,25)
ruiten bij(1,89)
demonstreren bij(1,33)
zijn doodsbang(1,31)
weinig verzet(1,62)
leiden zonder(1,112)
complete oorlog(1,40)
een ontruiming(1,79)
de kraak(1,74)
in eksit(1,10)
amsterdamse kraakbeweging(1,6)
aan menselijke(1,49)
vol geweld(1,28)
bart tammeling(1,7)
blijft waarschijnlijk(1,57)
mei vanaf(1,75)
koninginnedag werd(1,47)
lust geen(1,73)
lekkage en(1,64)
kamer ziet(1,94)
kamer tegemoet(1,54)
je uit(1,128)
behuizing voor(2,91)
menselijke behandeling(1,28)
greetje van(1,47)
politie geeft(1,79)
alleen gesteund(1,55)
zijn levensgevaarlijk(1,62)
buit bij(1,87)
leegstand is(1,20)
cel voor(2,85)
de mari(3,99)
onlusten tussen(1,23)
geding niet(2,86)
verbouwing te(1,101)
er woensdagavond(1,75)
verslaggever ben(2,24)
heerestraat te(1,81)
groninger rechtbankpresident(1,10)
toch normaal(1,40)
met rubberkogels(1,14)
kransen bij(1,55)
rechter slepen(1,15)
tot rellen(2,24)
troef op(1,60)
vijf jongeren(1,25)
naar woensdrecht(1,13)
een tweekamerwoning(1,21)
ontruimd door(1,80)
groninger herestraat(1,7)
ambassade om(1,57)
vuurwerk door(1,78)
door marisca(2,8)
meter rond(1,39)
jan diederen(1,16)
ton schade(2,47)
voorjaar 1981(1,4)
noord amsterdam(1,43)
bouwvakkers op(1,28)
onze reactie(1,54)
mag de(1,156)
me twee(1,111)
en speelruimte(1,28)
rubberkogels en(1,12)
alternatieve lijst(1,9)
ongelijk van(1,132)
koploper uit(1,26)
door krakers(1,19)
snel gebroken(1,19)
krakers zijn(2,18)
geboeid afgevoerd(1,11)
legale bewoners(1,3)
geweldloze blokkade(1,5)
vechtpartijen op(1,49)
beheersen de(1,59)
vrijwillig vertrek(1,22)
ontruiming in(6,72)
raadsman in(1,105)
uit woningen(2,124)
voor ontruiming(2,65)
intensiever met(1,38)
van verf(1,140)
van zigeuners(1,62)
in bijlmer(1,18)
dinsdagavond uit(1,75)
door marten(5,60)
vonhoff van(1,26)
gisterochtend na(1,33)
lucky luyk(1,4)
ben hietbrink(2,6)
bivakmutsen en(1,19)
weer troef(1,28)
start terwijl(1,43)
kraakpanden in(2,14)
bij behandeling(2,136)
juichend in(1,57)
voor woongroep(1,10)
barricades van(1,48)
heerlen organiseert(2,22)
geen studenten(1,83)
in harmoniezaal(1,39)
nieuwe veste(1,14)
lacht in(1,109)
harmoniezaal coerver(1,6)
tegen verdachten(1,33)
singel 445(3,9)
kamer cda(1,15)
pand grote(2,34)
marcus plooijer(1,3)
brandveiligheid van(1,26)
actiegroep cool(1,6)
keer hun(1,83)
paniek door(1,68)
een zaanse(1,39)
anoniem dagvaarden(1,5)
krakers werden(2,10)
jongeren aangehouden(1,16)
agent met(1,132)
kerncentrales is(1,20)
staking om(1,85)
aantal krakers(1,10)
tegen beschuldigingen(1,38)
illegale bewoners(1,8)
pvda toch(1,32)
blokkade voor(1,58)
tegen mr(2,148)
feiten meningen(1,11)
panden gekraakt(1,5)
wellicht nodig(1,29)
nijmeegse krakers(9,3)
blijft geen(1,130)
lens op(1,66)
sloeg als(1,103)
voor geweldloze(1,16)
ale van(2,111)
woonoord vaassen(1,3)
kijkers over(1,32)
verrassend in(1,87)
verbale en(1,23)
ouders blijven(1,48)
the ex(1,28)
gerenoveerde huizen(1,9)
voor woongroepen(1,7)
weteringschans 89(1,9)
zeven krakers(1,7)
notaris slis(1,2)
jaar ongeslagen(1,26)
tientallen krakers(1,7)
van kraakpanden(1,12)
anonieme dagvaarding(1,3)
maar deels(1,63)
weekeinde vol(1,19)
sleep in(1,65)
stinken en(1,24)
ingegooid bij(1,18)
russen toch(1,47)
gingen duizenden(1,22)
vrijdag stond(1,56)
sympathisanten in(2,25)
tribunaal over(1,13)
iedereen staat(1,52)
criminele vereniging(1,7)
willems in(2,129)
van barricades(2,43)
andere uitslag(1,63)
actiegroep dodewaard(1,2)
staking ook(1,73)
van lucky(2,48)
bedrijfspand van(1,39)
in cel(1,89)
kraakpand de(1,9)
kraakactie in(3,6)
geding om(1,46)
krakers met(4,13)
en betogers(1,37)
speculatie met(1,69)
kraken in(1,47)
en rassendiscriminatie(1,21)
ontruimde pand(1,5)
spandoek van(1,27)
politieoptreden bij(1,11)
honderden amsterdamse(1,15)
brandjes in(1,26)
pvda voor(1,45)
krakers op(5,18)
groningen opnieuw(1,45)
dagen weg(1,111)
barricades in(2,32)
landelijke kraakdag(1,3)
aan menselijk(1,39)
polak wil(1,17)
politie voert(1,23)
noordwijk heeft(1,65)
opknappen als(1,26)
andere tekst(1,43)
rookbommen naar(1,7)
krakers niet(5,10)
een ontruimingsbevel(1,6)
panden niet(1,70)
acties met(1,67)
krakers willen(5,5)
spanning na(1,59)
vijf krakers(1,6)
voorlopig ongemoeid(1,5)
oude troep(1,17)
krakers te(1,17)
drie kantoren(1,37)
van krakers(9,19)
politieman kan(1,21)
slapen door(1,78)
stadsvernieuwing op(1,15)
eredivisie eredivisie(5,3)
de huizenhandel(1,7)
buurt bij(1,117)
steden tegen(1,86)
nijmegen in(2,154)
nijmeegse raad(3,5)
die krakers(1,11)
door sluiting(1,103)
voor rellen(1,21)
kost miljoen(1,17)
gronings model(1,3)
ervan staan(1,35)
na kritiek(1,27)
westberlijnse wijk(1,4)
zaakjes zelf(2,6)
keihard optreden(1,7)
kraker in(1,17)
relschoppers in(1,11)
krakersrellen in(2,5)
abnormaal gedrag(1,5)
groninger krakers(3,3)
plein 44(1,8)
gas in(1,148)
amsterdamse vijzelstraat(1,6)
de botenmakersstraat(1,3)
krakers eruit(1,3)
gekraakte grand(1,2)
tante da(1,16)
de piersonstraat(4,3)
aktiegroep cool(1,2)
slooppanden in(1,7)
bij stadsvernieuwing(1,11)
advocaten aan(1,61)
stadsvernieuwing niet(1,13)
jongeren wilden(1,7)
van frigge(3,23)
milieuorganisaties in(1,11)
amsterdam huilt(1,6)
anoniem gedagvaard(1,2)
wonen alleen(1,46)
honderd krakers(2,4)
bij ontruimingen(1,4)
amsterdamse toestanden(1,6)
geen ontruiming(2,14)
rel om(1,37)
twee kraakpanden(1,3)
barricade te(1,21)
de kraakster(3,4)
coerver goebbels(1,2)
tejo willemsen(1,1)
van bne(1,18)
kraken strafbaar(1,2)
traangas uit(2,10)
westberlijnse kraakbeweging(1,1)
kraken is(2,17)
minlijn voor(1,2)
krakers er(1,8)
nog blijven(1,153)
om krakers(2,9)
weer treffen(1,34)
en braakgas(1,2)
ontvangt zijn(1,133)
terrorist in(1,18)
en wooneenheden(1,9)
verlaat onder(1,30)
rechtbank af(1,43)
anonieme krakers(3,2)
belastinggeld in(1,16)
tegen leegstand(2,4)
met krakers(5,13)
door rellen(1,13)
krakers geen(1,6)
krakers moeten(13,3)
gemeente koopt(1,21)
blauwe aanslag(1,3)
huis gekraakt(1,3)
krakers verdreven(2,1)
grootste kraakpand(4,1)
kraakactie van(1,5)
gekraakt huis(2,4)
van yes(1,27)
wethouder nieuwenhuijse(1,1)
weer verbeteren(1,23)
van wraking(1,11)
naamloos gedagvaard(1,1)
luxe luyk(4,1)
bij ontruiming(9,34)
en vooruitlopend(1,25)
de aamnaak(8,1)
als krakers(2,7)
en leegstand(1,14)
jongeren nodig(1,5)
westberlijnse krakers(3,1)
de hondstraat(1,12)
zaanse krakers(1,1)
kraker en(1,21)
krakers tegen(2,5)
11.000 voor(1,53)
met reserves(1,68)
pand weteringschans(1,2)
en rellen(1,30)
commandant favre(1,1)
veertien gekraakte(1,1)
vrijdag verwacht(1,35)
andere behuizing(2,15)
leegstandswet gaat(1,1)
kraakster van(1,1)
geruchtmakende ontruiming(1,1)
leegstandswet in(2,2)
karwei over(1,11)
jonker frits(1,1)
krakers kunnen(1,3)
geen dictaten(1,2)
baulig in(2,3)
de bagwhan(1,1)
politiegeweld in(1,3)
en krakers(4,18)
tegen politiegeweld(2,1)
krakers eisen(2,1)
voormalige hotels(1,1)
de stadsoorlog(1,1)
politie ongemoeid(1,2)
in container(1,19)
ombudsman van(1,27)
leegstandswet wordt(1,1)
krakers maar(1,3)
krakers aan(4,6)
verf over(1,39)
in oosterpoort(1,14)
tank kun(1,1)
ontruiming is(1,46)
voor krakers(15,11)
krakers bij(3,6)
zaanstad willen(1,1)
mohr voorzitter(1,1)
piersonstraat in(2,1)
optreden nodig(1,11)
200 voor(1,156)
ontruiming op(3,54)
woningen uit(1,102)
krakers of(3,5)
de groenburgwal(1,19)
ongemoeid werd(1,5)
van falend(1,13)
zonder pistool(1,4)
1981 lijkt(1,1)
zigeuners nu(1,3)
krakers daar(1,1)
huisraad op(1,63)
piersonstraat te(1,2)
eerste krans(1,9)
krakers ook(1,3)
bij freek(1,6)
dodewaard worden(1,3)
eenheid achter(1,9)
zaanstad zijn(1,6)
tegen woningnood(2,2)
veel gebouwen(1,36)
over ontruiming(3,16)
slepen tegen(1,6)
kraakpand van(2,3)
gekraakt van(1,1)
groenburgwal in(1,3)
verkiezingen 81(1,1)
voor zaanstad(1,3)
wiegel voor(1,18)
aan krakers(1,4)
buurt wil(1,24)
amsterdam wil(1,136)
gemeenschap ongeveer(1,6)
tegen ontruiming(4,7)
krakers voor(1,6)
meer woningbouw(1,9)
door ale(2,33)
doeve in(1,6)
op krakers(1,5)
gemeenteraad zegt(1,11)
pvda te(1,46)
bezetters het(1,26)
naar az(1,26)
duizenden op(1,143)
foto achter(1,21)
onder plein(1,1)
voor marga(1,14)
herestraat in(1,26)
zijn bouwers(1,10)
laatste pand(1,14)
nodig mee(1,9)
redactie jan(1,10)
gemeente tegen(1,136)
houden open(1,25)
rechter tegen(1,65)
arrestaties bij(1,10)
over christenen(1,19)
regering politieke(1,9)
hof leeuwarden(1,18)
tegen banken(1,5)
in rellen(1,9)
koopt twee(1,9)
houden geen(1,129)
kraken het(1,9)
als herdenking(1,26)
bij politiebureau(1,18)
vrede naar(1,127)
kraak van(2,68)
tegen langdurige(2,15)
van geertsema(1,62)
tegen groninger(1,20)
van adriani(1,19)
politie beter(1,35)
van bouwvergunning(1,25)
pand al(1,28)
gevechten voor(1,79)
nijmegen door(2,137)
nijmegen nu(1,7)
stenen in(1,59)
borst een(1,133)
uit voormalige(1,52)
krakers de(3,21)
pand door(2,102)
hoofdstad na(1,54)
van nijmeegse(2,18)
schutte een(1,20)
politie groningen(1,15)
beat van(1,63)
op vingers(1,16)
vrezen het(1,55)
met verbouwing(1,39)
groningen weinig(1,16)
zicht door(1,84)
rechten met(1,124)
bv tegen(1,11)
ook pvda(1,24)
pand uit(1,82)
op ontruiming(2,23)
ontslag na(1,70)
martinus de(1,127)
te rechte(1,14)
demonstratie tot(1,36)
wil open(1,26)
telefoon staat(1,60)
in gerestaureerd(1,25)
in bondsrepubliek(1,18)
vrijwillig het(1,133)
bouw meer(1,46)
handen staat(1,47)
hand amsterdam(1,9)
in kraag(1,23)
gestolen in(1,112)
lees voor(1,64)
president als(1,138)
onder brief(1,17)
van omstreden(2,26)
a'dam nog(1,15)
poging nog(1,72)
is vrijblijvend(1,42)
volgens politie(1,27)
89 dat(1,11)
uur verlaten(2,77)
tegen optreden(1,72)
houden grote(1,39)
in lege(1,68)
agt voor(1,27)
plan tegen(1,112)
bocholtz de(1,48)
zal john(1,41)
wonder door(1,45)
op ruiten(1,49)
eergisteren en(1,134)
huisraad van(1,126)
pand om(1,47)
van burgeroorlog(1,90)
willen af(1,78)
schade na(1,46)
het scherp(2,139)
utrecht zonder(1,43)
bij praten(1,69)
weer stuk(1,48)
getroffen bij(1,117)
peter de(3,155)
gaan iets(1,91)
hard er(2,87)
ontruiming de(1,22)
ophouden een(1,124)
nog verloren(1,92)
van complex(1,35)
tegen luxe(1,49)
voor socialisten(2,80)
vertellen niet(1,89)
wonen door(1,121)
regering wat(1,77)
agent niet(2,97)
hoensbroek op(1,72)
op beleid(1,34)
wel oorlog(1,42)
stad na(1,151)
putten een(1,96)
optreden over(1,73)
voor groninger(1,54)
heren aan(1,58)
bij provincie(1,32)
van westland(1,58)
over toekomst(1,57)
standbeeld de(1,46)
in panden(1,54)
tv door(1,47)
van lege(1,75)
uitspraak tot(1,92)
krijgen de(1,154)
voor advocaat(1,78)
volt van(1,59)
pistool de(1,56)
niet bouwen(1,104)
tegen politie(2,48)
door loopt(1,92)
in kader(1,97)
van bedden(1,149)
niet wonen(1,108)
in westduitse(2,42)
overbodig van(1,19)
zond op(1,92)
politie door(1,151)
en hope(1,126)
van overvallen(1,71)
verloop voor(1,81)
met aankoop(1,80)
buiten naar(1,136)
in cijfer(2,64)
voor rechter(2,116)
op koffie(1,121)
blijven door(1,156)
gevecht en(1,146)
bij spanje(1,76)
wethouder met(1,100)
door ondanks(1,84)
perceel niet(1,92)
om onderzoek(1,144)
in kro(1,45)
op wethouder(1,63)
in gemeenteraad(1,55)
van vakbeweging(1,73)
en soldaat(1,139)
om luxe(1,73)
met gevolgen(1,62)
onder 18(1,122)
met eigenaar(2,73)
in duitse(1,96)
wisten van(1,123)
in groninger(1,91)
per tegen(1,48)
ontruimd de(1,91)
een geweld(1,137)
keuken door(2,100)
rechtbank en(1,130)
cda van(1,21)
ook laatste(1,60)
aanstaande en(1,155)
door zaterdag(1,54)
met voorwaarden(1,131)
georganiseerd het(1,75)
uur gaan(1,114)
in proces(1,107)
in burgemeester(1,54)
bij raad(1,64)
hotel bij(1,134)
der keuken(1,130)
hotel door(1,135)
van redelijk(1,83)
hand door(1,154)
advocaat het(1,101)
naar oorlog(1,95)
amsterdam na(5,156)
gearresteerd het(1,80)
in plannen(1,73)
ministerie met(2,151)
op zwart(1,149)
van groninger(1,127)
leven ik(1,128)
op justitie(1,49)
met groep(1,73)
voor optreden(1,91)
in hoofdstad(4,104)
binnen werd(1,121)
zuiden een(1,137)
roepen de(2,156)
uit stad(2,126)
bij dienst(1,77)
hebben eigen(1,118)
op politie(4,73)
scherp van(2,127)
in politie(1,72)
zw de(2,70)
bij bureau(1,100)
in parlement(1,140)
en provincie(2,155)
en tocht(1,115)
van pand(4,122)
ton van(1,156)
in rapport(1,113)
de singel(1,151)
door kamer(1,90)
door me(4,150)
zetten een(1,140)
de ach(1,134)
aan me(1,142)
in ziekenhuis(1,108)
stad voor(1,156)
gelaten de(1,155)
in hele(1,61)
van rechtbank(1,98)
utrecht niet(1,149)
me zijn(1,127)
in belgische(1,142)
kon bij(1,156)
en eigenaar(1,155)
op burgemeester(1,101)
het bekend(1,156)
van dak(1,147)
op woorden(1,137)
niet leven(1,149)
aan oude(1,156)
nu worden(1,155)
woensdag met(1,151)
kijken van(1,104)
bezet de(1,156)
gewond van(1,129)
gelijk en(1,156)
met gemeente(1,83)
is oorlog(1,117)
hoensbroek de(1,76)
willen die(1,155)
burgemeester in(1,155)
aan gemeente(1,120)
van huize(1,113)
banken de(1,137)
van ziekenhuis(1,90)
in toekomst(1,106)
van ex(3,150)
door 100(2,137)
met politie(4,116)
in raad(1,116)
moeten uit(3,156)
en directie(1,145)
wil in(1,156)
in nacht(1,141)
van bouwen(1,142)
waar of(2,155)
mogen in(2,156)
is je(1,155)
de circa(1,150)
uit eerste(1,142)
berlijn het(1,156)
voor 24(1,156)
en politie(4,156)
van gezin(1,136)
liet op(1,156)
van denken(1,155)
mogen de(1,156)
op tegen(3,156)
laat te(1,156)
op komt(1,121)
voor 16(1,156)
reden de(1,156)
en me(1,156)
van hulp(1,156)
voor tweede(1,155)
geen den(1,136)
van anders(1,153)
foto de(1,89)
berlijn van(1,155)
me het(3,156)
blijven een(1,156)
wij worden(1,156)
aan tegen(2,156)
amsterdam niet(1,155)
onder door(1,150)
hier het(1,156)
directie de(1,156)
me en(3,156)
in stad(1,155)
door na(1,155)
begin de(1,146)
in kamer(3,152)
zo te(1,152)
heerlen de(1,102)
houden het(1,156)
op plaats(1,155)
gemeente het(1,156)
eerste met(1,156)
met amsterdam(1,155)
engeland van(1,155)
in tweede(3,155)
willen van(1,156)
komen de(2,156)
kunnen met(2,156)
van leven(1,156)
dames de(1,156)
van gemeente(2,153)
nieuwe van(1,156)
ben de(1,156)
van niets(1,156)
van kon(1,154)
over aan(1,156)
de me(4,156)
groningen de(1,156)
koop van(1,156)
moeten het(1,156)
van werk(1,156)
van veel(1,156)
in hebben(1,156)
van maken(1,156)
gevraagd de(1,156)
is zich(1,156)
de dr(1,156)
in tegen(1,156)
op om(2,156)
uit op(2,156)
uit met(1,156)
van no(1,156)
het wordt(1,156)
mei de(1,156)
op als(1,156)
de weer(1,156)
in als(1,156)
de 11(1,156)
amsterdam de(1,156)
dit het(1,156)
van geen(1,156)
over en(1,156)
er en(1,156)
is van(1,156)
jaar de(1,156)
voor op(1,156)
zijn van(1,156)
uur de(1,156)
op voor(1,156)
aan in(1,156)
niet van(1,156)
worden van(1,156)
in op(1,156)
de nog(1,156)
om van(1,156)
op in(3,156)
in van(1,156)
een te(1,156)
het op(1,156)
het in(2,156)
een van(2,156)
en van(1,156)
