van de(43,156)
in de(16,156)
van het(10,156)
van den(3,156)
in het(10,156)
aan de(5,156)
voor de(9,156)
op de(9,156)
dat de(2,156)
de heer(3,156)
door de(2,156)
bij de(4,156)
van een(5,156)
op het(1,156)
met een(4,156)
met de(7,156)
in den(6,156)
voor het(4,156)
aan het(1,156)
aan den(2,156)
den haag(17,156)
over de(5,156)
dat hij(1,156)
dat het(1,156)
in een(1,156)
meer dan(1,156)
te maken(3,156)
niet meer(2,156)
en de(4,156)
bij het(2,156)
uit de(7,156)
op een(2,156)
voor een(2,156)
dat zij(1,156)
te nemen(1,156)
nog niet(7,156)
te brengen(1,156)
naar de(3,156)
met het(1,156)
ik heb(1,156)
in verband(3,156)
te geven(2,156)
een paar(2,156)
verband met(3,156)
minister van(5,156)
is een(1,156)
te gaan(3,156)
om de(4,156)
naar het(2,156)
de tweede(1,156)
dit jaar(2,156)
het is(1,156)
ons land(2,156)
van der(7,156)
te komen(1,156)
te hebben(2,156)
nog steeds(1,156)
onder de(1,156)
een groot(1,156)
in nederland(9,156)
tegen de(1,156)
tweede kamer(6,156)
van dit(2,156)
vorig jaar(3,156)
feit dat(1,156)
de minister(1,156)
als een(2,156)
ik ben(2,156)
van onze(14,156)
de hand(2,156)
uit het(2,156)
het feit(1,156)
de nieuwe(2,156)
te worden(1,156)
die in(2,156)
af te(2,156)
naar aanleiding(2,156)
te zijn(3,156)
het oog(1,156)
jaar geleden(1,156)
wel eens(1,156)
aan boord(1,156)
de vries(3,156)
het werk(1,156)
de zaak(3,156)
ook de(1,156)
per maand(2,156)
het publiek(2,156)
om te(1,156)
de voorzitter(1,156)
uit te(1,156)
is de(2,156)
leden van(1,156)
de nederlandse(1,156)
de commissie(11,156)
zou zijn(1,156)
nog eens(1,156)
de vraag(2,156)
verenigde staten(1,117)
ter beschikking(1,156)
ook in(3,156)
in staat(8,156)
lid van(1,156)
met den(1,156)
dat is(1,156)
de jong(1,156)
heel wat(1,154)
van justitie(4,156)
een nieuwe(1,156)
aan een(2,156)
was het(1,156)
niet te(1,156)
het begin(1,156)
zich in(2,156)
werd door(2,156)
is niet(2,156)
om een(1,156)
in ons(1,156)
de toekomst(1,156)
tijdens de(1,156)
voorzitter van(2,156)
new york(53,155)
nog geen(7,156)
van alle(1,156)
oog op(1,156)
een bedrag(1,156)
bedrag van(2,156)
niet in(4,156)
de kamer(3,156)
en andere(1,156)
en een(1,156)
buitenlandse zaken(1,107)
de wereld(2,156)
toe te(1,156)
en het(3,156)
raad van(1,156)
met zijn(1,156)
een goede(1,156)
zich niet(1,156)
zijn er(1,156)
directeur van(4,156)
nog wel(2,156)
als de(1,156)
te zeggen(1,156)
is geweest(1,156)
tegen het(2,156)
in handen(1,156)
de man(3,156)
miljoen gulden(2,97)
waarvan de(1,156)
aanleiding van(2,156)
waar de(1,156)
ook voor(1,156)
als gevolg(2,156)
ter gelegenheid(1,156)
van ons(2,156)
het volk(2,156)
toen de(1,156)
over een(1,156)
het eerst(1,156)
een andere(1,156)
de firma(2,156)
te treden(1,156)
gevolg van(2,156)
zegt dat(1,156)
was een(1,156)
bij ons(1,156)
de deur(1,156)
de koningin(1,156)
op zijn(3,156)
is nog(1,156)
zou hebben(2,156)
101 101(2,153)
het niet(1,156)
is in(1,156)
veel meer(1,156)
man die(4,156)
belast met(1,156)
te trekken(1,156)
voorstel van(1,156)
de amerikaanse(2,102)
beslag genomen(2,156)
verklaard dat(1,156)
besluit van(2,156)
maar ik(2,156)
het belang(1,156)
weg naar(5,156)
verkoop van(1,156)
in dienst(1,156)
te veel(1,156)
officier van(1,156)
volgende week(1,156)
te verwachten(1,156)
een grote(1,95)
in beslag(2,156)
nog meer(2,156)
te melden(1,156)
een onderzoek(2,156)
die de(1,156)
het spel(1,156)
met haar(1,156)
het licht(1,156)
te werken(1,156)
in engeland(2,156)
samen met(1,127)
is nu(2,156)
steeds meer(1,156)
namens de(1,156)
naar huis(1,156)
naar den(1,156)
dan een(2,156)
zich op(3,156)
in europa(1,156)
het congres(1,156)
achter de(1,156)
het onderzoek(1,156)
niets meer(1,156)
waar zij(1,156)
we hebben(1,149)
tegen een(1,156)
naam van(2,156)
verklaarde dat(1,156)
naar een(1,156)
is ook(1,156)
het rapport(5,156)
omdat het(1,156)
een soort(1,156)
bezit van(2,156)
niet op(1,156)
over te(3,156)
ik wil(1,156)
toch nog(1,156)
of the(1,156)
is geen(1,156)
commissie van(14,156)
98 98(1,155)
ter sprake(1,156)
die het(2,156)
antwoord op(1,156)
den berg(1,156)
het jaar(1,156)
ter kennis(1,156)
mee te(1,151)
maar toch(1,156)
verzoek van(1,156)
de drie(2,156)
overleg met(1,156)
in frankrijk(1,156)
buiten de(1,156)
belang van(1,156)
te helpen(2,156)
het geld(2,156)
dit seizoen(1,131)
vooral in(1,156)
ik kan(4,156)
reis naar(1,156)
gelegenheid van(1,156)
is geworden(1,156)
een jaar(1,156)
in amerika(8,156)
maar niet(1,156)
commissie voor(2,156)
heeft gisteren(2,156)
veel te(1,156)
aankoop van(2,156)
het oude(1,156)
werd in(1,156)
het paleis(1,156)
lang niet(1,156)
de waarheid(3,156)
los angeles(1,103)
de franse(1,138)
te redden(1,156)
recht op(1,133)
op straat(1,156)
de stemming(2,156)
de koninklijke(1,156)
de haan(1,156)
onderzoek naar(24,156)
in amsterdam(1,156)
juni a.s(1,127)
kan niet(1,156)
tijdens een(3,141)
nu ook(1,156)
nederland en(1,156)
algemeen belang(1,156)
het gaat(1,156)
te bevorderen(1,156)
communistische partij(1,79)
het ogenblik(1,155)
in orde(1,156)
voor zijn(2,156)
op weg(5,156)
wijziging van(1,156)
bekend is(1,156)
zei dat(1,140)
naast de(1,156)
weer in(3,156)
blijken van(1,156)
contact met(2,118)
de beurs(1,156)
prins bernhard(68,72)
92 92(2,155)
heeft in(1,156)
nu al(1,156)
te volgen(1,156)
werk van(1,156)
binnenlandse zaken(1,117)
90 90(2,155)
en ik(2,156)
weer op(1,156)
in eigen(3,156)
van nederland(1,156)
secretaris van(1,156)
er toe(1,156)
wij kunnen(1,156)
91 91(1,155)
bezig met(1,156)
verklaring van(6,156)
handel in(1,156)
betaling van(2,156)
de kans(1,156)
van amsterdam(306,156)
aanval op(2,156)
de mensen(1,148)
hebben gehad(2,156)
vergelijking met(1,156)
de bal(1,156)
nu weer(1,153)
87 87(1,153)
wijze van(1,156)
de tijd(1,156)
thans in(1,156)
positie van(3,156)
geruime tijd(1,156)
en verder(1,156)
het lagerhuis(1,156)
niets te(2,156)
al spoedig(1,156)
10 10(10,156)
te weinig(1,156)
heeft besloten(1,156)
pogingen om(1,156)
nog lang(1,156)
maar eens(1,156)
kwestie van(1,156)
op alle(1,156)
89 89(2,155)
handel en(1,156)
het koninklijk(1,156)
op eigen(2,156)
poging tot(1,156)
van twee(1,156)
de belangrijkste(1,156)
poging om(1,156)
88 88(5,156)
het verschil(1,156)
vooral de(1,156)
president van(2,156)
dochter van(1,156)
van verschillende(1,156)
reeds eerder(1,134)
de praktijk(1,156)
84 84(7,152)
13 13(18,156)
terug naar(1,156)
niet verder(1,156)
104 104(2,153)
naar engeland(1,156)
of niet(1,156)
nog in(1,156)
17 17(37,156)
de bilt(1,156)
de dag(6,156)
inhoud van(1,156)
in ontvangst(1,156)
22 22(37,155)
invloed op(1,156)
niet voor(1,156)
miljoen dollar(10,71)
limburgs dagblad(9,53)
11 11(8,156)
ook geen(1,156)
binnen en(4,156)
kan zijn(1,156)
al heel(1,153)
14 14(19,156)
86 86(3,153)
44 44(18,155)
toezicht op(1,131)
vrije volk(18,106)
zich voor(2,156)
zijn leven(1,156)
de vroegere(3,156)
staat van(7,156)
83 83(1,151)
verloop van(1,156)
afhankelijk van(1,156)
85 85(1,153)
21 21(22,155)
de taak(1,156)
de positie(1,156)
43 43(19,153)
de communistische(1,110)
42 42(29,154)
27 27(70,155)
achter het(2,156)
zijn gekomen(1,156)
18 18(47,155)
een week(1,152)
40 40(26,156)
niet uit(1,156)
het gebeurde(5,156)
ontvangst van(1,156)
gisteren in(2,156)
wordt een(1,156)
van defensie(1,154)
ons niet(1,156)
naar zijn(1,156)
33 33(44,155)
37 37(27,155)
dat zijn(2,156)
meer te(1,156)
47 47(9,155)
binnen de(1,156)
groot succes(1,141)
iets lager(2,156)
niet vergeten(1,156)
weer terug(3,146)
langer dan(1,156)
41 41(34,154)
te verschaffen(1,156)
wat is(1,156)
gaat om(1,156)
19 19(102,155)
23 23(59,155)
32 32(48,155)
16 16(33,155)
gesprek met(3,156)
34 34(45,155)
maar zij(1,156)
geen twijfel(1,156)
24 24(29,155)
12 12(48,156)
een commissie(1,155)
39 39(36,154)
huis van(2,156)
dienst van(1,156)
naar londen(1,156)
20 20(35,156)
46 46(8,152)
die als(1,156)
28 28(55,155)
of hij(1,156)
weer naar(2,154)
nederlandse regering(1,64)
de baan(1,156)
hebben om(1,156)
80 80(3,154)
de telegraaf(1,156)
vrouw en(1,156)
48 48(11,154)
vertrouwen in(1,156)
niet dat(2,156)
29 29(50,155)
bij aankoop(2,147)
was in(1,156)
81 81(4,151)
vertrek naar(1,156)
onderzoek in(4,156)
wall street(112,107)
45 45(33,155)
bij zijn(2,156)
afkomstig van(1,156)
niet door(2,156)
nader onderzoek(2,156)
brief aan(6,156)
38 38(17,155)
zuid afrika(1,144)
herziening van(1,156)
niet mee(1,152)
26 26(81,155)
35 35(31,155)
begaf zich(1,156)
in holland(1,156)
niet uitgesloten(1,154)
vervanging van(1,156)
al lang(2,154)
van drie(13,156)
74 74(1,154)
in duitsland(1,85)
49 49(3,153)
de verkoop(1,156)
geen geld(2,156)
de prins(21,156)
aantal leden(1,156)
den uyl(33,76)
ter dood(1,156)
dit soort(1,155)
vrije voeten(1,156)
15 15(88,156)
bezoek van(3,156)
degene die(1,156)
brief van(1,156)
kan het(1,156)
paar weken(2,156)
geen andere(1,156)
het beleid(1,156)
maken met(1,156)
36 36(46,155)
zich tegen(1,156)
67 67(1,153)
mijn vrouw(1,134)
protest tegen(1,156)
in ruil(1,156)
zeer vast(3,155)
nu de(1,156)
of de(1,156)
hoe de(1,156)
rol van(3,156)
31 31(28,155)
rond de(1,155)
30 30(42,156)
al een(1,156)
nu wel(1,156)
78 78(1,152)
regering heeft(1,131)
naar amerika(2,156)
commissaris van(1,156)
in parijs(2,156)
in china(1,156)
in spanje(2,156)
ook maar(1,156)
54 54(19,154)
niets van(1,156)
73 73(2,154)
25 25(69,156)
informatie over(2,78)
62 62(1,152)
rapport van(2,156)
op reis(1,156)
72 72(1,155)
in rotterdam(1,156)
was voor(1,156)
uit eigen(1,156)
van state(2,156)
zich over(2,156)
71 71(1,155)
van holland(1,156)
zaak van(1,156)
60 60(14,156)
speciale verslaggever(4,84)
zijn nog(1,156)
bericht uit(1,131)
man van(1,156)
zult gij(1,155)
53 53(12,154)
zich nu(1,156)
61 61(1,152)
voorwaarde dat(1,156)
houdt zich(2,156)
hebben gekregen(1,156)
op tafel(1,156)
55 55(12,155)
naar parijs(1,156)
52 52(6,156)
de rol(1,156)
een boek(1,156)
een echte(1,153)
wel in(1,156)
volgende maand(2,156)
niet met(1,156)
afgezien van(1,156)
50 50(4,156)
rede van(1,156)
vaste stemming(1,155)
65 65(1,151)
militaire autoriteiten(1,156)
in bezit(1,156)
verdacht van(1,156)
51 51(2,153)
was zeer(1,156)
voor zover(1,84)
57 57(6,154)
de inhoud(1,156)
zoeken naar(1,155)
dood van(1,156)
zei ik(1,144)
zij is(2,156)
het verloop(1,155)
koninklijke familie(1,156)
tel aviv(1,76)
portret van(1,156)
te hoog(1,156)
van wie(2,156)
zij een(1,156)
heeft geen(1,156)
zal doen(1,156)
niet over(1,156)
56 56(22,155)
23 jaar(1,154)
59 59(11,150)
de vs(2,134)
grote belangstelling(1,69)
68 68(3,153)
69 69(1,155)
functie van(1,156)
verantwoordelijk voor(1,156)
zijn hoofd(1,156)
hof van(1,156)
ik het(1,156)
een feit(1,155)
vrouw van(1,156)
over zijn(1,156)
de liefde(1,156)
niet naar(1,156)
heeft aan(1,156)
het vrije(17,156)
for the(1,156)
van 25(1,156)
achter zich(1,156)
niet bij(1,156)
bewijzen dat(2,156)
onze speciale(4,107)
taak van(1,156)
58 58(5,153)
16 17(7,156)
besteed aan(1,156)
maar we(1,148)
wie de(2,156)
15 16(11,156)
niet helemaal(1,74)
toch een(2,156)
zaak in(1,156)
zijn we(2,154)
hij de(1,156)
na te(1,156)
oordeel van(3,156)
onze parlementaire(1,142)
niets bijzonders(2,156)
nos journaal(1,27)
koningin juliana(5,49)
tweede kamerlid(1,112)
west duitsland(3,57)
radio en(2,75)
savornin lohman(1,141)
ging naar(2,156)
in huis(1,156)
al jaren(1,148)
de jaren(1,156)
afwachtende houding(1,145)
ik wist(1,156)
geen kwaad(3,156)
te beletten(1,156)
zijn ze(1,156)
10 12(1,156)
een speciaal(1,156)
hebben ontvangen(1,156)
12 13(1,156)
het nieuws(1,156)
heeft nog(2,156)
13 14(3,156)
jan van(3,156)
praten over(2,137)
14 15(3,156)
verschil van(1,156)
de bijzondere(1,156)
17 18(2,156)
in new(4,149)
van mr(1,156)
van maandag(1,156)
wachten op(1,156)
het hoofdkantoor(1,156)
in januari(1,151)
een kwestie(1,138)
bij herhaling(1,156)
zaken in(2,156)
verschil tussen(1,75)
het gevecht(1,156)
te kopen(2,120)
zij op(1,156)
kritiek op(2,140)
verder dan(1,156)
niets aan(1,156)
der hoeven(1,156)
beleid van(1,156)
op bezoek(1,123)
in washington(3,140)
afscheid van(1,156)
zich bezig(1,156)
beschuldigd van(2,156)
in zwitserland(2,156)
melding van(1,156)
zij met(1,156)
jaar met(1,156)
de tafel(1,156)
nu maar(1,156)
parlementaire redactie(1,45)
united states(1,148)
100 101(1,155)
18 19(11,156)
mijn vriend(1,156)
een nader(1,156)
ruil voor(1,145)
nu voor(1,156)
du pont(33,153)
onder druk(1,102)
en frankrijk(2,156)
gisteren een(1,156)
voor allen(1,156)
zijn hand(1,147)
programma van(1,156)
de senaat(1,156)
vijf maanden(1,156)
jaren in(1,156)
onderzoek van(4,156)
verzocht zich(1,156)
leidt tot(3,156)
de tekst(1,156)
10 11(3,156)
verder te(1,156)
gaat niet(1,156)
uit rotterdam(1,156)
voor twee(2,156)
om 10(1,156)
gedaan heeft(1,156)
uit amerika(3,156)
22 23(12,156)
de aanval(1,156)
te stoppen(1,156)
shell oil(1,64)
geld voor(2,156)
11 12(5,156)
namen van(2,156)
de betaling(2,156)
24 december(1,156)
is weer(1,154)
heeft deze(1,156)
27 28(16,156)
de japanse(4,86)
aflevering van(1,156)
niet tevreden(1,156)
commissie uit(1,155)
motie van(1,156)
instellen van(1,155)
het grote(2,86)
het hier(1,156)
eens in(1,156)
in actie(2,120)
van vele(1,156)
42 43(6,155)
ridder in(1,149)
een conferentie(1,135)
21 22(2,156)
dow jones(3,62)
toch weer(1,137)
in augustus(2,156)
in japan(23,155)
weg van(1,156)
proces tegen(2,156)
23 24(11,156)
27 januari(1,147)
het partijbestuur(2,104)
19 20(9,156)
wil niet(1,156)
in oostenrijk(1,156)
ook veel(1,156)
steeds niet(1,156)
zeer druk(1,155)
op 16(1,156)
uit washington(1,156)
32 33(14,155)
nederlandse volk(1,84)
de marine(1,156)
vele duizenden(1,156)
26 27(19,156)
43 44(12,156)
hebben gisteren(1,156)
was al(1,156)
begint met(2,156)
20 21(9,156)
vragen van(1,156)
stil en(1,156)
37 38(11,155)
ontvangen dat(1,156)
foto van(1,100)
int nickel(5,55)
in februari(1,154)
eenheid van(1,156)
plan van(1,156)
33 34(8,155)
het geding(2,156)
28 29(19,156)
te ontsnappen(1,156)
de groene(1,156)
administratie van(1,156)
wordt ook(1,156)
staat op(3,156)
de bruijn(1,156)
95 96(1,155)
voeten gesteld(1,156)
72 73(2,155)
38 39(4,155)
en weer(1,156)
laatste nieuws(1,134)
de klm(2,74)
verklaarde de(1,156)
coca cola(35,68)
een demonstratie(1,138)
zal niet(2,156)
65 jaar(1,143)
een hoeveelheid(1,141)
de buren(2,156)
91 92(1,156)
druk van(2,156)
93 94(2,156)
41 42(14,155)
87 88(2,155)
47 48(5,155)
97 98(1,155)
te verbergen(1,156)
van 30(1,156)
schuld van(1,156)
wij hadden(1,156)
voor vele(2,156)
actie tegen(2,151)
zijn bij(1,156)
36 37(10,155)
85 86(1,155)
heeft ontvangen(1,156)
reis van(1,156)
90 91(4,156)
een officieel(1,156)
25 26(6,156)
het aannemen(1,156)
ingesteld onderzoek(1,153)
geld te(2,156)
24 25(8,156)
86 87(4,155)
89 90(1,156)
zaak te(1,156)
twee leden(1,156)
het kort(3,156)
140 140(1,143)
aftreden van(1,156)
en buitenland(6,153)
82 83(1,156)
waren in(1,156)
rapport over(2,156)
arrestatie van(3,156)
partij van(1,156)
81 82(5,155)
ingesteld naar(1,151)
van agt(6,86)
40 41(8,155)
46 47(6,156)
88 89(1,155)
onderwerp van(1,156)
ontslag van(1,156)
ford motor(7,85)
reactie op(1,132)
101 100(1,151)
in arrest(1,155)
maar door(1,156)
118 118(2,132)
de poort(1,156)
staf van(1,156)
71 72(1,155)
35 36(11,155)
de ware(1,156)
29 30(13,156)
48 49(3,155)
39 40(6,155)
man in(1,156)
boek van(1,156)
pas in(2,156)
nieuws van(1,156)
45 46(9,155)
kon zich(1,156)
122 122(2,137)
europa en(1,156)
34 35(7,155)
44 45(5,156)
golf van(1,156)
royal dutch(1,76)
79 80(1,156)
is gistermiddag(1,117)
in juni(2,141)
kijk op(1,115)
geen nieuwe(1,156)
fc utrecht(1,29)
84 85(1,155)
er zit(1,138)
60 61(2,155)
had om(1,156)
dollar per(1,144)
valt er(1,156)
moet nog(1,156)
31 32(4,155)
texas instr(1,39)
zich er(1,156)
haar dochter(1,133)
wist niet(1,156)
de bodem(1,156)
vriend van(2,156)
80 81(2,156)
worden onderzocht(1,156)
moet de(1,156)
nederland heeft(1,156)
sympathie voor(1,155)
de luchtmacht(1,78)
reportage over(1,68)
derde deel(1,156)
koningin en(4,156)
new yorkse(4,61)
der poel(3,156)
neer op(1,146)
blijft de(2,156)
ontvangen van(1,156)
125 125(1,137)
geld terug(1,156)
heeft voor(1,156)
gesprekken met(1,154)
dan maar(1,156)
maakte zich(1,156)
10 15(1,156)
met opzet(1,156)
verslag uit(1,156)
al hun(1,156)
het limburgs(2,67)
staat om(1,156)
87 86(1,147)
van japan(2,156)
op vrije(1,156)
58 59(3,155)
52 53(5,156)
geen cent(4,156)
is bereid(1,156)
gaan naar(1,156)
top van(3,156)
werden zij(1,156)
de wapens(1,156)
van start(1,97)
in bonn(2,119)
55 56(7,155)
geen beslissing(2,139)
beschikbaar voor(1,146)
88 87(4,151)
grote rol(1,64)
de cpn(1,58)
midden oosten(1,72)
verdeling van(1,88)
53 54(4,155)
56 57(10,155)
96 95(2,148)
koninklijk huis(3,156)
30 31(3,156)
129 129(1,136)
van president(1,156)
vrijheid en(1,156)
waarom de(1,156)
93 92(1,150)
bij wie(1,156)
voor beide(1,156)
jaren zeventig(1,51)
54 55(9,155)
57 58(2,155)
een hoge(1,69)
44 43(3,148)
94 93(1,153)
43 42(4,150)
51 52(3,156)
49 50(1,156)
14 16(1,156)
59 60(5,155)
blijken uit(2,156)
inzet van(1,139)
regering in(2,132)
dinsdag 27(1,131)
zijn doel(1,156)
to be(2,156)
nieuwe jaar(1,156)
sears roeb(1,69)
kring van(1,156)
vraag voor(1,156)
rondom de(1,156)
met pensioen(2,152)
eigen initiatief(1,126)
86 85(1,152)
op voorwaarde(1,156)
inmiddels is(1,156)
van jan(1,156)
beslissen of(1,156)
wat in(1,156)
laat het(1,156)
een protest(1,156)
geen verdere(2,154)
eerste aflevering(1,156)
verkiezingen in(1,156)
91 90(1,151)
deed aangifte(1,118)
42 41(12,151)
goed op(1,156)
weer iets(1,150)
16 18(1,156)
er tegen(1,156)
ontwikkelingen in(1,75)
tijd niet(1,156)
ik sta(1,156)
van die(2,156)
middelpunt van(1,156)
hoog niveau(1,89)
had in(1,156)
arbeid en(1,156)
ploeg van(1,141)
na vijf(1,156)
west europa(1,109)
int paper(5,51)
84 83(1,151)
al in(1,156)
in mei(2,156)
van prins(13,156)
geven op(1,156)
34 33(10,155)
89 88(1,151)
pleit voor(1,155)
en japan(1,152)
nog onbekend(1,156)
aandringen op(1,156)
38 37(16,150)
48 47(3,148)
iets hoger(5,60)
in marokko(1,141)
betrokken bij(2,139)
90 89(1,153)
vrijdag 24(1,156)
37 36(11,153)
aannemen van(2,156)
de moeilijke(1,129)
aanklacht tegen(3,127)
33 32(5,153)
te zwijgen(1,156)
voorwaarden voor(1,156)
adviseur van(1,135)
73 72(1,146)
39 38(7,152)
south pac(1,94)
cities serv(25,58)
lezing van(1,156)
41 40(10,154)
een mens(1,90)
frans jozef(1,142)
wie is(1,156)
nog voor(1,156)
strekt zich(1,156)
83 82(1,145)
zich achter(1,156)
vrijlating van(1,155)
de eindstreep(2,106)
over ons(1,156)
we toch(2,141)
gedaan in(1,156)
japan en(3,152)
state department(3,80)
werd niet(1,156)
47 46(3,146)
de wolken(1,156)
de dochter(1,156)
ze al(1,153)
zo verklaarde(1,63)
49 48(2,149)
in noorwegen(1,156)
litton ind(4,32)
85 84(3,150)
latijns amerika(1,57)
laat de(2,156)
vrede in(1,156)
62 61(1,149)
82 81(1,146)
crisis in(1,155)
geld op(1,156)
verder in(1,156)
in eindhoven(1,106)
besloten een(1,156)
beslissen over(1,156)
herstelde zich(1,156)
13 12(1,154)
het militaire(1,156)
is noodzakelijk(1,156)
gaat met(1,156)
opnieuw in(1,131)
dag voor(1,156)
dow chem(23,35)
uitspraak over(1,155)
maakt melding(1,155)
45 44(8,150)
by the(1,156)
81 80(2,150)
werd ingesteld(1,155)
van praag(2,156)
deur uit(1,156)
in west(2,155)
nader inzien(5,154)
bleef ongedeerd(1,130)
mobil oil(2,42)
zijn positie(1,132)
eerder dan(1,156)
haar werkzaamheden(1,130)
radio tv(1,39)
14 13(3,155)
van haarlem(1,156)
beschuldiging van(2,156)
40 39(8,151)
geboren in(1,156)
internationale samenwerking(1,101)
beurs van(310,156)
van new(6,156)
naar japan(1,156)
nieuws uit(1,156)
ernstige schade(1,123)
licht op(1,156)
het moeilijk(1,130)
67 66(1,151)
rapport uit(1,156)
30 dagen(1,156)
geweest bij(1,156)
wellicht ook(1,130)
le monde(2,155)
wel of(1,156)
36 35(12,153)
13 15(3,156)
eis van(1,119)
recht en(3,143)
mag geen(1,156)
ontkent dat(1,155)
van prinses(1,156)
recht voor(2,131)
gelooft niet(1,156)
beter op(1,156)
mensen uit(1,76)
haag en(1,156)
voort met(1,156)
onderzoek instellen(1,143)
61 60(2,148)
rood en(1,156)
18 17(4,153)
22 21(1,153)
ten berge(1,149)
vragen over(1,156)
achter slot(1,146)
niets voor(1,156)
32 31(3,153)
el paso(8,98)
ik noem(1,156)
de savornin(2,142)
ging om(2,155)
28 27(20,155)
justitie heeft(1,156)
23 22(6,156)
beslag op(2,154)
52 51(1,149)
japan fund(5,32)
54 53(2,146)
kamer over(3,156)
komt uit(1,156)
op z'n(1,112)
in turkije(1,156)
ongerust over(2,156)
190 190(2,122)
58 57(1,148)
10 20(2,156)
16 15(7,153)
om geld(1,156)
is bedoeld(1,155)
bestand tegen(1,153)
afgelegde verklaringen(1,151)
had gesproken(1,156)
steun voor(2,156)
is beter(1,156)
tros aktua(1,21)
35 34(11,154)
het hoogst(1,156)
is onjuist(1,156)
bij onderzoek(1,156)
invloed uit(1,156)
eigen doel(1,107)
hoogleraar in(1,84)
29 28(13,149)
jaar door(1,156)
mag wel(1,156)
vast op(7,156)
onder vuur(1,114)
wie zij(1,156)
11 10(2,156)
12 11(1,156)
van elkaar(1,143)
zijn al(1,156)
blijft nog(2,156)
bedrijven in(1,150)
24 23(8,150)
te gast(2,137)
afspraak met(1,128)
regering is(1,121)
een recente(1,88)
fabricage van(1,128)
122 123(1,150)
hier volgen(1,155)
de lunch(1,121)
tot secretaris(1,155)
57 56(4,142)
zeer flauw(2,120)
de aankoop(1,156)
27 26(16,151)
week of(1,156)
21 20(2,156)
naar zwitserland(1,156)
om uit(1,156)
commissie is(1,156)
recht tot(1,131)
britse minister(3,61)
nagaan of(1,153)
dat voor(1,156)
55 54(8,149)
maandag j.l(1,127)
haar broer(1,119)
17 16(5,152)
zich terug(1,156)
10 nl(1,65)
geen rol(1,116)
miljoen mark(1,74)
blij met(3,106)
kon geen(1,156)
terug op(2,156)
geen overeenstemming(1,131)
duurder dan(1,154)
157 157(1,127)
alle gewenste(1,62)
op rekening(1,156)
123 124(1,151)
zeer voorzichtig(1,127)
van thijn(1,95)
conclusie van(2,156)
40 45(1,155)
geven in(1,156)
aangifte bij(1,155)
toch zijn(1,156)
int harv(5,49)
gerechtelijk onderzoek(4,128)
56 55(4,150)
aantonen dat(1,69)
zijn oude(1,155)
interesse voor(1,89)
176 176(1,113)
19 18(7,150)
zaak nog(1,156)
amsterdam vrijdag(1,148)
justitie in(1,156)
politieke leiders(1,112)
alle fronten(1,82)
onze tijd(2,153)
had nog(1,156)
zusters van(1,156)
26 25(10,156)
actieve aandelen(3,45)
ver achter(1,150)
antwoord aan(1,156)
vrij snel(1,125)
vandaag in(3,117)
de bewapening(2,143)
wilde niet(1,156)
aan anderen(1,156)
in tokio(4,107)
relaties met(2,119)
in 1960(1,63)
60 59(4,146)
regering zal(1,119)
er van(4,156)
in midden(1,156)
de verslagen(1,156)
bleef liggen(1,150)
terug in(2,156)
vast aan(1,156)
nooit weer(2,146)
31 30(3,153)
in 1956(1,58)
goede naam(1,156)
verhoor van(1,156)
dankbaarheid voor(1,156)
per ongeluk(1,119)
absolute meerderheid(1,100)
mocht niet(1,127)
union carb(1,39)
van breda(1,156)
20 19(11,154)
de strijdkrachten(2,156)
komt niet(1,156)
eindelijk weer(1,131)
is afgetreden(1,156)
samenvatting van(1,112)
de rue(1,156)
goed af(1,155)
40 42(1,155)
gulf oil(4,59)
bij nader(5,156)
en prins(6,156)
lone star(2,52)
banden met(1,154)
hand op(1,156)
ik zoek(1,144)
komt met(2,156)
bezorgd over(1,149)
100 miljoen(1,67)
124 125(2,152)
30 29(15,153)
inzage van(1,155)
zeden en(1,156)
in 1967(1,45)
een miljoen(1,97)
van 40(1,156)
ik vroeg(1,155)
us steel(1,54)
naar washington(1,154)
praten met(2,123)
het italiaanse(1,131)
stemming in(1,156)
de tros(1,122)
uit duitsland(1,63)
al vroeg(1,152)
volkomen vrij(1,155)
mei tot(1,156)
100 102(1,147)
in 1972(1,39)
36 38(2,154)
in 1963(1,50)
weer vrij(1,136)
een krant(1,120)
int flav(5,34)
om drie(1,156)
bevorderen van(1,156)
rep steel(1,50)
campagne tegen(4,108)
de sjah(1,105)
of per(1,156)
akkoord met(3,73)
25 24(7,152)
10 13(1,156)
gas el(2,64)
int tel(4,90)
hebben aangenomen(1,156)
was vooral(1,156)
niets veranderd(1,156)
het zwijgen(1,156)
nederland terug(2,154)
van beschuldiging(7,156)
van vorig(1,151)
mening over(1,64)
worden ingelicht(1,156)
en oud(1,156)
april van(1,156)
ambtenaren in(1,156)
in drachten(1,90)
van verdachte(1,149)
vice president(4,156)
niet duurder(1,139)
golda meir(1,39)
na verhoor(1,152)
zijn bedrijf(1,156)
later is(1,156)
de voorgrond(1,126)
in 1974(2,38)
23 25(4,156)
zorgen over(1,103)
weten wie(1,155)
may dep(2,52)
eind juni(1,96)
33 35(1,156)
wil nu(1,156)
klaar te(2,147)
goed nieuws(4,133)
eigen zak(2,134)
197 197(1,110)
sunday times(2,92)
12 10(2,156)
uit spanje(1,156)
jimmy carter(1,30)
wordt beschuldigd(1,156)
43 45(3,155)
wellicht een(1,130)
conferentie over(1,150)
de minst(1,156)
mijn kinderen(1,133)
niets met(1,156)
54 56(1,152)
met extra(1,156)
denken over(1,154)
van genua(1,156)
slag om(2,129)
geen vertrouwen(1,156)
the united(1,145)
laatste poging(1,156)
achtervolgd door(1,147)
verdere informatie(1,107)
chauffeur van(1,94)
brengt het(1,156)
de aanklacht(1,129)
sinds gisteren(1,137)
kamer zal(1,155)
duidelijk uit(1,156)
de monarchie(1,156)
vragen en(1,156)
nog over(1,156)
dag tot(1,156)
iets in(1,156)
geur van(2,143)
zwitserland en(1,156)
marcus bakker(1,50)
goede dingen(1,136)
can pac(35,72)
de put(1,156)
41 43(2,152)
record van(1,109)
in opspraak(6,132)
generaal van(2,156)
kennis gebracht(1,130)
bedoeld voor(1,118)
buiten dienst(1,156)
donderend applaus(2,118)
van onderzoek(4,156)
de kaarten(1,156)
nieuwe stijl(1,102)
gehad van(1,156)
15 10(1,156)
niet klaar(1,142)
sterk in(1,156)
afstaan aan(2,149)
begin november(1,128)
antwoord te(1,156)
een bekend(1,156)
arbeiders van(1,153)
stock exchange(21,103)
krijgt het(1,147)
vraagt om(1,156)
dood veroordeelde(1,155)
sun oil(1,22)
communisten en(1,96)
gunst van(1,156)
onderhouden met(1,155)
wijs beleid(1,142)
snel naar(1,138)
genomen omdat(1,156)
tot op(1,156)
de zwitsers(1,151)
ben geen(1,155)
eind mei(2,94)
af van(3,156)
lager op(1,156)
dat tijdens(1,156)
we konden(1,123)
militaire vliegtuigen(1,85)
trainer van(1,86)
slachtoffers zijn(1,124)
getty oil(5,22)
45 47(1,151)
na jaren(1,156)
van sympathie(1,150)
van nederlandse(1,145)
alle informatie(1,36)
ons geen(1,156)
13 10(1,155)
nemen tot(1,156)
jarige leeftijd(1,106)
sil it(1,56)
als adviseur(1,131)
in breda(1,137)
heer gerritsen(1,120)
waar blijft(2,156)
van koningin(2,156)
ook om(1,156)
nodig voor(1,70)
minister president(1,148)
wil geen(1,156)
123 122(1,114)
tijd door(2,156)
weinig invloed(2,156)
122 121(1,117)
james bond(1,34)
de erfenis(1,156)
affaire in(4,154)
hoofdkantoor van(1,119)
uitmaken of(1,152)
als onderwerp(1,132)
en leed(1,156)
37 39(2,152)
der stoel(2,100)
die drie(1,156)
verzet van(1,154)
op hoog(1,156)
wil wel(3,156)
vooralsnog geen(1,147)
gereden en(1,154)
juist voor(1,156)
het japanse(1,70)
niet aarzelen(1,155)
geweest in(1,156)
blijft bij(3,156)
benoemd om(1,156)
prijs en(1,156)
in politieke(2,152)
gaat toch(1,145)
binnenlandse aandelen(3,27)
verder aan(1,156)
de vervanging(1,156)
aanklacht wegens(2,124)
14 10(1,156)
gen motors(4,64)
barry hughes(1,32)
20 miljoen(2,70)
hoopt op(1,155)
goed zijn(1,156)
geen haast(3,150)
20 10(3,156)
de mand(1,156)
nieuwe ontwikkelingen(1,65)
geen nieuws(1,156)
129 128(1,116)
krijgen in(1,151)
volk zich(1,156)
wat rustiger(1,118)
spreker op(1,155)
50 miljoen(1,64)
een samenvatting(1,98)
beschuldigingen tegen(3,156)
opdracht tot(1,125)
zal nooit(1,156)
uit zwitserland(1,156)
nederland op(1,156)
goede stemming(1,155)
kans voor(1,155)
wel over(1,156)
eigen verzoek(1,156)
poort van(1,156)
reacties van(1,79)
weer verder(1,123)
maand in(2,156)
weinig verschil(1,154)
verder over(1,156)
internationaal niveau(1,61)
in hoger(1,63)
half mei(1,154)
trekt zich(1,153)
is bijzonder(1,156)
week naar(1,156)
als winnaar(1,89)
niet schuldig(1,156)
niet ontvangen(1,156)
zaken zal(1,156)
wie in(1,156)
politieke crisis(2,125)
mij niets(1,156)
dinsdag in(1,131)
zijn onschuld(1,131)
direct contact(1,88)
52 54(1,153)
afrika en(1,156)
ontvangen hebben(1,156)
174 175(1,128)
commissie in(1,156)
met mensen(1,66)
nat steel(5,46)
in beroering(2,148)
niet geloven(1,74)
jones index(1,34)
ten voorbeeld(1,156)
en oranje(1,156)
een democratisch(1,143)
geef hem(1,144)
zich afzijdig(1,85)
mensen van(1,106)
handhaven van(1,156)
126 125(1,119)
53 55(1,153)
volgen de(1,156)
heb niets(1,155)
nederlandse industrie(1,60)
buitenlandse betrekkingen(1,57)
premier van(3,129)
39 41(2,153)
de letter(1,156)
nico scheepmaker(6,32)
ruim miljoen(1,55)
koninklijk paar(2,118)
vraag was(1,156)
van dienst(1,156)
in bescherming(2,156)
120 122(1,144)
al vaker(1,94)
stelt vast(1,124)
te verplichten(1,128)
wim kan(1,60)
oude vrienden(1,152)
87 89(4,148)
zover bekend(1,61)
van washington(1,156)
10 25(3,156)
nooit aan(1,156)
118 120(1,143)
internationale overeenkomst(1,135)
dag weer(1,128)
10 miljoen(1,77)
geld aan(1,156)
opnieuw met(1,126)
verklaring afleggen(1,151)
het plotselinge(1,149)
hoger op(2,61)
onderzoek kan(1,153)
van militaire(1,156)
227 227(1,103)
protesten tegen(1,146)
wegens laster(1,151)
integriteit van(1,153)
ja of(1,154)
om verder(1,156)
nieuwe minister(1,156)
in wall(10,93)
man achter(1,123)
16 19(1,154)
van 4000(1,156)
tegen wie(1,155)
beter in(2,156)
het zweedse(1,65)
populariteit van(1,153)
was bestemd(1,156)
publiek heeft(1,156)
zag de(1,156)
en grote(1,83)
zijn woord(1,156)
spiegel van(2,153)
kreeg geen(5,135)
237 237(1,97)
140 139(1,109)
verder met(1,156)
moed om(1,156)
kon olie(5,72)
oude vriend(1,140)
18 10(4,156)
commissie werd(1,156)
opdracht aan(1,131)
twintig personen(1,156)
niet belangrijk(1,156)
mogelijk naar(1,156)
wil zich(1,156)
lachen om(1,122)
licht in(2,156)
mogelijk ook(1,156)
erfenis van(1,156)
en visser(1,156)
tot daden(1,152)
een avondje(1,117)
besteding van(1,156)
ernstige zaak(1,150)
hevig verzet(1,121)
conferentie in(1,147)
door jan(1,156)
88 86(1,128)
is gereed(2,156)
methoden van(1,129)
en tv(1,156)
te kweken(1,67)
de havenarbeiders(1,95)
extra geld(1,74)
commentaar van(1,100)
orders voor(1,155)
naar west(1,148)
vandaag de(5,112)
beslissing in(1,156)
gaf mij(1,155)
weer begonnen(1,126)
jean paul(1,152)
verhaal is(1,156)
recente foto(1,66)
wij kregen(2,136)
dit geeft(1,156)
een buitenkansje(1,131)
congres in(1,155)
japan heeft(1,143)
misschien toch(2,124)
nat cash(2,41)
twijfel bestaan(1,156)
een koopje(1,144)
traden op(1,146)
uiterst rechts(1,79)
langdurige onderhandelingen(1,146)
japanse regering(1,62)
van oude(1,156)
nu definitief(1,134)
verenigen met(1,71)
genoemd als(2,156)
verklaring over(1,144)
bijzondere commissie(2,154)
wat zijn(2,156)
bereidt zich(3,152)
de koster(1,155)
de eventuele(1,112)
toen niet(1,156)
92 90(2,127)
advocaat van(1,156)
zuid korea(1,54)
beschuldiging gesteld(1,152)
de mist(1,156)
reis om(1,155)
made in(1,134)
4,5 miljoen(1,40)
schoon schip(1,122)
van beers(3,153)
nederlandse leeuw(1,60)
deugt niet(1,139)
openbaar maken(1,155)
door hans(3,110)
lof en(1,155)
chase manh(31,14)
1,8 miljoen(1,40)
in florida(1,134)
onze economie(2,68)
geen verklaring(1,129)
42 40(1,142)
te trappen(1,133)
had niets(1,156)
vertel ik(1,120)
was bedoeld(1,139)
om nadere(1,156)
voor mezelf(1,98)
de populariteit(1,154)
mannen op(1,156)
later terug(4,153)
conclusies van(2,108)
telegrammen van(2,132)
76.00 76.00(1,27)
edo brandt(1,19)
om opheldering(1,148)
23 28(1,151)
alcan al(45,28)
verschaffen van(1,156)
te verenigen(1,72)
de vragen(1,156)
overhandigd aan(1,150)
belangrijk voor(1,156)
bij verkoop(1,156)
pac gas(2,46)
hebben veel(1,156)
un pac(1,68)
geworden over(1,156)
nieuws over(1,137)
pers heeft(2,146)
praten maar(1,130)
phelps dod(2,23)
publ serv(1,46)
jaar goed(2,151)
praat over(1,109)
alle lof(1,153)
45 43(2,136)
voordelig saldo(1,65)
100.000 dollar(5,90)
hoogst ernstige(1,137)
toestemming om(1,146)
zou nog(1,156)
henk hoekstra(1,43)
van ome(1,152)
er mag(1,154)
deze buitengewone(1,155)
frits van(3,116)
vervolging tegen(1,153)
onze verslaggevers(5,60)
nederland voor(1,156)
toe in(1,156)
zou weten(1,154)
het begon(1,149)
ashland oil(27,32)
verboden toegang(1,110)
terug uit(2,156)
geen verband(1,156)
gen mot(7,67)
van maarseveen(5,152)
op internationaal(1,109)
1,6 miljoen(1,40)
dollar voor(2,129)
januari 1976(2,26)
nieuwe voorzitter(1,122)
prins en(2,156)
de geur(1,143)
mei 1977(1,26)
19 10(5,154)
maakt geen(2,155)
87 85(1,122)
verblijfplaats van(1,155)
naar tokio(1,98)
11 16(1,156)
am can(48,69)
23 26(2,155)
door henk(2,76)
zeer betrouwbare(1,118)
en griekenland(1,155)
zeggen waar(1,148)
dreigen met(1,143)
maatregel genomen(1,156)
schakel in(1,136)
geen speciale(1,122)
partijen op(1,156)
een parlementaire(1,136)
un corp(1,33)
herstel in(3,155)
geschokt door(3,155)
britse leger(1,59)
wil nog(1,156)
mysterie van(1,106)
verleent aan(1,153)
onthullingen over(1,111)
over nederland(1,156)
het grijpen(1,129)
en vrijheid(1,156)
graag naar(1,108)
op slot(1,130)
overeenstemming over(1,109)
vermoeden van(1,156)
pressie op(2,136)
33 36(1,154)
de noordelijken(1,115)
18 15(1,151)
elseviers magazine(4,27)
kvp en(1,49)
man zou(3,156)
te nebben(1,156)
vast in(3,156)
sprak met(7,156)
pan am(2,50)
maandag op(2,156)
woorden uit(1,156)
start in(1,92)
lockheed aireraft(1,29)
stukken uit(2,156)
weer dicht(1,119)
de troon(1,156)
gevecht om(1,106)
klaar met(1,122)
van naters(1,84)
haag minister(1,56)
35 33(6,140)
krijgt nu(1,125)
nog moeten(1,156)
toevlucht te(1,129)
ter attentie(1,60)
geen slecht(1,129)
zichtbaar is(1,126)
akkoord over(1,43)
gevangen zitten(1,140)
japan is(1,148)
door herman(3,131)
ontvangst nam(1,121)
11 li(1,155)
all chem(28,36)
83 87(1,124)
verder door(1,156)
vrienden in(1,156)
de zakenwereld(1,90)
regering had(1,108)
verwarring en(1,156)
deden het(1,156)
andere keus(1,153)
naar da(1,155)
schaart zich(1,151)
gaat maar(1,153)
vs en(1,150)
delegatie uit(1,108)
12 nl(1,41)
en spanje(1,156)
te openbaren(1,155)
af als(1,156)
voorzichtig met(2,123)
ontkenning van(1,149)
wegens smaad(1,113)
curt wr(55,36)
koning klant(1,51)
houding in(1,155)
malaise in(1,126)
44 42(1,127)
80 78(1,125)
reageert op(1,92)
op nummer(1,121)
chessie syst(24,7)
deed ons(1,155)
groene licht(2,106)
japan naar(1,130)
geld meer(1,154)
acf ind(38,26)
19 23(1,155)
1,1 miljoen(1,40)
13 19(3,149)
55 53(2,134)
zich veel(1,156)
moet beslissen(1,154)
geen namen(2,134)
om onder(1,156)
zich zorgen(1,77)
president en(1,156)
en legt(1,156)
dollar in(1,127)
heeft betaald(1,155)
miljoen aan(3,70)
mag komen(1,149)
een onverwacht(1,155)
der lek(1,149)
le jeune(2,141)
gegevens uit(1,116)
koningin zal(2,155)
prime rate(2,28)
de suiker(1,156)
december 1976(1,23)
64 54(2,122)
zwijgen over(2,147)
25 10(7,155)
31 34(2,152)
col gas(33,38)
actief in(3,105)
in diskrediet(1,98)
89 87(1,116)
in los(1,110)
cons ed(33,37)
prinses armgard(1,41)
door louis(1,148)
zij later(1,156)
brief naar(1,153)
stukken voor(1,156)
harrie cremers(1,26)
kan bewijzen(1,155)
stukken aan(1,155)
later iets(1,148)
33 31(1,140)
sociaaldemocratische partij(1,107)
geen uitzicht(1,127)
gast bij(2,117)
marine is(1,156)
47 45(1,131)
wordt duidelijk(1,147)
phillips pet(2,18)
53 63(1,126)
zijn pensioen(1,156)
houdt vast(1,136)
stuit op(1,140)
nieuw stadium(1,103)
mei 1962(1,39)
wat anderen(4,149)
geheime diensten(1,72)
56 66(1,134)
zijn advocaat(1,138)
irak en(1,79)
begonnen de(1,156)
190 189(1,107)
toledo fd(1,15)
kopen bij(2,62)
de deugd(1,155)
stukken te(1,156)
93 90(1,121)
aankopen van(1,62)
zeer kalme(1,145)
mensen over(1,64)
tien mille(1,118)
maakte van(1,156)
dart ind(30,12)
amf ine(29,16)
30 20(1,154)
nieuwe revu(1,29)
even slecht(1,146)
en marine(1,156)
in opschudding(1,152)
21 cent(1,130)
knellende banden(1,143)
bewapening en(1,119)
stukken zijn(1,156)
in davos(2,102)
yorkse beurs(4,46)
internationale pers(2,95)
hoofdofficier van(1,134)
125 123(2,101)
philip morr(2,12)
functie neer(1,96)
door drs(2,84)
heeft recht(1,127)
verschijnsel van(1,153)
pvda ppr(1,22)
werd gedwongen(1,137)
10 22(1,153)
twee nederlanders(1,118)
van werktuigen(1,152)
10 el(4,145)
hoge ambtenaren(1,61)
46 44(2,127)
tel tel(4,82)
passages uit(1,117)
alle functies(2,89)
bank in(1,156)
heeft alle(1,156)
kunnen concurreren(1,90)
economie van(1,114)
hetze tegen(1,84)
28 26(1,143)
kamerdebat over(1,85)
concurreren met(1,80)
valse naam(1,59)
57 67(1,122)
70 miljoen(1,49)
59 57(2,119)
bayuk cig(9,23)
moeten toezien(1,136)
nederland moet(1,154)
haag de(1,131)
leiden naar(1,152)
armco st(29,25)
november 1973(1,26)
24 min(2,123)
22 10(4,154)
34 98(1,80)
luchtmacht in(1,75)
de order(1,156)
nieuwe parlement(1,133)
franse film(1,57)
57 55(3,122)
niet gepubliceerd(1,126)
de sunday(1,104)
kabinet wil(1,114)
40 38(1,140)
land uit(1,156)
niet bereikbaar(1,128)
21 10(2,153)
bemiddeling bij(1,102)
genoemd is(1,156)
nat can(2,34)
onder ede(1,128)
en socialisten(1,131)
noodzakelijk voor(1,156)
goede start(1,75)
104 102(1,107)
ons parlement(1,137)
ontvangst in(1,156)
graag aan(1,106)
350 miljoen(1,42)
in hongkong(1,120)
82 85(2,137)
zaken over(1,156)
nieuw voedsel(1,154)
97 93(1,112)
am motors(39,33)
cont can(34,45)
ploeg te(2,153)
138 136(1,93)
landmacht in(1,131)
38 41(1,151)
het geheime(2,156)
geheime stukken(1,125)
wie was(1,156)
contact onderhouden(1,72)
order van(1,156)
wist niets(1,131)
gebruikt door(1,156)
zeer rijke(1,155)
van strauss(1,146)
ons recht(1,130)
cont oil(29,48)
voor onderzoek(2,130)
week zeer(1,155)
56 54(2,129)
betalingen aan(3,148)
zoekt nog(1,127)
nat tea(5,23)
grote beroering(1,60)
naar nieuwe(1,156)
voorbeeld gesteld(1,136)
washington en(2,154)
van bedrijven(1,131)
met olie(1,155)
directeur ir(1,82)
als inspecteur(4,146)
mr smit(1,149)
54 52(3,128)
op tv(2,104)
am tel(42,90)
herman wigbold(3,35)
woedend op(1,138)
bekend hoe(1,156)
25 23(2,150)
37 33(1,139)
letterlijke tekst(2,76)
van corruptie(2,99)
bedreigd met(1,156)
krijgt van(1,140)
huiszoeking in(1,143)
winst uit(1,125)
am home(44,32)
lang bekend(1,155)
bethl st(29,49)
de doofpot(2,109)
vliegtuig in(1,86)
aanslag is(1,155)
spreekt in(1,156)
37 35(1,137)
goederen van(1,156)
militaire en(1,156)
buitenlandse pers(1,61)
groot onrecht(1,122)
en democratie(1,105)
worst en(1,153)
het perspectief(1,115)
opheldering over(2,132)
carling o'k(23,7)
grote druk(1,59)
af in(1,156)
verdachte in(1,117)
japanse premier(4,54)
en t.v(1,49)
gegevens voor(2,132)
sprak in(1,156)
colt ind(35,20)
68 58(1,109)
luchtmacht en(1,74)
onderwerpen als(1,155)
hun baan(1,86)
storm in(1,156)
en vriend(1,156)
gebeurtenissen uit(1,153)
rechtstreeks op(1,127)
democratie is(1,123)
waarschijnlijk met(1,156)
de voorlichtingsdienst(1,80)
multinationale ondernemingen(1,25)
nu alle(1,156)
veel interesse(1,80)
vernietigend oordeel(2,94)
van amerikaanse(1,92)
inzien hoe(1,149)
kijken in(2,112)
mea culpa(1,92)
nieuwe linie(2,62)
zeer vaag(1,115)
900 miljoen(1,42)
inzage in(1,156)
geen stappen(1,123)
februari 1976(1,25)
li 11(1,155)
president ford(2,15)
of nee(1,95)
nieuwe orders(1,122)
oefenen in(1,156)
canadese fondsen(43,25)
ampco pitt(30,7)
minister antwoordt(1,128)
dollar op(1,108)
krijgt ook(1,122)
hoofdstuk van(1,156)
ppr en(1,27)
felle protesten(1,71)
geld over(1,143)
op goederen(1,155)
lawine van(2,97)
licht komen(1,155)
worden nog(1,156)
zich wat(1,156)
in nigeria(1,78)
dat prins(3,155)
washington president(1,68)
coalitie met(1,104)
medewerking toe(1,107)
10 21(1,155)
toezien op(1,144)
beursredacteur new(1,19)
commissie had(1,155)
voor radio(1,78)
willen horen(1,60)
voor japan(1,141)
rechts op(1,121)
kamerlid van(1,116)
vrij op(2,153)
juiste keuze(1,104)
de korrel(1,146)
niet zichtbaar(1,123)
genoemd in(5,155)
echt goed(1,80)
bij kleine(2,156)
ons staatsbestel(1,74)
vuurwerk op(1,150)
steel 43(1,45)
marx en(1,113)
in colombia(1,67)
84 87(3,134)
verklaringen over(1,128)
and for(1,122)
brief over(1,156)
80 89(1,117)
blijft hier(1,155)
en leg(1,136)
oud minister(4,155)
laan en(5,155)
mr kist(1,133)
32 82(1,103)
33 39(1,145)
duitse en(1,88)
partijbestuur van(2,89)
werktuigen voor(1,150)
onderzoek worden(1,155)
onvertogen woord(1,95)
atl richf(26,19)
en persoonlijke(1,156)
zaak uit(1,156)
corruptie en(2,97)
nederland betreft(1,144)
amerikaanse senator(1,51)
stukken op(1,156)
werkzaamheden begonnen(1,144)
de zwijgende(1,128)
zijn kritiek(2,98)
kregen geen(2,114)
dicht tegen(1,113)
19 13(1,132)
gaan zei(1,117)
met robert(1,98)
gaat bij(1,156)
eastern air(26,23)
liet niets(1,155)
namen in(2,156)
compensatie van(1,121)
87 97(1,114)
epe int(26,14)
verder omhoog(1,91)
voelt niets(1,90)
leden kunnen(1,155)
fel omstreden(1,66)
onrecht aangedaan(1,109)
medewerking bij(2,149)
wiek geschoten(2,88)
vandaag voor(1,112)
nodig geweest(1,62)
gen el(6,62)
steel 42(1,43)
felle concurrentie(1,93)
lockheed aircraft(1,24)
voedsel aan(1,155)
zijn alleen(1,156)
25.000 dollar(4,79)
leven door(2,156)
amerikaanse journalist(1,56)
lek in(1,155)
10 19(2,154)
bepaalt zelf(1,61)
op prinsjesdag(1,60)
aanklacht in(1,125)
defensie in(1,131)
op televisie(1,44)
weigert te(1,151)
hier ging(1,126)
16 jarige(1,116)
heeft vele(1,156)
bestaan over(1,152)
in herstel(4,85)
atlantic richfield(1,25)
union o.c(1,8)
officieel onderzoek(1,132)
amerikaanse pers(1,61)
japan in(5,145)
vliegtuig met(1,86)
stukken over(1,156)
spreekt met(2,156)
proces in(1,152)
is onzeker(1,156)
van sydney(1,150)
voorlichtingsdienst van(1,77)
een rolletje(1,124)
27 25(1,147)
harddraverij en(1,148)
steel 44(1,44)
verschuivingen in(1,83)
vragen op(2,156)
speculaties over(1,62)
46 40(1,132)
am cyan(41,33)
treedt af(4,140)
actuele onderwerpen(1,53)
anderen over(1,156)
dr holtrop(5,40)
boek geeft(1,106)
met oranje(1,146)
tot dag(1,156)
philips gl(1,34)
gelijk recht(1,105)
meer gegevens(3,113)
21 19(1,137)
mark aan(1,120)
266 266(1,70)
general dynamics(5,39)
eerder veroordeeld(1,95)
verslaggevers het(1,53)
gevangenen uit(1,150)
blijft als(1,156)
krijgt in(2,130)
amerikaanse fondsen(1,43)
stapelen zich(1,97)
zij blijft(1,156)
naam noemen(1,137)
wil praten(3,81)
geld besteed(1,135)
33 am(28,82)
106 103(1,91)
western un(1,14)
york stock(23,36)
topman van(1,34)
door piet(2,112)
zwitserse regering(3,60)
deze order(1,129)
van vrijheid(1,156)
mag een(1,156)
36 am(21,70)
beschuldigingen aan(1,111)
papieren van(1,155)
met nederland(1,156)
als nederland(2,155)
kan aantonen(1,57)
dollar hoger(1,46)
onderzoek aan(2,156)
christen democraten(2,68)
in tokyo(1,70)
aan egypte(1,119)
38 am(9,72)
met stemmen(1,152)
politieke invloed(1,103)
de dochters(1,154)
19 16(1,137)
boter op(1,149)
nat dist(4,40)
niet blij(2,113)
un brands(1,19)
geen bewijzen(2,136)
betalingen in(1,152)
37 am(17,75)
onze volksvertegenwoordiging(1,128)
zelfmoord plegen(1,99)
26 10(7,150)
blijft aandringen(1,141)
een subcommissie(1,111)
lambert van(3,133)
33 30(1,144)
binnen 30(1,145)
en fred(1,112)
leverden geen(1,133)
nieuwe druk(1,150)
un techn(1,14)
door johan(1,139)
geld ontvangen(2,153)
onder valse(1,61)
italiaanse premier(3,50)
wijze mannen(2,102)
van leerkrachten(1,98)
westduitse ambassade(1,36)
zijn functies(1,97)
69 89(1,107)
publiciteit rond(1,35)
fractie heeft(1,93)
zwijgende meerderheid(1,26)
diplomatieke activiteit(1,57)
drs den(5,55)
slechts zijdelings(1,110)
waar zit(1,121)
amerikaanse bedrijven(1,48)
terug als(2,153)
rendez vous(1,81)
13 am(4,88)
beide limburgen(1,44)
naar bonn(1,112)
zouden niet(1,156)
moet aftreden(1,151)
amf inc(7,11)
debat met(2,132)
maakte voor(1,154)
34 am(22,81)
voormalig verzet(1,47)
commissie wil(1,142)
verkeerde conclusies(1,88)
19 40(1,136)
v.d poel(1,72)
niet wijzer(1,140)
verder uiteen(2,113)
nare dingen(2,85)
kabinet moet(1,138)
nat res(30,20)
nieuwe gegevens(1,105)
door fred(1,99)
helemaal tevreden(1,49)
strafrechtelijk onderzoek(2,59)
engeland om(1,155)
van doctor(1,155)
kan veel(1,152)
henk terlingen(1,26)
43 am(1,74)
van geheime(1,156)
regering stelt(2,90)
zich horen(1,61)
onze naam(1,120)
zij eisten(1,58)
amerikaans vliegtuig(1,50)
woont thans(1,133)
de ethiek(1,99)
stort zich(2,131)
421 42(1,101)
20 pnt(1,70)
14 25(1,151)
eerste gesprek(1,86)
door winstnemingen(2,90)
aan buitenlanders(1,128)
niet wezenlijk(1,116)
geen vervolging(2,120)
26 24(1,137)
geen betaling(1,136)
komst naar(1,113)
bernhard en(2,118)
subcommissie van(1,127)
waarheid over(2,124)
vrijspraak voor(1,117)
hoort niet(1,136)
het verder(1,156)
zijn afgerond(1,53)
221 22(1,115)
23 231(2,115)
als degene(1,123)
speciaal vliegtuig(1,67)
19 191(1,119)
echtpaar uit(1,107)
weer bezig(1,117)
steel 47(2,46)
29 39(1,116)
texas ut(1,17)
borgtocht van(1,115)
zij woont(1,123)
helden en(1,146)
robert wagner(1,50)
twintigtal personen(1,118)
bereid aan(1,151)
flauw op(1,110)
betrokken zou(1,122)
sankt moritz(2,42)
eastm kod(28,24)
wapen en(1,156)
geert jan(10,85)
41 am(12,80)
blad le(1,154)
the u.s(1,44)
wil met(1,156)
uitgevonden en(1,155)
niet was(1,156)
te lichtvaardig(1,121)
volgen procedure(1,77)
89 86(1,98)
nieuwe revue(1,98)
gen cable(4,19)
emigranten uit(1,126)
zwijgt over(1,120)
niet praten(1,114)
weer actief(2,86)
hadden niets(2,149)
22 miljoen(1,44)
leed van(1,152)
van werkspoor(3,71)
wat nederland(1,154)
maar beslist(1,115)
26 36(1,135)
comm sat(27,14)
is uitgevonden(1,150)
nederland mag(1,144)
39 am(16,72)
geen opheldering(1,120)
hield stand(3,122)
100 punten(1,106)
fors omhoog(1,32)
van stof(1,155)
inzicht geven(1,94)
28 10(8,153)
geding gebracht(1,89)
amerikaanse commissie(1,48)
op instorten(1,97)
geeft je(1,103)
de keiharde(1,70)
gaan samen(1,106)
in bern(1,146)
corruptie in(2,99)
affaire wordt(1,122)
niets zegt(1,134)
willen ook(1,155)
144 148(1,88)
bij fred(1,72)
21 am(9,85)
z'n kop(1,69)
betaald aan(1,156)
duistere praktijken(1,68)
weduwen van(1,154)
geven geen(1,150)
28 am(2,80)
steel 45(1,44)
volgens zegslieden(1,49)
betreft geen(1,145)
en beroofd(1,150)
groningse hoogleraar(1,43)
321 32(1,96)
ontmoeting op(1,136)
42 am(14,78)
minst slechte(1,88)
en bedrijfsleven(1,83)
een luxueus(1,82)
met namen(1,156)
eigen streek(1,82)
in opmars(2,52)
interessant boek(1,106)
131 13(1,113)
speciaal fonds(2,97)
de starfighter(1,35)
reliance gr(1,7)
en politici(1,103)
verhaal in(1,153)
commissie moet(1,153)
van steekpenningen(3,67)
spionage voor(1,42)
york woensdag(1,32)
japanse hoofdstad(1,50)
in debat(2,128)
teengs gerritsen(7,23)
klant van(1,109)
weer vast(2,121)
aan prins(2,155)
17 am(1,82)
kamer nog(1,155)
nieuwe directie(1,135)
laster tegen(1,138)
is woedend(1,134)
onderzoek bij(2,156)
18 am(1,79)
meest op(1,156)
orders in(1,150)
vuile was(1,59)
lager in(2,156)
steel 32(1,43)
stoel met(1,147)
stappen tegen(1,87)
villa van(1,143)
het werkstuk(1,84)
25 34(1,140)
voor z'n(1,89)
links de(1,138)
32 am(8,76)
23 am(40,81)
verdrag over(1,123)
gistermiddag met(1,112)
nederlanders niet(1,147)
als tussenpersoon(2,58)
maar werd(1,156)
vertrouweling van(1,131)
10 26(4,149)
dollar heeft(1,95)
zit geen(1,111)
40 am(10,87)
klachten tegen(1,124)
huid te(1,149)
31 am(4,86)
snel over(1,123)
zelf uitmaken(1,94)
11 am(5,122)
14 am(6,82)
rechts in(1,121)
27 am(30,77)
boven dit(1,153)
minister visser(1,14)
vorstin en(1,146)
niet nagaan(1,139)
beroep in(1,156)
de trom(1,151)
regering blijft(1,87)
29 10(2,151)
department of(1,91)
te dure(1,114)
parlementair onderzoek(3,99)
stoel in(1,155)
fair child(5,5)
kabinet had(1,153)
29 procent(1,61)
10 am(1,104)
agent in(1,156)
verliest het(1,150)
progressieve krachten(1,47)
commissie kan(1,153)
buren van(1,155)
documenten in(2,134)
vroegere premier(1,82)
zaak gaat(2,133)
geen actie(1,103)
22 am(14,84)
hoe werkt(1,101)
19 am(6,82)
vakantie voor(1,51)
doofpot te(1,112)
aireraft corp(1,19)
union el(1,13)
35 am(27,76)
vaker in(1,91)
opheldering in(1,99)
en vice(1,150)
blijft erbij(1,72)
verontschuldigt zich(1,106)
korrel genomen(1,51)
27 10(7,148)
meer belasting(1,134)
een triest(1,85)
iets omhoog(1,92)
weinig materiaal(1,92)
in financieel(1,116)
met ontslag(1,141)
van fokker(1,97)
koersen in(1,134)
ben alleen(1,127)
york zaterdag(1,34)
de zondebok(2,118)
onafhankelijke commissie(2,56)
tweede reis(1,148)
wet tegen(1,154)
premier den(2,85)
is gescheiden(1,153)
nu zeer(1,156)
door bert(4,72)
voor bemiddeling(1,88)
royaal met(1,103)
perspectief van(1,100)
amerikaanse blad(1,53)
van hercules(1,122)
verdere acties(1,55)
volgens amerikaanse(1,59)
te annuleren(1,51)
zei premier(1,47)
niet afgerond(1,40)
betaald zou(1,140)
oil pr(1,11)
gestort op(1,125)
steekt zijn(1,111)
enig geld(1,90)
gesprekken in(1,154)
gaf opdracht(1,77)
preek over(1,112)
passages in(1,113)
12 am(23,90)
waarheid zal(1,155)
die verklaringen(1,151)
gekomen welke(1,145)
toestemming nodig(1,53)
verweert zich(1,93)
dat bedrijf(1,154)
fonds in(1,156)
de getuigenissen(1,156)
stemming bij(2,155)
moet op(1,156)
met prins(5,156)
stijgt met(1,108)
vliegt de(1,125)
26 am(20,80)
te traag(1,127)
nl ind(7,10)
atl richt(2,25)
gaat studeren(1,47)
kabinet onder(1,141)
30.000 dollar(1,71)
buigen zich(1,108)
gegevens ter(1,112)
opschudding in(3,148)
wereld natuurfonds(3,29)
materiaal van(1,121)
tegenstellingen binnen(1,63)
hans de(1,143)
philip mok(1,25)
gift voor(1,148)
26 37(1,119)
24 am(9,79)
intriges en(1,118)
zijn talloze(1,58)
eis tegen(1,59)
terug zonder(1,150)
gaan instellen(1,104)
zelf haar(1,137)
holland wordt(1,155)
doet in(1,156)
geen onvertogen(1,76)
doorgaans zeer(1,135)
dit uiterst(1,133)
rechts is(1,113)
eisen en(3,133)
54 34(1,90)
om informatie(1,95)
718100 toestel(1,6)
commissie geen(1,148)
burl ind(28,21)
italiaanse parlement(1,50)
zegslieden in(1,51)
bekende naam(1,97)
kabinetscrisis in(1,95)
diskrediet te(1,64)
van internationaal(1,143)
vs hebben(1,45)
van 1960(1,57)
klaarheid brengen(1,88)
beierse csu(1,31)
eerder afgelegde(1,64)
rembrandt en(1,129)
ontsnapte gevangenen(1,70)
aantal documenten(1,91)
34 nat(1,71)
57 54(1,102)
stemt in(3,151)
alleen bezig(1,140)
251 25(1,103)
33 int(1,67)
koffer vol(1,80)
op steun(1,120)
grote verschuivingen(1,49)
geen strafvervolging(2,81)
materiaal over(1,90)
stukje in(1,148)
geen onderzoek(1,155)
in onderzoek(8,147)
tweede brief(1,147)
65 56(1,111)
prof mr(1,108)
doeke vaartjes(1,17)
rumoer rond(1,52)
een borgtocht(1,107)
vertel het(1,112)
en moraal(2,107)
werkstuk van(1,84)
rapport zou(1,140)
brug komen(1,105)
niet relevant(1,36)
klm naar(1,54)
ook actief(1,85)
nieuwe onthullingen(1,91)
stopt met(1,57)
inspecteur generaal(7,109)
4000 per(1,127)
drie wijzen(1,107)
wil meer(2,138)
algemene regel(2,58)
carter en(1,90)
met 25.000(1,99)
louis velleman(2,33)
25 am(30,89)
stan huygens(7,28)
van openbaar(1,156)
minister kissinger(1,8)
besproken in(1,142)
niet betrokken(2,149)
geen redelijk(1,120)
mr donner(1,50)
en z'n(1,93)
amerikaanse senatoren(1,46)
geringste twijfel(1,76)
ashland ou(4,12)
st ine(29,10)
vice premier(2,53)
agt justitie(1,7)
beschuldigingen over(1,86)
over zicht(4,104)
voor overleg(1,95)
na 23(1,126)
reizen van(1,156)
gods toorn(1,76)
schrijvende pers(1,34)
politie gaat(1,98)
263 266(1,56)
kosten betalen(1,115)
onderzoek tegen(2,149)
van hillo(3,30)
en corruptie(1,91)
10 28(5,148)
speelde zij(1,119)
regering erkent(1,83)
39 59(1,98)
prins heeft(1,156)
23 nat(2,64)
gas terug(1,28)
door nico(6,82)
ernstig verzwakt(1,75)
vliegtuigen aan(1,85)
op onderzoek(2,131)
geen akkoord(1,44)
terecht zijn(1,116)
figuur met(1,119)
en oplichting(1,112)
moeten zwijgen(1,128)
niels van(1,108)
franse blad(1,56)
kamerleden van(1,114)
vluchten in(1,115)
konden toch(1,125)
een pension(1,109)
biedt ons(1,130)
12 amst(28,97)
door frits(1,100)
asiel in(1,40)
15 am(2,81)
states and(1,65)
arrestatie in(1,127)
de schandalen(2,130)
zaak wil(1,149)
geheim dossier(1,28)
wolken van(1,145)
laatste schakel(1,88)
uit 1960(1,35)
alle blaam(1,94)
doorgeschoven naar(1,30)
fractie hoger(2,47)
bernhard is(2,64)
van 1968(1,39)
schandaal in(3,115)
hij liegt(1,100)
aan irak(1,57)
onverminderd voortgezet(1,62)
360 miljoen(1,40)
werd weggehaald(1,99)
am brands(36,26)
in openbaar(1,156)
interne conflicten(1,41)
grotere omzet(1,48)
rust door(1,154)
weer lager(1,122)
de nerveuze(1,85)
en japanse(18,66)
gulden mee(1,91)
tot spreken(1,154)
27 int(1,65)
flor pow(6,12)
nooit enig(1,66)
een beerput(2,97)
cremers telefoon(1,8)
jaren belangrijk(1,114)
197 19(2,78)
bij grotere(1,55)
de industrieel(1,136)
ambtelijk onderzoek(1,50)
niet besproken(1,135)
wellicht binnenkort(1,94)
anderen er(4,152)
general tire(1,26)
10 27(4,152)
gebeurde omstreeks(5,64)
beurs niet(2,154)
31 int(1,67)
with us(2,46)
verrassingen in(1,100)
anaconda 23(2,16)
door martin(2,114)
weer uitgesteld(1,100)
all pow(34,22)
had drie(1,152)
33 53(1,92)
met tegels(1,99)
mag in(1,156)
32 int(3,67)
each other(1,34)
34 25(1,130)
in geding(1,100)
bert stoop(7,24)
moest terug(1,118)
binnenland buitenland(1,38)
week over(4,150)
schuiven op(1,114)
was besproken(1,134)
hartelijk om(1,119)
oil 33(2,43)
dokumentaire over(1,26)
am motor(5,31)
13 nat(2,61)
sprak niet(1,147)
arrestaties in(5,89)
33 25(1,129)
amerika over(1,146)
28 int(3,66)
32 52(1,99)
miljoen op(1,55)
buitenlandse kranten(1,51)
navo is(1,44)
onderzoek nodig(1,52)
weken bezig(1,99)
north ill(1,5)
254 257(1,51)
voor toezicht(1,119)
struikelt over(1,81)
kweken voor(1,51)
kritisch onderzoek(1,70)
veel blijken(1,125)
oorlogsmisdadigers die(1,53)
indonesische aandelen(14,18)
nederland krijgt(1,78)
geen verhaal(1,117)
memorandum over(1,76)
vertraging bij(1,109)
italiaanse president(1,47)
237 23(1,69)
stand br(1,85)
gen food(6,24)
en claus(1,84)
applaus voor(1,100)
henk de(2,78)
26 int(1,63)
excuses voor(1,81)
ver terug(1,100)
wisselkoersen new(11,28)
loopt kans(1,91)
ill centr(2,11)
justitie verklaarde(1,121)
hoe vertel(1,39)
157 15(1,82)
ferry hoogendijk(1,23)
opzet of(1,125)
de kernvraag(1,64)
mensen praten(1,50)
papieren voor(2,149)
wat omhoog(2,90)
japanse autoriteiten(1,55)
beurs blijft(1,101)
regering naar(2,100)
en eer(1,156)
doctor who(1,12)
likely to(1,32)
van schuld(1,156)
oil 34(4,46)
58 jarige(1,73)
leuzen tegen(1,56)
shell en(1,85)
37 57(2,93)
kaarten liggen(1,92)
appartement aan(1,33)
eerst bijeen(1,87)
bernhard in(4,72)
thriller met(1,52)
bekeerd tot(1,100)
gezin door(1,152)
20 207(1,80)
ziet af(2,119)
van koper(1,155)
door jacques(2,101)
campagne op(1,110)
blijven zei(1,98)
21 nat(1,62)
greyhound 14(4,15)
de malle(1,117)
ze mijn(1,115)
meer materiaal(1,91)
luxueus appartement(1,30)
nat gyps(3,21)
zwendel met(1,78)
oil 38(2,44)
vliegtuigen voor(1,85)
document over(1,74)
democratische kandidatuur(1,24)
legt zijn(1,121)
hielp bij(1,101)
verwacht geen(2,126)
beschikt nog(1,96)
andere duistere(1,74)
voor nader(1,144)
gen tel(7,56)
onderzoek geen(1,139)
beweringen in(1,128)
premier tanaka(7,11)
44 nat(2,56)
zijn praatstoel(1,75)
regering geeft(1,86)
naar eventuele(1,52)
wiegel vvd(1,17)
communisten willen(1,64)
terugtreden van(1,96)
38 58(1,80)
cpc int(3,12)
33 gen(2,50)
affaire van(3,156)
16 nat(2,54)
min dollar(1,30)
fors lager(1,28)
29 19(1,114)
toestel 239(1,14)
eerherstel van(1,90)
maanden nodig(1,58)
niet vasthouden(1,99)
ontslag in(1,156)
oostenrijkse televisie(1,35)
wel langer(1,125)
geruchten rond(1,87)
bern zwitserland(1,57)
regering neemt(1,85)
gas 23(2,36)
journalistiek en(1,110)
van 1974(2,30)
24 24v(2,56)
35 nat(1,59)
ook betrokken(1,107)
totalitaire regimes(1,29)
in sankt(1,54)
intern onderzoek(1,32)
wall streel(3,37)
moest later(1,104)
begon bij(1,137)
mariano rumor(1,9)
maar geld(1,137)
beschuldigingen in(2,142)
werk geven(1,133)
zal graag(1,79)
380 miljoen(1,39)
oil 35(7,42)
man leefde(1,88)
geld kreeg(1,106)
47 nat(1,52)
oil 36(2,39)
trouble with(1,27)
actief bij(1,78)
amerikaanse vliegtuigfabriek(1,31)
34 gen(1,52)
amerikaanse aandelen(3,50)
zeer fors(1,43)
later vast(1,124)
ontsnappen door(1,116)
43 anaconda(1,33)
bild zeitung(1,33)
el pow(30,17)
zaak menten(2,10)
31 31v(1,51)
studeren op(1,52)
japan als(1,114)
23 23v(1,58)
verklaarde gistermiddag(1,47)
am broadc(37,17)
zweedse koning(1,49)
rel rond(1,33)
kandidatenlijst van(1,43)
passiviteit van(1,65)
japanse indonesische(15,9)
persoonlijke verplichtingen(1,45)
deining in(1,88)
over naar(1,155)
15 union(1,42)
henk ten(1,41)
van 1976(1,31)
president directeur(2,92)
amerika bereid(1,67)
justitie over(1,150)
orders zijn(1,147)
pleiter voor(1,111)
oil 28(1,34)
washington the(1,21)
spanje in(1,156)
three weeks(1,36)
327 32(1,56)
oil 37(8,40)
10 amst(2,111)
speculaties in(1,99)
anaconda 26(1,15)
in oprichting(1,90)
japan wil(1,82)
hun rivalen(1,58)
19 kennecott(3,19)
trouwde zij(1,84)
10 ad(1,68)
aan steekpenningen(2,50)
weinig speelruimte(1,40)
drie modellen(1,76)
getuigen in(1,156)
oil 27(5,33)
maandag naar(1,156)
bij prof(1,136)
douglas en(1,117)
de schoolkrant(1,45)
miljoen en(1,73)
zitten bij(1,122)
beur van(2,94)
er kon(1,156)
instellen om(1,107)
en klm(1,50)
helmuth schmidt(1,19)
ernstigste crisis(1,46)
anaconda 24(8,15)
trok weer(1,98)
fors in(1,41)
procent heeft(1,80)
an agreement(1,27)
18 kennecott(1,23)
tot omkoping(1,40)
economische stagnatie(2,35)
287 28(1,54)
to improve(1,35)
10 29(2,143)
46 nat(1,50)
krachten nodig(1,55)
32 south(1,47)
aardbevingen en(1,114)
en strauss(1,112)
schenking aan(1,88)
gefotografeerd tijdens(1,40)
rijk door(1,155)
37 gen(1,55)
377 37(1,52)
goede steun(1,79)
document in(1,123)
en pauline(2,127)
ashland 01l(2,13)
oil 26(23,34)
183 18(1,77)
cont tel(33,19)
adviseerde hij(1,79)
30 gen(4,71)
eastem air(2,7)
de weekbladen(1,105)
neem die(1,119)
klm in(1,56)
the agreement(1,29)
onrust bij(1,104)
31 12(1,128)
24 el(1,108)
aandelen enz(14,19)
uitwas van(1,84)
gesjoemel met(1,19)
twee hoge(2,54)
anaconda 25(2,18)
53 un(1,53)
voor geheime(1,145)
order te(1,154)
ik aanvaard(1,118)
31v 31(1,45)
verblijft op(1,71)
uyl wil(1,22)
89,00 88.00(1,17)
op oorlogspad(1,62)
politieke inmenging(1,60)
menten en(1,110)
formeel in(1,115)
oil 23(1,30)
niets ontvangen(1,137)
30 49(1,101)
verder terrein(1,63)
functies neer(3,58)
anaconda 17(1,17)
beleid bij(1,119)
37 chrysler(5,32)
28 getty(1,12)
twee kamerleden(1,75)
mensen door(1,80)
44 anaconda(7,29)
tegen andere(1,155)
weggehaald uit(1,82)
agt en(1,40)
bernhard op(1,57)
afleggen voor(1,127)
22 int(5,59)
failliet te(1,110)
23 au(1,99)
dubbelganger van(1,80)
vandaag start(1,34)
over nieuwe(1,149)
haar werkwijze(1,71)
walm van(1,99)
brandt in(1,120)
aly knol(1,21)
fors terug(2,29)
tegen corruptie(1,61)
boek maar(1,122)
33 15(1,121)
doden bij(1,55)
interne machtsstrijd(1,29)
van japanse(1,63)
lehman 10(1,6)
27 greyhound(4,14)
42 31(2,86)
kamerleden in(4,116)
nog zeker(1,125)
toch kans(1,97)
27 cont(3,30)
am nat(36,19)
rien robijns(10,18)
besmet door(1,98)
telefoon 718100(1,4)
frank church(5,15)
redelijk vermoeden(1,41)
uitgezocht door(1,88)
beslist op(1,140)
ig farben(1,24)
eisten een(1,54)
worden geloofd(1,87)
flauw in(1,122)
piet heil(2,30)
anaconda 19(2,17)
bijzonder vreemd(1,75)
gaf toestemming(1,78)
niet staken(1,109)
anaconda 27(1,16)
times over(1,125)
oil 24(1,32)
10 all(1,120)
en anti(1,123)
oil 20(1,34)
bank zou(1,146)
op na(1,156)
hoogleraar staatsrecht(1,17)
the department(1,41)
meer van(1,156)
commissie houdt(1,115)
eendracht in(1,124)
zoek contact(1,35)
4000 dollar(1,58)
dwingende reden(1,47)
38 chrysler(1,31)
concerns en(1,66)
rijke zakenman(1,35)
van progressieve(1,83)
anaconda 28(3,17)
39 chrysler(2,26)
commissie gaat(2,110)
29 getty(3,11)
28 au(2,102)
kamerlid dat(1,105)
vs heeft(1,47)
en chantage(1,72)
36 chrysler(12,33)
of justice(1,67)
47 anaconda(2,28)
ook goede(1,156)
klm zal(1,49)
verantwoordelijkheid in(1,153)
beschuldiging in(1,154)
43 54(1,85)
oil 22(1,29)
johan olde(1,9)
voor vertrek(1,127)
bavuk cig(1,11)
kennecott 27(3,17)
welkom voor(1,88)
oil 19(2,29)
28 cont(5,27)
de praatstoel(1,29)
afzijdig van(1,77)
bernhard een(1,64)
30 30v(1,41)
20 amst(1,97)
kamer akkoord(1,37)
27 gen(1,56)
krijgen alle(1,98)
donner en(5,99)
de vrijstaat(1,113)
regering laat(1,81)
ministers op(1,155)
22 au(1,96)
olies en(1,66)
bij defensie(1,50)
hard oordeel(1,84)
13 au(1,101)
benoemd voor(1,156)
italiaanse luchtmacht(1,30)
15 15v(1,43)
29 cont(16,20)
oppositie wil(1,82)
openhartige gesprekken(2,25)
ondanks hevig(1,53)
omstreeks 1960(3,40)
prins had(2,145)
nog zoek(1,109)
belemmerd in(1,133)
prins werd(2,147)
steekpenningen te(1,56)
kraftco 44(2,9)
27 au(2,94)
aan bonn(2,48)
1961 een(1,38)
can pae(3,24)
aircraft corporation(1,22)
uyl had(1,27)
nou sil(1,32)
45 anaconda(12,27)
30 cont(7,50)
juliana werd(1,77)
for holland(1,50)
ongelooflijke staaltjes(1,26)
201 21(1,62)
46 anaconda(1,25)
geen gouden(1,119)
corporation in(1,92)
jack anderson(3,14)
33 52(1,82)
brak met(1,121)
z'n raap(1,19)
door henny(1,62)
verhoor in(1,132)
32 53(1,79)
amerikaanse bronnen(1,39)
lehman 11(2,8)
blad newsweek(1,30)
gooien naar(1,88)
juliana regina(1,24)
67 int(1,51)
slot in(1,156)
am el(36,54)
dollar hebben(1,81)
iets omlaag(1,53)
drie oorlogsmisdadigers(1,14)
italiaanse krant(1,30)
oil 67(1,29)
48 anaconda(9,27)
japanse luchtvaartmaatschappij(1,22)
18 au(1,105)
act ind(3,23)
parlement wil(1,79)
35 chrysler(5,34)
bernhard was(1,59)
leefde onder(1,88)
403 40(1,51)
insilco 13(2,7)
oil 66(1,28)
amerikaanse rechter(1,38)
27 cons(11,39)
grace 27(5,11)
19 au(3,104)
st 30(4,128)
55 25(1,126)
kraftco 45(2,8)
hoger wall(1,21)
van belastingontduiking(1,58)
eigen huid(1,86)
26v 26(2,36)
texaco 27(1,8)
1414 14(1,37)
am cvan(2,17)
ook amerika(1,114)
fruehauf 26(4,14)
1,1 min(1,26)
gen publ(7,16)
53 34(1,67)
32 texaco(1,17)
control dat(1,11)
zaak mag(1,127)
belangrijkste passages(2,37)
30 303(1,65)
vliegtuig niet(1,84)
zijn netten(1,116)
36 cont(5,27)
lid blijven(1,92)
verslaggever bert(3,22)
en premier(1,107)
vs willen(3,38)
heer teengs(1,38)
25 253(1,62)
senator jackson(1,15)
scoort het(1,61)
st 28(5,100)
19 curt(17,11)
13 i.b.m(2,5)
st 29(17,85)
1.1 miljoen(1,38)
an evening(1,28)
dubbelrol van(1,59)
in buitenland(5,145)
22 quaker(1,12)
ook strafbaar(1,85)
uyl was(1,30)
32 cont(16,23)
65 shell(1,32)
kleine omzet(2,89)
in delfshaven(1,68)
op springen(3,97)
10 97(1,100)
is teer(1,117)
liet al(1,150)
informatie vragen(1,26)
34 chrysler(5,34)
brands 39(1,18)
winst niet(1,133)
geen nare(2,53)
14 gulf(2,15)
rechtstreeks voor(1,110)
zet niet(1,104)
wel praten(1,77)
oil 25(1,32)
donner heeft(2,43)
vermoedelijk de(1,156)
mart mar(2,12)
69 anaconda(2,23)
dochters in(1,144)
bal toe(1,81)
kroger 23(3,15)
leuk programma(1,44)
geen inzage(1,96)
prins zelf(1,115)
vraag bij(1,156)
to stop(1,42)
weer zoiets(1,45)
25 dart(1,11)
15 contr(27,14)
voor klm(1,39)
rhodesische kwestie(1,10)
68 int(3,50)
dit hoort(1,107)
17 curt(9,10)
oil 58(2,30)
johnson and(1,21)
meer bewijzen(1,142)
vliegtuig voor(1,83)
de beurscommissie(1,58)
put in(1,146)
motor 55(4,44)
ai co(2,80)
of march(1,68)
door geert(3,87)
gegevens naar(1,84)
vries pvda(1,32)
anaconda 29(5,16)
pow 21(4,9)
26 cont(2,23)
10 un(1,65)
financiele administratie(1,15)
loonlijst van(1,40)
tijd verdwenen(2,87)
het normbesef(1,38)
geen vuurwerk(1,75)
staatshoofd in(1,79)
vvd niet(1,39)
gerritsen die(1,92)
26 au(4,85)
brands 42(9,19)
al 25(8,117)
gedragscode voor(1,23)
cariing o'k(3,6)
belastingdienst in(1,53)
en colombia(1,78)
nickel 34(1,16)
drie krijgsmachtonderdelen(1,22)
colgate 24(3,8)
nieuwe beschuldigingen(1,65)
amerikaanse wet(1,50)
kennecott 33(1,14)
het rookgordijn(1,59)
45 45v(2,28)
21 pac(2,25)
73 gen(2,39)
mille in(1,130)
commissie sprak(1,80)
71 gen(1,48)
duits echtpaar(1,33)
nog lachen(1,83)
am brand(5,14)
kroger 24(1,13)
functies neergelegd(2,35)
27 texas(1,21)
125 25(2,76)
getuigenissen die(1,84)
schaadt ook(1,63)
26 cons(4,28)
cia en(2,35)
19 ampco(24,4)
henny korver(1,17)
senaat voor(1,144)
huygens journaal(4,21)
1968 en(1,39)
44 kroger(2,12)
kamerlid wil(1,36)
33 cont(14,23)
york in(1,113)
van omkoping(1,41)
mijn mensen(1,51)
met 170(1,142)
45 kroger(2,11)
de dubbelrol(1,60)
johns mnv(5,6)
food 32(1,9)
opgang van(1,135)
ruzies over(1,35)
greyhound 15(2,12)
gillette 32(1,18)
42 union(1,37)
delmonte 27(9,5)
29 north(2,18)
ppr wil(1,21)
de lockheed(13,61)
portemonnee van(1,35)
30 comm(8,28)
55 gen(1,51)
tenneco 32(1,7)
chrysler 20(2,22)
18 gen(5,48)
39 bethl(9,21)
nog beslissen(1,75)
rolletje in(1,61)
vliegtuigfabriek lockheed(2,7)
52 gen(5,47)
11 litton(3,8)
en bonn(3,115)
29 comm(6,21)
lager wall(1,23)
alcan ai(5,13)
brands 41(15,17)
hij aftreedt(1,53)
grace 28(1,11)
heller 20(2,7)
41 li(1,66)
strauss is(1,89)
uit huis(1,152)
68 gen(1,44)
beroering over(1,61)
sleutelfiguren in(1,30)
cerro 17(1,8)
occidental 18(2,7)
vaag over(2,49)
lachje af(1,34)
18 curt(2,10)
de legpuzzel(1,36)
spanning om(1,88)
autoriteiten bij(1,138)
26 goodrich(2,10)
aandelen kopen(1,31)
mp 14(2,5)
van 1,1(1,94)
60 union(1,40)
kabinet staat(1,93)
19 toledo(1,10)
49 anaconda(1,26)
februari en(1,150)
heller 19(1,8)
16 curt(2,7)
nickel 32(3,15)
bendix 42(6,12)
betalingen gedaan(1,44)
kamer liet(1,134)
38 cont(3,26)
st 31(2,95)
over aankoop(1,90)
72 gen(1,40)
42 bethl(3,21)
paso 14(7,13)
japanse aandelen(17,21)
accused of(2,13)
kasteel warmelo(1,15)
senator frank(4,17)
fred meuser(3,4)
stelt vragen(1,69)
25 125(2,95)
geen coalitie(1,57)
16 carling(8,3)
24 74(2,74)
rockwell 29(1,8)
als verkoopleider(1,32)
ruime omzet(1,44)
25 greyhound(2,12)
openbaarheid in(2,123)
35 cont(5,33)
puzzel en(1,37)
37 cont(6,23)
en ontvoeringen(2,44)
persoonlijke brieven(1,52)
omzet iets(1,81)
19 norf(2,14)
20 norf(2,17)
57 38(1,58)
am st(41,96)
fruehauf 25(2,11)
26 gatx(5,5)
15 esmark(1,7)
17 ta(1,71)
aican al(1,14)
om hierdoor(1,115)
verschillende amerikaanse(1,53)
19 cons(19,32)
31 li(1,83)
drie prinsen(2,42)
regering krijgt(1,53)
cerro 18(1,9)
have reached(1,14)
aankopen te(1,49)
italianen naar(1,79)
van vervalste(1,47)
hoge nederlandse(2,45)
jet star(1,7)
exxon 52(1,8)
belangrijkste functie(1,42)
in japanse(2,61)
aan zwitserland(1,132)
kamer debatteert(1,17)
kennecott 26(1,16)
bendix 39(7,9)
geen heksenjacht(2,24)
meerderheid moet(1,119)
zelfmoord in(1,119)
curt wi(1,13)
kamer na(1,155)
wereld vandaag(2,36)
over toelating(1,76)
buitenland ook(1,124)
betrekken is(1,99)
lichten door(1,105)
food 33(2,9)
delmonte 28(14,4)
kabinet den(1,129)
bonn wil(1,40)
exxon 51(3,8)
anaconda 30(10,16)
am hom(2,24)
goodyear 23(1,15)
bernhard werd(1,45)
ministers willen(1,78)
ploeg waren(1,73)
onzeker over(1,47)
zwitsers in(1,97)
gaan akkoord(1,33)
33 cities(1,19)
insilco 12(3,4)
weer flauw(4,45)
nickel 31(1,14)
zette ook(1,104)
19 hilton(2,10)
dagje in(1,79)
tot politieke(1,146)
zoek in(1,124)
20 curt(6,11)
op toekomstige(1,121)
on trial(1,20)
boeing 44(1,17)
en onwil(1,114)
40 bethl(7,25)
23 woolworth(1,15)
20 hilton(1,12)
inc 23(4,10)
ir besancon(1,15)
met aftreden(1,86)
41 bethl(5,21)
kop door(1,111)
voor elektriciteit(2,40)
motor 56(1,27)
goodyear 21(4,12)
en holtrop(1,97)
uitvoeren of(1,102)
plotselinge ontslag(1,37)
star 18(1,31)
gatx 29(2,4)
saldo voor(1,137)
jozef strauss(1,20)
bernhard als(1,55)
12 i.b.m(2,4)
vindt prof(1,42)
bendix 41(5,10)
brands 40(9,16)
besloten zittingen(1,35)
street in(1,95)
54 celanese(8,10)
62 ampex(1,5)
44 burroughs(2,10)
gillette 26(2,8)
goodyear 22(1,10)
nieuw stukje(1,65)
jan laan(10,56)
japanse krant(2,24)
28 cons(9,31)
getuige tegen(1,97)
nek in(1,102)
22 grace(1,13)
39 burroughs(9,12)
japan blijft(1,46)
117 am(1,37)
gatx 28(1,5)
amerikaanse canadese(18,29)
kamer stemt(1,26)
38 bethl(3,18)
27 dow(9,10)
itv 10(1,12)
prins geen(3,127)
17 alcan(3,8)
boeing 45(9,15)
17 gen(3,43)
kan verder(1,134)
56 celanese(6,8)
right and(1,22)
boeing 43(2,16)
praten ik(1,97)
uyl nog(2,24)
belastingbetalers in(1,56)
csu en(1,30)
fluor 42(1,12)
bendix 38(2,8)
13 lockheed(4,8)
29 asa(20,7)
am airl(27,13)
21 hilton(1,13)
61 ampex(3,5)
ex president(1,54)
31 kansas(3,24)
29 goodrich(1,10)
field 18(2,8)
30 cons(1,34)
heller 22(1,8)
food 34(1,11)
januari uitspraak(1,56)
star 19(1,27)
26 dow(1,13)
leest als(1,113)
58 philips(1,21)
heller 21(1,7)
41 curt(1,7)
esmark 31(5,4)
vrijstaat beieren(1,15)
de schrijvende(1,75)
raadsels rond(1,23)
34 cont(5,20)
celanese 47(1,6)
uyl sprak(1,20)
el 15(1,101)
can 38(7,23)
58 37(1,52)
18 cons(9,32)
boeing jumbo(1,8)
aow wordt(1,31)
na hard(1,84)
rca 25(1,8)
20 citicorp(2,9)
28 dow(8,10)
24 251(1,43)
vanaf 1961(1,31)
13 alcan(1,9)
25 cons(2,31)
commissie donner(72,9)
34 akzona(13,6)
26 dart(5,7)
59 monsanto(1,13)
affaire niet(1,104)
10 tw.cent(1,3)
na arrestatie(2,67)
43 syntex(1,7)
ingewijde in(1,60)
krijgsmacht en(1,60)
akzona 13(1,7)
18 olin(2,10)
kabinet houdt(1,39)
23 rca(1,5)
18 west.h.el(1,4)
fractievoorzitter wiegel(1,7)
spoeddebat in(1,21)
chessie svst(1,6)
niet uitgezonden(1,70)
de walm(1,79)
derde land(1,67)
nippon airways(1,11)
dart md(2,5)
gas 24(1,29)
street had(1,46)
blijft lid(1,71)
rechts aan(1,113)
32 reynolds(1,10)
42 burroughs(4,13)
imp oil(5,10)
23 grace(1,15)
delmonte 26(4,6)
engelhard 23(1,7)
verkoopleider de(1,31)
motor 57(1,26)
tandy 34(1,11)
27 dart(3,11)
18 mart(2,8)
gillette 29(1,9)
kamerleden aan(1,95)
asarco 15(24,5)
29 cons(3,25)
japanse maatschappij(1,30)
steekpenningen van(2,50)
schmidt had(1,50)
geen lachje(1,41)
22 hilton(1,11)
inquiry into(1,8)
18 ashland(1,8)
16 alcan(13,7)
amerada 25(8,7)
zesde maand(2,49)
el 51(1,37)
bendix 40(6,10)
fractieleiders in(1,44)
26 burl(20,10)
gatx 30(3,5)
pvda stelt(1,25)
esmark 30(1,4)
pow 22(6,10)
steekpenningen aan(1,35)
directie weigert(1,31)
31 goodrich(1,7)
28 fluor(4,8)
47 chase(2,6)
affaire nog(1,77)
pitt 12(24,6)
el 55(1,55)
27 heinz(1,12)
gillette 31(1,11)
een falsificatie(1,25)
amerikaans rapport(1,26)
23 may(2,23)
23 el(1,94)
utrecht gaat(1,93)
monsanto 79(1,9)
protest over(1,91)
18 alcan(6,8)
hoge kringen(1,36)
55 celanese(5,8)
27 burl(1,9)
op retour(1,65)
26 heinz(2,11)
inc 24(1,9)
15 ashland(22,5)
van lockheed(30,38)
polaroid 36(1,10)
celanese 43(2,9)
1972 werden(1,18)
polaroid 35(1,10)
16 gen(1,42)
strauss in(1,90)
14 esmark(4,4)
37 pac(2,21)
boeing 39(3,15)
31 exxon(4,5)
als tussenschakel(1,21)
kraftco 42(1,7)
ou 28(2,29)
17 carling(9,3)
betrokkenen aan(1,78)
komt eind(2,54)
onderzoek mee(1,57)
programma zelf(1,64)
celanese 44(8,8)
31 comm(12,23)
60 ampex(13,5)
colgate 27(9,7)
38 philip(2,9)
24 burl(1,9)
bet hl(4,46)
24 transam(1,3)
weer zwak(1,45)
and holland(1,40)
contract over(1,95)
18 ampco(4,5)
20 insilco(3,3)
amerada 17(1,4)
41 sun(1,8)
fluor 35(4,10)
ed 31(11,11)
28 asa(2,7)
esmark 32(1,4)
grace 25(1,8)
ontslagen door(1,132)
25 gatx(1,4)
roept vragen(2,29)
zaak blijkt(1,81)
inc 22(2,9)
in dutch(1,83)
hoorzittingen van(1,26)
15 curt(14,8)
operations in(1,32)
democratisch presidentskandidaat(1,6)
senator church(2,4)
33 akzona(8,5)
25 gulf(2,13)
43 ford(1,25)
colgate 25(6,6)
74 southern(1,18)
41 burroughs(6,12)
pow 23(27,9)
can 13(2,17)
politici te(1,85)
bernhard bij(1,41)
ine 44(1,11)
met kissinger(1,11)
food 28(1,9)
van blaam(1,104)
paar suggesties(1,21)
19 insilco(1,3)
kan na(1,156)
hans hoffmann(2,15)
16 ashland(6,7)
30 cities(19,12)
van kapitalistische(1,90)
34 delmonte(8,5)
ou 27(1,28)
regeringspartij in(1,48)
33 goodrich(1,9)
amerada 23(16,8)
studb wo(1,4)
37 boeing(12,11)
58 monsanto(1,9)
21 citicorp(1,8)
19 citicorp(20,8)
40 curt(2,6)
28 goodyear(2,11)
boeing 41(6,13)
gas 25(31,26)
de mari(2,99)
first week(1,13)
als vals(1,43)
robijns en(2,34)
34 burroughs(1,7)
20 ampco(5,5)
carter op(1,24)
19 engelhard(1,5)
55 fruehauf(2,5)
het formeel(1,109)
29 cities(2,12)
34 coca(1,10)
voor spaanse(1,47)
celanese 46(5,7)
of comedy(1,18)
53 celanese(1,9)
32 exxon(1,6)
24 reliance(1,5)
zwitserland door(1,139)
36 proct(1,12)
amerada 24(5,8)
54 amax(10,7)
54 amerada(9,5)
asarco 18(2,7)
40 burroughs(2,11)
53 sterl(1,6)
koersen en(1,150)
cat tract(30,4)
56 fruehauf(2,5)
voorop bij(1,48)
moest verder(1,97)
motorola 49(2,10)
43 chase(1,10)
36 boeing(5,12)
geen langdurige(1,69)
1974 als(1,24)
17 armco(1,6)
asarco 16(3,4)
thyssen en(1,53)
goodrich 28(2,4)
17 rep(1,22)
bij grote(1,62)
materiaal komt(1,50)
in hilton(1,32)
naar methoden(1,59)
colgate 28(2,5)
kreeg niets(1,83)
01l 28(1,20)
russische piloot(1,17)
10 gen(4,95)
uitnodigingen van(1,49)
28 chessie(18,3)
23 lehman(2,7)
23 goodyear(1,10)
gillette 25(1,7)
vloeide in(1,68)
goodrich 27(1,5)
groothandelsprijzen voor(1,32)
int 34(1,19)
alt pow(8,6)
33 03(1,33)
60 polaroid(1,12)
pow 18(9,4)
48 col(4,17)
premier miki(6,2)
vossen in(1,75)
58 celanese(2,10)
commissie krijgt(1,61)
heinz 47(1,9)
van idaho(1,27)
27 fluor(1,9)
boeing 42(3,11)
36 amax(1,8)
44 chase(10,9)
chrysler 21(3,11)
regering parlement(1,35)
treasury secretary(1,7)
en rien(5,96)
51 fair(2,7)
47 col(4,15)
va 21(1,79)
57 celanese(2,8)
van dassault(1,12)
van tinus(1,62)
celanese 45(7,6)
uyl tijdens(1,15)
akzona 15(10,6)
oil 74(1,20)
34 proct(1,7)
doordrukken van(1,32)
schmidt c.s(1,9)
17 ashland(3,7)
food 27(1,10)
pont 138(1,9)
met communisten(1,73)
01l 37(1,10)
inc 18(1,9)
tussenpersoon voor(1,22)
hubert weisbrod(1,1)
rechtse beweging(1,18)
53 col(1,12)
16 wh.labrat(1,4)
news in(1,100)
inc 26(4,8)
n.a philips(2,8)
nederlandse commissie(1,52)
colgate 26(4,7)
sterl drugs(1,4)
28 atl(3,13)
18 pan(1,10)
42 kroger(1,10)
naar zichzelf(1,78)
pvda ging(1,31)
louche praktijken(1,10)
ploeg vvd(1,14)
27 atl(6,16)
all nippon(1,10)
celanese 48(1,5)
gatx 27(1,5)
36 akzona(3,5)
zwitserland nog(1,100)
can 33(13,16)
goodyear 20(1,10)
paper 68(2,8)
19 honeywell(1,7)
53 amax(6,5)
113 nat(2,15)
46 chase(7,6)
blijft vaag(1,21)
watergate en(1,13)
57 ampex(1,5)
niets gevraagd(1,117)
boeing 40(5,15)
delmonte 25(1,5)
26 kim(1,10)
26 occidental(2,4)
kolonel pantchoulidzew(1,4)
van relaties(1,101)
22 lehman(1,7)
32 western(1,11)
chrysler 19(25,9)
over stadsvernieuwing(1,17)
29 royal(1,18)
christendemocraten in(1,29)
brascan 12(1,3)
15 carling(1,3)
de lockheedaffaire(1,7)
committee to(1,19)
27 goodyear(1,11)
ook klm(1,34)
niet doorgegane(1,15)
29 burl(1,10)
inc 21(1,10)
street moest(3,22)
32 asa(5,6)
drugs 16(1,4)
hoofdboekhouder van(1,33)
comm.w ed(24,5)
dollars to(1,21)
35 delmonte(1,4)
25 comm.w(26,3)
38 boeing(6,11)
aan indonesische(1,35)
en general(1,109)
42 ford(1,22)
20 grace(1,9)
kraaien van(1,78)
goodwill te(1,58)
akkoord voor(1,43)
tinus en(2,43)
amerikaanse vliegtuigfabrieken(1,10)
to question(1,15)
to aid(1,17)
ross 24(2,4)
34 amerada(1,5)
had direct(1,90)
50 col(2,19)
voorlopig geheim(1,22)
paper 67(1,8)
oude staat(1,71)
44 amax(2,8)
asarco 14(1,6)
45 col(9,14)
41 boeing(3,8)
pow 27(2,5)
16 cons(1,20)
43 flor(2,6)
ind 34(19,24)
18 citicorp(2,6)
asarco 17(3,6)
strauss als(1,49)
street kon(2,29)
pont 140(2,7)
fluor 44(1,9)
akzona 18(7,4)
top met(1,109)
34 us(1,8)
41 burl(4,6)
amax 54(6,5)
belangrijk zegt(1,34)
cash 34(1,5)
akzona 16(11,3)
praktijken uit(1,47)
ed 30(6,10)
49 col(2,12)
39 burl(2,9)
36 delmonte(3,3)
in herfst(1,94)
29 chessie(6,3)
11 mars(2,24)
43 burl(4,8)
bekentenis in(3,116)
21 grace(4,12)
32 akzona(4,6)
37 ford(1,28)
inc 20(3,9)
voor eerherstel(1,33)
heinz 48(1,6)
35 akzona(3,6)
ind 33(10,20)
home 34(5,6)
volgende begroting(1,31)
28 heller(2,7)
paso 12(1,3)
17 apeco(1,3)
dear henry(1,4)
tandycraft 13(1,4)
goodrich 23(1,6)
52 amerada(2,6)
inc 19(2,6)
amerikaanse gegevens(1,23)
26 atl(22,11)
reynolds 63(1,5)
affaire menten(1,4)
56 bendix(10,5)
amerada 21(4,5)
39 culbro(6,4)
27 kim(2,9)
40 burl(6,11)
motor 47(1,21)
refuses to(1,7)
pont 118(3,9)
lire in(1,110)
25 heinz(1,11)
monsanto 80(1,5)
andere regeringspolitiek(1,6)
conclusie aan(1,120)
27 heller(2,6)
hl st(4,58)
itv 11(1,4)
japan na(1,84)
ou 22(1,30)
dochter als(1,130)
can 34(4,15)
naar lech(1,17)
ld 11(1,82)
25 colt(9,6)
tros is(1,44)
53 coca(1,6)
brokkelen af(1,14)
12 engelhard(1,4)
journalist jack(1,7)
washington amerika(1,26)
dossiers in(1,51)
kamerleden naar(1,58)
colgate 29(1,6)
31 deere(1,5)
pvda lid(1,32)
maandag terug(1,83)
13 tenneco(1,5)
59 ampex(12,4)
74 24(1,58)
53 amerada(5,5)
boeing 27(3,10)
fred foppen(6,3)
voorlichtingsman van(1,15)
30 mca(1,5)
11 burl(1,7)
amerada 20(3,4)
pont 133(1,10)
de neptunes(1,16)
amerada 22(5,7)
27 all(3,23)
33 delmonte(2,4)
39 boeing(1,10)
39 kraftco(1,7)
32 delmonte(9,4)
15 alcan(7,7)
onthullend licht(1,10)
het revanchisme(1,14)
59 polaroid(1,8)
asa 21(1,3)
21 wrigley(1,3)
ine 43(2,11)
tegen beschuldigingen(2,38)
home 33(19,4)
can 32(22,16)
et paso(1,8)
pont 132(1,9)
37 all(4,18)
21 all(5,24)
1974 bij(1,25)
19 alcan(4,7)
chrysler 18(1,10)
csu in(1,27)
22 epe(10,9)
pont 122(5,11)
minder schepen(1,66)
60 mobil(2,10)
53 bendix(3,4)
49 nabisco(1,5)
pow 28(4,8)
breda gevangen(1,14)
46 col(2,11)
111 23(1,55)
38 amerada(1,5)
illegale betalingen(1,6)
24 goodyear(3,9)
25 comm(1,18)
am brandt(4,8)
45 chase(5,6)
24 epe(2,9)
airco 17(2,6)
vergadert over(1,28)
28 apeco(5,1)
klm nog(1,42)
28 dart(3,10)
op ene(1,137)
18 chase(1,8)
34 col(3,10)
canadese en(18,55)
street weer(11,27)
ine 19(23,9)
steekpenningen in(1,24)
40 4c(1,16)
mining 59(1,4)
38 amax(1,7)
18 honeywell(1,6)
vs over(4,46)
amax 53(11,5)
loo uit(1,94)
ploeg bij(1,94)
18 imp(2,7)
33 schaefer(1,4)
jacques fahrenfort(2,6)
pow 19(13,8)
avondje van(1,78)
pers wil(1,76)
de steekpenningen(1,41)
42 burl(3,5)
17 chase(1,9)
goodrich 24(3,4)
23 epe(14,9)
veel functies(1,28)
pont 129(2,7)
21 alcan(2,5)
pont 123(2,8)
int 43(11,16)
niets gehad(1,72)
55 amax(1,5)
exxon 54(1,5)
op joods(1,43)
57 amax(5,4)
19 itv(2,4)
spaanse officieren(1,12)
pont 124(2,9)
31 asa(2,7)
43 boeing(1,5)
engelhard 24(2,5)
ed 29(7,9)
cash 33(1,9)
affaire en(1,152)
18 carling(1,3)
st 43(3,57)
56 amax(3,4)
amerada 19(2,4)
syntex 22(1,4)
57 bendix(3,3)
24 all(6,25)
101 can(2,13)
met steekpenningen(2,22)
pont 144(1,8)
47 heller(2,4)
45 burl(5,7)
22 insilco(1,3)
25 25b(1,8)
52 amax(1,4)
chrysler 14(1,10)
st inc(11,3)
alleged to(1,7)
cable 10(3,5)
tast ook(1,29)
door lambert(1,47)
40 boeing(1,10)
kissinger op(1,11)
carter van(1,54)
zij geld(1,141)
35 ford(4,37)
52 fair(2,4)
klm 39(1,10)
35 all(4,22)
23 dart(1,6)
van piloten(1,66)
krijgt nieuwe(1,70)
paper 73(1,7)
motor 37(1,16)
van fran(1,114)
zwitserland over(1,87)
57 amerada(5,4)
citicorp 35(2,3)
prins zou(2,133)
st 41(4,61)
citicorp 33(4,4)
opwinding op(1,71)
militaire aankoopbeleid(1,4)
naam prins(4,67)
54 coca(8,4)
29 dow(3,8)
cola 81(8,6)
honeywell 43(2,3)
59 amax(2,6)
17 honeywell(2,5)
pont 135(1,8)
philips 29(2,14)
geheime betalingen(2,3)
amax 52(1,5)
luchtvaartshow in(2,15)
in porties(1,42)
55 bendix(4,3)
33 asa(1,5)
13 contr(2,10)
midi ross(2,4)
door edo(1,37)
ampco pttt(1,3)
86 can(2,13)
honeywell 48(1,4)
vs om(1,55)
pont 126(1,6)
pont 125(7,8)
int 42(9,17)
dubieuze betalingen(1,4)
45 kraftco(1,4)
commission to(1,16)
27 colt(9,4)
cites serv(1,1)
mca 32(2,5)
231 am(1,13)
agreement was(1,15)
liggen anders(1,59)
58 amerada(4,4)
48 akzona(1,3)
pitt 10(2,2)
19 imp(3,5)
55 amerada(6,3)
esmark 37(1,2)
21 merek(1,3)
50 nabisco(1,5)
52 coca(1,3)
mars field(2,4)
senator proxmire(1,3)
nat re(2,14)
st 37(11,70)
evening of(1,17)
een luchtvaartshow(1,12)
32 burl(1,5)
34 tandycraft(1,4)
30 asa(2,6)
xerox 61(1,5)
20 all(12,40)
uyl verwacht(3,10)
na watergate(1,8)
rapport donner(13,1)
22 tandy(1,6)
ai geruime(1,11)
257 int(1,8)
22 all(2,23)
56 ampex(1,4)
amax 55(3,3)
was signed(1,8)
past three(1,7)
in cel(2,89)
ampco pilt(1,2)
akzona 17(2,3)
queen juliana(1,6)
martin deelen(1,11)
grote pressie(1,14)
concern geen(1,31)
wiegel tijdens(1,11)
prins kreeg(1,50)
34 am.cyan(1,3)
baby aan(1,70)
bendlx 40(1,3)
buitenlandse regering(1,28)
in japans(6,52)
slimme man(1,15)
189 gillette(1,3)
36 stand(1,27)
23 all(5,20)
ed 32(1,12)
29 apeco(4,2)
ind 32(17,15)
amax 38(1,4)
unilever 42(1,6)
anderson in(1,60)
dod 38(1,3)
meuser en(3,12)
voor multinationale(1,11)
41 culbro(8,3)
stand o.c(1,6)
koningin gaat(1,58)
pac 18(7,16)
steekpenningen betaald(1,5)
poel laat(2,7)
kissinger over(1,7)
28 all(1,22)
amax 57(6,3)
of verdwijnen(1,77)
steekpenningen zijn(1,15)
47 cr(1,7)
volk bij(2,155)
broer jean(1,10)
am.el pow(1,1)
22 asarco(2,3)
miljardenorder voor(1,6)
franse wapenindustrie(1,7)
lockheed heeft(1,13)
1976 door(1,21)
am air(3,7)
20 alcan(2,7)
home 35(3,5)
cola 83(1,6)
verouderde neptunes(1,3)
gulfoil 27(1,2)
36 all(15,13)
29 asarco(1,5)
strauss tot(1,25)
cola 80(5,7)
cr zellerb(16,2)
leren van(1,149)
nederlandse autoriteit(1,7)
can 31(4,11)
prince bernhard(1,3)
102 can(1,7)
345 35(1,15)
54 ampex(2,4)
int 45(2,12)
citicorp 30(18,3)
25 all(8,35)
can 35(9,15)
affaire een(1,150)
129 eastern(4,4)
int 46(1,11)
vast wall(1,9)
ongeoorloofde betalingen(1,4)
25 fluor(1,6)
buitenland krijgt(1,31)
brit had(1,23)
28 n.a(1,6)
nederlandse functionaris(1,6)
int 44(1,11)
asa 18(1,2)
pepsico 81(1,3)
de miljoenendans(1,9)
88 can(3,9)
nabisco 44(2,1)
26b dart(1,2)
111 el(1,35)
10b phillips(2,2)
56 coca(11,3)
comm.w.ed 30(1,1)
home 32(7,4)
am.el.pow 22(2,1)
57 coca(4,3)
comm.w.ed 31(1,1)
28 colt(6,4)
51 coca(1,3)
voor multinationals(1,14)
26 colt(8,5)
43 culbro(3,2)
25 western(1,9)
31 delmonte(1,4)
den uy(1,21)
de lockheedzaak(1,1)
26 all(1,25)
29 comm.sat(1,1)
cola 84(9,4)
17 asarco(7,4)
cooperation in(1,11)
roolvink schmelzer(1,1)
cig bendix(2,1)
104 can(1,7)
drie adviseurs(1,12)
92 publ(1,3)
18 all(2,25)
21 akzona(1,5)
190 gillette(2,3)
can 83(1,11)
over betalingen(1,30)
46 cr(1,5)
nederlandse regeringsfunctionaris(1,1)
zijdelings ter(1,13)
exxon 90(1,4)
14 midi(2,1)
ir meuser(1,4)
40 coca(1,5)
20 cpc(1,3)
ampcopitt 10(1,2)
mining 60(1,3)
45 santa(1,5)
biedt op(1,137)
broadc 34(11,3)
geen bankrekening(1,5)
victor baarn(3,4)
44 ill(1,3)
chasemanh 30(2,2)
kim 44(2,4)
air 71(1,10)
olin 37(2,1)
40 am.broadc(4,1)
24 cpcint(2,1)
lockheed steekpenningen(1,1)
de citroenen(1,81)
optie had(1,19)
ak ona(5,4)
team geen(1,41)
am.nat.res 36(2,1)
was klm(1,30)
akzona 19(7,2)
19 akzona(2,4)
cola 82(2,4)
31 mca(1,3)
van doeke(1,34)
15 gulfocan(2,1)
burroughs 89(5,2)
11 culbroc(1,1)
north hl(1,4)
19 all(6,19)
cola 87(1,1)
28 dowchem(2,4)
jesse winchester(1,2)
chasemanh 29(1,1)
80 colgate(3,7)
gyps 14(1,1)
263 int(1,7)
24 apeco(9,1)
wel worden(1,156)
87 can(2,9)
over steekpenningen(2,7)
73 m.g.m(1,2)
kabinet moro(1,4)
16 asarco(6,4)
amax 58(3,2)
and johnson(1,8)
27 dowchem(1,3)
bestseller te(1,18)
30 apeco(9,1)
donner is(4,50)
42 flor(2,3)
morr 58(1,2)
84 colgate(10,2)
comm.w.ed 29(1,1)
voor carter(1,8)
bayuk eig(1,2)
en peschar(3,7)
48 chasemanh(1,1)
13 gulfo.can(1,1)
am.broadc 36(1,2)
exxon 104(1,1)
22 hiltonh(1,2)
mot 71(1,16)
via liechtenstein(1,3)
26 dowchem(4,2)
43 cr(8,6)
int 41(2,13)
ook afscheid(1,73)
28 comm.sat(1,1)
19 ampcopitt(2,2)
55 coca(4,3)
of support(1,9)
dassault in(1,5)
28 gulfoil(1,2)
33 klm(1,8)
pac 17(14,16)
laakbare activiteiten(1,1)
panoramiek over(1,6)
49 flor(1,2)
dollar gestort(1,8)
burroughs 91(1,3)
cola 85(3,3)
33 mcddougl(1,1)
80 phelps(1,3)
al.co ofa(1,1)
18 alcanal(1,1)
onthullingen en(2,79)
andere regering(2,84)
commissie church(3,1)
asa 23(1,3)
29 colt(1,6)
cola 86(3,1)
st 32(3,78)
een geleense(1,25)
wrigley 81(1,2)
air 10(2,12)
oil 174(1,4)
televisie weer(1,27)
27 brascan(1,1)
groningen loopt(1,25)
olie hoger(2,8)
77 27(1,52)
grote wapenaankopen(1,1)
12 culbroc(1,1)
asa 28(1,3)
verplichtingen over(1,49)
27 burl.n.lnd(2,1)
manh 29(7,1)
manh 28(23,1)
125 eastern(3,2)
rechtse nationalisten(1,3)
church heeft(1,12)
onzorgvuldigheid en(1,10)
am.broadc 37(1,1)
19 apeco(2,2)
96 can(1,6)
door lockheed(9,5)
82 phelps(1,1)
via weisbrod(1,1)
41 am.broadc(1,1)
burroughs 87(4,2)
kod 113(1,2)
de steekpenningenaffaire(1,2)
ind 35(11,18)
124 eastern(1,2)
15 all(1,29)
actie meer(1,79)
122 eastern(3,3)
am el.pow(1,1)
presidentskandidaat carter(2,1)
weken voort(1,27)
linkse kamerleden(1,3)
33 comm.w.ed(1,1)
kabinet zeer(1,89)
akzona 21(1,2)
44 cr(5,5)
burl n.lnd(1,1)
tokio te(1,85)
armoo st(1,2)
hollandse maffia(1,1)
15 asarco(17,1)
94 can(2,7)
heeft vertrouwen(1,120)
uyl neemt(1,6)
meuser weisbrod(3,1)
am.nat.res 37(2,1)
24 comm.w(1,2)
23 apeco(1,1)
81 motorola(1,2)
42 ill(1,4)
118 eastern(4,2)
ed 18(11,6)
child 43(3,1)
burroughs 86(1,3)
kod 109(1,2)
57 amprx(1,1)
akzona 20(1,2)
82 colgate(3,3)
carter houdt(1,5)
80 motorola(1,1)
om eigen(1,150)
32 mcddougl(1,1)
27 apeco(1,1)
bij lockheed(10,11)
87 colgate(3,1)
81 colgate(5,2)
omkoping in(2,10)
gedwongen deze(1,76)
dist 23(2,4)
tm kod(1,2)
asa 15(18,1)
televisie blijft(1,10)
street vast(7,7)
en weisbrod(3,1)
34 cites(1,1)
eaitern air(1,1)
van meuser(2,9)
72 m.g.m(1,2)
broadc 22(1,1)
advocaat william(1,4)
haag kan(1,102)
prinsen naast(1,6)
door regeringen(2,39)
molens voor(2,49)
25 apeco(4,1)
klm iets(2,11)
asa 17(2,2)
uu 10(1,53)
49 chasemanh(1,1)
eisen in(1,84)
18 akzona(1,3)
italiaanse partijen(1,7)
oil 190(3,3)
44 burrouchs(1,1)
27 am.el.pow(1,1)
26 am.el.pow(1,1)
tv vandaag(4,11)
83 colgate(3,2)
door dassault(1,2)
88 uniroyal(1,1)
98 bayuk(1,2)
15 curt.wr(1,1)
min mining(2,3)
regering begint(1,26)
steekpenningen voor(1,12)
al co.ofa(1,1)
cola 88(1,2)
menten door(1,10)
contr dat(31,5)
dollar steekpenningen(1,1)
orkaan belle(2,1)
comm.w.ed 28(1,1)
burroughs 92(1,2)
93 can(1,8)
airco 19(3,3)
burroughs 90(6,1)
72 int.tel.tel(1,1)
chessie sy(1,1)
25b gulf(1,1)
burroughs 88(3,2)
gerritsen in(3,102)
56 bayuk(5,1)
en vance(1,12)
25 comm.w.ed(1,1)
23 burl.n.lnd(1,1)
25 kim(1,7)
om steekpenningen(1,5)
o'k 3b(1,1)
slotfase in(1,33)
al co.of(1,1)
geheime loonlijst(1,1)
gyp 14(1,1)
broadc 36(3,1)
kotchian en(1,1)
27 kans(2,27)
van hauser(1,18)
street niet(2,45)
90 can(4,8)
oorlogsmisdadiger in(1,16)
17 alcanal(2,1)
culbroc 18(1,1)
vredeling gaat(1,2)
am.broadc 35(3,1)
child 42(1,1)
menten naar(1,7)
bernhard voor(1,44)
die vocht(1,57)
13 carling(1,1)
vakantie af(1,24)
broadc 35(12,1)
over omkopingen(1,1)
lockheed affaire(49,1)
na verkiezingen(1,50)
broadc 23(1,1)
aan dubieuze(1,11)
mijn functies(1,11)
brandi 40(2,1)
co ofa(2,1)
naar beschuldigingen(2,25)
95 sears(1,2)
burroughs 101(2,2)
weisbrod en(2,2)
de vauthaire(1,1)
89 colgate(1,2)
regina 1976(1,1)
analyses in(1,27)
lockheed betaalde(1,1)
sys 38(1,1)
italiaans kabinet(2,2)
heinz 27(2,3)
104 fair(1,2)
ed 19(18,6)
85 colgate(1,1)
91 can(4,5)
asa 16(7,1)
dominee over(1,12)
92 celanese(1,1)
tanaka in(3,7)
alleen cpn(1,9)
omstreeks 1968(1,3)
mig 25(1,2)
apeco 17(1,1)
burroughs 96(1,1)
omkopingen door(1,1)
op barsten(1,28)
burroughs 95(1,1)
kotchian zijn(1,1)
broadc 21(1,1)
haughton en(1,2)
naar wapenaankopen(2,1)
135 eastern(1,1)
honeywell 41(1,1)
kamerleden stellen(1,5)
lockheedaffaire in(1,1)
bernhard ontkent(1,1)
24 cpc(1,1)
175 gillette(1,1)
omkoperij door(1,2)
manh 30(1,1)
publ 17(3,3)
van kodama(5,2)
13 control(1,1)
voorzover prins(1,1)
42 cr(6,4)
en haughton(1,1)
tegen rumor(1,1)
bernhard genoemd(1,2)
27 hein(1,5)
43 airco(2,2)
pilt 10(1,1)
duisenberg was(1,4)
meuser ik(2,1)
41 cr(3,6)
grote sussen(2,1)
onderzoekcommissie heeft(1,1)
ford carter(1,1)
26 burt(1,1)
met meuser(3,2)
89 can(7,2)
nos niet(1,137)
oil 176(1,1)
lockheed president(1,1)
donner rapport(3,1)
lockheed wilde(1,1)
en kotchian(1,1)
over geruchten(2,65)
mot 73(1,9)
democraten nog(1,21)
kodama in(1,1)
casino spelen(1,1)
meuser om(1,1)
adhesiebetuigingen voor(1,2)
van roha(1,1)
by lockheed(1,1)
ontkent geld(2,3)
brandt 39(2,1)
46 airco(1,1)
over 50(1,140)
42 airco(2,1)
20 ail(1,1)
ook steekpenningen(1,1)
meuser op(1,1)
ook buitenlands(1,19)
bernhard mag(1,2)
meer concerns(1,1)
klm ir(1,3)
bernhard geld(2,1)
hom 33(1,3)
uyl drie(1,1)
tegen lockheed(3,1)
door aly(1,3)
voor steekpenningen(1,6)
100 can(1,12)
hom 34(1,2)
meuser in(1,3)
brandt 40(1,1)
trial in(1,9)
senaatscommissie is(1,11)
en carter(1,49)
airco 21(2,3)
oi 27(1,1)
37 ti(1,14)
st 42(2,59)
lockheed hebben(1,2)
prins is(1,156)
om lockheed(4,1)
bernhard nog(1,22)
donner nu(1,1)
over lockheed(27,1)
airco 20(4,2)
jones weer(1,3)
church voor(1,1)
mot 69(2,9)
amst ind(35,5)
po 22(2,5)
sussen is(1,2)
lockheed ook(2,1)
reders te(1,16)
bernhard door(1,27)
prins geld(1,1)
binnen pvda(1,2)
26 ah(1,10)
nam gas(1,13)
over carter(1,5)
neer na(1,83)
tanaka de(1,11)
22 alt(1,3)
als lockheed(1,3)
26 kans(2,20)
nieuwe rembrandt(1,5)
holtrop in(4,44)
sta boven(1,5)
pot 22(2,17)
over emigranten(1,4)
hauser in(1,7)
agt alleen(1,5)
tegen bernhard(1,3)
steekpenningen een(1,2)
street nu(2,4)
krijgt nader(1,2)
ook kamerleden(1,33)
pr 43(1,22)
li 40(1,43)
29 japan(1,16)
aan frits(1,69)
street tegen(3,8)
ed 17(2,5)
baarn was(1,37)
vvd voor(1,38)
lockheed aan(2,4)
pot 21(3,14)
rond prins(1,4)
ondervraagd in(1,50)
verklaringen wordt(1,50)
co ol(3,8)
aan lockheed(5,2)
20 alt(7,6)
met lockheed(10,10)
twijfels in(1,25)
premier geen(1,65)
voor lockheed(9,4)
lockheed voor(3,4)
miljoen ging(1,23)
ind 23(1,23)
46 du(3,5)
47 du(1,4)
uit 1850(1,36)
lockheed is(1,7)
st 38(6,67)
lockheed op(2,4)
moet inzicht(1,14)
30 japan(3,27)
secretariaat in(1,91)
43 du(4,9)
vrienden zo(1,42)
ss 23(1,48)
pensioen nog(1,63)
st 39(2,63)
omzet weer(2,41)
42 du(5,9)
mexico aan(1,102)
prins komt(1,48)
prins grote(1,5)
afnemers om(1,19)
44 du(2,5)
hoekstra voor(1,123)
un 18(1,2)
45 stand(1,29)
ind 26(22,11)
prins weet(1,5)
bij klm(1,32)
ind 27(2,9)
ford to(1,4)
door christina(2,24)
ind 13(5,6)
met materieel(1,97)
26 tl(2,25)
achter prins(1,9)
met conclusies(2,56)
41 du(10,7)
kamer laat(1,74)
ind 14(1,7)
aanrijding van(1,80)
voor colombia(1,21)
het lockheed(1,7)
in actuele(1,30)
st 33(1,82)
lockheed te(1,4)
laatste koning(1,68)
brand 40(3,7)
regeringen voor(2,62)
lockheed een(1,6)
ind 19(3,11)
maarseveen de(1,13)
14 nl(1,27)
lockheed in(2,12)
naar democratische(1,39)
om goede(1,156)
st 36(5,71)
wel vervangen(1,40)
aan strauss(3,20)
voor orion(1,13)
bernhard niet(1,17)
van church(1,7)
in transacties(1,9)
flauw door(2,72)
toch weg(1,108)
28 stand(1,33)
van gulf(1,29)
elk 21(1,14)
en giessen(1,45)
tv al(1,47)
is hubert(1,19)
ij is(1,156)
lockheed van(2,6)
lockheed en(4,27)
hoger in(2,57)
uit bedrijfsleven(1,22)
ds ton(1,22)
25 japan(1,21)
van holtrop(1,50)
hoog gaan(1,71)
wil mensen(1,28)
donner op(3,25)
40 du(6,15)
voor 380(1,75)
vocht een(1,94)
ind 20(2,13)
van vakantie(1,55)
nog naar(1,156)
en lockheed(5,24)
lockheed de(1,8)
van christen(1,128)
en cia(2,27)
corruptie het(1,27)
drie wijze(2,49)
op zwitserse(1,44)
church van(1,42)
van onthullingen(2,65)
ford moet(1,13)
samenwerking tegen(1,47)
over nederlanders(1,47)
tel 57(1,23)
willen geld(1,36)
in theologie(1,61)
st 40(1,110)
weet na(1,116)
oranje geen(1,43)
wijzen hebben(1,77)
dat frans(1,126)
van nazi(1,62)
voor boekhouder(1,52)
hoogst bij(1,19)
met schmidt(1,36)
naar regering(1,12)
brief na(1,84)
premier ook(1,76)
en centen(1,144)
van boeing(1,39)
in reacties(1,19)
donner het(1,23)
uit vs(4,25)
bestrijden op(1,93)
ia 17(1,82)
de 1,6(1,30)
23 ie(1,89)
premier in(2,126)
land er(1,154)
vs met(1,89)
haast door(1,90)
gescheiden in(1,126)
gulf en(1,39)
aan italiaanse(1,52)
over resultaten(1,58)
koningin geen(1,97)
conflict een(1,104)
gaat mogelijk(1,25)
over amerikaanse(1,51)
buitenland nu(1,67)
directeuren in(1,142)
over inhoud(1,70)
groot onderzoek(1,31)
tel 37(1,32)
bewijzen over(1,101)
39 al(1,32)
bernhard het(1,59)
uit ziekenhuis(1,30)
prins moet(1,71)
verdwenen bij(1,82)
op kritiek(1,58)
tegen prins(3,104)
prins te(1,155)
kunnen hoog(1,27)
consequenties en(1,79)
op mini(1,26)
tel 32(2,43)
op westduitse(1,36)
de doorgaans(1,123)
al 42(2,66)
openbaar nog(1,41)
al 43(1,56)
te 59(1,13)
prins wel(1,42)
aan vu(1,41)
38 al(2,52)
strauss het(1,58)
in james(2,28)
op achtergrond(1,71)
betalingen het(1,28)
zal snel(1,80)
37 al(4,53)
al 36(1,72)
van navo(1,43)
cpn het(1,41)
gaan volgende(1,34)
pers voor(1,140)
moet lid(1,65)
vast bij(1,153)
orde door(1,154)
om positie(1,40)
1963 van(1,38)
de menten(1,34)
prins nu(1,51)
al 45(1,84)
naar hoge(1,44)
of ai(2,96)
van bejaarde(1,127)
had prins(1,103)
is leren(1,35)
op geheime(1,102)
ontslag om(1,103)
41 al(1,56)
van democraten(1,92)
orion van(1,69)
voor rijke(1,91)
33 al(1,58)
van donner(1,45)
niet bekende(1,151)
op villa(1,100)
suiker niet(1,127)
over verkoop(1,87)
is waarheid(1,150)
bewijzen niet(1,146)
of 57(1,78)
bij tv(1,88)
over betaling(1,77)
in italiaanse(5,64)
eer is(1,156)
definitief van(1,124)
bernhard de(1,71)
paar had(1,95)
met amerikanen(1,81)
star in(1,112)
pistool de(1,56)
vs aan(1,86)
van parlementaire(1,151)
woord worden(1,137)
betrokkenen van(1,90)
42 er(2,50)
tokio de(1,97)
tel 29(4,42)
prins of(1,130)
vpro en(1,45)
naam ons(1,97)
44 er(1,52)
om namen(1,101)
gistermiddag dat(1,75)
met veiligheid(1,64)
met gebeurtenissen(1,69)
tel 26(1,47)
een enig(2,68)
is ai(1,145)
tel 27(1,45)
oprichting voor(1,103)
dat vliegtuig(1,75)
niet getuigen(1,97)
van sterdam(1,99)
neer niet(1,67)
maand over(1,143)
tel 28(1,43)
voor massa(1,59)
onderzoek voor(1,155)
over prins(4,104)
betaalde in(1,126)
van traditie(1,96)
vs voor(1,106)
de loo(1,154)
of ford(1,71)
voor rechter(2,116)
de hercules(1,116)
nog paar(1,93)
over recht(2,105)
om amerikaanse(1,51)
compleet op(1,106)
in past(1,74)
voor russische(1,147)
strijd naar(1,118)
is los(1,130)
in groene(1,148)
voor britse(1,55)
bij eerder(1,78)
op medewerking(1,137)
voor vs(1,88)
paul is(1,110)
28 al(1,73)
tel 14(1,48)
ook onderzoek(2,42)
neergelegd van(1,73)
tel 13(4,50)
gepubliceerd een(1,92)
tel 15(26,52)
de reizen(1,156)
prins als(1,148)
lunch de(1,66)
sydney van(1,74)
pers door(1,136)
40 al(4,91)
ook minister(1,114)
bij arbeiders(1,68)
met vs(1,97)
al co(15,72)
vol uit(1,123)
voor premier(1,64)
op zwitserland(1,108)
andere tijd(1,98)
in verklaring(2,51)
in ster(1,70)
al 26(9,83)
al 27(5,81)
was prins(1,139)
tel 30(3,50)
tel 25(1,53)
al 28(3,83)
al 23(4,93)
19 al(1,90)
defensie de(1,100)
aankoop te(1,121)
naar prins(1,117)
handelingen het(1,126)
al 22(5,97)
en 1974(1,31)
zaak ik(1,97)
commissies de(1,91)
miljoen niet(1,41)
ook oud(1,108)
dc 10(1,88)
al 19(2,83)
al 20(1,117)
al 24(12,95)
de 1001(1,99)
ook naam(1,74)
verwachten in(1,154)
van eisen(5,122)
voor beurs(1,77)
met rapport(1,75)
op bezit(1,77)
boekhouder de(1,139)
president bij(1,151)
op rood(1,126)
tegen huis(1,64)
zijn firma(1,114)
haag door(4,124)
inzien de(2,144)
slot voor(1,153)
van 1.1(1,152)
om zaak(1,71)
parlement de(1,156)
haag niet(1,125)
pension van(1,116)
betrokken in(1,156)
werd dag(1,78)
drie had(1,104)
of terug(1,153)
van opdracht(1,78)
en aankoop(1,149)
president den(1,113)
prins door(2,142)
op bedrijven(1,80)
voor dood(1,155)
en crisis(1,85)
en commissaris(1,150)
prins niet(3,147)
voor koningin(2,134)
voor new(1,128)
dinsdag niet(1,118)
naar kamer(3,92)
heil de(1,123)
aan regering(1,68)
prins met(1,155)
in administratie(1,142)
in vs(12,129)
had zeer(1,153)
de dollars(1,123)
die prins(1,155)
co of(41,121)
papieren de(1,106)
wie om(1,122)
en vs(1,152)
an niet(1,142)
affaire de(1,135)
niet geld(1,106)
in markt(1,76)
bewijzen in(1,155)
in rapport(1,113)
bij politie(1,110)
aan commissie(1,102)
drie over(1,108)
van oud(2,156)
geld van(5,156)
in ziekenhuis(1,108)
aan onderzoek(2,105)
voorzitter met(1,155)
op stukken(1,139)
van koninklijk(2,144)
in prins(1,104)
ingezonden van(1,140)
vroeg dat(1,140)
toelichting de(1,151)
in kabinet(2,148)
van russen(1,140)
prins op(1,155)
bezig in(1,153)
voor prins(11,154)
sprake in(1,135)
drie heeft(1,102)
met onderzoek(1,118)
en ministers(1,156)
minister in(2,156)
op prins(3,143)
contact van(1,91)
en ploeg(7,122)
van 106(1,153)
of al(2,156)
zaak en(1,156)
van vs(3,149)
in internationale(1,111)
en omzet(1,134)
dollar van(3,111)
van besloten(1,109)
wist van(1,154)
in amerikaanse(1,68)
met bank(1,132)
am te(1,155)
is wie(1,156)
veiligheid de(1,148)
van ex(2,150)
justitie van(1,156)
drie niet(1,127)
wil in(1,156)
premier de(1,136)
dat 23(12,116)
blijven van(1,156)
in brief(1,110)
dat 22(12,117)
in commissie(1,154)
bewezen de(1,154)
10 te(1,156)
bij tel(1,98)
dat 24(6,123)
de all(1,145)
kunnen over(1,154)
wil van(1,156)
voor waarin(1,156)
prins in(6,156)
wat werd(1,149)
prins een(1,156)
hoofdstad de(1,156)
nr het(1,124)
prof van(2,131)
van rapport(2,147)
voor vrouw(1,145)
letter de(1,153)
rekening in(1,156)
niet zijn(2,156)
generaal en(1,156)
van denken(4,155)
in 34(1,152)
of alle(1,156)
op huis(1,137)
moeten tot(1,155)
de 58(1,147)
juni met(1,129)
directeur in(1,155)
valt van(1,154)
haarlem het(1,152)
met mr(2,149)
in derde(1,140)
van weinig(1,156)
drie aan(1,155)
van 87(1,156)
miljoen van(4,51)
ford en(1,102)
met werk(1,149)
paar in(1,148)
positie de(1,147)
van bevolking(1,156)
in nieuw(1,156)
in vast(1,133)
ik hebben(1,150)
14 is(1,155)
drie voor(1,154)
in zaak(6,139)
allen het(1,156)
terug van(1,156)
van regering(4,101)
gebracht van(1,131)
aangenomen van(1,155)
weet van(1,156)
hier de(2,156)
het gedaan(1,156)
amerika de(3,156)
voor mei(1,156)
in volgende(1,155)
van wilde(1,154)
een la(1,142)
in kamer(2,152)
mei met(2,156)
van commissie(5,155)
drie te(1,155)
van raad(1,156)
en iets(1,156)
op goed(4,156)
uit tot(1,156)
in tweede(3,155)
elkaar de(1,138)
zei van(1,128)
mag van(2,156)
voor tegen(1,156)
la in(1,154)
drie in(1,156)
van wat(1,156)
van voorzitter(1,156)
het mijn(1,156)
me de(1,156)
jaar dat(1,156)
net van(1,156)
25 in(1,156)
de mede(1,156)
zou in(1,156)
ik zijn(1,156)
van niets(2,156)
en april(1,156)
de 1000(1,156)
jan de(1,156)
zaak de(1,156)
drie van(2,156)
van dag(1,156)
hem de(1,156)
op om(1,156)
het geen(1,156)
uit op(1,156)
op als(1,156)
in door(1,156)
de zeer(1,156)
van er(1,156)
zich van(1,156)
over en(1,156)
uit in(1,156)
in te(1,156)
voor op(2,156)
door in(1,156)
van zich(1,156)
aan in(1,156)
niet van(1,156)
in met(2,156)
voor in(1,156)
aan van(1,156)
van te(1,156)
en van(1,156)
