van de(33,156)
in de(27,156)
van het(3,156)
van den(2,156)
in het(15,156)
aan de(6,156)
voor de(10,156)
op de(12,156)
dat de(6,156)
door de(2,156)
bij de(4,156)
van een(3,156)
op het(1,156)
met een(3,156)
met de(4,156)
voor het(5,156)
aan het(3,156)
den haag(2,156)
de eerste(2,156)
over de(6,156)
dat hij(2,156)
in een(1,156)
meer dan(3,156)
niet meer(4,156)
zal worden(2,156)
en de(3,156)
dan ook(1,156)
bij het(2,156)
uit de(6,156)
op een(1,156)
voor een(3,156)
nog niet(8,156)
te brengen(1,156)
is het(1,156)
naar de(2,156)
door een(1,156)
een paar(1,156)
is een(1,156)
om de(4,156)
kunnen worden(1,156)
de tweede(1,156)
te houden(1,156)
dit jaar(19,156)
ons land(5,156)
van der(10,156)
te komen(1,156)
nog steeds(6,156)
onder de(2,156)
ten aanzien(1,156)
tegen de(4,156)
tweede kamer(2,156)
van dit(2,156)
vorig jaar(4,156)
als een(2,156)
moet worden(2,156)
van onze(9,156)
is er(1,156)
een aantal(1,156)
ten einde(2,156)
het hoofd(1,156)
die in(1,156)
af te(1,156)
tot een(1,156)
ook de(1,156)
na de(2,156)
minder dan(1,156)
eerste plaats(1,156)
is de(2,156)
de nederlandse(1,156)
en dat(1,156)
er is(1,156)
een zeer(1,156)
deze week(2,156)
verenigde staten(1,117)
ook in(2,156)
de regering(1,156)
is dat(1,156)
een nieuwe(4,156)
er nog(1,156)
aanzien van(1,156)
niet te(4,156)
een nieuw(1,156)
ook niet(1,156)
een der(1,156)
in ons(2,156)
zou worden(1,156)
de toekomst(1,156)
terug te(2,156)
new york(5,155)
nog geen(3,156)
van alle(1,156)
van hun(2,156)
niet in(1,156)
de kamer(2,156)
buitenlandse zaken(2,107)
de wereld(2,156)
in alle(1,156)
en het(3,156)
raad van(1,156)
de wet(1,156)
de markt(1,156)
met name(1,156)
directeur van(1,156)
het schip(3,156)
als de(2,156)
de man(1,156)
heeft zich(1,156)
bij een(4,156)
van ons(2,156)
ben ik(1,156)
bezoek aan(1,156)
heeft een(1,156)
om zich(1,156)
het eerst(3,156)
van haar(1,156)
per dag(1,156)
gevolg van(1,156)
dat een(1,156)
op zijn(1,156)
volgend jaar(3,156)
is nog(2,156)
zou hebben(1,156)
dank zij(4,156)
het niet(3,156)
is in(1,156)
alleen maar(4,156)
veel meer(1,156)
tweede helft(1,156)
voor alle(1,156)
de amerikaanse(1,102)
het kabinet(5,156)
de derde(1,156)
weg naar(5,156)
de provincie(2,156)
de huidige(2,156)
onze correspondent(4,156)
de vrouw(2,156)
omdat de(1,156)
te verwachten(2,156)
de grote(1,98)
niet aan(1,156)
een onderzoek(1,156)
die de(2,156)
zeker niet(1,156)
zes maanden(2,156)
in engeland(4,156)
het laatste(1,156)
steeds meer(2,156)
helft van(4,156)
niet eens(1,156)
dan een(1,156)
zich op(1,156)
in europa(3,156)
ter wereld(2,156)
loop van(2,156)
het congres(1,156)
niet zo(3,152)
achter de(1,156)
25 jaar(1,156)
eerste kamer(1,156)
bouw van(2,156)
naar een(2,156)
bij deze(2,156)
die niet(1,156)
eerste helft(1,156)
te blijven(1,156)
niet op(2,156)
over te(1,156)
toch nog(1,156)
of the(1,156)
te wijzen(1,156)
worden door(2,156)
die het(1,156)
dan de(1,156)
nu nog(1,156)
waar het(1,156)
de gewone(1,156)
de internationale(1,151)
verbetering van(2,156)
buiten de(2,156)
nog nooit(1,156)
is dus(1,156)
de jeugd(1,156)
een belangrijke(1,156)
in amerika(6,156)
van koophandel(2,156)
weg te(1,156)
einde van(1,156)
kans op(1,156)
de twee(1,156)
die een(1,156)
hopen dat(1,156)
een heel(1,156)
strijd tegen(2,156)
een tweede(1,156)
tweede plaats(1,156)
de waarheid(2,156)
medewerking van(1,156)
de hele(3,95)
twee maanden(1,156)
de gevolgen(1,156)
in friesland(1,156)
onderzoek naar(1,156)
paar dagen(1,156)
in amsterdam(1,156)
belangstelling voor(1,156)
werd de(1,156)
naar amsterdam(1,156)
zal de(1,156)
en nu(3,156)
kunnen doen(1,156)
te bevorderen(1,156)
van af(1,156)
op weg(7,156)
ben je(1,142)
de weg(1,156)
maar een(2,156)
dan in(1,156)
al deze(1,156)
bevordering van(1,156)
weer in(2,156)
oorzaak van(2,156)
een belangrijk(1,156)
openbare werken(1,156)
beroep op(1,156)
de beurs(4,156)
prins bernhard(1,72)
heeft in(1,156)
van zaken(1,156)
leider van(1,152)
in feite(1,85)
in strijd(1,156)
zo goed(2,141)
te dringen(1,156)
groot belang(1,156)
vraag naar(1,156)
te denken(1,156)
is gisteren(1,156)
zou het(2,156)
zal komen(1,156)
want de(1,156)
ondanks de(1,156)
gedaan om(1,156)
zeer groot(1,156)
omdat er(1,156)
de lange(1,156)
niet mogelijk(1,156)
van amsterdam(1,156)
aanval op(1,156)
gaat het(1,156)
erop dat(1,135)
de brug(1,156)
invloed van(2,156)
het huwelijk(1,156)
maar als(1,156)
er aan(1,156)
per aandeel(2,156)
worden gedaan(2,156)
kunnen zijn(1,156)
met grote(1,91)
gevolgen van(1,156)
genoeg om(1,156)
die aan(1,156)
veel minder(1,156)
de economische(1,138)
de amsterdamse(2,120)
half jaar(1,156)
dan niet(1,156)
de verkiezingen(1,156)
op eigen(1,156)
het bedrijfsleven(2,91)
poging om(2,156)
zich nog(1,156)
strijd om(1,155)
fiat 128(1,26)
hier en(1,156)
kamer van(2,156)
en die(1,156)
had een(1,156)
de praktijk(1,156)
sociale voorzieningen(1,82)
bestrijding van(2,156)
moeten zijn(1,156)
niet verder(1,156)
waren de(1,156)
nog in(5,156)
ook bij(1,156)
verlies van(4,156)
de winst(1,156)
de dag(1,156)
nederlandsche bank(1,156)
herstel van(6,156)
exploitatie van(1,155)
gang van(1,156)
limburgs dagblad(3,53)
is op(3,156)
overzicht van(5,133)
hem in(1,156)
bescherming van(1,156)
door dr(2,156)
vrije volk(3,106)
zijn dat(1,156)
het hele(1,88)
houden met(1,156)
wordt het(1,156)
zal blijven(2,156)
verlaging van(2,156)
de schade(1,156)
staat van(1,156)
afhankelijk van(1,156)
hoe het(1,156)
niet uit(3,156)
de macht(1,135)
stijging van(1,147)
denken aan(1,156)
de pvda(1,50)
meerderheid van(1,156)
op zoek(2,104)
het derde(2,156)
van engeland(1,156)
alleen in(1,156)
dat zijn(1,156)
een sterke(2,156)
iets lager(1,156)
wat is(1,156)
zoek naar(2,122)
plaats voor(1,156)
niet erg(1,147)
verzet tegen(1,156)
het vertrouwen(1,156)
miljard gulden(1,44)
beeld van(1,156)
of er(1,156)
maar in(1,156)
belangrijke rol(1,156)
de baan(1,156)
die ons(1,156)
gevaar voor(1,156)
vertrouwen in(3,156)
belangrijk deel(1,156)
wall street(39,107)
vrees voor(1,156)
brief aan(2,156)
zuid afrika(1,144)
reden waarom(1,156)
kan er(1,156)
niet uitgesloten(1,154)
begonnen met(1,156)
in duitsland(4,85)
een lange(1,156)
geen geld(1,156)
den uyl(10,76)
nu niet(2,156)
ten cate(1,156)
verhoging van(3,95)
kan het(1,156)
een enorme(1,136)
geen andere(1,156)
wijzen op(1,156)
jaar in(2,156)
zich heen(1,156)
tekort aan(3,137)
er veel(1,156)
zeer vast(2,155)
nu de(3,156)
werken en(1,156)
regering heeft(1,131)
in parijs(2,156)
ook met(1,156)
goed te(1,156)
niets van(1,156)
de gebeurtenissen(1,156)
het aanbod(1,156)
met garantie(1,138)
niet beter(1,156)
zich door(2,156)
een geweldige(1,156)
op nieuw(1,155)
de actie(1,155)
in rotterdam(2,156)
ook door(1,156)
aan ons(1,156)
da costa(1,156)
zich over(3,156)
hebben dat(1,156)
de moeilijkheden(2,137)
leven en(1,156)
niet met(1,156)
zeer sterk(1,156)
van economische(2,122)
de werkloosheid(3,109)
hele wereld(2,65)
hulp van(1,156)
advies van(1,156)
vooral op(3,156)
de groot(2,156)
geen woord(1,156)
zal in(1,156)
overschot van(2,156)
met geweld(1,156)
dat nu(1,156)
daling van(1,156)
eerste halfjaar(4,156)
leven in(2,156)
tot verbetering(1,156)
de onderneming(1,156)
de vs(2,134)
de crisis(2,156)
grote belangstelling(2,69)
te hopen(1,156)
dus een(1,156)
eerste kwartaal(1,156)
rekening houden(1,129)
wijst erop(1,114)
van gelder(5,156)
het internationale(1,144)
iets beter(1,156)
het vrije(2,156)
de feiten(1,156)
openbaar vervoer(1,74)
zou dan(1,156)
onder invloed(2,138)
in andere(1,156)
groei van(2,155)
hoop op(3,156)
uitgaven voor(1,156)
en goed(18,156)
zich als(1,156)
heeft ook(1,156)
tegenover elkaar(1,135)
gericht op(1,127)
de rug(1,153)
het wel(3,156)
winst en(2,156)
dividend over(1,155)
weer aan(1,152)
zeer moeilijk(1,132)
een kwart(1,156)
aanvallen op(1,156)
een bijdrage(1,139)
houden en(1,156)
al dan(1,156)
west duitsland(11,57)
maar weinig(1,156)
de italianen(1,153)
meer op(2,156)
nog verder(1,156)
zorgen voor(1,156)
komen om(1,156)
vast gestemd(3,145)
verlenging van(1,156)
uit vrees(1,156)
met weinig(1,156)
al of(1,156)
de problemen(1,101)
het kapitaal(1,156)
we er(1,155)
rekenen op(2,156)
praten over(1,137)
de vrede(1,156)
eens met(1,156)
ten grondslag(1,156)
wachten op(1,156)
te keren(1,125)
een gelukkig(1,156)
groep van(2,155)
hebben in(1,156)
zaken in(1,156)
de baas(1,156)
kritiek op(1,140)
verder dan(1,156)
maanden van(2,156)
der hoeven(1,156)
in geval(1,156)
in washington(1,140)
alleen bij(1,156)
ruimte voor(1,156)
bron van(1,156)
afscheid van(1,156)
beschuldigd van(2,156)
getroffen door(1,156)
te overwinnen(1,156)
een plan(1,156)
en waar(1,156)
van ommeren(5,156)
jaar met(2,156)
gehele land(1,73)
omvang van(1,156)
du pont(1,153)
onder druk(4,102)
aanbod van(1,156)
en frankrijk(2,156)
de massa(1,156)
nog erger(1,156)
zijn die(1,156)
per saldo(1,140)
leidt tot(1,156)
door onze(1,156)
niet waar(1,156)
nieuw leven(1,156)
van amerika(1,156)
amsterdam rubber(1,84)
sterker dan(1,156)
situatie in(2,99)
jaar voor(1,156)
de top(2,154)
te hulp(2,156)
gisteren is(1,156)
de anderen(1,156)
kern van(1,156)
ruwe olie(2,122)
zeer slecht(2,156)
goede resultaten(1,156)
van tien(2,156)
die zijn(1,156)
de japanse(1,86)
vooral niet(1,156)
het eten(2,156)
kan alleen(1,156)
al het(2,156)
zijn niet(1,156)
dat geval(1,156)
moeilijke taak(1,128)
naar ons(1,156)
amsterdamse effectenbeurs(2,52)
in japan(7,155)
het partijbestuur(2,104)
komen in(1,156)
amro bank(1,32)
vragen voor(1,156)
de v.s(2,95)
de arbeid(1,156)
een felle(1,156)
steeds niet(1,156)
winnaar van(1,107)
worden met(1,156)
tijd voor(2,156)
dat zou(2,156)
hebben gisteren(1,156)
niet direct(1,151)
de werkgelegenheid(1,86)
en kleine(1,156)
winst van(1,156)
wel is(1,156)
onze haagse(1,52)
plan van(1,156)
haagse redactie(1,48)
weinig handel(1,152)
angst voor(1,153)
te laag(1,156)
zou de(1,156)
zijn ook(1,156)
een verdere(1,143)
congres van(2,156)
links en(1,156)
zolang de(1,79)
van loon(2,156)
woning in(1,156)
druk van(1,156)
half miljoen(3,83)
in contanten(1,154)
stelde zich(1,156)
de antillen(1,142)
zou een(2,156)
europese commissie(2,49)
gaan werken(1,141)
centrale bank(1,113)
is te(1,156)
eerst sinds(2,135)
tevreden over(2,156)
de eeg(1,39)
wat nu(1,156)
actie tegen(1,151)
hoog peil(1,109)
hangt af(1,156)
kunnen hebben(2,156)
de rente(2,156)
voor verdere(2,156)
het kort(9,156)
richt zich(1,125)
deze zomer(1,118)
nieuw zeeland(1,156)
aftreden van(1,156)
van beleg(1,156)
derde kwartaal(5,156)
economische ontwikkeling(2,115)
de rode(1,140)
plannen om(1,152)
van 500(1,156)
jaar zal(1,156)
komt nog(1,156)
ziet het(1,156)
man in(1,156)
74 75(1,155)
door alle(1,156)
europa en(1,156)
een moeilijke(1,125)
weet het(1,156)
in juni(2,141)
basis voor(2,140)
jaar weer(2,136)
geen nieuwe(1,156)
er zit(2,138)
werd hem(1,156)
lange termijn(3,103)
de bedrijven(1,156)
moet nog(1,156)
gaat over(2,156)
teken van(2,89)
even groot(1,156)
economische groei(5,49)
nederland heeft(1,156)
geld en(18,156)
de partijen(1,156)
der lugt(1,152)
ter verbetering(1,156)
te boven(3,156)
10 procent(3,133)
te lijf(1,154)
op vrije(1,156)
macht van(2,133)
het roer(1,156)
economisch leven(1,100)
top van(1,156)
geld lenen(1,52)
van bestuur(1,156)
probleem van(1,110)
in bonn(1,119)
amerikaanse minister(1,60)
de economie(4,142)
zuid amerika(1,156)
eerst nog(2,156)
een antwoord(1,156)
de cpn(2,58)
midden oosten(1,72)
in april(1,156)
aangepast aan(1,96)
derde wereld(2,43)
het beter(1,156)
de zomer(1,156)
miljoen mensen(2,43)
een totale(1,133)
werk en(1,156)
niet of(1,156)
vooruitzichten voor(1,127)
geweest van(1,156)
niveau van(1,119)
denkt aan(3,156)
in juli(2,140)
regering in(2,132)
jaar nog(2,156)
goede zaak(1,156)
plan voor(2,156)
een baan(1,133)
voorzitter de(1,156)
nieuwe jaar(2,156)
van 16(1,156)
woord over(1,156)
de consument(1,131)
zo sterk(1,95)
kunnen helpen(1,156)
de rijke(1,156)
subsidie voor(1,155)
of wat(1,156)
en op(1,156)
geleden door(1,156)
naar spanje(1,156)
een heleboel(1,61)
belang voor(1,156)
wat in(1,156)
mooi weer(1,141)
een glimlach(1,156)
het type(1,132)
zich vooral(1,156)
niet slecht(1,156)
tot eind(1,120)
kan nu(1,156)
vrouw met(1,156)
van die(1,156)
het financieel(1,156)
had in(1,156)
west europa(1,109)
optreden tegen(1,137)
goed is(1,156)
zwaar getroffen(1,145)
en zeer(1,156)
zal nog(1,156)
te vergroten(1,66)
erg moeilijk(1,103)
want al(1,156)
staan op(1,156)
voor engeland(2,156)
iets hoger(1,60)
verkorting van(1,156)
staan er(2,156)
de moeilijke(1,129)
flauw gestemd(4,122)
de inflatie(2,79)
slechte tijden(2,134)
in zicht(2,125)
sprake geweest(1,156)
nog voor(1,156)
betekenen dat(1,63)
boven alles(1,156)
worden gelaten(1,156)
opgewekte stemming(1,136)
nieuwe verkiezingen(1,156)
eigen schuld(1,156)
zijn antwoord(1,156)
crisis in(1,155)
de duivel(1,156)
geld op(1,156)
schuldig aan(2,156)
herstelde zich(1,156)
is noodzakelijk(1,156)
afzet van(1,151)
gaat met(1,156)
uit angst(1,140)
volgende keer(1,135)
staat voor(3,156)
in west(5,155)
gevolgen voor(1,156)
nader inzien(2,154)
economische situatie(3,80)
tekort van(1,156)
het wonder(1,156)
jaar op(2,156)
wordt bedreigd(1,156)
de gunst(2,156)
omzet van(1,156)
voor meer(1,156)
bijdrage tot(1,155)
meer mogelijk(1,156)
nieuws uit(2,156)
de bres(1,156)
geloof in(1,156)
verrast door(1,156)
strijd in(1,156)
problemen met(1,81)
caribisch gebied(1,40)
rekening met(2,156)
de kaak(1,155)
duitsland en(3,74)
de koek(2,156)
van 18(1,156)
en neer(1,156)
sociale dienst(1,59)
oproep tot(1,103)
van stapel(1,156)
niet bereikt(3,156)
wij staan(1,156)
te groot(2,156)
economisch herstel(10,81)
nog net(2,140)
kamer over(1,156)
het toerisme(1,100)
komt uit(1,156)
ongerust over(1,156)
belangstelling in(1,156)
moeilijkheden te(1,129)
goede kansen(1,130)
zo slecht(1,91)
financieel beleid(1,129)
steun voor(1,156)
handelaar in(1,156)
landen in(2,156)
rotterdamse haven(1,60)
eerste zes(2,156)
vast op(1,156)
dertig procent(1,100)
dan naar(1,156)
geen toestemming(1,124)
krijgen om(1,155)
problemen van(1,100)
internationale politiek(1,114)
in moeilijkheden(5,126)
westerse landen(1,56)
kerken en(1,156)
evangelische kerk(1,154)
een werkelijk(1,156)
tot president(1,156)
de luchtvaart(2,122)
toch in(2,156)
onze partij(1,141)
van thijn(1,95)
wacht op(1,156)
in grote(1,78)
element in(1,150)
nederland zal(1,156)
grote moeilijkheden(2,62)
in 1980(1,71)
70 procent(1,97)
de steek(1,142)
is gedaald(1,155)
houdt in(1,156)
het westduitse(1,49)
doen stijgen(1,156)
interesse voor(1,89)
miljard mark(1,55)
een gevoelige(1,156)
der grinten(1,131)
in uitzicht(1,117)
jaar vast(1,153)
goedkoper dan(2,62)
weer normaal(1,106)
in naam(1,156)
een zwakke(1,141)
in tokio(1,107)
het kan(1,156)
of na(1,156)
er van(2,156)
en wee(1,156)
in midden(1,156)
helmut kohl(1,25)
winst over(2,141)
doen we(1,132)
van crm(1,29)
schepen in(1,156)
tekort op(1,152)
geweest voor(1,156)
ons nu(1,156)
hebben geleden(1,156)
bevredigend resultaat(1,144)
laatste kans(1,118)
gunstig voor(1,156)
de obligatiemarkt(1,81)
komt niet(1,156)
bij nader(2,156)
met verlies(1,156)
tot samenwerking(1,125)
moeilijkheden met(1,126)
zonder werk(4,156)
op volle(2,140)
procent meer(1,104)
meer belangstelling(1,156)
zijn schouders(1,126)
betere resultaten(1,147)
dienst voor(1,156)
taak om(1,156)
het zaad(1,156)
golden tulip(1,26)
een miljoen(3,97)
effect van(1,156)
de schuldige(2,156)
worden gekocht(1,156)
schade die(1,156)
te hard(3,156)
de arbeidersbeweging(1,113)
praten met(1,123)
confrontatie met(1,105)
en economisch(1,121)
lange duur(1,144)
op kosten(1,156)
in heerenveen(1,98)
werkloosheid in(3,106)
bank van(1,156)
dat toch(1,156)
kabinet van(2,156)
profiteert van(2,121)
felle kritiek(1,80)
25 jarig(1,145)
gebeurtenissen die(1,156)
dat laatste(1,156)
analyse van(1,144)
voor verbetering(2,156)
succes heeft(1,145)
het vad(1,86)
in 1975(3,53)
zal geen(1,156)
de wal(3,156)
het pond(1,156)
en winst(2,142)
en zuid(1,156)
bier en(1,156)
in 1985(1,46)
de defensie(1,152)
klaar voor(1,136)
mij in(1,156)
nationaal inkomen(2,93)
is onze(1,156)
geen dividend(2,136)
ligt dan(1,156)
dat amerika(1,147)
lijnrecht tegenover(1,126)
heus wel(1,62)
geen ruimte(1,142)
rotterdam heeft(1,156)
met 12(2,156)
of nauwelijks(1,108)
in 1974(9,38)
procent gestegen(1,87)
zorgen over(1,103)
geen verbetering(1,145)
het werkelijk(1,156)
steeg met(1,133)
nooit zo(1,80)
kleine man(1,138)
sociaal democraten(1,113)
sociaal economische(1,82)
goed voorbeeld(2,155)
wisseling van(1,156)
prof dr(1,118)
honderden mensen(1,61)
dagblad de(1,156)
nog slechter(1,150)
gevaar is(1,156)
houding ten(1,149)
kwart miljoen(1,52)
der stee(1,45)
bondskanselier helmut(1,22)
liquidatie van(1,155)
gewone man(1,95)
in 1976(4,37)
eigen vermogen(2,139)
kalme handel(2,89)
een streep(1,142)
de rijn(1,156)
botsing tussen(1,62)
moet zorgen(1,154)
ruim 10(2,156)
tweede fase(1,75)
marcus bakker(1,50)
bereid tot(1,156)
nederlander die(1,156)
fabrieken in(2,156)
kees van(2,110)
sociale lasten(1,75)
procent hoger(1,54)
van 29(1,156)
vraagt om(2,156)
richten op(1,126)
zich goed(1,156)
heeft na(2,156)
let vooral(1,123)
eind maart(1,91)
om al(1,156)
ruim vijf(1,156)
spreiding van(2,100)
veel gevaarlijker(1,153)
af van(2,156)
vanaf morgen(1,96)
de verbruikers(1,156)
van paul(1,155)
westerse wereld(2,52)
werkt met(1,152)
na jaren(1,156)
peter van(2,154)
herstellen van(1,156)
de hoofdredacteur(2,150)
maar over(1,156)
groei en(1,156)
dan verwacht(3,152)
import van(1,112)
verband tussen(1,69)
zo lekker(1,64)
zware druk(1,107)
keer zo(1,60)
jaren van(1,156)
tijd door(1,156)
de rai(1,96)
de kostprijs(1,113)
alles wijst(1,118)
stagnatie in(1,139)
helmut schmidt(1,32)
in ned(1,155)
toekomst niet(1,156)
nog grotere(1,62)
der stoel(1,100)
de betalingsbalans(1,94)
voor nieuwe(2,156)
morgen in(1,156)
bedrijven naar(2,156)
vrij gunstig(1,154)
industrie in(2,156)
komend jaar(1,96)
lang wachten(1,156)
secretaris generaal(1,155)
een beweging(1,136)
in toom(1,156)
de dollar(8,133)
vertrouwen van(2,156)
esso nederland(2,44)
kwalijk genomen(1,148)
hard aan(1,142)
genomen dat(1,156)
correspondent in(1,154)
beloofde land(1,148)
redelijk goed(2,155)
van kemenade(1,123)
blijft bij(4,156)
de doorslag(1,112)
chamotte unie(2,48)
niet ontevreden(1,132)
tekenen van(1,73)
daarvan kan(1,156)
hoopt op(3,155)
maar veel(1,156)
veel vertrouwen(1,156)
ruim zes(1,156)
nationaal produkt(1,41)
cijfers zijn(1,151)
onzekerheid over(2,141)
50 miljoen(2,64)
blijft in(1,156)
doet niets(1,156)
maatregelen voor(1,156)
ihc holland(1,33)
in zwart(1,156)
burgers en(1,156)
huidige crisis(1,94)
reacties op(2,78)
vos en(1,156)
regering wil(1,103)
geduld en(1,156)
wennen aan(1,105)
arbeid voor(1,156)
rekent op(5,156)
economische vraagstukken(2,111)
moeilijke tijd(1,101)
jaar al(1,156)
kleine winst(1,134)
sterk gedaald(2,128)
geen echte(1,119)
sterke man(2,115)
franz josef(1,95)
commissie in(2,156)
procent minder(1,97)
worden belegd(1,153)
reddeloos verloren(1,149)
onze beursredacteur(4,33)
elkaar af(1,118)
begin dit(1,66)
werkt op(3,156)
is weliswaar(1,108)
fel tegen(1,110)
hoop en(2,156)
ruim miljoen(2,55)
op jacht(1,122)
arme landen(3,63)
teruggang van(2,152)
nieuwe uitgaven(1,151)
de olie(1,156)
engeland zal(2,155)
wal en(2,156)
handhaafde zich(1,110)
situatie op(2,91)
niet best(1,154)
in waterland(1,155)
een economische(2,116)
elseviers weekblad(1,47)
opleving van(3,100)
volle capaciteit(1,94)
hoger op(1,61)
ballast nedam(2,27)
moet in(1,156)
deze redenen(1,156)
wordt weer(1,141)
in wall(4,93)
gered door(1,156)
gewone mensen(1,61)
dupe van(2,141)
albert van(1,156)
geen subsidie(1,145)
rijke landen(4,75)
jacht naar(1,119)
is nodig(1,68)
stelsel dat(1,155)
economische moeilijkheden(1,80)
belastingen in(1,156)
mede omdat(1,141)
nederlandse economie(1,52)
de lift(1,114)
kon olie(2,72)
kaak gesteld(1,139)
waarschuwing aan(3,156)
terug met(1,156)
plaats zou(1,156)
op wielen(1,150)
van hier(1,156)
spaanse regering(1,62)
stap terug(1,126)
om zeep(1,108)
geen maatregelen(1,141)
zone van(1,101)
gewaarborgd door(1,155)
kampen met(1,155)
door jan(7,156)
de regeringsverklaring(1,80)
zit nog(2,151)
steeds als(1,156)
gezet door(1,147)
ver vooruit(2,148)
mannen zijn(1,156)
zeventiger jaren(2,87)
van morgen(1,156)
winkel van(1,156)
vandaag de(1,112)
12 procent(2,100)
verkeren in(1,63)
spoedig herstel(3,154)
niet rooskleurig(1,119)
niet wordt(1,156)
onder zware(1,150)
fusie met(2,103)
zo goedkoop(1,69)
duitse regering(1,64)
zijn vaak(1,128)
nationaal grondbezit(1,85)
congres in(1,155)
uit denemarken(1,151)
in reactie(2,111)
lager peil(1,116)
zakken en(1,156)
te remmen(1,118)
te dichten(1,145)
spek en(1,156)
van groot(1,156)
japanse regering(1,62)
van samenwerking(1,126)
wordt begonnen(1,126)
duurder worden(1,129)
winst per(2,130)
minister lubbers(7,19)
op niveau(1,82)
ruimte genoeg(1,149)
vol gas(2,86)
prijzen en(1,156)
europa in(1,156)
zuid vietnam(1,39)
4,5 miljoen(1,40)
bevorderd worden(1,155)
geen aanwijzingen(1,105)
wat doen(1,154)
optimistisch over(2,91)
door hans(1,110)
de knel(1,114)
onze economie(1,68)
economische recessie(3,35)
de daden(2,156)
weliswaar nog(1,103)
gedraagt zich(1,152)
heffing op(1,153)
plannen zijn(1,154)
nieuwe aandelen(1,54)
hoger personeel(2,48)
edo brandt(7,19)
de nek(1,120)
internationale toestand(1,85)
er slecht(2,155)
amerikaanse economie(7,49)
concentreerde zich(1,109)
dure plicht(2,125)
beter resultaat(2,136)
buigt zich(2,135)
daarbij zal(1,156)
kritiek van(1,154)
roermond en(1,155)
zes keer(1,96)
van anderhalf(1,156)
wereld zou(1,154)
verlies voor(1,156)
aantal vragen(1,137)
maatregelen zal(1,156)
de negatieve(1,135)
vrijwel uitgesloten(1,92)
niet kwijt(1,119)
henk hoekstra(2,43)
onder luide(1,155)
keer niet(1,143)
twee maten(1,142)
gestemd over(1,152)
toe in(1,156)
nam afscheid(1,139)
huidige economische(1,82)
alle sectoren(1,69)
de sociaal(1,123)
teruggang in(1,149)
loopt op(1,153)
beduidend lager(1,116)
toestemming voor(1,133)
wonder van(1,147)
onderneming in(1,156)
komt maar(2,154)
in eerste(6,156)
vvd en(1,48)
arbeiders zijn(1,153)
rode cijfers(4,33)
zullen dit(1,156)
op lange(3,154)
scholten honig(3,20)
geen verrassing(1,107)
werken bij(2,156)
zou dat(1,156)
redden door(1,154)
uit limburg(1,156)
slecht voor(2,153)
aantal personeelsleden(1,49)
herstel in(10,155)
state of(1,144)
grote concerns(3,53)
toenemende werkloosheid(2,89)
commissie meent(2,150)
opleving in(1,88)
slechts kleine(1,156)
miljoen in(1,76)
zij gaan(2,156)
politieke strijd(1,118)
amsterdamse haven(1,57)
socialisme en(1,130)
zijn gezag(1,156)
geboren is(1,156)
elseviers magazine(1,27)
harde klappen(1,91)
verder terug(1,138)
legde hem(1,139)
dr zijlstra(2,70)
voor miljoenen(1,51)
week tot(1,156)
sprak met(2,156)
voor amerika(1,152)
maandag op(1,156)
heeft weinig(1,156)
het rollen(1,137)
en daarvan(1,156)
jan brouwer(1,142)
van belasting(2,156)
sluitende begroting(1,60)
voor herstel(3,148)
kijk uit(1,97)
nationale investeringsbank(1,34)
het verweer(1,102)
nieuw element(1,135)
japan is(1,148)
7,5 procent(1,42)
haar activiteiten(1,48)
voor openbare(1,156)
zijn stempel(1,121)
licht herstel(3,83)
het krijt(1,132)
nog enigszins(1,89)
45 procent(1,84)
gasten uit(1,134)
deden het(1,156)
andere keus(1,153)
nu ruim(1,156)
halve kracht(1,127)
bittere armoede(1,118)
in mineur(1,111)
praat met(1,106)
iets op(2,156)
na 1945(1,51)
draait op(2,89)
regering moet(1,104)
de wonden(2,156)
vooral gericht(1,106)
economische opleving(1,71)
erg mee(1,105)
korter werken(4,59)
bedrijfsleven in(1,87)
crisis is(1,154)
directeur generaal(1,151)
stad aan(1,156)
vijftig miljoen(1,41)
zomer in(1,155)
geen tweede(1,155)
pers in(1,153)
dollar in(1,127)
krijgen omdat(1,131)
daalde met(3,106)
offers te(1,154)
meer begrip(1,96)
wordt aangehouden(1,149)
je bij(1,146)
we hoeven(1,90)
actief in(1,105)
handel op(1,156)
monetair fonds(1,53)
vreemdelingen in(1,155)
gelder papier(1,44)
aanwijzingen voor(1,132)
wee van(1,152)
door louis(2,148)
fractie in(1,133)
geziene gast(1,93)
procent gedaald(1,70)
bonden en(1,155)
wordt aangepakt(1,103)
remmen en(1,108)
daalde in(1,137)
somber gestemd(1,110)
eerste aanzet(1,39)
vooraan in(1,156)
voorrang aan(1,110)
bij philips(1,82)
internationaal monetair(1,58)
groei in(6,108)
roet in(2,114)
stuit op(1,140)
dialoog met(1,67)
gisteren begonnen(1,150)
de ser(1,139)
anderhalf miljard(1,42)
economische maatregelen(1,91)
politieke ontwikkelingen(1,64)
mensen over(1,64)
drukt op(1,154)
aanzet tot(1,90)
past niet(1,133)
spanje heeft(1,156)
meren en(1,147)
grof geld(1,125)
rotterdam 10(1,155)
winst in(4,143)
nieuw voorstel(2,156)
met 24(2,156)
de pous(1,41)
voor minder(2,156)
achter bij(1,148)
van nationale(1,156)
regering geen(1,106)
stellingen van(1,156)
van olie(1,156)
gezamenlijk met(1,156)
in dollars(1,128)
mei in(1,156)
van hulten(1,132)
in frankfort(1,154)
der spiegel(1,99)
sterk onder(1,139)
bijna verdubbeld(1,138)
economie van(1,114)
crisis te(1,155)
jean jacques(1,144)
en rob(1,96)
gast in(1,139)
nederland moet(1,154)
handel is(2,156)
aanvraag voor(1,153)
economische bedrijvigheid(1,75)
beraadt zich(1,58)
kreeg in(1,148)
geweld aan(1,156)
zal mede(1,155)
amerika in(2,156)
houdt rekening(2,106)
schieten op(1,152)
wisselden elkaar(1,105)
philips en(1,155)
van speyk(1,145)
opgaan in(1,133)
groot aanbod(1,114)
belangrijk element(1,91)
technische mogelijkheden(1,74)
vraag in(1,156)
snel toe(1,143)
werklozen in(2,58)
verband niet(1,156)
overeind te(1,124)
krijgt geen(1,126)
zeker meer(1,156)
twintig man(1,142)
er meestal(1,132)
nieuwe toekomst(2,134)
zwarte bevolking(1,114)
verweer van(1,101)
wereld op(1,156)
verzet in(1,144)
shell nederland(2,49)
vrije pers(1,116)
der doef(1,32)
banda abao(1,35)
klein geld(1,140)
een vat(1,156)
goed gestemd(2,143)
terrein met(1,152)
josef strauss(1,50)
op herstel(1,156)
als zeer(1,156)
onderwijs niet(1,156)
grote schoonmaak(1,58)
mensen zonder(1,64)
vruchten af(1,124)
weer flink(2,113)
verdere toekomst(2,109)
niet moet(1,156)
ijver voor(1,155)
naar nieuwe(2,156)
hogere koersen(2,51)
de bondskanselier(1,76)
deli atjeh(1,46)
en unilever(1,65)
in discussie(1,156)
minister duisenberg(4,10)
op tv(1,104)
problemen bij(1,71)
somber beeld(2,84)
blijven nog(2,156)
dollar en(1,140)
grootste vijand(1,135)
waar door(1,156)
crisis en(1,150)
resultaten op(1,154)
de oliecrisis(1,26)
zijn poging(1,125)
overschot op(1,155)
en democratie(1,105)
uitgaan dat(1,148)
sprankje hoop(1,86)
toom te(1,155)
steeds duurder(1,107)
is uniek(1,79)
voor politieke(1,150)
nog ruimte(1,128)
vijf miljard(1,40)
der sterkste(1,135)
wordt eerst(1,156)
vermoedelijk met(1,155)
symbool voor(1,97)
nieuwe economische(2,88)
van amerikaanse(1,92)
praktijk in(1,150)
grote omzet(2,54)
president ford(1,15)
hal en(2,146)
gaat zich(1,143)
dollar op(1,108)
woningbouw in(1,90)
pvda in(1,49)
de mark(1,156)
meer hulp(2,123)
jaar achter(1,119)
zomer een(1,155)
sparen en(7,155)
argentijnse regering(1,56)
monetaire stelsel(1,48)
stonden onder(1,148)
minister mr(1,110)
economische malaise(2,52)
de bundesbank(1,39)
engeland een(2,156)
president gekozen(1,151)
terecht zou(1,121)
de recessie(8,41)
zweden heeft(1,153)
eisen voor(1,86)
en middelgrote(1,56)
treft het(1,153)
wending in(2,150)
om vrede(1,155)
zijn goed(1,156)
ontwikkelingen rond(1,42)
friesch groningsche(1,84)
bedrijven hebben(2,95)
door peter(2,127)
huidige ontwikkeling(1,82)
de olieprijs(2,36)
op madagascar(1,115)
toezeggingen van(1,143)
gaan geven(1,134)
grote interesse(1,53)
pompen en(1,156)
adviseurs van(1,108)
werkt hard(1,97)
tering naar(1,133)
huwelijk is(1,156)
en hogere(1,63)
in bolsward(1,105)
de tegenwerking(1,154)
van synthetische(1,81)
grens bereikt(2,111)
overleg in(2,152)
onze welvaart(1,144)
zwart rood(1,107)
groep in(1,133)
een exclusief(1,76)
en arbeiders(1,156)
amerika zou(1,138)
haast bij(1,143)
name bij(1,140)
de koersontwikkeling(1,69)
economie in(5,88)
exclusief interview(1,57)
van grote(2,86)
vooruitzichten zijn(1,122)
hoofd bieden(1,146)
voor grote(1,63)
800.000 gulden(1,68)
navo en(1,44)
hoe ziet(1,122)
van collectieve(1,97)
terugslag op(1,113)
nog door(1,156)
en kramer(1,153)
in herstel(5,85)
en gezondheid(1,156)
waarom geen(1,141)
door gerard(2,137)
of boot(2,123)
door wim(8,73)
naar venezuela(1,132)
samenleving die(1,107)
het welzijnswerk(1,26)
elke nederlander(1,80)
en fris(1,91)
iets gedaald(2,137)
onze steden(1,154)
de zeventiger(2,85)
optimistische geluiden(1,55)
miljoen voor(2,73)
en pvda(1,48)
inflatie en(1,78)
nieuwe type(1,102)
die kant(1,117)
voordat een(1,131)
sinds 1958(2,37)
britse pers(1,60)
extra uitgaven(1,107)
naar eenheid(1,129)
record voor(1,103)
belasting in(2,156)
dik in(1,137)
wereld door(2,156)
blij te(1,120)
dan onder(1,156)
nieuwe staatslening(1,51)
van jaren(1,156)
morgen bij(1,156)
financieel en(1,140)
armste landen(2,30)
opzeggen van(1,139)
ruud van(2,42)
in meppel(1,107)
beurs in(1,156)
partijen van(1,156)
door piet(1,112)
op kleine(1,155)
miljoen werklozen(7,39)
kapitaal dat(2,155)
had voorspeld(1,130)
domper op(1,94)
het pessimisme(1,120)
achtergestelde lening(1,21)
tot overname(1,152)
kanttekeningen bij(3,46)
8,5 miljoen(1,40)
nederland gaat(1,123)
gaat verdwijnen(1,91)
maanden cel(1,37)
die grote(1,75)
te vaag(1,121)
uitgeput door(1,146)
the union(1,111)
van werkloosheid(1,108)
is redelijk(2,143)
ramingen van(1,141)
huidige samenleving(1,87)
enorme klap(1,50)
zaad van(1,156)
stempel drukt(1,95)
wijze mannen(1,102)
van discriminatie(1,63)
zette in(2,133)
somber in(3,107)
luide bijval(1,91)
gouden roos(1,80)
gunstig beeld(1,90)
economische inzinking(1,66)
door kees(2,90)
redenen is(1,155)
meer winst(6,122)
mark in(1,132)
de gevarenzone(1,54)
negers en(1,154)
europa nog(2,154)
lagere winst(2,62)
in grouw(1,75)
landen moeten(1,115)
de aandelenkoersen(1,47)
per man(1,148)
dieptepunt van(1,66)
met militaire(1,156)
uitdaging voor(1,80)
meer werkgelegenheid(2,67)
snel voorbij(1,115)
know how(1,37)
voor investeringen(1,48)
groter verband(1,56)
verontrusting over(1,58)
nederland ook(1,156)
een verloren(1,154)
vakbonden in(2,91)
broeders hoeder(1,97)
met forse(2,59)
toeristen naar(1,79)
door jaap(2,89)
verkiezingen is(1,154)
allen van(1,156)
komend najaar(1,45)
aow aww(1,34)
belofte niet(1,151)
onvrede met(1,45)
en philips(2,146)
feiten spreken(1,140)
uyl en(1,36)
partij kan(1,155)
nog duurder(1,134)
passagiers op(1,156)
negatief effect(1,32)
alle kwaad(1,141)
weer tegen(1,130)
sluitende exploitatie(1,68)
economische orde(1,76)
te pessimistisch(1,121)
geldt de(1,156)
nauwelijks merkbaar(1,107)
bij hoogovens(1,38)
in roosendaal(1,90)
met 29(2,156)
de textiel(2,95)
gevaarlijker is(1,144)
wijzen naar(1,136)
geert jan(6,85)
cindu key(2,25)
ijsbrand hiddes(1,9)
vervolging in(1,153)
door cor(1,86)
bijzonder hard(1,106)
economie is(1,86)
nieuwe golf(1,76)
nieuws in(1,156)
blijven toenemen(2,122)
europese kernmacht(1,25)
chemie en(2,140)
men praat(1,118)
blijft stijgen(1,83)
bevolking nog(1,153)
hausse in(2,99)
afbrokkelende koersen(1,65)
dr witteveen(2,48)
met verlichting(1,120)
en boersma(1,118)
universiteiten in(1,132)
pessimistisch over(1,81)
laatste zou(1,156)
gaan samen(1,106)
aan eigen(1,156)
effect zou(1,119)
weerstand aan(1,136)
collectieve lasten(1,22)
wordt aangepast(1,75)
ongewenste vreemdeling(1,47)
bres voor(1,107)
armoede in(1,155)
nvv nkv(1,16)
b.v op(1,120)
programma in(1,156)
illegaal in(1,58)
moeilijk en(1,125)
middelgrote ondernemingen(1,42)
nog toenemen(2,135)
nederland wil(1,132)
door ed(5,151)
in opmars(1,52)
sprong vooruit(2,99)
enigszins in(1,94)
door rob(6,70)
mr maas(1,107)
eind 1974(1,18)
nog somberder(1,112)
feite alleen(1,56)
prijzen met(1,156)
italianen zijn(1,132)
wijst uit(2,103)
en kok(1,156)
optimisme over(1,80)
op 40(2,156)
gelatine delft(2,14)
3,7 procent(1,43)
gouden tijd(1,118)
zeer positieve(1,88)
worden genezen(1,140)
we eten(2,101)
zit vast(1,114)
moet meer(1,155)
boven aan(1,155)
costa gomes(1,15)
miljard in(5,49)
vergrote kapitaal(1,36)
rol meer(1,100)
gegadigden op(1,148)
voor zuid(1,142)
hogere uitkering(1,52)
naderbij te(1,138)
toe door(2,156)
uitzonderlijk hoge(2,49)
74 daf(2,12)
en plassen(1,127)
moet snel(1,94)
en vrees(2,156)
reclame in(2,115)
een adempauze(1,66)
een dieper(1,138)
was gunstig(1,151)
meer moeilijkheden(1,109)
hoger dividend(1,47)
harde les(1,126)
duidelijke verbetering(2,66)
president peron(1,20)
toeristen in(1,94)
jaar verwacht(1,116)
opgelicht door(1,112)
conjunctuur in(1,78)
stond weer(1,113)
begrip in(1,115)
nog sprake(1,141)
van honderdduizenden(1,123)
1976 met(1,24)
dringen aan(1,150)
misleiding van(1,143)
krijgt zijn(1,126)
jaar zeer(2,156)
3,6 procent(1,37)
hulp uit(2,153)
werkloosheid zal(2,98)
wereld worden(1,148)
mikt op(1,44)
klap voor(2,92)
met ontslag(1,141)
dreiging met(1,89)
3e plaats(1,98)
hiddes galema(1,13)
overheid geen(2,108)
vandaag bij(2,102)
steeds achter(1,116)
nu zeer(2,156)
door bert(1,72)
zaken door(2,156)
regering gaat(2,84)
belachelijk laag(1,83)
bremen en(1,156)
1974 met(1,26)
heel stel(1,90)
naar israel(1,38)
van nationaal(2,152)
recessie in(8,40)
streep gezet(1,72)
1975 met(1,35)
handel over(1,155)
flink in(1,130)
paul de(1,155)
klm en(1,59)
economische toekomst(1,88)
tot nieuwe(1,156)
musea in(1,108)
regering doet(1,86)
toerisme naar(1,64)
100 min(1,81)
de hudson(1,125)
gedaald met(1,100)
ontslagen werknemers(1,41)
groeien naar(1,76)
stijgen met(2,112)
steeds langer(1,102)
koel ontvangen(1,125)
energie aan(1,123)
vallen ook(1,137)
van burgers(1,155)
800 000(1,113)
ziet een(1,156)
procent zou(1,84)
van rijksdiensten(1,45)
conflict bij(1,87)
zou overigens(1,143)
blijft achter(1,107)
bij kalme(2,114)
snelle expansie(1,49)
voor nederlandse(1,100)
overeind blijven(1,55)
beleid niet(1,115)
parlementaire jaar(1,91)
dollar of(1,112)
van rsv(1,22)
duitse auto(1,49)
aftreden werd(1,122)
groeiende werkloosheid(1,43)
militaire raad(1,72)
gaat achteruit(1,113)
grote verschuivingen(1,49)
buitenlandse kapitaal(1,58)
krachtig door(2,148)
olie is(1,152)
miljoen passagiers(1,40)
friesland nog(1,121)
economisch onderzoek(1,71)
groeien in(1,117)
voor 800(1,155)
brug komen(1,105)
te somber(1,112)
door philips(1,100)
wordt geboren(1,140)
laatste stuiptrekking(1,81)
spreiding rijksdiensten(2,19)
op zelfde(1,143)
voorzieningen op(1,89)
doek over(1,115)
staatssecretaris meijer(1,7)
resultaten bij(1,128)
louis velleman(1,33)
klad in(2,98)
van 180(1,156)
de monopolies(1,87)
biedt geen(1,122)
top in(1,117)
over economische(4,96)
en communisme(2,87)
boot door(1,150)
als uitgesloten(1,98)
cpn in(1,49)
maakte plaats(1,128)
initiatieven van(1,64)
omzet en(2,155)
dreigt in(1,146)
ontwikkeling niet(1,147)
optimisme en(1,108)
is onaanvaardbaar(1,68)
sparren en(1,143)
groot wantrouwen(1,115)
op non(1,149)
door klaas(2,142)
op lagere(2,152)
erg positief(1,34)
neemt snel(1,103)
voor 695(1,42)
slecht resultaat(1,87)
naar herstel(3,108)
goederen niet(1,155)
rente in(1,156)
kok van(2,156)
als steun(1,113)
ned antillen(1,43)
met 40.000(1,100)
beter of(1,147)
nog toekomstmuziek(1,84)
of slechter(1,113)
handelsbalans van(1,93)
weinig verbetering(1,135)
regering denkt(1,74)
hun fouten(2,95)
erg somber(1,69)
de enci(1,57)
winst kon(2,99)
naam wordt(1,152)
voor ondernemers(1,83)
amerikaanse handelsbalans(1,29)
trok door(1,145)
blijft even(1,148)
grote leider(1,58)
afwentelen op(1,81)
bureaucratie en(1,107)
britse kranten(1,47)
niet somber(3,91)
gaat omhoog(1,79)
gemeenteraadslid van(1,106)
de puree(1,69)
nieuwe rol(1,113)
ook kritiek(1,65)
bezegeling van(1,104)
over problemen(1,78)
in textiel(1,74)
langer door(1,155)
bleef goed(2,137)
van diamanten(1,146)
tendens naar(1,66)
worden aangericht(1,115)
crane nederland(2,14)
door ben(1,155)
en winsten(1,124)
hoge inflatie(1,22)
berichtgeving van(1,81)
krijgt meer(1,109)
verlies bij(4,149)
aktie van(1,71)
europese staalindustrie(1,29)
van unilever(1,65)
eerdere uitspraken(1,26)
dalen maar(1,133)
geeft moed(2,104)
door bernard(1,114)
voor bestrijding(1,108)
uitkering voor(1,56)
zware olie(1,72)
volksvijand nummer(1,41)
franse kalimijnen(1,23)
geen roet(2,91)
dr rutten(1,59)
bert stoop(1,24)
opmerkelijk goed(1,81)
hoogovens in(1,113)
snel herstel(1,73)
werkloosheid neemt(1,59)
unilever en(2,66)
oosten door(1,150)
centraal in(1,79)
beperkte capaciteit(2,69)
redelijk optimistisch(1,29)
en verhagen(1,124)
inzien van(1,156)
westduitse economie(2,39)
moeilijkheden door(1,114)
gaat optreden(1,90)
plicht voor(2,125)
europese economie(2,48)
winststijging van(1,39)
scheepsbouw in(1,137)
de grondstoffenprijzen(1,61)
snel groeien(1,82)
leugens over(1,84)
over 1974(2,12)
1974 1975(1,18)
het 25ste(1,127)
jan bouwer(7,24)
scherp conflict(1,70)
chemische concerns(1,33)
geen verhoging(2,57)
inderdaad wordt(1,130)
oplopen van(1,55)
hulp door(2,155)
fors hoger(1,30)
strop van(2,98)
onrust op(1,127)
ferry knemeijer(1,14)
personeelsleden in(1,47)
laatste stap(1,96)
franse economie(1,46)
vijfde divisie(1,48)
lichte opleving(1,52)
nederland chemie(2,30)
laag geweest(1,117)
door cees(4,57)
wat denken(1,105)
opnieuw uitgesteld(1,80)
hard toe(1,75)
voor verhoging(1,57)
zich herstellen(1,108)
zonder brood(1,125)
van liquidatie(1,144)
street sloot(1,32)
landen willen(1,88)
slaat in(1,156)
rijkste land(1,79)
raken door(1,106)
onderhandelingen voor(1,149)
kunnen beter(1,105)
lage koers(2,69)
in rijnmond(1,33)
van arbeidsplaatsen(1,31)
niet spectaculair(2,46)
ziet af(1,119)
wereldbank en(1,50)
geen stand(1,155)
vaak de(1,156)
munten van(1,152)
drs bogers(1,20)
trouwens alleen(1,116)
indira ghandi(1,23)
vakorganisaties en(1,89)
worden doorgelicht(1,44)
heffing in(1,141)
minder winst(3,95)
moet opnieuw(1,105)
friese bedrijfsleven(1,46)
tulip hotels(1,22)
bouwer en(1,113)
met postzegel(1,109)
fors lagere(3,25)
verwacht geen(2,126)
nog achter(2,134)
investeringen te(1,48)
positieve berichten(1,63)
hoge winst(2,41)
non actief(1,66)
warnderink vinke(3,29)
van moock(2,87)
duizenden betogers(1,40)
54 miljoen(1,41)
bleef vrij(2,126)
de koersdalingen(2,66)
door snelle(2,113)
ergste van(1,146)
fors lager(2,28)
rond 25(1,79)
bakker in(1,155)
uitspraken dat(1,117)
treedt niet(1,141)
aangehouden maar(1,120)
miljoen toeristen(2,39)
en werkloosheid(4,104)
moeilijk jaar(5,88)
winst bij(4,126)
niet omhoog(1,102)
zicht van(1,128)
eindje op(2,100)
regering neemt(1,85)
van sinkel(1,61)
moeizaam op(2,77)
heeft genoeg(1,145)
de rijnmond(1,40)
stijgende loonkosten(1,27)
leonid brezjnef(1,17)
belgische markt(1,75)
grootste onderneming(1,71)
opnieuw terug(1,101)
congres tegen(2,101)
redding voor(2,126)
in winkel(1,139)
en bonen(1,65)
cosmetica en(1,42)
zeer fors(3,43)
academy awards(1,26)
economie zal(1,74)
massaal ontslag(1,39)
zal heus(1,53)
boekte vorig(1,27)
meijer van(1,155)
staalindustrie in(1,77)
eten gooit(2,57)
gevoelige knauw(1,46)
aanwezig voor(1,130)
ontslag bij(1,150)
totaal verrast(1,64)
ed wisborg(6,14)
verwacht een(1,153)
de rentedaling(1,34)
president directeur(1,92)
voor bescherming(1,116)
geluiden over(1,50)
bonden op(1,114)
het oeroude(1,75)
serve overhof(2,20)
jaar vermoedelijk(4,114)
aandelen worden(1,49)
laurens ten(1,26)
structureel probleem(1,30)
weinig speelruimte(1,40)
noodlot van(2,110)
wereldranglijst van(2,44)
dreigt voor(1,108)
bedrijfsleven zou(1,69)
opslag voor(2,94)
concludeert uit(2,77)
de blokkades(1,23)
ir stikker(1,18)
zet door(3,108)
weinig positieve(1,73)
fors in(3,41)
somberder dan(1,72)
met 7,5(1,47)
verwacht in(1,156)
somber over(1,55)
scherp gedaald(1,54)
zaak geweest(1,130)
illegale vreemdelingen(1,18)
toekomst door(2,151)
ziekteverzuim en(1,29)
monetaire conferentie(1,21)
slechte cijfers(1,58)
v.d louw(1,34)
telegraaf amsterdam(1,40)
ondernemers moeten(1,78)
trager dan(2,82)
huidige recessie(2,19)
weer verhoogd(1,86)
over verdere(1,120)
zitting over(1,148)
stoom af(2,76)
bestuur blijft(2,122)
plassen in(1,124)
mevrouw peron(2,15)
meer haast(1,113)
miljoen verlies(1,34)
klm in(1,56)
grote landen(1,60)
29 miljoen(1,42)
zijn geschrokken(1,70)
westduitse spd(1,22)
monopolies en(1,74)
wereld al(1,120)
redt het(1,90)
op bevordering(1,148)
losgekoppeld van(1,32)
olie van(1,154)
voorlopig weinig(1,48)
goud aan(1,149)
meer jongeren(1,58)
op tegenstand(1,118)
wel vindt(1,119)
winst door(1,130)
economie niet(1,77)
voor immigratie(1,102)
diep wantrouwen(1,60)
had beschouwd(1,129)
fiscus heeft(1,81)
sluiting bedreigd(1,31)
van hal(1,156)
british enkalon(1,17)
machinefabriek in(2,101)
overigens kunnen(1,126)
kon shell(2,39)
verlies in(1,156)
contracten en(1,144)
tot ongewenste(1,52)
liep te(1,156)
de lus(1,123)
vietnam cambodja(1,23)
met sluiting(1,127)
kritiek in(1,122)
bewoners aan(1,147)
verwacht dit(3,130)
omzetten en(1,109)
japan op(3,132)
zeer sombere(1,76)
piet heil(1,30)
begroting in(3,60)
een onbegrijpelijk(1,132)
hele westerse(1,41)
meer orders(2,86)
mr gerrit(1,70)
key en(1,81)
bijna half(1,111)
steek zal(1,95)
duivel te(1,127)
tweede jaarhelft(2,23)
meer van(1,156)
te biecht(1,90)
in slechte(2,139)
18 miljard(1,39)
korte looptijd(1,39)
eisen een(1,75)
krijgt twee(1,100)
britse film(1,45)
positief en(1,108)
economie kan(1,64)
werkt weer(1,90)
voorspeld en(1,136)
1945 zijn(1,52)
drs brouwers(1,18)
door ruud(2,33)
goed vol(1,112)
jaap metz(2,15)
estel hoogovens(1,10)
jaar misschien(2,115)
consumptie te(1,115)
op beurzen(1,41)
baas heeft(1,96)
barometer in(1,81)
eventjes maar(1,79)
goed wordt(1,154)
en bezuiniging(1,135)
volgens ramingen(1,47)
door ervaring(1,138)
kwartaal nog(1,112)
nieuwe inflatie(1,32)
derde conferentie(1,65)
en joden(1,153)
begin 1975(2,14)
verdere spreiding(1,33)
flink lager(2,40)
van ns(1,156)
goed verwerkt(1,71)
spd in(1,47)
425 miljoen(1,35)
meer economische(1,86)
rokken in(2,115)
voor economisch(2,78)
niet forceren(1,47)
olie daalde(1,34)
pessimisme van(1,102)
reclame bij(1,111)
van consumenten(1,92)
lenen aan(1,57)
volk der(1,153)
voorstel kan(1,142)
koersdalingen van(1,57)
remt de(1,70)
klijnstra en(1,82)
recessie en(2,33)
antwoord weet(1,91)
en wiegel(1,43)
werkloosheid terug(1,33)
koek is(2,125)
duisenberg van(1,21)
aruba in(1,82)
en franz(1,105)
zet nog(1,103)
alle projecten(1,45)
wielen op(1,128)
op verdere(1,156)
werkloosheid bestrijden(1,30)
onaanvaardbaar voor(1,64)
forse winstdaling(2,23)
forse verlaging(1,23)
van schmidt(2,149)
werkloosheid blijft(6,47)
benelux duitsland(2,20)
de roe(1,144)
zette door(2,100)
gelaten in(1,155)
cao onderhandelingen(1,19)
het olierijke(1,37)
minder optimistische(1,43)
kreeg vorig(2,36)
hogere olieprijs(2,16)
merkt er(1,109)
verschuivingen op(1,58)
injectie van(1,75)
internationale bedrijfsleven(1,40)
progressieve regering(1,23)
blijft na(1,146)
rood goud(1,53)
door fusie(1,75)
de produktielanden(1,28)
valuta van(1,79)
uit onderzoek(2,69)
in usa(1,47)
meldingsplicht voor(1,31)
tussen hoop(2,48)
opdracht uitgevoerd(1,54)
miljoen subsidie(1,31)
begonnen moet(1,97)
van uitkering(1,59)
toekomst vooral(1,97)
voor klm(1,39)
thv international(2,6)
vs zullen(1,45)
met 1,7(1,43)
sprookjes die(1,83)
r.k kerk(1,65)
voor fabrikanten(1,114)
extra heffingen(1,38)
grijpt om(1,80)
winstdaling van(3,28)
door geert(6,87)
1974 was(1,22)
geen opleving(1,39)
groter tekort(1,40)
na goed(2,132)
limburgse arbeidsmarkt(1,17)
arkel en(1,102)
der tuin(2,134)
over ontwikkelingen(1,31)
onzekerheden en(1,72)
in ierland(1,73)
klanten bij(1,82)
bedrijfsleven voor(1,74)
dollar maar(1,79)
boekjaar 1974(1,3)
minister simon(1,23)
olieproduktie van(2,35)
sprong bij(1,118)
hard getroffen(1,41)
lagere omzet(2,36)
keren door(1,60)
betalingsbalans zal(1,43)
gedaald op(2,116)
lagere nettowinst(1,26)
amerikaans plan(2,34)
rob warnderink(3,9)
om overeind(1,65)
weer winstgevend(1,32)
takeo fukuda(1,10)
studeert op(2,56)
fors op(2,42)
goed door(8,156)
nederlanders staan(1,65)
niet overgeslagen(1,64)
stijgen dat(1,122)
vaak goedkoper(2,27)
in oirsbeek(1,51)
amerika nu(1,103)
lager wall(1,23)
groter verlies(1,37)
bernhard naar(1,42)
groeiende onvrede(1,17)
ons na(1,156)
valt terug(1,78)
aarzelen met(1,103)
1976 zeer(1,20)
frankrijk moeten(2,127)
ziet voorlopig(1,33)
belastingverlaging in(1,53)
120 miljard(2,27)
lager resultaat(3,34)
warme winter(1,37)
math weijers(1,7)
over economie(2,68)
cor lommers(1,9)
groeien van(1,108)
voor 1977(1,19)
eeg landen(1,26)
pers gaat(1,86)
hoorde maar(1,106)
amerika staat(2,94)
vooral kwalijk(1,45)
toekomst optimistisch(2,43)
aluminium industrie(1,21)
spanje weer(1,93)
marionet van(1,56)
de vad(1,92)
economie nog(1,60)
oeso verwacht(3,25)
recessie is(1,27)
miljoenennota en(1,36)
miljard uit(1,39)
knelpunt in(1,36)
gerard krul(2,12)
klap krijgen(1,47)
het oliewapen(1,10)
zou zakken(1,76)
miljard voor(1,45)
standpunten uiteen(1,30)
maasstad heeft(1,52)
computer voor(1,33)
termijn nodig(1,40)
lus om(1,65)
61 bij(2,120)
oeso in(1,29)
beleg op(1,112)
dalen op(1,129)
kemenade en(1,38)
wereld vandaag(1,36)
en overvloed(1,145)
nieuw fonds(1,66)
kabinet den(1,129)
amerikaanse kerken(1,43)
ben romijn(1,13)
voelbaar in(1,73)
dieptepunt voor(1,33)
bruynzeel zaandam(1,14)
werkgelegenheid door(1,61)
louis harris(1,13)
op 70(1,156)
met volvo(1,36)
david rockefeller(1,16)
ontreddering en(1,64)
alle sprookjes(1,41)
street in(2,95)
man moeten(1,144)
wereldbank in(2,44)
agiobonus van(2,24)
jan laan(6,56)
herman kahn(1,11)
welvaart op(1,152)
als colijn(1,34)
minimumlonen en(1,28)
dollars worden(1,97)
prijsverhogingen en(1,43)
computer heeft(1,32)
lubbers over(2,21)
door marijke(1,42)
zakt in(1,77)
bij siemens(2,52)
miljard op(1,41)
juist meer(2,132)
economie gaat(1,33)
biedt zeer(1,79)
personeel door(2,137)
bedrijven meer(1,84)
economie met(2,73)
maand begonnen(1,73)
dagelijkse belangen(1,20)
18,4 procent(1,18)
voor bezinning(1,50)
en geringe(1,155)
sociaal zwakken(1,21)
faillissementen en(1,99)
uyl sprak(2,20)
rollen door(1,109)
verliesgevend zijn(1,31)
japanse scheepsbouw(2,15)
congres wil(1,74)
oliecrisis en(1,18)
op gelijk(1,154)
ford biedt(1,22)
weerstand op(1,74)
regeringsverklaring waarin(1,23)
unilever begon(2,18)
andere munteenheden(1,19)
wim kremer(1,15)
cpn wil(1,20)
tussen negers(1,21)
minder olie(4,35)
gedeeltelijk geslaagd(1,36)
limburg had(1,99)
bezit wordt(1,143)
stacaravan of(2,27)
planbureau in(1,44)
britse centrale(1,20)
zou ko(1,75)
en pessimisme(1,77)
felle botsing(1,27)
roer moet(1,46)
tegen 1980(2,26)
reorganisatie op(1,107)
177 miljoen(1,28)
blijft uit(1,149)
cda met(2,21)
philips computer(1,16)
de crisisverschijnselen(1,29)
sterk kunnen(1,100)
op retour(2,65)
15,1 miljard(2,14)
sombere situatie(2,21)
zes antilliaanse(1,17)
haag maakt(1,70)
papierfabriek roermond(1,14)
brouwers van(1,120)
voor japanse(2,56)
bouwer bonn(1,8)
weinig echt(1,53)
25ste congres(1,12)
planmatige voorbereiding(1,8)
van beperkende(1,98)
industrielanden hebben(1,21)
zijn beduidend(1,58)
jongeren zonder(1,37)
storend voor(1,53)
peil ligt(1,39)
in mannheim(1,103)
kranten zullen(1,57)
zijn schuldig(1,145)
ondernemers geen(1,64)
op vrachtwagens(1,64)
waar waren(1,137)
vs wordt(2,48)
groenevelt en(1,28)
lagere groei(1,18)
slechte economie(1,14)
wel overeind(1,31)
pous en(1,21)
cel voor(1,85)
van zijlstra(1,129)
de studentenstops(1,9)
regering wilson(1,9)
gerrit hepkema(1,11)
ir klijnstra(1,6)
goedkope dollar(2,9)
koerst op(1,30)
toch gedeeltelijk(1,66)
charters naar(1,19)
kapitalistische chaos(1,11)
inspirerende en(1,30)
om japan(1,100)
street bleef(2,24)
recessie te(3,31)
nederlandse les(1,31)
vs in(1,133)
moet bevorderd(1,53)
beter geen(1,125)
beurs gaat(1,51)
hoogste inkomen(1,29)
krijgt hulp(1,33)
koersdalingen in(1,37)
bij lagere(2,119)
en oppositieleider(1,26)
van rambouillet(1,37)
crisis of(1,84)
rentabiliteit te(1,47)
crisis voor(1,119)
in bonus(1,42)
korter gaan(1,21)
inleidingen op(1,47)
leren op(2,111)
economische verwachtingen(1,24)
resultaten blijven(2,47)
maastrichtse machinefabriek(1,5)
rijnmond zal(1,24)
uyl ziet(1,17)
makkelijk door(1,61)
groeit onder(1,45)
ook klm(1,34)
looptijd en(2,54)
kijkt over(1,64)
niet stopzetten(1,37)
bata best(1,11)
oppositie eist(1,9)
vs al(2,51)
nu 45(1,97)
ondernemingen ook(1,89)
kant al(1,120)
rob jager(3,9)
directie noemt(1,27)
om inflatie(1,46)
werkelijk over(1,114)
maar terug(1,123)
recessie zal(1,19)
bij suralco(1,11)
1974 per(1,13)
halfjaar voor(1,86)
over herstel(2,75)
minder toeristen(1,21)
zware dreun(1,12)
over gaat(1,108)
motieven bij(1,68)
kvp geen(1,23)
van naderende(1,104)
en verhoging(1,61)
geweldige tijd(1,32)
street zette(2,12)
per rolstoel(1,17)
op lijst(1,98)
en verlenging(1,130)
auto industrie(3,39)
coos verweij(2,4)
japan uit(1,91)
japanse arbeiders(2,17)
minder schepen(2,66)
000 werknemers(1,18)
inflatie door(2,47)
nu teveel(1,40)
alles nodig(1,48)
kritiek door(1,90)
recessie op(2,22)
van recessie(8,31)
auto steeds(1,63)
duitse fiscus(1,12)
echt nieuws(1,24)
weet op(1,156)
uit vertwijfeling(1,22)
aan lagere(1,125)
thijn in(1,28)
economie verder(1,24)
blijft groot(1,114)
beursweek met(1,15)
snelst in(1,48)
bnp in(2,19)
met 16,5(1,21)
220 man(1,42)
de schietboom(1,14)
bij hoesch(1,14)
verdere internationalisering(1,7)
nederland haalt(2,27)
dal heen(1,22)
1974 af(1,11)
wil geld(1,84)
eerste mei(1,104)
goed hoger(2,25)
produktie daalde(1,9)
eiland bij(1,141)
van volgend(1,124)
voorzitter raad(1,57)
douglas in(2,81)
olie weer(1,46)
aan racisme(1,16)
recessie voorbij(1,6)
in rambouillet(1,10)
geding om(1,46)
recessie van(2,38)
heeft honderden(1,89)
800.000 nederlanders(1,7)
niet dalen(1,87)
1976 weer(1,12)
1975 op(1,28)
opleving niet(2,24)
vervoersbonden nvv(1,3)
werknemers kwijt(1,8)
en nao(1,43)
werkelijk progressieve(1,5)
inflatie af(1,17)
geen meldingsplicht(1,9)
net maken(1,107)
van supertankers(2,10)
huisvrouw te(2,115)
en negatief(1,86)
psf offshore(1,2)
vad een(1,84)
vooral akzo(2,14)
liter minder(1,25)
salon is(1,109)
maar betekenen(1,37)
lagere omzetten(1,10)
geheel 1974(2,5)
nederland wijst(1,36)
man ontslaan(1,14)
deze inflatie(2,31)
uyl weet(1,10)
over defensie(1,50)
eisen werk(1,15)
recessie nog(1,10)
van aramco(2,10)
fme in(1,19)
maatregelen vooral(1,57)
voor t.v(1,35)
bij lindeteves(1,21)
regeringsbeleid wordt(1,16)
meer produktie(1,32)
drastisch om(1,21)
aanbod zo(1,36)
scherpe winstdaling(1,3)
economie komt(1,20)
bij uiterst(2,94)
kleiner tekort(1,7)
wal gaat(1,37)
duitsland trekt(1,12)
door coos(2,8)
middenstand van(1,96)
hoger kon(1,30)
is voordat(1,118)
niet aangediend(1,12)
leerde in(1,98)
goed gehad(1,99)
en aow(1,37)
halfjaar niet(1,57)
tot 188(1,85)
studentenstops en(1,6)
geen matiging(1,9)
hij begin(1,95)
met giscard(1,8)
verloren gevecht(1,11)
dobberen in(1,16)
nvv over(1,11)
oplossing meer(1,82)
dsm op(1,26)
olieprijs wordt(1,6)
heeft vertrouwen(1,120)
tankers op(1,18)
tot onafhankelijkheid(1,77)
stoel door(1,113)
oliesector buiten(1,2)
begon dit(2,112)
kerncentrales voor(1,13)
oeso meent(2,2)
telegraaf op(2,120)
sylvio croes(1,1)
herstel door(4,106)
buitenlandse bureaus(1,1)
chemisch verdrag(1,2)
op luchthaven(1,33)
en kedichem(1,9)
gelder in(2,139)
over cao(1,22)
nu per(1,134)
inzinking nog(1,14)
doktert aan(1,3)
1974 vrij(1,5)
tegen zaterdagmiddagsluiting(1,1)
5,75 miljard(3,1)
recessie nu(1,4)
beurs kijkt(1,2)
schip keren(1,6)
ministers vos(1,5)
door diana(1,44)
toeristisch jaar(1,3)
lugt voorzitter(1,2)
voor achtergestelde(1,4)
ford waarschuwt(1,1)
hoeven trouwens(1,1)
vezels na(1,2)
bij asm(1,1)
vooroverleg voor(2,3)
geld grof(1,1)
bij thv(2,1)
aan industrielanden(2,1)
voorzitter landelijk(1,2)
imf voor(2,15)
street toch(2,2)
nkv er(1,4)
partijbestuur voor(1,42)
over enka(1,2)
verwacht herstel(1,4)
met ogem(2,9)
door recessie(1,3)
voor ihc(1,11)
voor bruynzeel(1,10)
voor browne(1,2)
hulten op(1,4)
unie verwacht(2,4)
april omhoog(1,3)
ons verdiend(1,28)
van kruisinga(1,20)
en vulcaansoord(1,6)
street zeer(3,6)
in ban(2,130)
en thv(1,1)
thv en(2,2)
en serve(1,10)
tijdens bezoek(1,28)
enkes in(2,1)
directie moet(1,80)
van oliecrisis(1,3)
impuls op(1,7)
brengt alle(1,98)
bureaus op(1,40)
van exxon(1,23)
ford ziet(1,3)
over vervolging(1,26)
telegraaf kon(1,8)
met inflatie(1,42)
om ingrijpen(2,38)
van faillissementen(1,94)
bij 1974(1,2)
ford verwacht(1,5)
stap tegen(1,41)
optimistisch naar(1,15)
produktie dit(1,30)
klein krijgt(1,9)
en 3,7(1,6)
ford tijdens(1,2)
toestaan in(1,101)
nodig geld(1,10)
op spreiding(1,14)
en ksh(2,6)
produktie na(1,18)
rolinco in(1,4)
na verlies(1,59)
bank ziet(1,32)
recessie het(1,12)
ford maakt(2,9)
amerika tussen(1,11)
moet om(1,156)
hoekstra voor(1,123)
ford geeft(1,14)
bij klm(1,32)
anwb zijn(1,36)
van autobedrijven(1,6)
bonn uit(2,33)
van opec(2,17)
en recessie(2,17)
met pierson(1,10)
moreel in(1,76)
olie door(1,112)
philips in(1,128)
aan kapitalistische(1,16)
met 425(1,72)
krijgt 50(1,33)
schmidt zijn(1,40)
recessie de(2,22)
bij billiton(1,15)
nu voorkomen(1,84)
zweden nu(1,34)
op rechtse(1,14)
1958 van(1,43)
in arkel(1,20)
vergaderde met(1,52)
jaar miljoen(2,40)
halen in(1,150)
over groei(1,29)
verwachten een(1,140)
omlaag voor(1,11)
in chemie(2,39)
op lonen(1,45)
vs naar(3,56)
ford wil(2,21)
en lindeteves(2,28)
der wild(2,43)
zal langzaam(1,65)
voor cpn(1,23)
lindeteves en(1,21)
op limburgs(1,28)
na winst(2,28)
al voor(1,156)
hal hebben(1,19)
op antillen(1,19)
zegt grote(1,20)
beurs nu(2,49)
van boekingen(1,23)
met regeringen(1,29)
jaar omzet(1,24)
interesse op(1,59)
btw als(1,19)
merkte tot(1,65)
en beleggen(8,63)
best moet(1,57)
op verbruik(1,15)
de btw(1,29)
ford tegen(1,16)
1977 niet(1,18)
gaan net(1,84)
met schmidt(2,36)
dollar niet(1,79)
telegraaf door(1,76)
vs dit(1,47)
resultaat bij(2,106)
zijn verteld(1,32)
herstel ook(2,48)
londen weer(2,103)
in scheepsbouw(2,33)
op misbruik(1,47)
bonn het(1,58)
enka de(1,26)
van economisch(1,100)
york door(2,52)
bereikt ook(1,97)
met scheppen(1,37)
op vierkante(1,54)
ook britse(1,43)
over amerikaanse(1,51)
verwacht meer(2,95)
maatregelen meer(1,88)
olie niet(1,116)
verlies ook(1,123)
top bij(1,62)
door crisis(1,21)
van n.o(1,71)
dat klm(1,28)
voor amro(1,17)
week steeds(1,66)
naar gas(1,60)
geen snel(1,41)
bij sociale(1,86)
shell aan(1,39)
in v.s(3,39)
dan olie(1,62)
vs op(1,115)
maatregelen bij(1,155)
in teken(1,50)
damrak in(1,95)
van eeg(2,83)
goed tussen(2,50)
van toename(1,40)
van crisis(1,151)
over loop(1,44)
interview een(1,72)
vast bij(2,153)
in groter(1,60)
gedaan we(1,73)
van winsten(1,114)
bij bewoners(1,68)
heeft zorgen(1,54)
informatie door(2,56)
markt nu(1,97)
vs door(1,66)
ook belgische(1,80)
telegraaf voor(1,84)
miljoen nog(1,40)
goed we(1,111)
bp en(1,68)
en dollars(2,95)
van casino(1,90)
van westduitse(2,44)
van antillen(1,28)
ford door(1,27)
aan top(1,64)
op werknemers(1,35)
op maatregelen(1,155)
23 meer(2,38)
frankrijk dit(2,146)
in jaarverslag(3,50)
van economie(5,87)
landen dit(1,96)
zout van(1,155)
markt door(1,154)
hij succes(1,101)
bij bouw(2,90)
heeft goud(1,73)
in bedrijfsleven(1,49)
op helft(2,40)
van bp(1,80)
gulden nog(1,111)
vs voor(1,106)
in economie(6,70)
van capaciteit(5,99)
van redelijke(1,120)
naar 3e(1,93)
heeft hoop(1,124)
van produktie(1,68)
74 naar(1,52)
ontslag voor(3,124)
hou het(1,97)
naar mooi(1,66)
voor ontslagen(1,87)
japan voor(1,129)
dollar dat(1,86)
in su(1,115)
met europa(1,155)
verhoging en(1,52)
tv op(1,92)
op ged(1,54)
in rode(1,68)
dividend in(1,122)
waarheid met(1,148)
aan industrie(1,87)
can in(1,59)
op minder(1,156)
aan slecht(1,105)
en hal(1,144)
gezondheid een(1,143)
gekocht een(1,124)
en record(1,61)
af na(2,142)
van franse(1,90)
voorzitter over(1,126)
amsterdam nederland(1,88)
op verlies(2,118)
blijven dit(1,137)
mogelijk geen(2,102)
aan west(1,93)
in amsterdamse(1,53)
van 61(2,156)
op moeilijk(1,75)
met regering(1,45)
in franse(1,78)
van haagse(1,51)
in kaas(1,147)
12 meer(2,86)
op erg(1,76)
voor actie(1,92)
het buitenlandse(1,101)
ontslagen in(1,144)
op woning(1,56)
bont de(1,101)
in britse(1,76)
is winst(1,105)
en kiezers(1,117)
zal jaren(1,84)
voor moeilijk(1,79)
op belgische(1,100)
en or(1,155)
op eind(1,123)
anders met(1,156)
gaan per(1,108)
ford voor(2,60)
herstel het(2,75)
renault in(1,50)
25 meer(1,127)
is gevaar(1,112)
in huidige(1,82)
voor new(2,128)
commentaar de(1,85)
flauw van(2,115)
laag van(1,155)
in gehele(1,56)
aan regering(1,68)
in vs(19,129)
door utrecht(1,108)
van verkopen(1,49)
voor toekomst(1,109)
en dividend(2,131)
naar kleine(1,119)
ford het(1,57)
op amerikaanse(1,64)
in rapport(1,113)
in congres(1,104)
in tv(2,129)
had goed(2,133)
eert de(1,105)
hard van(1,141)
koersen de(1,125)
tot week(1,135)
het halen(1,141)
groot over(1,136)
beschouwd het(1,152)
maas van(1,156)
aan ruim(2,152)
deel op(1,155)
in haven(2,126)
ged van(1,85)
van gouden(1,155)
op nieuwe(2,156)
miljoen te(1,56)
van rijk(1,155)
vi in(1,149)
koning voor(1,155)
moeten over(1,142)
in loop(1,129)
een procent(1,100)
en resultaten(1,125)
aan tweede(1,123)
van vs(1,149)
in 76(2,115)
in bouw(1,143)
in economische(1,102)
in 74(5,115)
zou als(1,156)
suriname de(1,156)
in toekomst(3,106)
voor einde(1,123)
in brief(2,110)
ford in(1,79)
op einde(1,137)
slecht van(1,152)
van fiat(1,76)
instituut de(1,150)
dollar de(2,119)
op tegen(1,156)
bij 12(2,151)
kleine en(1,156)
rotterdam niet(1,153)
in derde(2,140)
een iets(1,144)
van hoog(1,156)
voor verder(1,151)
van bevolking(2,156)
in nieuw(1,156)
en nederlandse(1,86)
laatste voor(1,155)
gehad het(1,155)
het wereld(1,119)
op tweede(1,108)
voor kon(1,132)
denken de(1,155)
rust de(1,156)
van regering(2,101)
samen de(2,125)
vindt van(1,154)
het dan(1,156)
in auto(1,91)
aan goed(2,156)
mee het(1,133)
voor st(1,156)
van extra(1,155)
gaat te(2,156)
maken een(1,156)
groot op(1,155)
voor eerste(1,156)
in kamer(1,152)
is zal(1,156)
dat dan(1,156)
moeten de(1,156)
in tweede(3,155)
de ruim(1,154)
is kunnen(1,156)
te weer(1,155)
voor of(1,156)
gaan van(2,156)
minder van(1,156)
de gulden(1,156)
op jaar(1,155)
van week(1,144)
zou in(1,156)
40 van(2,156)
uit door(1,156)
weer de(1,155)
van prijs(1,156)
goed een(1,156)
goed het(1,156)
over op(1,156)
bij met(1,156)
aan door(1,156)
in jaar(1,156)
amsterdam van(1,156)
wel en(1,156)
jaar het(1,156)
op door(1,156)
over in(1,156)
in door(1,156)
het werd(1,156)
jaar van(1,156)
goed de(2,156)
op tot(1,156)
van jaar(2,156)
uit in(1,156)
aan op(1,156)
heeft en(1,156)
worden het(1,156)
tot in(1,156)
van zich(1,156)
dan van(1,156)
in dat(1,156)
bij van(1,156)
te den(1,156)
voor van(1,156)
van voor(1,156)
op en(2,156)
de met(1,156)
