voorlichtingsprojekt delinkwentie(1,8)
marisca milikowski(2,10)
bne akiwa(1,40)
linton kwesi(1,7)
thewis wits(1,13)
monte carlo(1,116)
minnelijke schikking(1,155)
hannie schaft(1,42)
nico scheepmaker(2,32)
rake klappen(1,78)
elseviers magazine(1,27)
ach tergrond(1,67)
helmut schmidt(1,32)
herman wigbold(1,35)
smidter boys(1,19)
ruiten ingegooid(2,102)
marcus plooijer(1,3)
landelijke kraakdag(1,3)
cees koring(3,19)
sowjet unie(1,71)
strafbare feiten(1,122)
sweelinck conservatorium(2,18)
koud stromend(1,52)
gekraakte panden(1,20)
onzer verslaggevers(12,94)
harry wubs(1,13)
westberlijnse kraakbeweging(1,1)
organiserende vereniging(1,56)
langen leste(1,127)
neil young(1,26)
harmoniezaal coerver(1,6)
fred soeteman(1,14)
verslaggeefster greetje(1,9)
bart tammeling(1,7)
stan huygens(2,28)
aly knol(1,21)
huiselijke gezelligheid(1,88)
arrestaties verricht(1,79)
marten toonder(5,46)
rare sprongen(1,85)
failliet verklaard(1,145)
multifunctioneel centrum(1,19)
stromend water(1,62)
steve miller(1,21)
wachter sions(1,12)
frits diderich(1,11)
laurens meerten(1,12)
woonoord vaassen(1,3)
gekraakte pand(1,21)
falend beleid(2,28)
jonas daniel(1,68)
lucky luyk(1,4)
tejo willemsen(1,1)
deelnemende verenigingen(1,55)
tienduizenden guldens(1,98)
belendende percelen(1,63)
hotel baulig(1,27)
kraag gepakt(1,100)
gevaarlijke situaties(1,73)
groots opgezet(1,59)
parlementaire redactie(3,45)
leegstaande woningen(2,76)
kort geding(26,117)
protestantse kerken(1,60)
korte termijn(1,106)
wethouder barmentloo(1,10)
mobiele eenheid(5,38)
geweldloze blokkade(1,5)
staatkundig gereformeerde(1,73)
dienst herhuisvesting(1,24)
vreedzame oplossing(1,150)
amsterdamse kraakbeweging(1,6)
gemiste kans(1,53)
anoniem dagvaarden(1,5)
felle kritiek(1,80)
groene amsterdammer(1,101)
jos haagmans(1,16)
iets leuks(1,72)
perikelen rond(1,29)
nora salomons(1,13)
des heils(2,149)
actiegroep dodewaard(1,2)
brand gestoken(2,156)
mislukte poging(1,155)
joop wolff(1,41)
christelijke politiebond(1,16)
hervormde synode(1,75)
leo derksen(2,29)
duitse bezetters(1,54)
wegens huisvredebreuk(1,95)
nederlandse tafelvoetbalbond(1,14)
aktiegroep cool(1,2)
onroerend goed(1,156)
nijmeegse krakers(9,3)
amsterdamse grachten(1,52)
veel bekijks(1,116)
ina brouwer(1,15)
actiegroep cool(1,6)
vrije voeten(2,156)
hoger beroep(6,64)
dr nolensstraat(1,59)
wettelijk verplicht(1,98)
langdurige leegstand(2,12)
openbaar ministerie(2,156)
je reinste(1,94)
forse klappen(2,28)
kun je(1,125)
st truiden(10,84)
gewond geraakt(1,112)
du moulin(2,129)
enig juiste(1,71)
luitenant kolonel(1,154)
jan eijkelboom(2,20)
coerver goebbels(1,2)
utrechtse rechtbank(1,55)
onze verslaggeefster(2,50)
vrije universiteit(1,137)
ieder geval(1,156)
sint jozef(1,89)
soepel verlopen(1,23)
opkomende fascisme(1,22)
harde aanpak(1,31)
nijmeegse binnenstad(2,12)
massaal protest(1,46)
vorig jaar(1,156)
beslag gelegd(1,155)
diplomatieke status(1,48)
gevaar oplevert(1,131)
jan beijert(2,17)
gewelddadige ontruiming(1,11)
luxe appartementen(1,32)
zware gevechten(1,86)
perry sport(2,17)
grimmige sfeer(2,17)
felle reacties(1,51)
wegens ziekte(1,156)
henk hoekstra(1,43)
tijdelijk onderdak(1,89)
giet it(1,95)
tweede kamer(4,156)
mensen dakloos(1,52)
sint martinus(1,80)
hevig verzet(1,121)
lex hendriks(1,7)
gezelligheid troef(1,15)
westberlijnse krakers(3,1)
zes maanden(1,156)
onze verslaggever(8,119)
gekraakt pand(7,14)
nederlandse kampioenschappen(1,58)
luxe appartement(1,30)
jaarlijkse herdenking(1,47)
massaal verzet(1,60)
wethouder wallage(1,8)
bossche hof(1,62)
amsterdamse rechtbank(1,63)
houten schotten(1,83)
mr paulussen(1,72)
gespannen sfeer(1,63)
hevige rellen(3,17)
veld ruimen(1,120)
forse nederlaag(2,39)
groninger rechtbankpresident(1,10)
pvda cpn(1,35)
protesteren tegen(1,115)
geboeid afgevoerd(1,11)
onze correspondent(2,156)
milde straf(1,69)
gedegen aanpak(1,15)
jan hensema(1,8)
zes weken(1,156)
paar honderd(1,156)
verleden week(1,156)
vrije volk(1,106)
ig metall(1,31)
oude rkz(3,13)
anderhalf jaar(1,156)
voorlopige balans(1,48)
gestolen fietsen(1,77)
mr geertsema(2,120)
hard aangepakt(1,77)
opzij zetten(1,81)
protesteert tegen(1,154)
nu eenmaal(1,156)
koude voeten(1,125)
toenemende neiging(2,81)
gewelddadige wijze(1,142)
panden gekraakt(1,5)
zaanse krakers(1,1)
goedkope woningen(1,52)
onze parlementaire(3,142)
wilhelmina fonds(1,55)
minister wiegel(2,8)
hoge graad(1,53)
plek waar(1,155)
steeds intensiever(1,79)
vreedzame demonstratie(1,39)
kaak stellen(1,112)
tientallen gewonden(2,61)
jaar geleden(2,156)
21.00 uur(1,65)
ik heb(1,156)
amsterdamse krakers(2,8)
rumoer rond(1,52)
hoge ogen(1,49)
arnhemse politie(1,44)
rustig verloop(1,104)
gerard bakker(1,36)
ruzie tussen(1,57)
wethouder nieuwenhuijse(1,1)
20.00 uur(1,69)
19.00 uur(1,67)
ons land(1,156)
vrijblijvend gesprek(1,33)
protest tegen(10,156)
henk schaaf(2,22)
februari 1941(1,58)
betere regeling(1,154)
ik ben(2,156)
gaan bezighouden(1,106)
westduitse consulaat(1,18)
getrokken pistool(1,37)
anonieme dagvaarding(1,3)
voorwaardelijke boete(1,38)
heer bommel(15,75)
tilburgse politie(1,38)
duizenden amsterdammers(1,69)
volle winst(1,85)
naamloos gedagvaard(1,1)
landelijke actie(1,83)
ongeveer zestig(1,150)
groninger rechtbank(4,84)
linkse meerderheid(1,40)
peter slavenburg(1,14)
hotel willems(2,83)
anonieme krakers(3,2)
per maand(1,156)
progressieve samenwerking(1,23)
nijmeegse politie(1,40)
george taylor(1,17)
rellen rond(2,23)
inschrijving sluit(1,95)
problemen rond(1,53)
ernstige rellen(1,21)
vele duizenden(1,156)
doet denken(1,156)
zoekt contact(1,71)
hand gelopen(1,42)
st martinus(2,106)
weer vrijgelaten(1,116)
gekraakte grand(1,2)
gerestaureerd pand(1,25)
westland utrecht(1,25)
groot deel(1,156)
enige honderden(1,91)
ben hietbrink(2,6)
luxe flats(2,43)
duizenden mensen(1,62)
20.000 gulden(1,100)
verzet tegen(2,156)
politieagenten gewond(1,39)
jim postma(2,9)
tom hendriks(5,13)
hoge raad(2,63)
krakers eruit(1,3)
veertig jaar(1,146)
zwart wit(1,140)
verslaggever harry(1,23)
den uyls(1,26)
eigen beheer(1,155)
geen vrijbrief(2,82)
st gerlach(1,79)
vier maanden(1,156)
tientallen krakers(1,7)
groep krakers(1,16)
zover bekend(2,61)
zonder incidenten(1,103)
gesprek tussen(1,58)
mr overdiep(4,31)
den haag(6,156)
open brief(1,152)
als bemiddelaar(2,155)
grote kerkstraat(2,51)
oud strijders(2,65)
verslaggevers groningen(3,36)
verschillende groeperingen(1,54)
klaagt over(1,156)
nog steeds(2,156)
groninger herestraat(1,7)
flinke jongens(2,121)
abnormale situatie(1,32)
verslaggever wim(1,28)
nationaal kabinet(1,70)
tamelijk rustig(1,130)
achteruit gaat(1,138)
10.00 uur(1,73)
klachten over(1,131)
waarschuwt tegen(2,150)
proef schrift(1,66)
heerlen tel(1,72)
dicht bij(3,131)
betere bescherming(2,116)
anoniem gedagvaard(1,2)
hun ongenoegen(1,82)
hotel hofman(1,36)
losse stenen(1,42)
vermoedelijk aangestoken(1,22)
werden gearresteerd(1,149)
groepen jongeren(1,48)
paar regels(1,144)
vijfde keer(1,64)
ben je(2,142)
twee keer(2,132)
vooroordeel tegen(1,146)
komende dagen(1,101)
brouwer cpn(1,9)
groep jongeren(1,73)
omgebouwd tot(1,82)
legale bewoners(1,3)
discussie over(1,156)
afgelopen vrijdag(1,45)
omgetoverd tot(1,49)
ontruimde pand(1,5)
nadere bepalingen(1,117)
guldens schade(1,97)
proces tegen(1,156)
negen uur(1,156)
impasse rond(1,20)
mei aanstaande(2,155)
zo nodig(1,67)
eredivisie eredivisie(5,3)
feit dat(1,156)
blijven wonen(1,152)
roerige jaren(1,25)
verslaggevers amsterdam(6,45)
snel achteruit(1,90)
aantal kerncentrales(1,18)
politie verrichtte(1,61)
6000 gulden(1,122)
leger des(3,135)
binnen gasthuis(2,116)
sociale dienst(2,59)
kraken strafbaar(1,2)
straat gezet(1,127)
geen inschrijfgeld(1,49)
strijd tegen(1,156)
maanden cel(2,37)
onenigheid over(1,51)
politieke toestand(1,149)
deze week(1,156)
kamervragen over(2,26)
meer dan(6,156)
incident ontstond(1,43)
vlak bij(1,149)
brede steun(1,27)
tweede keer(1,147)
gooit hoge(1,19)
aanvang 10.00(1,42)
wantrouwen tegen(1,151)
niemand gewond(1,114)
behoeft geen(1,156)
redelijk overleg(1,74)
opgezadeld met(1,27)
agressie tegen(1,63)
mogen blijven(1,156)
krakers verdreven(2,1)
feest georganiseerd(1,95)
laten we(1,144)
grote manifestatie(1,46)
hans werkman(1,24)
vierduizend man(2,80)
beter beschermd(1,90)
hun eigen(1,156)
gerenoveerde huizen(1,9)
in afwachting(1,156)
europese steden(1,49)
een afstandje(1,79)
vanaf 20.00(1,45)
kilometer per(1,121)
voor zover(2,84)
ongenoegen over(1,103)
volgende keer(1,135)
noord zuid(2,108)
tweede plaats(2,156)
klacht wegens(1,111)
kranslegging bij(1,62)
burgemeester polak(1,10)
drukt zwaar(1,71)
onderhandelingen over(1,156)
gevaar brengen(1,156)
een paar(2,156)
onder begeleiding(1,156)
voorlopig ongemoeid(1,5)
bezoek aan(1,156)
alsnog geslaagd(1,54)
zwichten voor(2,150)
der veen(1,156)
groninger krakers(3,3)
optimistisch over(2,91)
werden verdreven(1,130)
in opspraak(2,132)
alternatieve lijst(1,9)
groningse politie(2,44)
leidt tot(2,156)
hele binnenstad(1,36)
alle inkomensgroepen(1,26)
niet alleen(2,156)
leidde tot(2,154)
opzadelen met(1,22)
toch wel(1,156)
heer olivier(1,142)
werden aangehouden(1,139)
westberlijnse wijk(1,4)
terecht komen(1,127)
worden gediscrimineerd(1,31)
beschermd tegen(1,135)
ik zie(1,156)
westduitse steden(2,39)
te vermijden(1,156)
laatste nieuws(2,134)
betoging tegen(3,48)
keiharde muziek(1,21)
midden limburg(1,77)
beroep vrijgesproken(1,57)
tijdelijke verhuur(3,14)
west berlijn(29,47)
nooit meer(1,156)
notaris slis(1,2)
bezet houden(1,152)
zaten we(1,112)
veertien gekraakte(1,1)
te verslaan(1,156)
rechter slepen(1,15)
acties tegen(3,80)
verslaggevers arnhem(1,30)
te huur(1,156)
contact met(1,118)
25 februari(1,150)
half jaar(2,156)
geen zin(1,144)
te veroveren(1,156)
vroegere uitspraken(1,38)
deze manier(2,149)
tussen krakers(2,11)
zachte hand(1,117)
hopen dat(1,156)
lijkt onvermijdelijk(1,35)
het berenei(1,10)
19 september(1,156)
kwalificatietoernooi voor(1,33)
klacht over(1,130)
heel europa(1,133)
te knappen(2,121)
feiten meningen(1,11)
conflict rond(1,41)
den bosch(1,156)
door marisca(2,8)
geteisterd door(1,148)
acht uur(1,156)
criminele vereniging(1,7)
mand gevallen(1,81)
laat me(1,132)
en wederhoor(1,115)
kleine kruisstraat(1,50)
gereformeerde partij(1,75)
te zetten(2,156)
ter attentie(1,60)
dodewaard gaat(1,4)
18 jaar(1,156)
het strijdgewoel(1,101)
geen antwoord(1,156)
vier jaar(1,155)
opstand tegen(1,156)
verantwoordelijk voor(1,156)
met traangas(3,64)
zeven keer(1,84)
23 mei(1,156)
geding tegen(11,136)
drie delen(1,61)
wij willen(1,156)
actie tegen(2,151)
er tegenaan(2,83)
te stichten(1,156)
singel 445(3,9)
wim bisschop(1,13)
zeven krakers(1,7)
op koninginnedag(1,103)
overleg met(2,156)
aangestoken brand(1,19)
niet meer(1,156)
dagelijks leven(1,93)
personen werden(2,156)
onderzoek naar(1,156)
snelle actie(1,68)
veel schade(3,156)
te versterken(1,156)
samen met(1,127)
eervolle tweede(1,65)
per jaar(1,156)
vrije ruimte(1,113)
zijn volgelingen(1,132)
te verhinderen(1,156)
groot feest(1,156)
60 mille(1,109)
omwille van(1,80)
een groepje(1,130)
het feit(1,156)
het kwalificatietoernooi(1,35)
onder wie(1,146)
wij vrezen(1,61)
beperkt tot(1,156)
we wilden(1,118)
zich zelf(1,156)
weken cel(1,29)
gesprek met(1,156)
te snijden(1,156)
uit protest(2,88)
het wegdek(1,76)
duitse steden(3,60)
onder druk(1,102)
verslaggevers nijmegen(2,27)
een spandoek(1,64)
geef ons(1,149)
vrees voor(2,156)
te slepen(1,156)
na overleg(1,152)
leek wel(1,114)
werden mishandeld(1,114)
vanaf 21.00(1,33)
deelgenomen aan(1,155)
op aswoensdag(1,32)
te storten(1,156)
bezorgd over(1,149)
zal worden(1,156)
geen strafbare(1,96)
niet strafbaar(1,156)
van aemstel(1,152)
te protesteren(1,123)
te houden(1,156)
ontstond toen(1,126)
te weren(1,156)
brachten hem(1,125)
twee agenten(1,151)
weten we(1,138)
met geweld(2,156)
keert zich(1,139)
herdoopt in(1,111)
met rubberkogels(1,14)
vele tonnen(1,96)
open huis(2,52)
gronings model(1,3)
voormalig hotel(2,62)
roep om(1,115)
weg naar(1,156)
twee jaar(1,156)
zware strijd(1,111)
het ergste(1,156)
aankloppen bij(1,92)
wordt gespeeld(1,141)
limburg zeeland(1,68)
december vorig(1,69)
dergelijke gevaarlijke(1,67)
geen last(1,155)
lange mars(1,38)
onder water(1,156)
toekomst wellicht(1,104)
geef ze(1,124)
drie gewonden(1,119)
jaar later(1,156)
schotwond in(1,106)
kritiek op(3,140)
tien weken(1,155)
solidair met(1,105)
te noemen(1,156)
geen geld(1,156)
mensen nodig(1,59)
het noorden(5,156)
sfeer rond(2,55)
grootste kraakpand(4,1)
parkeergarage onder(1,29)
correspondent nijmegen(1,46)
te geven(1,156)
naar amerika(1,156)
ruim 60(1,156)
tel 045(1,25)
maakt rare(1,36)
onze verslaggevers(1,60)
gemeente groningen(3,148)
worden verbouwd(1,138)
beslissing over(1,156)
te voorkomen(1,156)
mogelijk maakten(1,125)
lagere straffen(1,28)
nieuwe wet(2,156)
op verzoek(1,156)
lege huizen(1,35)
leegstandswet gaat(1,1)
haag vrijdag(1,66)
te ontruimen(2,156)
een kraakpand(1,24)
strijd om(2,155)
24 uur(2,149)
het zuiden(1,156)
demonstraties tegen(1,94)
binnen 24(2,156)
veel eerder(1,154)
met traangasgranaten(1,30)
maatregelen tegen(1,156)
geruchtmakende ontruiming(1,1)
sloot zich(1,155)
illegale bewoners(1,8)
grote bevoegdheden(1,54)
een waterkanon(1,46)
te blokkeren(1,88)
belangrijkste doel(1,62)
te krijgen(1,156)
het raam(1,156)
worden verhuurd(1,156)
nieuwe kerk(1,156)
spoedig verwacht(1,140)
twee panden(2,120)
wensen over(2,66)
haag woensdag(1,69)
mei as(1,138)
geweerd worden(1,153)
je moet(2,135)
een onzer(12,156)
massaal achter(1,22)
afwachting van(1,156)
het gebouw(1,156)
bang voor(1,153)
van justitie(1,156)
het begin(1,156)
abnormaal gedrag(1,5)
kraakpand aan(1,20)
worden ontruimd(1,150)
werd gegooid(1,105)
onder protest(1,153)
te gaan(1,156)
duitse jeugd(2,58)
denken aan(1,156)
oneens met(1,118)
geen vergunning(1,133)
demonstratie tegen(3,152)
ruzie over(1,104)
toch nog(1,156)
boos over(2,135)
twee kraakpanden(1,3)
slechte naam(1,81)
kerkstraat 27(1,79)
duitse jongeren(1,44)
deze keer(1,156)
kans op(2,156)
gewone man(1,95)
mag ik(3,156)
het mysterie(1,113)
met dodelijke(4,62)
te schieten(1,156)
mag maximaal(1,39)
lach je(1,99)
wel gewenst(1,58)
op vrijdag(1,156)
aanwezigheid van(1,156)
plaatselijk vlak(1,26)
in handen(2,156)
nederlands geld(1,55)
slaags met(3,127)
nog niet(2,156)
herdenking van(2,151)
jan diederen(1,16)
zijn stukgelopen(1,23)
enkele ruiten(1,92)
haalbaarheid van(1,30)
drie panden(1,97)
vier woningen(1,152)
het gymnasium(1,155)
tien gewonden(1,84)
de slopershamer(1,44)
kandidaat voor(1,135)
blij dat(1,137)
gaan we(1,135)
20 jaar(1,156)
op straat(1,156)
nu weer(1,153)
een aantal(1,156)
gelegen aan(1,156)
nog geen(4,156)
geen problemen(1,78)
bedoeld als(1,127)
wordt verbouwd(1,125)
het standbeeld(2,156)
past beter(2,71)
voorjaar 1981(1,4)
jacht op(1,131)
eredoctoraat in(1,52)
het alfabet(1,80)
ongeveer twee(1,156)
politie hield(1,115)
gesprek over(1,154)
houdt vast(1,136)
gegroeid tot(1,94)
met z'n(1,107)
gelegenheid om(1,156)
geen pijn(1,135)
tafels vanaf(1,74)
plannen rond(1,79)
tot ontruiming(1,147)
de februaristaking(1,51)
onrust rond(2,31)
met bestemming(1,154)
pijn doen(1,110)
de vries(3,156)
drie meter(1,122)
procedure tegen(1,122)
bloemen gelegd(1,68)
als protest(1,133)
het schip(1,156)
moest komen(1,156)
gemeente eist(1,86)
ware beter(1,149)
hebben gevonden(1,156)
een tweekamerwoning(1,21)
37 heerlen(1,67)
haag zaterdag(1,73)
inschrijven bij(1,126)
honderd krakers(2,4)
kunnen wij(1,156)
voormalige hotel(1,80)
in beijum(1,14)
te komen(1,156)
op korte(1,150)
terug te(1,156)
manifestatie tegen(1,113)
gemeente nijmegen(2,140)
is bepaald(1,156)
te amsterdam(1,156)
dat moment(1,115)
met paneermeel(1,57)
louis du(2,79)
vertegenwoordigers van(1,156)
zonder meer(1,156)
agenten gewond(1,64)
de woonkrant(1,22)
begonnen met(1,156)
met stenen(3,62)
in beieren(1,130)
politie trad(2,102)
adviseert tot(1,99)
van dijk(2,156)
het waterlooplein(1,133)
voor onszelf(1,98)
eigen hand(2,156)
er geen(1,156)
10 mei(2,156)
we gaan(1,130)
ze bedoelen(2,76)
officier van(1,156)
ontruiming van(11,156)
te verdienen(1,156)
trekt zich(1,153)
toch niet(2,156)
het teken(1,77)
we hier(1,148)
zeer fors(1,43)
een eervolle(1,146)
de organiserende(1,60)
dit pand(1,155)
nog veel(1,156)
niet nodig(3,82)
den hoek(1,155)
het aantal(1,156)
met elkaar(1,146)
bepaald op(1,156)
verschrikkingen van(1,125)
zonder stroom(1,80)
klaar om(1,137)
500 personen(1,155)
escalatie van(1,31)
de dokwerker(3,49)
de deur(1,156)
een soort(1,156)
geen wijken(1,105)
het leven(1,156)
diverse ruiten(1,40)
is onbegrijpelijk(1,156)
werd gelegd(1,156)
helemaal echt(1,45)
op instorten(1,97)
het pand(7,156)
het feest(1,156)
grote haast(1,61)
akkoord met(1,73)
de buurt(2,156)
tien mensen(1,57)
weg staan(1,156)
het tumult(1,144)
de binnenstad(1,150)
afkeer van(1,156)
openbare weg(1,133)
ruimte voor(2,156)
commandant favre(1,1)
een groot(1,156)
heel andere(1,131)
de leegstandswet(1,11)
aantal krakers(1,10)
binnen gegooid(1,38)
te trillen(1,119)
bevestiging van(1,156)
niet gediend(1,150)
veel problemen(2,67)
zaak tegen(1,156)
klem tussen(1,46)
de kaak(1,155)
jongeman die(1,102)
naar binnen(3,156)
de pineut(1,22)
menselijke behandeling(1,28)
in uniform(1,156)
de knel(1,114)
loop van(1,156)
het bijzonder(1,156)
jan bakker(1,146)
woning binnen(1,152)
grote wetering(13,5)
de haalbaarheid(1,30)
een schutting(1,117)
lid van(1,156)
dokwerker op(1,34)
wat er(2,156)
eigen beleid(1,82)
heropening van(1,156)
strijd met(1,156)
het dak(2,156)
de politie(9,156)
het gekraakte(1,24)
lidmaatschap van(1,156)
groep mannen(1,104)
wijken weten(1,65)
voorlopig blijven(1,51)
duurde tot(1,156)
een merkwaardig(1,156)
amsterdamse vijzelstraat(1,6)
het einde(1,156)
haar handen(1,127)
boos op(3,142)
het recht(2,138)
de pvda(1,50)
de amsterdamse(4,120)
de uitslagen(1,107)
in duitsland(1,85)
een ontruimingsbevel(1,6)
begeleiding van(1,156)
is gisterochtend(1,115)
open gesprek(1,43)
te venray(1,132)
als advocaat(1,156)
veel tumult(1,31)
de verschrikkingen(1,138)
de ether(1,82)
gaat om(1,156)
gebruikt om(1,156)
een stroman(1,46)
open dag(1,38)
reacties op(1,78)
meer mensen(1,62)
maand uitstel(1,71)
voor woongroepen(1,7)
vijf krakers(1,6)
de westberlijnse(1,44)
binnen vier(1,156)
in paniek(1,100)
te zoenen(1,102)
mooie muziek(1,101)
bemoeien zich(1,117)
misbruik van(1,156)
in geslaagd(1,156)
zonder geweld(1,141)
verdacht van(2,156)
niet mee(1,152)
aantal europese(1,51)
jan knol(1,38)
de aanwezigheid(1,156)
de jong(2,156)
geen vertrouwen(1,156)
nemen afscheid(1,91)
een eerlijke(1,145)
standbeeld van(1,156)
hielden hun(1,115)
hand toenemende(1,94)
met meterkast(1,18)
amsterdam dinsdag(2,122)
de voorrondes(1,42)
de oproerpolitie(1,34)
het werk(1,156)
een deel(1,156)
jullie hebben(1,90)
eerste termijn(1,152)
de heer(1,156)
te hopen(1,156)
je zelf(1,121)
verbouwd tot(1,99)
op pietermaai(1,99)
de kraakactie(1,21)
mille per(1,118)
de nederlandse(2,156)
geloof je(1,116)
gooien ze(1,88)
verplicht is(1,131)
goede morgen(2,85)
niet bewezen(2,156)
een snelle(1,137)
pand aan(1,147)
toch ook(1,156)
de burgerij(1,156)
de gaten(1,149)
vvd willen(1,23)
maand lang(1,154)
weteringschans 89(1,9)
barricaden op(1,67)
de krakers(16,38)
de groningse(1,67)
de eerste(2,156)
zat achter(1,105)
in slaap(1,156)
begin van(1,156)
organiseert op(2,86)
het groningse(1,63)
de wielingen(6,109)
luxe luyk(4,1)
het multifunctioneel(1,17)
water halen(1,120)
woon en(2,156)
rubberkogels en(1,12)
werden ontruimd(1,83)
het internationaal(1,144)
te werken(1,156)
weet niet(1,156)
de hand(3,156)
de waarheid(2,156)
wachten op(2,156)
politie kwam(1,136)
de telegraaf(6,156)
barricades op(1,77)
spullen uit(1,45)
de regering(1,156)
bij verrassing(1,156)
geen nieuwbouw(1,68)
onder dreiging(1,54)
de aamnaak(8,1)
deel van(4,156)
de brievenbus(1,149)
uitstel van(1,156)
van agt(2,86)
de cpn(1,58)
voor dames(1,156)
district heerlen(1,56)
dat er(2,156)
mee te(1,151)
politie houdt(1,118)
zwart geld(2,43)
en braakgas(1,2)
geen doden(1,58)
bewoners hadden(1,127)
amsterdam woensdag(2,150)
we wachten(1,108)
redactie den(3,99)
een bom(1,145)
zonder veel(1,156)
minlijn voor(1,2)
bestookt met(1,89)
de hoofdstad(1,156)
geen tijd(1,156)
niet iedereen(1,147)
de oppositie(1,156)
amsterdam zaterdag(3,124)
blij met(2,106)
de uitslag(1,156)
er straks(1,125)
te gast(2,137)
de demonstranten(1,90)
werd gelaten(1,152)
krakersrellen in(2,5)
tegen krakers(18,13)
te verliezen(2,156)
de provincie(1,156)
nieuwe huizen(1,155)
kan doen(1,156)
in staat(1,156)
veel verder(1,156)
de ontruiming(4,156)
lectuur voor(1,155)
de jaarlijkse(1,96)
de jeugd(1,156)
als ondernemer(1,109)
bij rellen(2,28)
een tamelijk(1,156)
honderden agenten(1,43)
de competitie(1,100)
opening van(1,156)
het vertrek(1,156)
en sympathisanten(2,39)
gratis wonen(1,65)
hebben gisteren(1,156)
niet afwijzend(1,82)
optreden van(1,155)
bezit van(1,156)
het beste(1,156)
de tweede(1,156)
in zaanstad(1,22)
200 mensen(1,54)
tot steun(1,154)
zaakjes zelf(2,6)
prijs omhoog(1,73)
weten te(1,156)
zuid noord(1,73)
verhuur van(1,146)
weg terug(1,154)
bekend is(1,156)
de betogers(1,61)
krakers werden(2,10)
gevolgen van(2,156)
vertrouwen in(4,156)
twee ton(1,147)
pand verlaten(1,46)
voor jongeren(1,111)
in ieder(1,156)
afgeleid door(1,130)
werden verdacht(1,104)
altijd binnen(1,121)
het ware(1,156)
raad van(1,156)
het huis(3,156)
graad van(1,156)
bereiden zich(1,146)
beeld van(1,156)
er iemand(1,156)
in brand(2,156)
de stadsvernieuwing(1,26)
leuks voor(1,37)
gelegd terwijl(1,151)
de vuist(2,156)
de wereld(1,156)
de 21ste(1,135)
de staking(1,156)
de spd(1,55)
ging echter(1,155)
vrijkomen voor(1,73)
in gevaar(1,156)
huize st(2,80)
eerste heerlense(1,25)
de zaak(2,156)
politie treedt(3,67)
voor woongroep(1,10)
afscheid van(1,156)
de helft(1,156)
van meteren(1,100)
vrijwillig vertrek(1,22)
echt niet(1,109)
de straten(2,156)
krakers die(1,25)
zijn ouders(1,135)
de gevolgen(1,156)
maakt zich(1,156)
acties werden(1,70)
positie van(1,156)
mysterie van(1,106)
een beeld(1,156)
de gemeente(2,156)
krakers willen(5,5)
dan giet(1,88)
in eksit(1,10)
keihard optreden(1,7)
in gebruik(2,156)
knuppels en(1,112)
heb geen(1,156)
het voormalige(1,156)
de geruchtmakende(1,130)
om zich(1,156)
niet akkoord(1,59)
niet schuldig(1,156)
ten langen(1,137)
slag om(1,129)
jongeren aangehouden(1,16)
traangas en(1,62)
rookbommen naar(1,7)
op komst(1,118)
komt terug(1,153)
weer naar(1,154)
het amsterdamse(1,114)
situatie in(1,99)
in strijd(1,156)
er profijt(1,90)
de rechter(1,136)
cda en(3,22)
de heren(1,126)
te einighausen(1,56)
me niet(1,146)
de richting(1,133)
hoe kon(1,155)
keuken met(1,156)
het hoensbroekse(1,40)
nu echt(2,92)
strop voor(1,94)
in vlammen(1,153)
in neurenberg(2,106)
vroeger was(1,156)
van wantrouwen(1,156)
zin meer(1,117)
dan gebeurt(1,124)
nieuwsblad van(5,149)
de deelnemende(1,135)
wens van(1,86)
door lex(1,50)
kraakpanden in(2,14)
schadevergoeding voor(2,156)
het westberlijnse(1,42)
nu ook(1,156)
de duitse(2,105)
zelf wel(1,153)
de wens(1,91)
richting van(1,133)
het westduitse(1,49)
staan achter(1,109)
weg terecht(1,93)
schaaktoernooi te(1,43)
hebben gistermiddag(1,102)
in opstand(2,156)
ingezet tegen(1,82)
klacht bij(1,124)
de zaanse(1,61)
wie zich(1,156)
het ongelijk(1,156)
na drie(1,156)
de varenbeuk(2,28)
een nieuwe(1,156)
de vijfde(1,156)
profijt van(1,129)
een nationaal(1,156)
afbraak van(1,156)
leve de(1,156)
uitslag van(1,156)
week weer(1,130)
opstand der(1,152)
praten met(2,123)
zich inmiddels(1,156)
met modder(1,138)
onlusten tussen(1,23)
van rolduc(1,106)
langs de(1,156)
kraakpand in(8,22)
een meisje(1,156)
de vroege(1,155)
oude politiebureau(4,26)
de stad(3,156)
krakers eisen(2,1)
van den(1,156)
op proef(1,151)
heerlen organiseert(2,22)
zijn verhuisd(1,136)
de achtergrond(1,136)
vonnis tegen(1,154)
het zuiderplein(1,101)
bij ontruimingen(1,4)
geen maatregelen(1,141)
assistentie van(1,153)
er weer(1,149)
met zachte(1,141)
gas en(3,151)
door herman(1,131)
nijmeegse raad(3,5)
verdreven uit(1,110)
zoals die(1,78)
uit hoensbroek(1,79)
krakers uit(7,21)
rellen in(14,34)
bouwen woning(1,77)
in trek(1,150)
vonnis van(1,156)
beleid van(1,156)
hulp bij(1,156)
onwil van(1,153)
de bagwhan(1,1)
een heel(1,156)
zijn doodsbang(1,31)
acte van(1,155)
de korrel(1,146)
kransen en(1,148)
te hebben(1,156)
amsterdam maandag(2,153)
te wensen(2,83)
amsterdam wenst(1,53)
de organisatie(1,156)
oplevert voor(1,155)
een kamerdebat(1,49)
twee banken(1,142)
optocht met(1,126)
besluit tot(1,156)
niet mals(1,60)
afgeven van(1,156)
is belachelijk(1,123)
om acht(1,156)
nacht van(2,156)
raad besluit(1,111)
de barricade(1,111)
nieuws uit(3,156)
is er(1,156)
enthousiasme voor(1,109)
na een(1,156)
meer terug(1,153)
door henk(7,76)
wat wil(2,156)
te hoensbroek(1,102)
onrust binnen(1,29)
de brutaliteit(1,138)
de grot(2,151)
straatgevechten in(2,57)
voor eventuele(1,78)
niet stil(1,156)
niet zonder(1,156)
bemiddelt in(1,30)
bij opening(1,155)
helpt bij(1,97)
in sporthal(1,31)
wacht op(1,156)
deken van(1,156)
nieuwe doorbraak(1,48)
als beesten(1,110)
onrust in(2,156)
de baan(1,156)
mensen werden(1,62)
zullen ze(2,154)
zelf niet(1,156)
de stadsoorlog(1,1)
de openbare(1,156)
het kraakt(1,83)
over enkele(1,150)
op beschuldiging(1,101)
dertig maanden(2,71)
door geweld(1,156)
de knokploeg(1,58)
de reglementen(1,156)
resultaat van(1,156)
panden aan(2,134)
bij vechtpartijen(1,49)
cpn wil(1,20)
huur per(1,144)
de woonomstandigheden(1,26)
voor alle(1,156)
ontsnappen uit(1,96)
regering doet(1,86)
achtergrond van(1,139)
steun van(3,156)
mensen hebben(1,63)
van woede(1,156)
beroep tegen(4,145)
de start(1,111)
schade door(1,156)
stond op(1,156)
geen namen(1,134)
met gebak(1,85)
van onze(17,156)
inmiddels ook(1,156)
praat niet(1,105)
in actie(3,120)
het punt(1,156)
er wordt(2,156)
ik laat(1,156)
een kraker(2,28)
nieuwe burgemeester(1,129)
week tijdens(1,78)
lijkt het(1,120)
een vooroordeel(1,151)
inzetten van(1,156)
zijn gevallen(1,156)
moeten eruit(1,46)
kraakactie in(3,6)
dan 500(1,156)
helft bezet(1,51)
de oren(1,114)
de bezorger(1,84)
de plek(1,156)
er komt(1,156)
in hessen(1,143)
door fred(1,99)
einde aan(2,156)
voorwaarden voor(2,156)
gevechten in(2,151)
goed woord(1,147)
eigen dak(1,99)
weer troef(1,28)
je niet(1,148)
uit amsterdam(1,156)
boete van(1,156)
motie van(1,156)
aan de(12,156)
nog dagelijks(1,156)
gaat dicht(1,67)
de illegale(1,75)
afgang van(1,33)
handen van(2,156)
nieuwe veste(1,14)
echter toch(1,145)
pal na(1,36)
de jongeren(1,145)
politieoptreden bij(1,11)
weg te(1,156)
het leek(1,118)
anderen die(1,156)
over de(1,156)
het gevang(1,96)
verrassing door(1,109)
de botenmakersstraat(1,3)
tot negen(1,156)
leegstand is(1,20)
vijf steden(1,76)
beslist over(1,152)
van andermans(1,108)
de kamerleden(1,132)
al die(1,156)
voor verhuur(1,89)
klaar voor(2,136)
de bisschop(1,156)
door hans(1,110)
de poppenkast(1,121)
in het(7,156)
dit is(2,156)
van traangas(1,62)
tegen gestemd(1,136)
lief en(1,156)
betogingen in(1,53)
wat natuurlijk(1,132)
komen om(1,156)
freek de(1,43)
vrijspraak voor(1,117)
van plan(1,156)
regeling voor(1,155)
te veel(1,156)
hebben vernield(1,143)
zich zorgen(1,77)
doden zijn(1,62)
toestand van(1,156)
top vijf(1,28)
utrecht donderdag(1,65)
geslaagd om(1,156)
van bree(1,155)
beschutting van(1,136)
voor eerstejaars(1,31)
gewoon weer(1,67)
mooie stad(1,104)
eigen richting(1,122)
schilderijen uit(1,140)
te voerendaal(1,95)
kantoren van(1,156)
voor spd(1,38)
overal in(1,156)
die verleden(1,155)
aantal duitse(1,60)
helmen en(1,120)
en koud(1,155)
men begonnen(1,156)
de cel(1,153)
uit putten(1,121)
is doorbroken(1,62)
in amstelveen(1,73)
de jonge(1,156)
aandacht voor(1,140)
zich tegen(1,156)
de bijeenkomst(1,156)
geluid van(1,156)
einde van(1,156)
hier helemaal(1,55)
op zicht(1,129)
politie ging(1,114)
een crisis(1,133)
we vertellen(1,87)
aan het(1,156)
oproep voor(1,97)
in studie(2,143)
democratie is(1,123)
warm en(1,156)
een hoge(1,69)
ongeregeldheden in(1,154)
zich terug(1,156)
moment niemand(1,53)
vervolging van(1,156)
iets doen(3,151)
werken aan(1,156)
de toestand(1,156)
springt uit(1,99)
de terreur(1,102)
ze begrijpen(1,105)
achter de(2,156)
barricade op(1,50)
op vrije(2,156)
door cees(2,57)
en vvd(2,49)
restanten van(1,144)
flats aan(1,58)
de vervolging(1,156)
onszelf te(1,89)
het duitse(1,95)
terwijl de(1,156)
zich nog(1,156)
ziet geen(1,155)
winkels en(1,156)
de gelegenheid(1,156)
geen water(3,155)
bij de(4,156)
ramp voor(1,155)
de kraakster(3,4)
meerderheid zou(1,155)
feest ging(1,75)
niet afgeven(1,126)
de lufthansa(1,61)
met helmen(1,70)
zijn gasten(1,127)
in den(1,156)
kraken van(2,117)
krijgt geen(2,126)
ons uit(1,156)
bij het(5,156)
het vrije(1,156)
van os(1,156)
in bologna(1,95)
golf van(1,156)
het gaat(1,156)
appartement in(1,71)
nieuwe luxe(1,86)
de koning(1,156)
door de(6,156)
de winkelende(1,67)
de inschrijving(1,156)
felheid van(1,106)
veiling van(1,156)
het heilige(1,156)
promoveert op(1,21)
vol geweld(1,28)
naar het(2,156)
mishandeling door(2,122)
en sloeg(1,156)
de nieuwe(3,156)
wij zijn(2,156)
honderden amsterdamse(1,15)
dat nou(1,111)
toen zaten(1,89)
station groningen(1,91)
achter het(2,156)
door een(1,156)
andere plaats(1,156)
en televisie(1,65)
snel gebroken(1,19)
de actie(2,155)
hilversum maandag(1,59)
woensdagavond in(1,123)
de loop(1,156)
door joop(1,69)
een tank(1,97)
voor geweldloze(1,16)
zijn advocaat(1,138)
weer een(1,156)
in eigen(3,156)
door nico(2,82)
profiteurs van(1,47)
plan voor(1,156)
geld voor(1,156)
de lange(1,156)
leegstandswet wordt(1,1)
de hoofdredacteur(2,150)
afbraak te(1,150)
de tocht(1,130)
aanslag in(1,156)
in centrum(1,122)
provocatie van(1,100)
het geweten(1,156)
in beeld(2,127)
in zeist(1,96)
maar kort(1,152)
de prinsengracht(1,155)
te hulp(1,156)
een kans(1,135)
is geen(1,156)
niemand doet(1,84)
vertrouwen op(1,156)
aanvang van(1,156)
verslaggever ben(2,24)
bivakmutsen en(1,19)
staat achter(1,122)
de wachter(1,152)
het opkomende(1,139)
brand in(1,156)
voor verbouwing(2,108)
cor van(3,91)
door harry(2,86)
we altijd(1,110)
op het(7,156)
complete oorlog(1,40)
voor hun(2,156)
limburg heeft(1,155)
door leo(2,120)
in staking(1,99)
in de(34,156)
nederlaag voor(2,156)
doof voor(1,155)
en invaliden(1,106)
enkele ervan(1,89)
straten van(1,156)
wolk van(1,143)
voor de(11,156)
opspraak door(1,25)
wachten af(1,99)
in plaats(2,156)
koninginnedag werd(1,47)
niet kan(1,156)
lessen voor(1,155)
door louis(1,148)
het verwijderen(1,149)
door burgemeester(1,156)
plaats beslag(1,70)
voor het(1,156)
van het(13,156)
die gisteren(1,156)
personeel van(1,156)
hun huis(1,156)
de acties(1,91)
naar woensdrecht(1,13)
geweld aan(1,156)
regelrecht in(1,110)
het osl(2,11)
radio en(1,75)
rond de(2,155)
de straat(1,156)
maar durven(2,111)
op los(1,143)
politiebureau in(2,116)
gedragen zich(1,150)
slooppanden in(1,7)
pand weteringschans(1,2)
wachten is(1,156)
gebouw zal(1,156)
de huizenhandel(1,7)
de grote(4,98)
rozen en(1,153)
stapte er(1,109)
veel te(1,156)
er op(1,156)
open nederlandse(1,42)
de politiek(1,156)
de groep(1,156)
tegen politiegeweld(2,1)
storten in(1,155)
gisteren is(1,156)
een westberlijnse(1,35)
is gewoon(1,151)
en schilden(1,121)
van kraakpanden(1,12)
drie laar(1,67)
wat anderen(1,149)
door het(1,156)
uur in(1,156)
de koploper(1,48)
de aanmaak(5,131)
zich geplaatst(1,156)
nijmegen dinsdag(1,43)
manier van(3,156)
in groningen(27,156)
geeft een(1,156)
de mensen(1,148)
lang zal(1,156)
een open(1,156)
plaats van(2,156)
geding aan(1,66)
weekeinde vol(1,19)
miljoen schade(1,37)
bekend worden(1,156)
tegen de(6,156)
terreur en(1,79)
de been(2,156)
vijf jongeren(1,25)
niet vervolgd(1,144)
stapt op(1,92)
de vondelstraat(1,128)
politie stond(1,104)
van dit(1,156)
in haar(1,156)
amsterdamse toestanden(1,6)
nieuws over(2,137)
arnhem vrijdag(2,45)
nijmegen donderdag(2,46)
van vijandschap(1,152)
verwijderen van(1,155)
we zijn(1,151)
in berlijn(4,156)
de groene(1,156)
veel gewonden(1,81)
de jongeman(2,116)
prof mr(1,108)
onder de(2,156)
ontslag van(1,156)
terwyl de(1,154)
niet weg(1,156)
uitspraak in(3,156)
in maastricht(1,143)
er dan(2,156)
en zaanstad(1,21)
zich bij(1,156)
de wacht(1,156)
in aken(2,126)
van hun(1,156)
spoor van(1,156)
huis gekraakt(1,3)
de nieuwbouw(1,87)
geen coalitie(1,57)
via de(1,155)
om te(2,156)
jonker frits(1,1)
btj het(1,131)
gooien met(1,110)
tegen het(2,156)
gebouwen die(1,155)
rekening met(1,156)
uit het(4,156)
en cees(1,76)
de holz(1,65)
omdat de(1,156)
op de(20,156)
vervolg van(1,156)
school moet(1,146)
zoek is(1,124)
tegen vijf(1,156)
nederland en(1,156)
ruimen voor(1,147)
van de(37,156)
communisten in(1,80)
dat het(1,156)
panden die(1,140)
is niet(1,156)
politie gebruikte(1,44)
door jos(2,137)
nieuwbouw en(1,83)
die er(1,156)
in monte(1,97)
het nieuws(3,156)
de inzet(1,154)
nodig voor(1,70)
in hoger(5,63)
rectificatie van(1,146)
met steun(1,107)
tribunaal in(1,55)
tegen leegstand(2,4)
gekraakt en(2,84)
voor een(3,156)
politie maakt(1,101)
met warm(1,147)
amsterdam huilt(1,6)
politie was(1,155)
geding over(2,87)
rassendiscriminatie en(1,40)
de afbraak(1,156)
gekraakt huis(2,4)
woede op(1,143)
heb nu(1,147)
laten zich(1,156)
rechtbank in(1,129)
te vroeg(2,156)
eens met(1,156)
kunnen gemakkelijk(1,140)
uit de(7,156)
in conflict(1,134)
ziekenhuis in(1,133)
steeds vast(1,149)
om ons(1,156)
tumult in(1,102)
met verontrusting(2,51)
terwijl het(1,156)
is allereerst(1,122)
voor tijdelijke(1,133)
vermijden door(1,127)
wij niet(1,156)
eenmaal een(1,156)
is wel(1,156)
rechter zou(1,120)
en wim(1,100)
meningen van(1,61)
maakt plannen(1,73)
met verf(1,122)
weer in(3,156)
de tafel(1,156)
brandveiligheid van(1,26)
reglementen van(1,156)
meer slapen(1,83)
als monument(1,91)
de legale(1,98)
en buitenland(3,153)
en leed(1,156)
woning in(1,156)
johan van(1,156)
van stookolie(1,78)
van geweld(2,156)
demonstraties in(2,94)
door peter(2,127)
ingegooid bij(1,18)
zo mag(3,68)
sporthal de(1,34)
van deze(1,156)
woning te(1,156)
de zender(1,86)
mag nu(1,152)
op een(2,156)
dreigt met(1,143)
beroep bij(1,153)
blijft bij(1,156)
jongeren wilden(1,7)
binnen en(5,156)
hart onder(1,130)
zich op(1,156)
bekend werden(1,155)
kraakt in(1,54)
tot drie(1,156)
cpn en(1,52)
de aanval(1,156)
om dit(1,156)
organisatie is(1,151)
trappen van(1,156)
fel uit(1,95)
door krakers(1,19)
van verschillende(1,156)
in verzet(4,154)
naar de(4,156)
jaren 60(1,60)
gemeenten kunnen(2,144)
mee aan(1,122)
bosch woensdag(1,53)
de gouden(1,156)
groningen dinsdag(1,78)
huis te(2,156)
gelegd door(1,156)
toont wat(1,107)
het jonas(1,116)
binnenstad van(1,92)
de blauwe(1,129)
werk is(1,156)
en gewelddadig(1,103)
bij mijn(2,156)
in west(18,155)
gewond bij(1,119)
wanhoop en(1,151)
en pistolen(1,151)
blijkt nog(1,155)
doel van(1,156)
aandelen in(1,69)
treffen met(1,146)
tot rellen(2,24)
we zo(1,94)
een predikant(1,155)
is een(1,156)
in utrecht(5,156)
van ons(1,156)
brand te(1,156)
steun uit(1,115)
blijven tot(1,156)
van subsidies(1,103)
sluit op(1,143)
ook deze(1,156)
door bart(1,77)
keer in(1,155)
van spanje(1,156)
gast in(1,139)
toen de(1,156)
van terreur(1,77)
vries en(1,156)
demonstratie op(1,138)
tribunaal over(1,13)
hopen op(1,156)
verenigingen zijn(1,56)
doen wij(1,156)
voor vele(1,156)
waar de(2,156)
reeds een(1,156)
tot protesten(1,83)
ruiten van(2,147)
programma van(1,156)
wil er(1,156)
de mand(1,156)
na de(2,156)
rijk moet(1,145)
kamer cda(1,15)
radio stad(1,17)
en bloemen(1,156)
krakers en(18,23)
parkeergarage in(1,31)
vast aan(1,156)
notities van(1,84)
christenen en(1,156)
uit vijf(1,156)
straat op(1,156)
demonstreren bij(1,33)
leven liet(1,138)
in roermond(1,107)
wilma van(1,43)
alleen als(1,156)
oorlog in(1,156)
ook bedoeld(1,121)
in a'dam(2,71)
carnaval is(2,84)
de nacht(1,156)
de slag(2,156)
er bang(1,116)
jongeren in(1,110)
festival in(1,71)
na het(2,156)
de poel(5,155)
actie van(2,149)
dit mogelijk(1,156)
blijft het(1,156)
hebben geen(1,156)
gewone politie(1,82)
hoofdstad is(1,156)
oorlog met(1,156)
om het(1,156)
in amsterdam(22,156)
de foto(3,99)
dan komen(1,155)
groningen koopt(3,34)
in schinveld(1,54)
onderdak in(1,95)
de wanhoop(1,156)
verbouwing tot(1,96)
demonstraties en(1,95)
wat is(1,156)
snelle en(1,156)
van nederland(1,156)
wellicht nodig(1,29)
ook steeds(1,156)
nieuwe kans(1,84)
in lokaal(1,143)
sfeer in(1,83)
aaa de(1,154)
geven van(1,156)
druk van(1,156)
school aan(1,154)
blijk te(1,155)
en west(2,156)
met zijn(1,156)
de verkeerde(1,156)
zo is(1,148)
tegen vier(1,156)
mees en(1,155)
feest bij(1,156)
de onbetaalbare(1,64)
was het(1,156)
bondsrepubliek en(1,46)
is het(3,156)
zonder gas(1,85)
op 23(1,156)
ongeregeldheden bij(3,97)
koploper uit(1,26)
in susteren(1,62)
bed uit(1,131)
in een(4,156)
waren ook(1,156)
politie tijdens(2,85)
in vroegere(1,156)
geen goed(1,156)
socialisten in(2,128)
het kort(2,156)
wie is(1,156)
door karei(1,50)
wie niet(1,156)
politie weet(1,102)
huizen zullen(1,154)
van hef(1,155)
gemeente mag(1,131)
burgers en(1,156)
op kosten(2,156)
een jaar(2,156)
steden van(1,156)
politie in(5,156)
willemstad de(1,113)
op do(1,156)
remise te(1,116)
dan wettelijk(1,74)
maakten een(1,156)
om er(1,156)
in nijmegen(22,133)
de drie(1,156)
in wageningen(3,105)
gingen duizenden(1,22)
of niet(4,156)
krakers zijn(2,18)
van neil(1,43)
jongens vinden(1,53)
eindigt in(1,137)
balans op(1,137)
meer woningen(1,99)
er zo(1,117)
is klaar(2,149)
studenten en(1,156)
in treebeek(1,73)
om de(5,156)
werd zondag(1,138)
en hoe(1,156)
vandaag in(2,117)
groningen donderdag(1,83)
bakker en(1,156)
voor niets(1,156)
voor menselijke(1,57)
woningnood en(2,80)
van der(4,156)
met de(3,156)
een anti(1,125)
duiken op(1,93)
geleden bij(1,156)
kwam toch(1,131)
op 19(1,156)
verrichtte de(1,118)
hun ramen(1,94)
van noord(2,156)
kans voor(1,155)
debat met(3,132)
weinig verzet(1,62)
van hiernaast(1,86)
van een(20,156)
staan op(1,156)
jaar ongeslagen(1,26)
kraakster van(1,1)
sprongen in(1,136)
venray heeft(1,48)
oud en(1,156)
bij aanvaarding(1,110)
problemen meer(1,67)
opgeroepen naar(1,124)
plan van(1,156)
rechtsstaat en(1,48)
sneuvelden in(1,80)
uiteindelijk is(1,66)
de snede(2,149)
is meermalen(1,155)
actie in(3,138)
krakers in(22,25)
mogen er(1,156)
drugs in(1,27)
bijna een(1,156)
gisterochtend na(1,33)
competitie van(1,100)
100 man(2,155)
met kind(1,155)
of anti(1,78)
rechercheurs in(1,102)
slag met(2,156)
nijmegen is(3,155)
krakers moeten(13,3)
loopt uit(2,135)
ziet af(1,119)
ziekte van(1,156)
op bed(1,138)
alleen gesteund(1,55)
groningen vrijdag(1,69)
loopt het(1,156)
willen geen(1,153)
speculanten en(1,132)
tijd voor(2,156)
kamer tegemoet(1,54)
leeg is(1,115)
de herestraat(1,45)
demonstratie voor(1,121)
van speculanten(1,137)
door frans(1,142)
liep uit(1,126)
niet uit(3,156)
laatste elf(1,110)
huis van(4,156)
er in(1,156)
dan uitsluitend(2,138)
kunstenaars in(2,151)
autoriteiten te(2,156)
kopstukken in(1,78)
geen enthousiasme(1,63)
en peter(2,145)
gewonden bij(2,125)
niet buiten(1,156)
haalt het(1,147)
de weg(1,156)
huurder wordt(1,63)
college geen(1,96)
eis voor(1,84)
de riem(1,151)
omkomen van(1,119)
door george(1,134)
het is(1,156)
en toch(1,156)
gezin te(1,156)
en koude(1,156)
op 25(1,156)
door tom(5,61)
het lege(1,123)
flats te(1,60)
bouwvakkers op(1,28)
hard op(3,137)
water in(1,156)
geplaatst voor(1,156)
relschoppers in(1,11)
uit twee(1,156)
en niemand(1,156)
twee groninger(1,47)
afgesloten en(1,156)
bij banken(1,96)
bij veiling(1,120)
neemt het(1,156)
huis uit(1,156)
opnemen in(1,156)
in arnhem(1,155)
zich te(1,156)
kwam niet(1,156)
op handen(2,156)
intensiever met(1,38)
hem in(1,156)
wordt ook(1,156)
togen de(1,155)
autonomie en(1,128)
gebouwen in(1,156)
beeld is(1,155)
maar half(1,147)
dode en(1,61)
een manier(1,126)
ook een(1,156)
spd in(1,47)
terug op(1,156)
met geld(1,156)
toch een(1,156)
de alternatieven(1,47)
gaan er(1,156)
blauwe aanslag(1,3)
bekijkt de(1,98)
en engeland(1,156)
jaar wachten(1,108)
raad wil(1,118)
spektakel in(1,64)
meer acties(1,27)
het was(1,156)
van vernieling(1,142)
op andere(1,156)
is niemand(1,156)
misdaad en(1,156)
kerncentrales is(1,20)
geweld in(2,156)
doen aan(1,156)
niet in(3,156)
show van(1,80)
woningbouw voor(1,87)
situaties te(1,74)
ben oud(1,99)
de restanten(1,130)
niet binnen(1,156)
vonnis in(2,156)
stuk goed(1,137)
congres in(1,155)
krakers van(10,26)
koffie met(1,127)
de zeedijk(1,135)
college over(1,111)
had een(1,156)
op tv(2,104)
gescheiden van(1,156)
wel of(1,156)
stinken en(1,24)
staat van(1,156)
is men(1,156)
regering komt(1,78)
weken voor(1,156)
stelt aan(1,155)
volgens justitie(1,23)
moeten binnen(1,154)
in deventer(1,137)
bouwen op(1,155)
milieuorganisaties in(1,11)
in bolsward(2,105)
in beroep(4,149)
de heerestraat(1,130)
weer met(1,153)
o.a bij(1,109)
nadat een(1,156)
muziekschool van(1,123)
gaat maar(1,153)
en gedegen(1,84)
vergadering met(1,156)
zich voor(1,156)
bij koninklijke(1,152)
landen in(1,156)
jeugd in(2,156)
cel in(2,117)
van gewest(1,122)
in harmoniezaal(1,39)
werd in(1,156)
vechtpartijen op(1,49)
weekeinde voor(1,54)
blijft waarschijnlijk(1,57)
nog open(1,156)
vogel in(1,147)
de la(1,156)
van drie(1,156)
niet op(1,156)
ook de(1,156)
geen advocaat(1,108)
heeft plannen(1,98)
politiek en(1,156)
van buiten(1,156)
politie er(1,142)
in discussie(1,156)
oude troep(1,17)
bommel en(13,151)
lid tweede(1,104)
dagen nog(1,156)
maak ook(1,87)
noemden de(1,137)
weinig gelegen(1,117)
zijn altijd(1,156)
stad en(2,156)
niet onder(1,156)
zich weinig(1,156)
niet tegen(1,156)
avond in(1,156)
meter rond(1,39)
heeft de(1,156)
waarnemers bij(2,52)
komt in(1,156)
politie en(1,156)
hoofdstad weer(1,82)
roepen op(1,155)
bouwen voor(2,150)
een onrustig(1,108)
in tiel(1,112)
fors op(1,42)
bloemen voor(1,153)
tot onderhandelingen(1,140)
plein 44(1,8)
gediend met(1,129)
voeten in(1,156)
niet rustig(1,150)
gevallen door(1,156)
oorlog of(1,156)
op brede(1,59)
laat veel(1,149)
van premier(1,91)
op remise(1,85)
gebouw met(1,156)
na vertrek(1,131)
reden te(1,156)
actie had(1,94)
pand in(2,155)
der borst(2,115)
doet iets(1,99)
premier van(2,129)
tweede grote(1,61)
ze met(1,156)
werk in(1,156)
we naar(1,146)
verbale en(1,23)
woningen op(1,154)
geen dictaten(1,2)
meermalen aan(1,154)
dat bij(1,156)
tegen beschuldigingen(1,38)
krijgen geen(1,122)
nou doen(1,73)
met 3000(1,154)
en communisme(1,87)
en nieuwbouw(3,80)
van amsterdam(3,156)
groningen en(1,156)
heeft het(2,156)
behalve als(1,138)
politie ongemoeid(1,2)
lawaai in(1,100)
van mevr(1,156)
vuist in(1,115)
jos van(2,108)
wordt spoedig(1,155)
komen en(1,156)
politie voert(1,23)
verzet in(2,144)
werk niet(1,156)
woningbouw op(1,78)
van cda(1,22)
polak wil(1,17)
wonen we(1,82)
toch normaal(1,40)
traangas uit(2,10)
de wals(1,126)
meer uit(1,156)
van schending(1,151)
die naar(1,156)
mis is(1,133)
zich honderden(1,116)
in houthem(1,56)
amsterdammers in(1,114)
niet door(3,156)
in bijlmer(1,18)
bom naar(1,95)
kransen bij(1,55)
die snel(1,134)
op ons(1,156)
consulaat en(1,140)
van honderd(1,156)
willen niet(2,156)
voeten van(1,156)
politie op(1,156)
politie zich(1,153)
de wal(1,156)
start terwijl(1,43)
beesten op(1,113)
niemand onder(1,147)
nijmegen en(1,156)
voor je(1,156)
waarom de(1,156)
rotterdam krijgt(1,73)
zijn levensgevaarlijk(1,62)
de dag(1,156)
tijdelijk naar(1,140)
weg die(1,156)
te leven(1,156)
leven niet(1,156)
ton schade(2,47)
leegstandswet in(2,2)
komt met(1,156)
brandjes in(1,26)
het doet(1,156)
op te(2,156)
sympathisanten in(2,25)
staat niet(1,156)
houden als(1,156)
geleden op(1,156)
meer in(1,156)
van nijmegen(1,156)
dan geen(1,156)
dat bijna(1,156)
lang in(1,156)
ze leven(1,117)
bij zijn(1,156)
moeten weg(2,113)
de afkeer(1,153)
1980 was(2,16)
in diepste(1,97)
met acties(1,45)
kamer voor(1,156)
bezetten dan(1,66)
uit naar(1,156)
pand grote(2,34)
de keuken(2,156)
en pvda(1,48)
gebouw te(1,156)
wordt als(1,156)
die oude(1,156)
met 10(1,156)
vrouw naar(2,156)
keert het(1,144)
ons uiterlijk(1,73)
discussie in(1,156)
krakers niet(5,10)
de kant(1,155)
gemeente aangeboden(1,105)
tegen verdachten(1,33)
krakers geen(1,6)
lekkage en(1,64)
zal ze(1,156)
gisteren met(1,156)
op 10(2,156)
in delfshaven(1,68)
is behalve(1,156)
een zaanse(1,39)
bij stadsvernieuwing(1,11)
gemakkelijk op(1,156)
naar ziekenhuis(1,106)
het onrustig(1,117)
kraakpand de(1,9)
problemen voor(1,84)
de veertien(1,156)
schrift over(1,88)
zwaar op(1,156)
met 50(1,156)
dinsdag op(1,127)
zaak op(1,156)
vervolging en(1,156)
gaat door(1,155)
het niet(1,156)
amsterdam bij(1,156)
lust geen(1,73)
betaald uit(1,141)
die dit(1,156)
gespeeld onder(1,94)
het st(1,156)
kraakactie van(1,5)
even blijven(1,84)
of dit(1,156)
van leegstaande(1,63)
ging door(1,156)
pvda toch(1,32)
kant geen(1,137)
politie niet(1,153)
pand op(2,135)
naar hotel(1,113)
onze reactie(1,54)
voormalige hotels(1,1)
land in(1,156)
tank kun(1,1)
in cijfers(55,156)
kachel aan(1,107)
gemeente als(2,155)
ziekenhuis wordt(1,107)
stof in(1,154)
sloop van(2,78)
anp op(1,52)
demonstreren in(1,52)
door jan(5,156)
was voor(1,156)
kijkers over(1,32)
hun tijdelijk(1,107)
politie mag(1,90)
hadden een(1,156)
door marten(5,60)
woorden en(1,156)
kerkgebouw in(1,132)
bij brand(1,154)
op dat(1,156)
nieuwe vergadering(1,148)
en speelruimte(1,28)
terug na(1,147)
college in(1,129)
toch binnen(1,140)
rukt de(1,121)
vechten niet(1,93)
cel en(2,124)
beroep voor(1,151)
in debat(2,128)
terug in(1,156)
nog in(1,156)
dreigt voor(1,108)
haag en(1,156)
wordt toch(1,156)
juichend in(1,57)
en buiten(1,156)
van burgemeester(1,156)
als de(1,156)
troef op(1,60)
schoten met(4,151)
sport in(59,111)
oorlog door(2,156)
punt te(1,156)
stadsvernieuwing niet(1,13)
van perry(1,81)
hoe die(1,156)
beter tegen(1,140)
gebouw op(1,156)
is maar(1,156)
politieman kan(1,21)
borst te(1,154)
zender van(1,87)
the ex(1,28)
marga en(1,59)
land aan(1,156)
wel betaald(1,106)
morgen van(2,156)
kost miljoen(1,17)
jaar door(1,156)
weg van(1,156)
moeder met(1,156)
de invallen(1,151)
en rassendiscriminatie(1,21)
huizen op(1,156)
tanks door(1,57)
in russisch(1,130)
politie uit(1,148)
nog overal(1,134)
krakers met(4,13)
verwijderd met(1,120)
staat een(1,156)
opknappen als(1,26)
van vrede(1,156)
kraak in(1,63)
na kort(1,149)
mei zal(1,156)
van groningen(1,156)
dag in(1,156)
volledig door(1,98)
nu wonen(1,91)
is in(1,156)
de zeef(1,112)
die krakers(1,11)
zullen niet(1,156)
geld naar(1,155)
in grote(3,78)
psp in(1,35)
met praten(1,119)
boete voor(3,154)
kamer blijkt(1,98)
eigenaar en(1,156)
amsterdam vragen(1,108)
om in(1,156)
was de(1,156)
nu in(2,156)
van voorpagina(1,47)
dicht in(1,125)
barricades van(1,48)
actie door(1,103)
en personeel(1,153)
nijmegen tegen(1,122)
joden door(1,122)
greetje van(1,47)
donderdag op(1,156)
zelf op(2,156)
vonhoff van(1,26)
met nieuwe(2,156)
zij aan(1,156)
trekken er(1,138)
het blijft(2,156)
wilden dat(1,156)
maar de(1,156)
banden van(1,156)
lof van(1,155)
krakers tegen(2,5)
ambassade om(1,57)
vroeger geen(1,151)
water meer(1,151)
het zelf(1,156)
jongeren nodig(1,5)
aan menselijke(1,49)
wiegel in(1,27)
van meneer(1,118)
geen weg(1,147)
te meer(1,156)
met getrokken(1,141)
waarom nog(1,131)
en weer(2,156)
krakers op(5,18)
liep men(1,135)
uur ongeveer(1,133)
en anti(1,123)
trekt aan(1,123)
moet maar(2,156)
in aparte(1,96)
stadhuis in(1,149)
actie bij(3,103)
stadsvernieuwing op(1,15)
krakers er(1,8)
op voorwaarden(1,155)
gezorgd en(1,154)
en ontruimd(1,85)
bepleit voor(1,84)
het journaal(1,150)
nu op(1,156)
politie een(2,155)
en water(1,156)
worden op(1,156)
in uitvoering(1,156)
weg uit(1,155)
die gebouwen(1,154)
ook ruimte(1,97)
om krakers(2,9)
politie laat(1,96)
politie binnen(1,96)
maakt de(1,156)
voorbij de(1,156)
vuurwerk door(1,78)
kraker in(1,17)
en lectuur(1,111)
je een(1,145)
niet of(1,156)
ouders blijven(1,48)
zijn echt(1,140)
dan slecht(1,127)
in kleine(1,156)
concessie in(1,138)
en geweld(1,156)
van hoofdpijn(1,119)
en licht(2,156)
kamer ziet(1,94)
de piersonstraat(4,3)
raad te(1,156)
spanning om(1,88)
protest door(1,134)
barricades in(2,32)
politie geeft(1,79)
is de(2,156)
niet met(2,156)
voor 1981(1,22)
de city(1,156)
van kijkers(1,93)
ruiten bij(1,89)
genoeg van(1,156)
rond een(1,126)
ontruimd door(1,80)
hebben genoeg(1,138)
pand voor(2,124)
van eigenaar(1,153)
angst niet(1,117)
in kort(4,156)
weg zijn(1,156)
zie het(1,156)
gaat de(1,156)
hotel in(2,156)
maanden voor(1,156)
geding niet(2,86)
van wethouder(2,142)
man politie(2,84)
in binnenstad(1,64)
niet bezig(1,153)
en diefstal(1,156)
of het(1,156)
tussen gemeente(1,48)
paniek door(1,68)
in sint(1,109)
van donderdag(1,156)
of op(1,156)
ons in(1,156)
de open(2,156)
van lidmaatschap(1,155)
en de(20,156)
as in(1,156)
geschorst in(1,134)
de rel(1,132)
tante da(1,16)
en winkel(1,155)
ze een(1,155)
van jan(1,156)
slaan er(1,121)
russen toch(1,47)
wij het(1,156)
spandoek van(1,27)
van joden(1,134)
is op(1,156)
voor alt(1,128)
krakers kunnen(1,3)
straks het(1,133)
leven door(1,156)
politiegeweld in(1,3)
wordt voor(1,156)
opzicht door(1,116)
maken er(1,156)
john van(1,128)
kerk door(1,155)
en met(1,156)
dan op(1,156)
toestand na(1,140)
huizen voor(1,154)
in pand(2,144)
belastinggeld in(1,16)
heerestraat te(1,81)
centrum te(1,134)
met wat(1,156)
provincie nog(1,147)
aken met(1,138)
begin maar(1,122)
zaanstad willen(1,1)
de tien(1,156)
jaar worden(1,156)
van barricades(2,43)
anderen er(1,152)
baulig in(2,3)
jaar tegen(2,156)
justitie niet(1,153)
voor rellen(1,21)
er woensdagavond(1,75)
en wooneenheden(1,9)
gemeente en(1,156)
verdachten van(1,108)
mohr voorzitter(1,1)
met jongeren(1,69)
ervan staan(1,35)
polak in(2,116)
vast in(1,156)
straten op(1,151)
zich dinsdag(1,121)
dinsdagavond uit(1,75)
leiden zonder(1,112)
drie kantoren(1,37)
water niet(1,156)
als krakers(2,7)
moet bij(1,156)
circus van(1,136)
hoor en(1,152)
meer bij(1,156)
de aanvang(1,156)
straat in(1,156)
kamer bij(2,155)
voor 200(1,156)
barricade te(1,21)
bewoners werd(1,103)
behuizing voor(2,91)
van wraking(1,11)
alleen of(1,156)
er mis(1,87)
buit bij(1,87)
nog voor(1,156)
groningen voor(1,156)
maar deels(1,63)
werden via(1,78)
van verdediging(1,155)
geen ontruiming(2,14)
iemand door(1,154)
ook werden(1,156)
bij gebruik(1,142)
weg bij(2,156)
dak op(1,148)
cel voor(2,85)
voor ontruiming(2,65)
man bij(1,156)
in bremen(1,140)
krakers te(1,17)
van driekwart(1,82)
wil de(3,156)
die de(1,156)
van zigeuners(1,62)
beter bij(2,150)
noord amsterdam(1,43)
terrorist in(1,18)
te zware(1,155)
van tante(1,136)
iedereen staat(1,52)
drukkerij in(1,139)
een ton(1,155)
steden door(1,153)
wim de(1,86)
politie van(2,156)
weer geen(1,126)
groningen op(1,156)
door rellen(1,13)
foto te(1,93)
op plaatselijk(1,82)
vrijdag stond(1,56)
aan menselijk(1,39)
noemen van(1,156)
kritiek in(1,122)
reisbureau in(1,71)
optocht in(1,116)
praten op(1,102)
en veel(2,156)
panden van(1,152)
voor moeder(1,133)
van bne(1,18)
geen studenten(1,83)
en het(4,156)
blokkade voor(1,58)
mogen nog(2,139)
recht in(2,133)
kraken in(1,47)
krijgen tot(1,140)
en bedraagt(1,155)
bank in(2,156)
de mari(3,99)
een ontruiming(1,79)
huis door(2,156)
vereniging uit(1,53)
tot enige(1,90)
geding om(1,46)
doet op(1,156)
het zo(1,148)
geladen in(1,151)
polak van(1,131)
andere tekst(1,43)
groningen met(1,156)
lens op(1,66)
de kraak(1,74)
van 26(1,156)
jaap de(1,88)
was best(1,106)
termijn in(1,154)
van minister(1,156)
van frigge(3,23)
is meer(2,156)
raad op(1,156)
hard in(1,125)
groningen opnieuw(1,45)
over noord(2,106)
tot zondag(1,155)
over andere(2,156)
middags en(1,156)
groningen om(1,146)
zijn in(1,156)
wat op(1,156)
andere uitslag(1,63)
nieuws is(1,156)
toch door(1,156)
je lang(1,101)
met krakers(5,13)
gisteren de(1,156)
verbouwing te(1,101)
sleep in(1,65)
bom met(1,115)
wij werden(1,155)
tot bouw(1,124)
mei vanaf(1,75)
het gelijk(1,156)
kraken is(2,17)
en 20(1,156)
vragen met(1,155)
aanstaande een(1,155)
geen telefoon(1,89)
goed in(1,156)
overleg nog(1,95)
van heel(1,156)
en justitie(1,156)
advertentie van(1,156)
en betogers(1,37)
van oude(3,156)
van lucky(2,48)
de tafels(1,156)
van ontruiming(1,102)
af van(4,156)
pand van(6,154)
voor 60(1,156)
na kritiek(1,27)
voor geweld(2,142)
verlaat onder(1,30)
raadsman in(1,105)
er hun(1,156)
en onder(1,156)
noordwijk heeft(1,65)
poging in(1,156)
gemeente koopt(1,21)
ontruiming in(6,72)
bijna op(1,156)
zijn aan(1,156)
verzorgen in(1,84)
me in(2,156)
bedrijfspand van(1,39)
schaesberg en(1,75)
huur van(1,156)
en leegstand(1,14)
keer hun(1,83)
van krakers(9,19)
beheersen de(1,59)
brief op(1,154)
groningen na(1,144)
trekken in(1,156)
spanning na(1,59)
speculatie met(1,69)
henk de(4,78)
tot na(1,156)
geding van(1,125)
beleid aan(1,125)
de hondstraat(1,12)
bijzonder de(1,156)
van eet(1,156)
rel om(1,37)
lacht in(1,109)
altijd de(1,156)
haag op(1,128)
uitsluitend een(2,140)
kapitaal met(1,154)
doen tegen(2,156)
berlijn in(1,155)
krakers maar(1,3)
weer treffen(1,34)
water voor(2,156)
of met(1,156)
staking om(1,85)
worden nog(1,156)
en werkelijkheid(1,134)
van binnen(1,156)
het ook(1,156)
sloeg als(1,103)
van overleg(1,145)
ongelijk van(1,132)
panden niet(1,70)
weer verbeteren(1,23)
wonen alleen(1,46)
van werken(2,156)
me twee(1,111)
kraker en(1,21)
en vooruitlopend(1,25)
karwei over(1,11)
advocaten aan(1,61)
uit woningen(2,124)
andere behuizing(2,15)
gehouden dan(1,155)
is te(1,156)
staking ook(1,73)
gaat is(1,153)
slapen door(1,78)
schade in(1,156)
met bewijs(1,126)
en ben(1,156)
en zich(1,156)
van yes(1,27)
de telefoon(1,118)
verrassend in(1,87)
steden tegen(1,86)
en boete(2,155)
en tegen(2,156)
amsterdam was(1,156)
foto een(1,91)
huis bij(1,156)
van grote(1,86)
berlijn met(1,155)
acties met(1,67)
vragen in(1,156)
willems in(2,129)
rechtbank af(1,43)
en niet(1,156)
verwacht van(1,156)
bij ontruiming(9,34)
blijft geen(1,130)
in vrije(1,152)
in cel(1,89)
uit huis(3,152)
berlijn op(1,155)
ale van(2,111)
moet op(1,156)
van verf(1,140)
er van(2,156)
amsterdam over(1,156)
pvda voor(1,45)
krakers aan(4,6)
amsterdam die(1,156)
van die(1,156)
bij behandeling(2,136)
door sluiting(1,103)
en in(2,156)
door te(1,156)
agent met(1,132)
piersonstraat in(2,1)
buurt bij(1,117)
dagen weg(1,111)
vrijdag verwacht(1,35)
krakers bij(3,6)
en rellen(1,30)
amsterdam in(2,156)
moesten het(1,156)
in container(1,19)
11.000 voor(1,53)
tegen mr(2,148)
en heb(1,156)
en krakers(4,18)
van je(1,156)
je uit(1,128)
voor krakers(15,11)
ombudsman van(1,27)
het eveneens(1,151)
bij twee(1,156)
met reserves(1,68)
ontvangt zijn(1,133)
verf over(1,39)
optreden nodig(1,11)
in oosterpoort(1,14)
en voor(1,156)
en den(1,156)
nijmegen in(2,154)
nog blijven(1,153)
gas in(1,148)
ontruiming is(1,46)
mag de(1,156)
ontruiming op(3,54)
woningen uit(1,102)
200 voor(1,156)
de groenburgwal(1,19)
krakers of(3,5)
amsterdam wil(1,136)
ongemoeid werd(1,5)
krijgen de(1,154)
huisraad op(1,63)
duizenden op(1,143)
pvda te(1,46)
gemeente tegen(1,136)
houden geen(1,129)
peter de(3,155)
van falend(1,13)
vrede naar(1,127)
borst een(1,133)
veel gebouwen(1,36)
nijmegen door(2,137)
rechten met(1,124)
ton van(1,156)
het bekend(1,156)
gestolen in(1,112)
president als(1,138)
het scherp(2,139)
stenen in(1,59)
martinus de(1,127)
op tegen(3,156)
is van(1,156)
wil in(1,156)
politie door(1,151)
rechtbank en(1,130)
gevechten voor(1,79)
door ale(2,33)
houden open(1,25)
pand door(2,102)
rechter tegen(1,65)
komen de(2,156)
wiegel voor(1,18)
blijven door(1,156)
hier het(1,156)
van bedden(1,149)
zonder pistool(1,4)
mogen de(1,156)
vrijwillig het(1,133)
in duitse(1,96)
en provincie(2,155)
over ontruiming(3,16)
eergisteren en(1,134)
nu worden(1,155)
kraak van(2,68)
van geertsema(1,62)
eerste krans(1,9)
zijn van(1,156)
stad voor(1,156)
is je(1,155)
herestraat in(1,26)
roepen de(2,156)
gelijk en(1,156)
aanstaande en(1,155)
bezetters het(1,26)
stad na(1,151)
zicht door(1,84)
buurt wil(1,24)
eenheid achter(1,9)
buiten naar(1,136)
en politie(4,156)
zigeuners nu(1,3)
amsterdam na(5,156)
naar az(1,26)
bij freek(1,6)
op koffie(1,121)
wisten van(1,123)
hand door(1,154)
aan tegen(2,156)
burgemeester in(1,155)
onder 18(1,122)
heren aan(1,58)
en hope(1,126)
gevecht en(1,146)
van huize(1,113)
huisraad van(1,126)
niet van(1,156)
pand uit(1,82)
in kader(1,97)
getroffen bij(1,117)
beat van(1,63)
kon bij(1,156)
op zwart(1,149)
en me(1,156)
om onderzoek(1,144)
plan tegen(1,112)
het wordt(1,156)
bocholtz de(1,48)
uit voormalige(1,52)
hoensbroek op(1,72)
van veel(1,156)
vrezen het(1,55)
uur gaan(1,114)
krakers ook(1,3)
zetten een(1,140)
en directie(1,145)
telefoon staat(1,60)
van pand(4,122)
op om(2,156)
ophouden een(1,124)
zaanstad zijn(1,6)
aan me(1,142)
van burgeroorlog(1,90)
reden de(1,156)
aan oude(1,156)
mogen in(2,156)
bij politiebureau(1,18)
en van(1,156)
agent niet(2,97)
nog verloren(1,92)
bouw meer(1,46)
hoofdstad na(1,54)
niet leven(1,149)
voor 24(1,156)
met voorwaarden(1,131)
keuken door(2,100)
gelaten de(1,155)
de singel(1,151)
ministerie met(2,151)
foto achter(1,21)
zo te(1,152)
wonen door(1,121)
over christenen(1,19)
en soldaat(1,139)
uur verlaten(2,77)
redactie jan(1,10)
me het(3,156)
van leven(1,156)
in lege(1,68)
ontslag na(1,70)
van hulp(1,156)
als herdenking(1,26)
woensdag met(1,151)
regering wat(1,77)
voor 16(1,156)
is vrijblijvend(1,42)
krakers de(3,21)
niet bouwen(1,104)
van bouwvergunning(1,25)
uit op(2,156)
voor rechter(2,116)
scherp van(2,127)
me zijn(1,127)
van lege(1,75)
en eigenaar(1,155)
groningen de(1,156)
zuiden een(1,137)
van groninger(1,127)
willen af(1,78)
krakers voor(1,6)
politie beter(1,35)
mei de(1,156)
in ziekenhuis(1,108)
uit stad(2,126)
pand al(1,28)
bezet de(1,156)
voor marga(1,14)
putten een(1,96)
de circa(1,150)
foto de(1,89)
tegen optreden(1,72)
hotel door(1,135)
in belgische(1,142)
in nacht(1,141)
gewond van(1,129)
tegen ontruiming(4,7)
demonstratie tot(1,36)
laat te(1,156)
hard er(2,87)
over aan(1,156)
piersonstraat te(1,2)
laatste pand(1,14)
gemeente het(1,156)
voor advocaat(1,78)
der keuken(1,130)
zond op(1,92)
door me(4,150)
koop van(1,156)
1981 lijkt(1,1)
me en(3,156)
liet op(1,156)
met verbouwing(1,39)
willen die(1,155)
slepen tegen(1,6)
berlijn het(1,156)
lees voor(1,64)
in tweede(3,155)
meer woningbouw(1,9)
in westduitse(2,42)
een geweld(1,137)
houden het(1,156)
heerlen de(1,102)
poging nog(1,72)
gaan iets(1,91)
van denken(1,155)
de ach(1,134)
niet wonen(1,108)
het in(2,156)
is zich(1,156)
hof leeuwarden(1,18)
uur de(1,156)
waar of(2,155)
in stad(1,155)
amsterdam de(1,156)
hotel bij(1,134)
directie de(1,156)
wethouder met(1,100)
ben de(1,156)
perceel niet(1,92)
agt voor(1,27)
over en(1,156)
op ruiten(1,49)
jaar de(1,156)
verloop voor(1,81)
vertellen niet(1,89)
kunnen met(2,156)
leven ik(1,128)
banken de(1,137)
ook pvda(1,24)
dodewaard worden(1,3)
worden van(1,156)
uit met(1,156)
kraakpand van(2,3)
bij praten(1,69)
handen staat(1,47)
amsterdam niet(1,155)
op als(1,156)
door ondanks(1,84)
moeten uit(3,156)
van westland(1,58)
gemeenteraad zegt(1,11)
uitspraak tot(1,92)
aan krakers(1,4)
een van(2,156)
utrecht niet(1,149)
voor socialisten(2,80)
wij worden(1,156)
in parlement(1,140)
optreden over(1,73)
blijven een(1,156)
moeten het(1,156)
door loopt(1,92)
het op(1,156)
schade na(1,46)
om van(1,156)
hoensbroek de(1,76)
dames de(1,156)
hebben eigen(1,118)
zijn bouwers(1,10)
krakers daar(1,1)
gemeenschap ongeveer(1,6)
engeland van(1,155)
van overvallen(1,71)
van niets(1,156)
dit het(1,156)
cda van(1,21)
van werk(1,156)
met aankoop(1,80)
op ontruiming(2,23)
van ex(3,150)
van adriani(1,19)
voor tweede(1,155)
wonder door(1,45)
tegen luxe(1,49)
en tocht(1,115)
bij bureau(1,100)
berlijn van(1,155)
volt van(1,59)
in gerestaureerd(1,25)
in groninger(1,91)
van geen(1,156)
pand om(1,47)
binnen werd(1,121)
tegen groninger(1,20)
volgens politie(1,27)
van dak(1,147)
tegen langdurige(2,15)
van maken(1,156)
van vakbeweging(1,73)
arrestaties bij(1,10)
doeve in(1,6)
naar oorlog(1,95)
groenburgwal in(1,3)
op voor(1,156)
houden grote(1,39)
eerste met(1,156)
voor zaanstad(1,3)
op krakers(1,5)
in toekomst(1,106)
nodig mee(1,9)
uit eerste(1,142)
van bouwen(1,142)
voor groninger(1,54)
in kro(1,45)
van nijmeegse(2,18)
utrecht zonder(1,43)
de me(4,156)
over toekomst(1,57)
pistool de(1,56)
van no(1,156)
bij spanje(1,76)
van redelijk(1,83)
ontruimd de(1,91)
in kamer(3,152)
schutte een(1,20)
de nog(1,156)
verkiezingen 81(1,1)
in panden(1,54)
met politie(4,116)
weer stuk(1,48)
kijken van(1,104)
op woorden(1,137)
regering politieke(1,9)
tegen woningnood(2,2)
in cijfer(2,64)
in proces(1,107)
is oorlog(1,117)
zal john(1,41)
om luxe(1,73)
advocaat het(1,101)
op wethouder(1,63)
in rellen(1,9)
de weer(1,156)
de 11(1,156)
op plaats(1,155)
voor optreden(1,91)
van gezin(1,136)
van omstreden(2,26)
van gemeente(2,153)
met eigenaar(2,73)
in hele(1,61)
tv door(1,47)
door na(1,155)
wil open(1,26)
voor op(1,156)
met amsterdam(1,155)
begin de(1,146)
gevraagd de(1,156)
aan gemeente(1,120)
een te(1,156)
op komt(1,121)
in kraag(1,23)
koopt twee(1,9)
op in(3,156)
de dr(1,156)
in bondsrepubliek(1,18)
van ziekenhuis(1,90)
aan in(1,156)
in hoofdstad(4,104)
politie groningen(1,15)
wel oorlog(1,42)
standbeeld de(1,46)
in tegen(1,156)
gearresteerd het(1,80)
met groep(1,73)
groningen weinig(1,16)
willen van(1,156)
onder door(1,150)
op justitie(1,49)
georganiseerd het(1,75)
op burgemeester(1,101)
kraken het(1,9)
tegen politie(2,48)
met gevolgen(1,62)
van kon(1,154)
er en(1,156)
bij dienst(1,77)
in rapport(1,113)
bv tegen(1,11)
door kamer(1,90)
in als(1,156)
in op(1,156)
van complex(1,35)
met gemeente(1,83)
onder brief(1,17)
door 100(2,137)
op vingers(1,16)
a'dam nog(1,15)
nijmegen nu(1,7)
van anders(1,153)
op beleid(1,34)
bij raad(1,64)
overbodig van(1,19)
onder plein(1,1)
bij provincie(1,32)
ontruiming de(1,22)
van rechtbank(1,98)
tegen banken(1,5)
in hebben(1,156)
in plannen(1,73)
te rechte(1,14)
door zaterdag(1,54)
in raad(1,116)
in gemeenteraad(1,55)
zw de(2,70)
nieuwe van(1,156)
op politie(4,73)
ook laatste(1,60)
in van(1,156)
hand amsterdam(1,9)
geen den(1,136)
per tegen(1,48)
in politie(1,72)
gekraakt van(1,1)
in burgemeester(1,54)
89 dat(1,11)
