cariing o'k(3,6)
carling o'k(23,7)
al.co ofa(1,1)
ampco pitt(30,7)
chessie syst(24,7)
golda meir(1,39)
chessie svst(1,6)
bayuk cig(9,23)
mariano rumor(1,9)
coca cola(35,68)
phelps dod(2,23)
bavuk cig(1,11)
chase manh(31,14)
ampco pttt(1,3)
am.el pow(1,1)
savornin lohman(1,141)
sears roeb(1,69)
johns mnv(5,6)
doeke vaartjes(1,17)
sankt moritz(2,42)
atlantic richfield(1,25)
mea culpa(1,92)
eastm kod(28,24)
76.00 76.00(1,27)
totalitaire regimes(1,29)
lockheed aircraft(1,24)
wall street(112,107)
beierse csu(1,31)
prime rate(2,28)
philip morr(2,12)
lockheed aireraft(1,29)
inquiry into(1,8)
rendez vous(1,81)
stock exchange(21,103)
general dynamics(5,39)
meuser weisbrod(3,1)
nico scheepmaker(6,32)
dow jones(3,62)
texas instr(1,39)
lone star(2,52)
ampco pilt(1,2)
teengs gerritsen(7,23)
cities serv(25,58)
amf inc(7,11)
elseviers magazine(4,27)
jimmy carter(1,30)
harrie cremers(1,26)
getty oil(5,22)
718100 toestel(1,6)
barry hughes(1,32)
united states(1,148)
atl richf(26,19)
state department(3,80)
tros aktua(1,21)
amf ine(29,16)
herman wigbold(3,35)
dow chem(23,35)
curt wr(55,36)
prinses armgard(1,41)
union carb(1,39)
los angeles(1,103)
mobil oil(2,42)
int flav(5,34)
ashland oil(27,32)
limburgs dagblad(9,53)
publ serv(1,46)
hubert weisbrod(1,1)
kolonel pantchoulidzew(1,4)
studb wo(1,4)
int harv(5,49)
eastem air(2,7)
afwachtende houding(1,145)
ashland 01l(2,13)
donderend applaus(2,118)
jones index(1,34)
toledo fd(1,15)
afgelegde verklaringen(1,151)
new yorkse(4,61)
multinationale ondernemingen(1,25)
vliegtuigfabriek lockheed(2,7)
sunday times(2,92)
cites serv(1,1)
new york(53,155)
wall streel(3,37)
each other(1,34)
edo brandt(1,19)
senator proxmire(1,3)
litton ind(4,32)
henk terlingen(1,26)
royal dutch(1,76)
ferry hoogendijk(1,23)
int nickel(5,55)
gulf oil(4,59)
latijns amerika(1,57)
flor pow(6,12)
treasury secretary(1,7)
knellende banden(1,143)
stan huygens(7,28)
wereld natuurfonds(3,29)
helmuth schmidt(1,19)
jacques fahrenfort(2,6)
union o.c(1,8)
prins bernhard(68,72)
el paso(8,98)
wiek geschoten(2,88)
aly knol(1,21)
fair child(5,5)
int paper(5,51)
bild zeitung(1,33)
shell oil(1,64)
aircraft corporation(1,22)
eaitern air(1,1)
rien robijns(10,18)
duistere praktijken(1,68)
interne machtsstrijd(1,29)
227 227(1,103)
onvertogen woord(1,95)
237 237(1,97)
letterlijke tekst(2,76)
sun oil(1,22)
197 197(1,110)
philip mok(1,25)
verenigde staten(1,117)
57 amprx(1,1)
am.nat.res 36(2,1)
groningse hoogleraar(1,43)
176 176(1,113)
beide limburgen(1,44)
beursredacteur new(1,19)
eastern air(26,23)
parlementaire redactie(1,45)
burl n.lnd(1,1)
157 157(1,127)
fred meuser(3,4)
democratisch presidentskandidaat(1,6)
general tire(1,26)
speciale verslaggever(4,84)
louche praktijken(1,10)
yorkse beurs(4,46)
266 266(1,70)
trouble with(1,27)
hoogleraar staatsrecht(1,17)
have reached(1,14)
89,00 88.00(1,17)
ongelooflijke staaltjes(1,26)
am cyan(41,33)
may dep(2,52)
nat gyps(3,21)
nippon airways(1,11)
south pac(1,94)
telefoon 718100(1,4)
marcus bakker(1,50)
christen democraten(2,68)
pvda ppr(1,22)
luxueus appartement(1,30)
three weeks(1,36)
129 129(1,136)
am.nat.res 37(2,1)
zuid afrika(1,144)
onrecht aangedaan(1,109)
actieve aandelen(3,45)
vernietigend oordeel(2,94)
premier tanaka(7,11)
cig bendix(2,1)
geruime tijd(1,156)
fel omstreden(1,66)
frans jozef(1,142)
122 122(2,137)
bleef ongedeerd(1,130)
gerechtelijk onderzoek(4,128)
binnenlandse zaken(1,117)
cat tract(30,4)
aireraft corp(1,19)
1,8 miljoen(1,40)
louis velleman(2,33)
felle protesten(1,71)
ig farben(1,24)
acf ind(38,26)
buitenlandse zaken(1,107)
nat dist(4,40)
rep steel(1,50)
cpc int(3,12)
118 118(2,132)
4,5 miljoen(1,40)
beslag genomen(2,156)
kasteel warmelo(1,15)
koningin juliana(5,49)
104 104(2,153)
fractievoorzitter wiegel(1,7)
miljoen gulden(2,97)
henny korver(1,17)
us steel(1,54)
1,6 miljoen(1,40)
am broadc(37,17)
communistische partij(1,79)
miljoen dollar(10,71)
tel aviv(1,76)
reliance gr(1,7)
openhartige gesprekken(2,25)
actuele onderwerpen(1,53)
comm.w ed(24,5)
ashland ou(4,12)
wiegel vvd(1,17)
binnenlandse aandelen(3,27)
du pont(33,153)
democratische kandidatuur(1,24)
absolute meerderheid(1,100)
zwijgende meerderheid(1,26)
boeing jumbo(1,8)
niets bijzonders(2,156)
sterl drugs(1,4)
jesse winchester(1,2)
zelfmoord plegen(1,99)
am.el.pow 22(2,1)
263 266(1,56)
york stock(23,36)
interne conflicten(1,41)
bert stoop(7,24)
vrije voeten(1,156)
can pac(35,72)
voordelig saldo(1,65)
fors omhoog(1,32)
122 123(1,150)
nos journaal(1,27)
verouderde neptunes(1,3)
japan fund(5,32)
sociaaldemocratische partij(1,107)
comm sat(27,14)
92 92(2,155)
101 101(2,153)
123 124(1,151)
nader inzien(5,154)
wijs beleid(1,142)
98 98(1,155)
vice president(4,156)
strafrechtelijk onderzoek(2,59)
roolvink schmelzer(1,1)
174 175(1,128)
cons ed(33,37)
phillips pet(2,18)
all chem(28,36)
254 257(1,51)
91 91(1,155)
nat cash(2,41)
westduitse ambassade(1,36)
140 140(1,143)
ontsnapte gevangenen(1,70)
west duitsland(3,57)
amerikaanse vliegtuigfabriek(1,31)
nieuwe revu(1,29)
to improve(1,35)
comm.w.ed 31(1,1)
geheim dossier(1,28)
29 comm.sat(1,1)
militaire autoriteiten(1,156)
al co.ofa(1,1)
dart ind(30,12)
89 89(2,155)
zult gij(1,155)
tweede kamerlid(1,112)
drie krijgsmachtonderdelen(1,22)
financiele administratie(1,15)
likely to(1,32)
27 burl.n.lnd(2,1)
premier miki(6,2)
burl ind(28,21)
zuid korea(1,54)
13 gulfo.can(1,1)
all pow(34,22)
fred foppen(6,3)
sil it(1,56)
canadese fondsen(43,25)
57 57(6,154)
190 190(2,122)
atl richt(2,25)
59 59(11,150)
123 122(1,114)
am cvan(2,17)
cont oil(29,48)
ter beschikking(1,156)
lockheed steekpenningen(1,1)
49 49(3,153)
vorig jaar(3,156)
122 121(1,117)
129 128(1,116)
33 comm.w.ed(1,1)
robert wagner(1,50)
87 87(1,153)
north ill(1,5)
26b dart(1,2)
47 47(9,155)
internationaal niveau(1,61)
epe int(26,14)
vrijstaat beieren(1,15)
can pae(3,24)
46 46(8,152)
1,1 miljoen(1,40)
54 54(19,154)
cont can(34,45)
56 56(22,155)
53 53(12,154)
henk hoekstra(1,43)
62 62(1,152)
58 58(5,153)
verkeerde conclusies(1,88)
nare dingen(2,85)
amerikaans vliegtuig(1,50)
52 52(6,156)
10b phillips(2,2)
onderzoek instellen(1,143)
86 86(3,153)
tweede kamer(6,156)
51 51(2,153)
comm.w.ed 29(1,1)
doctor who(1,12)
19 ampcopitt(2,2)
cr zellerb(16,2)
koninklijke familie(1,156)
kraftco 44(2,9)
84 84(7,152)
colt ind(35,20)
wegens smaad(1,113)
refuses to(1,7)
67 67(1,153)
japanse luchtvaartmaatschappij(1,22)
jack anderson(3,14)
hevig verzet(1,121)
43 43(19,153)
diplomatieke activiteit(1,57)
88 88(5,156)
42 42(29,154)
48 48(11,154)
jean paul(1,152)
39 39(36,154)
ernstigste crisis(1,46)
senator jackson(1,15)
138 136(1,93)
83 83(1,151)
for the(1,156)
61 61(1,152)
comm.w.ed 30(1,1)
verklaring afleggen(1,151)
felle concurrentie(1,93)
z'n raap(1,19)
aican al(1,14)
wegens laster(1,151)
69 69(1,155)
37 37(27,155)
44 burrouchs(1,1)
progressieve krachten(1,47)
gen motors(4,64)
langdurige onderhandelingen(1,146)
74 74(1,154)
140 139(1,109)
45 45v(2,28)
28 comm.sat(1,1)
27 am.el.pow(1,1)
26 am.el.pow(1,1)
col gas(33,38)
johan olde(1,9)
recente foto(1,66)
armco st(29,25)
kraftco 45(2,8)
13 i.b.m(2,5)
dood veroordeelde(1,155)
chessie sy(1,1)
38 38(17,155)
190 189(1,107)
19 ampco(24,4)
44 44(18,155)
68 68(3,153)
100.000 dollar(5,90)
73 73(2,154)
gods toorn(1,76)
geringste twijfel(1,76)
71 71(1,155)
jaren zeventig(1,51)
rhodesische kwestie(1,10)
james bond(1,34)
deed aangifte(1,118)
presidentskandidaat carter(2,1)
124 125(2,152)
onverminderd voortgezet(1,62)
85 85(1,153)
oostenrijkse televisie(1,35)
frank church(5,15)
geen onvertogen(1,76)
vaste stemming(1,155)
43 syntex(1,7)
72 72(1,155)
alcan al(45,28)
hoog niveau(1,89)
31 31v(1,51)
vrije volk(18,106)
78 78(1,152)
voormalig verzet(1,47)
midden oosten(1,72)
125 125(1,137)
kamer debatteert(1,17)
ingesteld onderzoek(1,153)
tenneco 32(1,7)
maakt melding(1,155)
dubieuze betalingen(1,4)
curt wi(1,13)
90 90(2,155)
nader onderzoek(2,156)
41 41(34,154)
81 81(4,151)
eerder afgelegde(1,64)
juliana regina(1,24)
55 55(12,155)
36 36(46,155)
32 32(48,155)
34 34(45,155)
33 33(44,155)
ampcopitt 10(1,2)
nat steel(5,46)
algemeen belang(1,156)
verschil tussen(1,75)
ons staatsbestel(1,74)
23 burl.n.lnd(1,1)
58 59(3,155)
blad newsweek(1,30)
japanse premier(4,54)
31v 31(1,45)
18 west.h.el(1,4)
nat tea(5,23)
33 mcddougl(1,1)
ford motor(7,85)
insilco 13(2,7)
aanklacht wegens(2,124)
miljoen mark(1,74)
senator church(2,4)
26 gatx(5,5)
pac gas(2,46)
126 125(1,119)
an agreement(1,27)
onze parlementaire(1,142)
paar weken(2,156)
uiterst rechts(1,79)
voeten gesteld(1,156)
v.d poel(1,72)
gatx 29(2,4)
geheime diensten(1,72)
56 57(10,155)
57 58(2,155)
65 65(1,151)
politieke leiders(1,112)
23 23v(1,58)
texas ut(1,17)
alle fronten(1,82)
vice premier(2,53)
91 92(1,156)
korrel genomen(1,51)
ter sprake(1,156)
39 culbro(6,4)
un brands(1,19)
ill centr(2,11)
o'k 3b(1,1)
52 53(5,156)
jaar geleden(1,156)
16 carling(8,3)
ik heb(1,156)
144 148(1,88)
kunnen concurreren(1,90)
95 96(1,155)
publiciteit rond(1,35)
militaire aankoopbeleid(1,4)
dear henry(1,4)
ir besancon(1,15)
gen cable(4,19)
ten berge(1,149)
15 gulfocan(2,1)
45 45(33,155)
amerikaanse senatoren(1,46)
rumoer rond(1,52)
buitenlandse betrekkingen(1,57)
nederlandse regering(1,64)
93 94(2,156)
al co.of(1,1)
53 54(4,155)
brascan 12(1,3)
dwingende reden(1,47)
ernstige schade(1,123)
am.broadc 36(1,2)
gatx 28(1,5)
the united(1,145)
kraftco 42(1,7)
radio tv(1,39)
koning klant(1,51)
iets lager(2,156)
46 47(6,156)
48 49(3,155)
25.000 dollar(4,79)
51 52(3,156)
26v 26(2,36)
120 122(1,144)
421 42(1,101)
un pac(1,68)
47 48(5,155)
hetze tegen(1,84)
42 43(6,155)
jarige leeftijd(1,106)
16 wh.labrat(1,4)
volgens zegslieden(1,49)
32 mcddougl(1,1)
ons land(2,156)
alcan ai(5,13)
doorgeschoven naar(1,30)
slechts zijdelings(1,110)
am motors(39,33)
protest tegen(1,156)
97 98(1,155)
volgende week(1,156)
grote beroering(1,60)
gen food(6,24)
kamerdebat over(1,85)
24 24v(2,56)
comm.w.ed 28(1,1)
naar aanleiding(2,156)
the agreement(1,29)
with us(2,46)
118 120(1,143)
internationale samenwerking(1,101)
politieke crisis(2,125)
62 ampex(1,5)
ik ben(2,156)
verboden toegang(1,110)
valse naam(1,59)
le monde(2,155)
dr holtrop(5,40)
el pow(30,17)
72 73(2,155)
un techn(1,14)
58 57(1,148)
am.broadc 37(1,1)
belangrijkste passages(2,37)
am home(44,32)
schrijvende pers(1,34)
38 39(4,155)
pan am(2,50)
z'n kop(1,69)
55 56(7,155)
82 83(1,156)
alt pow(8,6)
86 87(4,155)
twintigtal personen(1,118)
93 92(1,150)
mijn vriend(1,156)
japanse regering(1,62)
37 38(11,155)
88 89(1,155)
esmark 32(1,4)
begaf zich(1,156)
grote verschuivingen(1,49)
nat can(2,34)
reeds eerder(1,134)
96 95(2,148)
43 44(12,156)
57 56(4,142)
juni a.s(1,127)
per maand(2,156)
volgen procedure(1,77)
71 72(1,155)
amerikaanse senator(1,51)
87 88(2,155)
94 93(1,153)
bendix 42(6,12)
alle gewenste(1,62)
12 i.b.m(2,4)
aanklacht tegen(3,127)
militaire vliegtuigen(1,85)
wat rustiger(1,118)
54 55(9,155)
61 ampex(3,5)
via weisbrod(1,1)
35 35(31,155)
degene die(1,156)
vele duizenden(1,156)
midi ross(2,4)
iets hoger(5,60)
41 am.broadc(1,1)
54 amerada(9,5)
koninklijk huis(3,156)
geen twijfel(1,156)
81 82(5,155)
30 30v(1,41)
62 61(1,149)
hoogst ernstige(1,137)
85 86(1,155)
bendix 39(7,9)
parlementair onderzoek(3,99)
52 51(1,149)
gefotografeerd tijdens(1,40)
54 53(2,146)
eigen initiatief(1,126)
weinig speelruimte(1,40)
87 86(1,147)
schaart zich(1,151)
ambtelijk onderzoek(1,50)
toestel 239(1,14)
am airl(27,13)
un corp(1,33)
am can(48,69)
17 carling(9,3)
italiaanse premier(3,50)
dit seizoen(1,131)
18 ampco(4,5)
36 37(10,155)
41 42(14,155)
le jeune(2,141)
amerikaanse journalist(1,56)
japanse hoofdstad(1,50)
aan boord(1,156)
heel wat(1,154)
zich afzijdig(1,85)
49 48(2,149)
hollandse maffia(1,1)
beschuldiging gesteld(1,152)
47 46(3,146)
90 91(4,156)
west europa(1,109)
jozef strauss(1,20)
tien mille(1,118)
ernstig verzwakt(1,75)
fc utrecht(1,29)
ter gelegenheid(1,156)
rijke zakenman(1,35)
verweert zich(1,93)
huygens journaal(4,21)
verdere informatie(1,107)
40 am.broadc(4,1)
48 47(3,148)
45 46(9,155)
29 getty(3,11)
wel eens(1,156)
28 getty(1,12)
western un(1,14)
89 90(1,156)
43 42(4,150)
bestand tegen(1,153)
moeten toezien(1,136)
84 85(1,155)
japanse indonesische(15,9)
24 cpcint(2,1)
am el.pow(1,1)
gevangen zitten(1,140)
56 celanese(6,8)
25b gulf(1,1)
fractie hoger(2,47)
88 87(4,151)
34 akzona(13,6)
eerste aflevering(1,156)
28 chessie(18,3)
54 celanese(8,10)
zover bekend(1,61)
32 33(14,155)
ik noem(1,156)
56 fruehauf(2,5)
esmark 31(5,4)
economische stagnatie(2,35)
15 15v(1,43)
functies neergelegd(2,35)
den haag(17,156)
verontschuldigt zich(1,106)
bethl st(29,49)
89 88(1,151)
33 34(8,155)
67 66(1,151)
contact onderhouden(1,72)
125 123(2,101)
the u.s(1,44)
321 32(1,96)
herstelde zich(1,156)
bendix 38(2,8)
34 tandycraft(1,4)
nog steeds(1,156)
jet star(1,7)
10 tw.cent(1,3)
39 kraftco(1,7)
gas el(2,64)
nat res(30,20)
44 43(3,148)
gatx 27(1,5)
83 82(1,145)
den uyl(33,76)
fruehauf 26(4,14)
mart mar(2,12)
hoger wall(1,21)
minst slechte(1,88)
groot succes(1,141)
zwitserse regering(3,60)
blijft aandringen(1,141)
84 83(1,151)
80 80(3,154)
29 chessie(6,3)
19 insilco(1,3)
73 72(1,146)
86 85(1,152)
gatx 30(3,5)
indonesische aandelen(14,18)
bendix 41(5,10)
insilco 12(3,4)
34 cites(1,1)
39 38(7,152)
25 comm.w.ed(1,1)
grote belangstelling(1,69)
52 amerada(2,6)
34 am.cyan(1,3)
states and(1,65)
amerikaanse vliegtuigfabrieken(1,10)
minister kissinger(1,8)
48 chasemanh(1,1)
januari 1976(2,26)
internationale overeenkomst(1,135)
56 55(4,150)
54 56(1,152)
ongeoorloofde betalingen(1,4)
38 37(16,150)
57 ampex(1,5)
kritisch onderzoek(1,70)
55 54(8,149)
fors lager(1,28)
delmonte 27(9,5)
20 ampco(5,5)
koninklijk paar(2,118)
ter kennis(1,156)
motorola 49(2,10)
42 41(12,151)
44 45(5,156)
alleged to(1,7)
59 monsanto(1,13)
illegale betalingen(1,6)
53 amerada(5,5)
celanese 47(1,6)
41 culbro(8,3)
reportage over(1,68)
maandag j.l(1,127)
laakbare activiteiten(1,1)
nou sil(1,32)
rockwell 29(1,8)
ongerust over(2,156)
91 90(1,151)
82 81(1,146)
59 60(5,155)
dollar hoger(1,46)
29 29(50,155)
cremers telefoon(1,8)
geheime stukken(1,125)
33 akzona(8,5)
niets veranderd(1,156)
stapelen zich(1,97)
25 gatx(1,4)
60 60(14,156)
60 61(2,155)
37 36(11,153)
54 amax(10,7)
900 miljoen(1,42)
geen kwaad(3,156)
34 delmonte(8,5)
44 kroger(2,12)
nederlandse volk(1,84)
nieuw stadium(1,103)
30.000 dollar(1,71)
helemaal tevreden(1,49)
direct contact(1,88)
all nippon(1,10)
twijfel bestaan(1,156)
functie neer(1,96)
greyhound 14(4,15)
grote rol(1,64)
27 greyhound(4,14)
25 comm.w(26,3)
28 apeco(5,1)
55 fruehauf(2,5)
klaarheid brengen(1,88)
85 84(3,150)
schoon schip(1,122)
als tussenpersoon(2,58)
17 apeco(1,3)
43 culbro(3,2)
35 36(11,155)
40 40(26,156)
36 proct(1,12)
wisselkoersen new(11,28)
90 89(1,153)
italiaanse parlement(1,50)
15 esmark(1,7)
exxon 52(1,8)
dokumentaire over(1,26)
27 27(70,155)
nieuwe ontwikkelingen(1,65)
verslaggever bert(3,22)
am brands(36,26)
vijf maanden(1,156)
exxon 51(3,8)
britse leger(1,59)
franse wapenindustrie(1,7)
februari 1976(1,25)
79 80(1,156)
delmonte 28(14,4)
57 amerada(5,4)
59 ampex(12,4)
als tussenschakel(1,21)
italiaanse luchtmacht(1,30)
der poel(3,156)
36 akzona(3,5)
34 35(7,155)
nederlandse leeuw(1,60)
proces tegen(2,156)
koffer vol(1,80)
bleef liggen(1,150)
eigen zak(2,134)
22 hiltonh(1,2)
53 amax(6,5)
redelijk vermoeden(1,41)
feit dat(1,156)
struikelt over(1,81)
verband met(3,156)
53 celanese(1,9)
achtervolgd door(1,147)
58 celanese(2,10)
45 kroger(2,11)
31 31(28,155)
al vaker(1,94)
34 amerada(1,5)
27 brascan(1,1)
57 celanese(2,8)
protesten tegen(1,146)
tandycraft 13(1,4)
december 1976(1,23)
achter slot(1,146)
britse minister(3,61)
heer gerritsen(1,120)
mars field(2,4)
34 33(10,155)
volgende maand(2,156)
imp oil(5,10)
28 28(55,155)
49 nabisco(1,5)
als gevolg(2,156)
armoo st(1,2)
bereidt zich(3,152)
celanese 43(2,9)
56 bendix(10,5)
52 54(1,153)
onthullingen over(1,111)
20 insilco(3,3)
buitenlandse kranten(1,51)
26 26(81,155)
15 carling(1,3)
zeer voorzichtig(1,127)
58 amerada(4,4)
interessant boek(1,106)
aantonen dat(1,69)
esmark 37(1,2)
beschuldigingen tegen(3,156)
33 32(5,153)
affaire menten(1,4)
34 proct(1,7)
39 40(6,155)
58 monsanto(1,9)
poging om(1,156)
350 miljoen(1,42)
55 celanese(5,8)
bij herhaling(1,156)
onze speciale(4,107)
celanese 46(5,7)
36 delmonte(3,3)
november 1973(1,26)
kan aantonen(1,57)
hoge ambtenaren(1,61)
japanse autoriteiten(1,55)
amax 54(6,5)
onthullend licht(1,10)
38 amerada(1,5)
niet uitgesloten(1,154)
377 37(1,52)
hans hoffmann(2,15)
meer dan(1,156)
verdere acties(1,55)
speculaties over(1,62)
dart md(2,5)
22 22(37,155)
29 apeco(4,2)
vooralsnog geen(1,147)
80 81(2,156)
pogingen om(1,156)
32 texaco(1,17)
45 44(8,150)
mijn vrouw(1,134)
vergelijking met(1,156)
gen publ(7,16)
39 burroughs(9,12)
gaat studeren(1,47)
72 int.tel.tel(1,1)
praten over(2,137)
reis naar(1,156)
41 curt(1,7)
an evening(1,28)
32 akzona(4,6)
raadsels rond(1,23)
49 chasemanh(1,1)
bij aankoop(2,147)
monsanto 79(1,9)
blijft erbij(1,72)
informatie over(2,78)
esmark 30(1,4)
politieke inmenging(1,60)
53 sterl(1,6)
celanese 44(8,8)
heer teengs(1,38)
juiste keuze(1,104)
nog eens(1,156)
11 culbroc(1,1)
nagaan of(1,153)
rel rond(1,33)
zeer flauw(2,120)
delmonte 26(4,6)
14 esmark(4,4)
on trial(1,20)
36 amax(1,8)
ter dood(1,156)
geding gebracht(1,89)
persoonlijke verplichtingen(1,45)
grotere omzet(1,48)
60 59(4,146)
36 38(2,154)
nederlandse industrie(1,60)
53 bendix(3,4)
21 21(22,155)
steel 43(1,45)
der hoeven(1,156)
agt justitie(1,7)
40 41(8,155)
61 60(2,148)
aantal leden(1,156)
24 reliance(1,5)
45 kraftco(1,4)
23 23(59,155)
bern zwitserland(1,57)
189 gillette(1,3)
17 17(37,156)
31 32(4,155)
in diskrediet(1,98)
speciaal vliegtuig(1,67)
gesjoemel met(1,19)
19 19(102,155)
poging tot(1,156)
327 32(1,56)
al spoedig(1,156)
39 bethl(9,21)
44 burroughs(2,10)
chasemanh 29(1,1)
geen heksenjacht(2,24)
groot onrecht(1,122)
60 ampex(13,5)
zijn praatstoel(1,75)
57 bendix(3,3)
the department(1,41)
inzien hoe(1,149)
na verhoor(1,152)
schmidt c.s(1,9)
franse film(1,57)
food 32(1,9)
tegenstellingen binnen(1,63)
32 delmonte(9,4)
niet doorgegane(1,15)
niets meer(1,156)
53 55(1,153)
beslissen over(1,156)
36 35(12,153)
derde deel(1,156)
steeds meer(1,156)
right and(1,22)
57 amax(5,4)
steel 42(1,43)
24 24(29,155)
belast met(1,156)
am.broadc 35(3,1)
33 delmonte(2,4)
bepaalt zelf(1,61)
celanese 48(1,5)
duits echtpaar(1,33)
voor zover(1,84)
vertel ik(1,120)
campagne tegen(4,108)
weer terug(3,146)
35 delmonte(1,4)
42 burroughs(4,13)
zeer vaag(1,115)
twintig personen(1,156)
22 insilco(1,3)
deugt niet(1,139)
19 curt(17,11)
49 50(1,156)
amax 53(11,5)
12 culbroc(1,1)
18 carling(1,3)
zij eisten(1,58)
27 januari(1,147)
13 13(18,156)
and for(1,122)
37 39(2,152)
106 103(1,91)
occidental 18(2,7)
360 miljoen(1,40)
26 goodrich(2,10)
56 amax(3,4)
nieuwe stijl(1,102)
42 bethl(3,21)
beslissen of(1,156)
functies neer(3,58)
41 43(2,152)
59 amax(2,6)
langer dan(1,156)
een paar(2,156)
44 amax(2,8)
zeer kalme(1,145)
55 amerada(6,3)
niet relevant(1,36)
48 akzona(1,3)
87 89(4,148)
cerro 17(1,8)
fluor 42(1,12)
47 chase(2,6)
35 akzona(3,6)
hebben gekregen(1,156)
drie oorlogsmisdadigers(1,14)
56 ampex(1,4)
akzona 13(1,7)
senator frank(4,17)
33 goodrich(1,9)
steekpenningen betaald(1,5)
onafhankelijke commissie(2,56)
fruehauf 25(2,11)
gen mot(7,67)
amerada 17(1,4)
minister antwoordt(1,128)
gillette 32(1,18)
past three(1,7)
in opspraak(6,132)
zaak menten(2,10)
amerada 23(16,8)
groene licht(2,106)
toestemming nodig(1,53)
35 34(11,154)
52 amax(1,4)
43 45(3,155)
leidt tot(3,156)
ontvangst nam(1,121)
broadc 34(11,3)
piet heil(2,30)
duurder dan(1,154)
bayuk eig(1,2)
vroegere premier(1,82)
laatste poging(1,156)
81 80(2,150)
17 curt(9,10)
45 47(1,151)
59 57(2,119)
vrij snel(1,125)
weinig verschil(1,154)
kroger 23(3,15)
40 39(8,151)
maatregel genomen(1,156)
speciaal fonds(2,97)
philips gl(1,34)
nederlandse regeringsfunctionaris(1,1)
bendix 40(6,10)
syntex 22(1,4)
steel 44(1,44)
morr 58(1,2)
steel 47(2,46)
food 33(2,9)
1414 14(1,37)
geen strafvervolging(2,81)
laatste nieuws(1,134)
amax 52(1,5)
43 anaconda(1,33)
amerada 24(5,8)
24 transam(1,3)
zeer betrouwbare(1,118)
16 16(33,155)
ik sta(1,156)
haar broer(1,119)
geld terug(1,156)
dinsdag 27(1,131)
oog op(1,156)
dit jaar(2,156)
tot omkoping(1,40)
niet vergeten(1,156)
amerada 25(8,7)
29 goodrich(1,10)
380 miljoen(1,39)
algemene regel(2,58)
geheime loonlijst(1,1)
104 102(1,107)
op prinsjesdag(1,60)
buitenlandse pers(1,61)
contact met(2,118)
worden ingelicht(1,156)
japanse aandelen(17,21)
worden onderzocht(1,156)
in verband(3,156)
24 december(1,156)
42 kroger(1,10)
celanese 45(7,6)
grote wapenaankopen(1,1)
41 40(10,154)
volkomen vrij(1,155)
het partijbestuur(2,104)
38 amax(1,7)
kroger 24(1,13)
kennecott 33(1,14)
100 101(1,155)
88 86(1,128)
14 14(19,156)
werkzaamheden begonnen(1,144)
ir meuser(1,4)
38 bethl(3,18)
concurreren met(1,80)
stelt vast(1,124)
mei 1962(1,39)
accused of(2,13)
den berg(1,156)
39 41(2,153)
zeer vast(3,155)
te redden(1,156)
washington president(1,68)
18 olin(2,10)
hebben gehad(2,156)
nieuwe onthullingen(1,91)
39 burl(2,9)
omstreeks 1960(3,40)
dollar per(1,144)
53 63(1,126)
23 231(2,115)
28 29(19,156)
eerder veroordeeld(1,95)
27 28(16,156)
tandy 34(1,11)
food 34(1,11)
55 amax(1,5)
italiaanse krant(1,30)
64 54(2,122)
cerro 18(1,9)
te treden(1,156)
57 67(1,122)
binnenland buitenland(1,38)
43 burl(4,8)
gebeurde omstreeks(5,64)
onze economie(2,68)
te verbergen(1,156)
amax 57(6,3)
13 tenneco(1,5)
het lagerhuis(1,156)
zo verklaarde(1,63)
te ontsnappen(1,156)
regering erkent(1,83)
ter attentie(1,60)
32 31(3,153)
18 18(47,155)
wordt beschuldigd(1,156)
41 burroughs(6,12)
32 reynolds(1,10)
nickel 34(1,16)
41 bethl(5,21)
verantwoordelijk voor(1,156)
te bevorderen(1,156)
amerikaanse fondsen(1,43)
zeer druk(1,155)
oude vriend(1,140)
texaco 27(1,8)
221 22(1,115)
56 66(1,134)
mei 1977(1,26)
geert jan(10,85)
eind juni(1,96)
te melden(1,156)
journalist jack(1,7)
veel meer(1,156)
actie tegen(2,151)
26 27(19,156)
chasemanh 30(2,2)
in beslag(2,156)
verklaard dat(1,156)
voorwaarde dat(1,156)
n.a philips(2,8)
te nemen(1,156)
19 kennecott(3,19)
bendlx 40(1,3)
56 54(2,129)
55 bendix(4,3)
54 ampex(2,4)
nog onbekend(1,156)
te brengen(1,156)
veel interesse(1,80)
overleg met(1,156)
43 chase(1,10)
nieuw voedsel(1,154)
niet aarzelen(1,155)
pow 21(4,9)
vervolging tegen(1,153)
16 curt(2,7)
niet meer(2,156)
of the(1,156)
ruim miljoen(1,55)
rechtse nationalisten(1,3)
onderzoek naar(24,156)
pleit voor(1,155)
50 50(4,156)
onze volksvertegenwoordiging(1,128)
47 anaconda(2,28)
ernstige zaak(1,150)
31 goodrich(1,7)
34 burroughs(1,7)
40 42(1,155)
gulfoil 27(1,2)
begin november(1,128)
46 chase(7,6)
te verschaffen(1,156)
fors terug(2,29)
passages uit(1,117)
mining 59(1,4)
55 53(2,134)
33 35(1,156)
samen met(1,127)
54 52(3,128)
om opheldering(1,148)
moet beslissen(1,154)
geef hem(1,144)
al heel(1,153)
129 eastern(4,4)
92 90(2,127)
31 deere(1,5)
vertrek naar(1,156)
het oog(1,156)
ruil voor(1,145)
1,1 min(1,26)
weinig invloed(2,156)
53 coca(1,6)
besteed aan(1,156)
hun rivalen(1,58)
26 occidental(2,4)
willen horen(1,60)
sinds gisteren(1,137)
41 burl(4,6)
46 anaconda(1,25)
het feit(1,156)
aantal documenten(1,91)
kennecott 27(3,17)
17 alcan(3,8)
18 curt(2,10)
34 coca(1,10)
ik wil(1,156)
praat over(1,109)
honeywell 43(2,3)
laatste schakel(1,88)
nickel 32(3,15)
greyhound 15(2,12)
verenigen met(1,71)
32 exxon(1,6)
amerada 21(4,5)
geen beslissing(2,139)
zoek contact(1,35)
te verwachten(1,156)
heller 19(1,8)
gesprek met(3,156)
honeywell 48(1,4)
van thijn(1,95)
44 anaconda(7,29)
zijn onschuld(1,131)
polaroid 36(1,10)
mr donner(1,50)
68 58(1,109)
16 17(7,156)
union el(1,13)
haar dochter(1,133)
dit soort(1,155)
onder druk(1,102)
verder omhoog(1,91)
engelhard 23(1,7)
culbroc 18(1,1)
zwijgt over(1,120)
wellicht binnenkort(1,94)
goede dingen(1,136)
57 55(3,122)
uit washington(1,156)
58 jarige(1,73)
strekt zich(1,156)
hoe vertel(1,39)
niet helemaal(1,74)
te maken(3,156)
ik zoek(1,144)
lager wall(1,23)
verklaarde dat(1,156)
89 87(1,116)
te annuleren(1,51)
boeing 43(2,16)
ingesteld naar(1,151)
aandringen op(1,156)
22 23(12,156)
alle blaam(1,94)
paso 14(7,13)
amax 55(3,3)
amerada 22(5,7)
25 greyhound(2,12)
voelt niets(1,90)
bezorgd over(1,149)
van naters(1,84)
toezicht op(1,131)
101 100(1,151)
te beletten(1,156)
brands 39(1,18)
tm kod(1,2)
zoeken naar(1,155)
83 87(1,124)
18 ashland(1,8)
plotselinge ontslag(1,37)
heeft besloten(1,156)
44 chase(10,9)
87 85(1,122)
enig geld(1,90)
te kweken(1,67)
26 burl(20,10)
bijzondere commissie(2,154)
boeing 44(1,17)
steel 32(1,43)
geld besteed(1,135)
48 anaconda(9,27)
30 30(42,156)
37 chrysler(5,32)
40 45(1,155)
internationale pers(2,95)
ik wist(1,156)
eindelijk weer(1,131)
al lang(2,154)
24 apeco(9,1)
in ruil(1,156)
reynolds 63(1,5)
een buitenkansje(1,131)
amax 38(1,4)
oude vrienden(1,152)
colgate 24(3,8)
opheldering over(2,132)
gesprekken met(1,154)
weg naar(5,156)
te trekken(1,156)
york woensdag(1,32)
27 burl(1,9)
42 burl(3,5)
houdt zich(2,156)
69 anaconda(2,23)
ontkent dat(1,155)
73 m.g.m(1,2)
naar huis(1,156)
16 ashland(6,7)
21 22(2,156)
steel 45(1,44)
oil pr(1,11)
laster tegen(1,138)
vrijdag 24(1,156)
97 93(1,112)
33 schaefer(1,4)
zweedse koning(1,49)
39 chrysler(2,26)
13 alcan(1,9)
18 kennecott(1,23)
01l 37(1,10)
lehman 10(1,6)
zelf uitmaken(1,94)
kennis gebracht(1,130)
45 43(2,136)
29 asa(20,7)
kritiek op(2,140)
japanse krant(2,24)
alle functies(2,89)
23 24(11,156)
akzona 16(11,3)
wim kan(1,60)
geen overeenstemming(1,131)
geen geld(2,156)
brokkelen af(1,14)
19 norf(2,14)
geschokt door(3,155)
hier volgen(1,155)
25 25(69,156)
werd ingesteld(1,155)
brands 42(9,19)
nooit enig(1,66)
te helpen(2,156)
kod 113(1,2)
lehman 11(2,8)
59 polaroid(1,8)
pont 138(1,9)
to be(2,156)
te geven(2,156)
een avondje(1,117)
naar amerika(2,156)
akzona 15(10,6)
38 chrysler(1,31)
zich bezig(1,156)
22 quaker(1,12)
onze verslaggevers(5,60)
nabisco 44(2,1)
40 curt(2,6)
dod 38(1,3)
eigen doel(1,107)
het ogenblik(1,155)
15 15(88,156)
door winstnemingen(2,90)
exxon 54(1,5)
queen juliana(1,6)
17 armco(1,6)
44 42(1,127)
delmonte 25(1,5)
verzocht zich(1,156)
15 ashland(22,5)
andere keus(1,153)
18 alcanal(1,1)
kon olie(5,72)
goede start(1,75)
afstaan aan(2,149)
4000 dollar(1,58)
nieuwe linie(2,62)
goodrich 28(2,4)
per ongeluk(1,119)
46 44(2,127)
niet tevreden(1,156)
33 cities(1,19)
17 18(2,156)
17 ashland(3,7)
fluor 35(4,10)
goodrich 27(1,5)
16 alcan(13,7)
aandelen kopen(1,31)
officieel onderzoek(1,132)
amerikaanse bedrijven(1,48)
leverden geen(1,133)
18 19(11,156)
als adviseur(1,131)
van maarseveen(5,152)
47 heller(2,4)
geruchten rond(1,87)
akzona 18(7,4)
act ind(3,23)
19 engelhard(1,5)
rechtse beweging(1,18)
even slecht(1,146)
13 14(3,156)
paar suggesties(1,21)
italiaanse president(1,47)
32 asa(5,6)
het paleis(1,156)
heller 22(1,8)
amerada 19(2,4)
heeft gisteren(2,156)
we hebben(1,149)
kabinet moro(1,4)
boeing 39(3,15)
aanval op(2,156)
anaconda 23(2,16)
49 anaconda(1,26)
naar engeland(1,156)
oil 38(2,44)
36 chrysler(12,33)
nog lang(1,156)
nu definitief(1,134)
21 wrigley(1,3)
department of(1,91)
amerikaanse bronnen(1,39)
haar werkzaamheden(1,130)
54 coca(8,4)
het congres(1,156)
onder valse(1,61)
15 16(11,156)
weten wie(1,155)
antwoord op(1,156)
33 36(1,154)
amerikaanse canadese(18,29)
bezig met(1,156)
vervanging van(1,156)
by the(1,156)
oil 33(2,43)
251 25(1,103)
heller 21(1,7)
uitmaken of(1,152)
van justitie(4,156)
amerikaans rapport(1,26)
29 30(13,156)
20 20(35,156)
19 191(1,119)
287 28(1,54)
het begin(1,156)
grace 27(5,11)
rapport over(2,156)
23 rca(1,5)
boeing 45(9,15)
fluor 44(1,9)
is afgetreden(1,156)
polaroid 35(1,10)
gedragscode voor(1,23)
de vauthaire(1,1)
16 jarige(1,116)
int tel(4,90)
28 dowchem(2,4)
heinz 47(1,9)
van hillo(3,30)
24 burl(1,9)
19 hilton(2,10)
47 45(1,131)
te gaan(3,156)
20 curt(6,11)
geen opheldering(1,120)
inspecteur generaal(7,109)
olin 37(2,1)
johnson and(1,21)
een bedrag(1,156)
100 miljoen(1,67)
diskrediet te(1,64)
21 merek(1,3)
31 exxon(4,5)
50 miljoen(1,64)
12 12(48,156)
toch nog(1,156)
amax 58(3,2)
te stoppen(1,156)
waar zij(1,156)
nog wel(2,156)
82 85(2,137)
45 anaconda(12,27)
voor mezelf(1,98)
york zaterdag(1,34)
18 alcan(6,8)
onder vuur(1,114)
treedt af(4,140)
kod 109(1,2)
oil 34(4,46)
237 23(1,69)
52 coca(1,3)
nieuwe orders(1,122)
27 dowchem(1,3)
een beerput(2,97)
bericht uit(1,131)
uitspraak over(1,155)
via liechtenstein(1,3)
een rolletje(1,124)
niet duurder(1,139)
25 26(6,156)
zegt dat(1,156)
65 jaar(1,143)
19 honeywell(1,7)
30 apeco(9,1)
heller 20(2,7)
had gesproken(1,156)
orkaan belle(2,1)
40 bethl(7,25)
verder uiteen(2,113)
29 burl(1,10)
aankoop van(2,156)
87 97(1,114)
miljardenorder voor(1,6)
voorbeeld gesteld(1,136)
verdeling van(1,88)
in handen(1,156)
uyl sprak(1,20)
het limburgs(2,67)
nog niet(7,156)
de eindstreep(2,106)
ver achter(1,150)
gillette 26(2,8)
29 28(13,149)
ondanks hevig(1,53)
93 90(1,121)
19 apeco(2,2)
maar toch(1,156)
70 miljoen(1,49)
het koninklijk(1,156)
het geding(2,156)
brands 41(15,17)
extra geld(1,74)
sympathie voor(1,155)
pow 22(6,10)
45 burl(5,7)
het publiek(2,156)
prince bernhard(1,3)
amerikaanse aandelen(3,50)
met opzet(1,156)
34 98(1,80)
gaan instellen(1,104)
37 boeing(12,11)
op straat(1,156)
geheime betalingen(2,3)
oil 36(2,39)
interesse voor(1,89)
nu weer(1,153)
paper 68(2,8)
mca 32(2,5)
moet aftreden(1,151)
24 comm.w(1,2)
geen haast(3,150)
zei ik(1,144)
oil 37(8,40)
werd weggehaald(1,99)
nog geen(7,156)
19 toledo(1,10)
14 15(3,156)
terug naar(1,156)
op oorlogspad(1,62)
21 hilton(1,13)
monsanto 80(1,5)
akkoord over(1,43)
mr kist(1,133)
26 dowchem(4,2)
de savornin(2,142)
84 87(3,134)
citicorp 33(4,4)
anaconda 26(1,15)
69 89(1,107)
andere duistere(1,74)
amerada 20(3,4)
amerikaanse pers(1,61)
19 citicorp(20,8)
afgezien van(1,156)
weer dicht(1,119)
politieke invloed(1,103)
40 burroughs(2,11)
10 nl(1,65)
eind mei(2,94)
12 13(1,156)
28 27(20,155)
28 fluor(4,8)
zou hebben(2,156)
27 apeco(1,1)
is geweest(1,156)
iets omhoog(1,92)
21 citicorp(1,8)
100 102(1,147)
stand o.c(1,6)
32 burl(1,5)
russische piloot(1,17)
30 31(3,156)
gaf opdracht(1,77)
38 41(1,151)
mening over(1,64)
paper 67(1,8)
de lockheedzaak(1,1)
197 19(2,78)
reactie op(1,132)
openbaar maken(1,155)
boeing 42(3,11)
28 asa(2,7)
te verenigen(1,72)
houdt vast(1,136)
gillette 29(1,9)
spionage voor(1,42)
hij liegt(1,100)
kennecott 26(1,16)
sleutelfiguren in(1,30)
11 litton(3,8)
190 gillette(2,3)
pitt 12(24,6)
403 40(1,51)
een samenvatting(1,98)
geen rol(1,116)
27 26(16,151)
nl ind(7,10)
leuzen tegen(1,56)
president ford(2,15)
pressie op(2,136)
de vries(3,156)
zwijgen over(2,147)
28 gulfoil(1,2)
het rapport(5,156)
42 40(1,142)
regering heeft(1,131)
23 apeco(1,1)
inzicht geven(1,94)
24 25(8,156)
alle informatie(1,36)
lachje af(1,34)
colgate 27(9,7)
buiten dienst(1,156)
23 lehman(2,7)
36 boeing(5,12)
rca 25(1,8)
naar parijs(1,156)
19 20(9,156)
afhankelijk van(1,156)
alle lof(1,153)
32 82(1,103)
boeing 41(6,13)
de bilt(1,156)
nieuwe revue(1,98)
van state(2,156)
pow 23(27,9)
22 hilton(1,11)
34 chrysler(5,34)
te zeggen(1,156)
de lockheedaffaire(1,7)
20 norf(2,17)
naar zwitserland(1,156)
37 33(1,139)
eigen verzoek(1,156)
in nederland(9,156)
hoogleraar in(1,84)
gelooft niet(1,156)
het hoofdkantoor(1,156)
gillette 31(1,11)
reageert op(1,92)
gen el(6,62)
lang niet(1,156)
te komen(1,156)
40 burl(6,11)
linkse kamerleden(1,3)
11 11(8,156)
vrijlating van(1,155)
23 woolworth(1,15)
andere regeringspolitiek(1,6)
heinz 48(1,6)
als winnaar(1,89)
grace 28(1,11)
preek over(1,112)
asarco 15(24,5)
ak ona(5,4)
we konden(1,123)
minister president(1,148)
pont 132(1,9)
32 south(1,47)
op z'n(1,112)
20 21(9,156)
vandaag start(1,34)
wil praten(3,81)
geen verdere(2,154)
nickel 31(1,14)
broadc 36(3,1)
15 curt(14,8)
in marokko(1,141)
van defensie(1,154)
43 flor(2,6)
de bruijn(1,156)
35 33(6,140)
brief aan(6,156)
fabricage van(1,128)
goodrich 23(1,6)
38 am(9,72)
20 citicorp(2,9)
goede stemming(1,155)
45 chase(5,6)
te verplichten(1,128)
ontwikkelingen in(1,75)
aangifte bij(1,155)
woont thans(1,133)
niet geloven(1,74)
33 39(1,145)
mr smit(1,149)
het spel(1,156)
verklaarde gistermiddag(1,47)
37 am(17,75)
akzona 17(2,3)
het gebeurde(5,156)
naam noemen(1,137)
goodyear 23(1,15)
20 miljoen(2,70)
emigranten uit(1,126)
pont 133(1,10)
asarco 16(3,4)
uyl wil(1,22)
kaarten liggen(1,92)
lachen om(1,122)
weinig materiaal(1,92)
uit amerika(3,156)
is geworden(1,156)
goede naam(1,156)
oil 58(2,30)
eigen streek(1,82)
zeer rijke(1,155)
dat zij(1,156)
maar eens(1,156)
43 am(1,74)
over omkopingen(1,1)
60 polaroid(1,12)
in arrest(1,155)
relaties met(2,119)
57 coca(4,3)
36 am(21,70)
food 28(1,9)
anaconda 24(8,15)
50 nabisco(1,5)
22 lehman(1,7)
onder ede(1,128)
anaconda 27(1,16)
oil 67(1,29)
st ine(29,10)
stort zich(2,131)
citicorp 35(2,3)
38 boeing(6,11)
dollar steekpenningen(1,1)
officier van(1,156)
samenvatting van(1,112)
23 jaar(1,154)
ploeg vvd(1,14)
trekt zich(1,153)
80 78(1,125)
wij kregen(2,136)
man die(4,156)
in beroering(2,148)
invloed op(1,156)
56 coca(11,3)
directeur ir(1,82)
herziening van(1,156)
57 54(1,102)
verslag uit(1,156)
pepsico 81(1,3)
89 86(1,98)
35 chrysler(5,34)
zeer fors(1,43)
13 lockheed(4,8)
56 bayuk(5,1)
af te(2,156)
ppr wil(1,21)
integriteit van(1,153)
weer begonnen(1,126)
31 delmonte(1,4)
aan steekpenningen(2,50)
goodyear 21(4,12)
xerox 61(1,5)
goodyear 22(1,10)
achter zich(1,156)
doorgaans zeer(1,135)
een demonstratie(1,138)
wellicht ook(1,130)
in bonn(2,119)
pont 118(3,9)
de kernvraag(1,64)
36 cont(5,27)
in davos(2,102)
pont 129(2,7)
pont 144(1,8)
in ontvangst(1,156)
gyps 14(1,1)
15 curt.wr(1,1)
bekeerd tot(1,100)
anaconda 28(3,17)
oil 35(7,42)
de deur(1,156)
27 fluor(1,9)
een soort(1,156)
colgate 28(2,5)
asarco 18(2,7)
33 am(28,82)
dat hij(1,156)
23 22(6,156)
pow 27(2,5)
33 asa(1,5)
weer actief(2,86)
39 am(16,72)
22 21(1,153)
nooit weer(2,146)
op instorten(1,97)
19 alcan(4,7)
de zakenwereld(1,90)
inc 23(4,10)
loopt kans(1,91)
25 25b(1,8)
ruzies over(1,35)
72 m.g.m(1,2)
51 coca(1,3)
akkoord met(3,73)
pont 122(5,11)
oil 66(1,28)
middelpunt van(1,156)
recht op(1,133)
01l 28(1,20)
20 hilton(1,12)
blijken uit(2,156)
te volgen(1,156)
wrigley 81(1,2)
1.1 miljoen(1,38)
mensen praten(1,50)
een groot(1,156)
regering stelt(2,90)
de toekomst(1,156)
op voorwaarde(1,156)
met pensioen(2,152)
geen cent(4,156)
kijk op(1,115)
de sjah(1,105)
op tafel(1,156)
oorlogsmisdadigers die(1,53)
vertrouweling van(1,131)
te kopen(2,120)
is onjuist(1,156)
28 heller(2,7)
twee leden(1,156)
in europa(1,156)
131 13(1,113)
te zwijgen(1,156)
nu al(1,156)
krachten nodig(1,55)
37 35(1,137)
intern onderzoek(1,32)
zei premier(1,47)
minister van(5,156)
is gistermiddag(1,117)
boek geeft(1,106)
14 gulf(2,15)
toch weer(1,137)
27 heller(2,6)
twee nederlanders(1,118)
valt er(1,156)
overhandigd aan(1,150)
10 10(10,156)
17 alcanal(2,1)
committee to(1,19)
anaconda 17(1,17)
wij kunnen(1,156)
het beleid(1,156)
34 am(22,81)
34 nat(1,71)
asarco 17(3,6)
er zit(1,138)
er toe(1,156)
42 am(14,78)
39 boeing(1,10)
colgate 26(4,7)
14 16(1,156)
instellen van(1,155)
25 dart(1,11)
122 eastern(3,3)
24 23(8,150)
32 cont(16,23)
nog meer(2,156)
anaconda 19(2,17)
food 27(1,10)
geen vervolging(2,120)
aanleiding van(2,156)
cola 81(8,6)
naar washington(1,154)
lid van(1,156)
een onderzoek(2,156)
41 boeing(3,8)
moeten zwijgen(1,128)
nederland terug(2,154)
zou zijn(1,156)
hebben ontvangen(1,156)
het volk(2,156)
kabinet wil(1,114)
het gevecht(1,156)
98 bayuk(1,2)
het normbesef(1,38)
deur uit(1,156)
82 phelps(1,1)
verleent aan(1,153)
trouwde zij(1,84)
bewijzen dat(2,156)
engelhard 24(2,5)
weer iets(1,150)
een democratisch(1,143)
commissie voor(2,156)
verloop van(1,156)
ik kan(4,156)
belangrijkste functie(1,42)
41 sun(1,8)
portret van(1,156)
beschuldigd van(2,156)
naar londen(1,156)
directie weigert(1,31)
al jaren(1,148)
vuile was(1,59)
het verschil(1,156)
besloten zittingen(1,35)
dankbaarheid voor(1,156)
tegen corruptie(1,61)
27 heinz(1,12)
bedrag van(2,156)
pont 123(2,8)
in amerika(8,156)
de haan(1,156)
124 eastern(1,2)
naar tokio(1,98)
man leefde(1,88)
in duitsland(1,85)
exxon 104(1,1)
verschuivingen in(1,83)
arrestatie van(3,156)
itv 10(1,12)
21 alcan(2,5)
stuit op(1,140)
goodrich 24(3,4)
eerder dan(1,156)
pont 126(1,6)
conferentie over(1,150)
41 am(12,80)
gaat om(1,156)
16 18(1,156)
topman van(1,34)
zwendel met(1,78)
maakte zich(1,156)
medewerking toe(1,107)
26 heinz(2,11)
am motor(5,31)
leuk programma(1,44)
na watergate(1,8)
buigen zich(1,108)
het verloop(1,155)
33 int(1,67)
na vijf(1,156)
later terug(4,153)
26 dart(5,7)
directeur van(4,156)
anaconda 29(5,16)
38 cont(3,26)
bij ons(1,156)
38 philip(2,9)
toezien op(1,144)
memorandum over(1,76)
zorgen over(1,103)
de starfighter(1,35)
nodig geweest(1,62)
iets omlaag(1,53)
80 89(1,117)
17 honeywell(2,5)
vries pvda(1,32)
een falsificatie(1,25)
field 18(2,8)
pow 18(9,4)
39 59(1,98)
niet wijzer(1,140)
ridder in(1,149)
geen uitzicht(1,127)
genomen omdat(1,156)
verdacht van(1,156)
pont 124(2,9)
goed nieuws(4,133)
pont 140(2,7)
asarco 14(1,6)
22 grace(1,13)
de belangrijkste(1,156)
niet mee(1,152)
uit duitsland(1,63)
brandi 40(2,1)
misschien toch(2,124)
wist niets(1,131)
colgate 29(1,6)
31 34(2,152)
31 30(3,153)
de jong(1,156)
hij aftreedt(1,53)
wijziging van(1,156)
geen vertrouwen(1,156)
30 29(15,153)
zei dat(1,140)
nieuwe parlement(1,133)
zijn afgerond(1,53)
18 honeywell(1,6)
pow 28(4,8)
het belang(1,156)
37 cont(6,23)
geen stappen(1,123)
tot daden(1,152)
18 citicorp(2,6)
74 southern(1,18)
commissie donner(72,9)
27 dart(3,11)
21 akzona(1,5)
dreigen met(1,143)
al vroeg(1,152)
am hom(2,24)
het werk(1,156)
te lichtvaardig(1,121)
28 goodyear(2,11)
15 contr(27,14)
anaconda 25(2,18)
rapport uit(1,156)
paper 73(1,7)
de heer(3,156)
gelijk recht(1,105)
43 boeing(1,5)
33 cont(14,23)
in engeland(2,156)
broadc 35(12,1)
de praktijk(1,156)
33 31(1,140)
118 eastern(4,2)
40 38(1,140)
de nederlandse(1,156)
in nigeria(1,78)
26 25(10,156)
27 cons(11,39)
wij hadden(1,156)
zijn gekomen(1,156)
mijn kinderen(1,133)
grote druk(1,59)
20 pnt(1,70)
colgate 25(6,6)
17 16(5,152)
maar ik(2,156)
op reis(1,156)
ging naar(2,156)
burroughs 89(5,2)
betalingen gedaan(1,44)
14 13(3,155)
gevolg van(2,156)
afkomstig van(1,156)
65 shell(1,32)
18 17(4,153)
25 apeco(4,1)
32 am(8,76)
heb niets(1,155)
hard oordeel(1,84)
amsterdam vrijdag(1,148)
47 nat(1,52)
een recente(1,88)
traden op(1,146)
cola 83(1,6)
aftreden van(1,156)
blijft vaag(1,21)
verkoop van(1,156)
15 alcan(7,7)
65 56(1,111)
de schoolkrant(1,45)
een echte(1,153)
toe te(1,156)
broadc 22(1,1)
het licht(1,156)
pont 135(1,8)
60 mobil(2,10)
gaf toestemming(1,78)
te werken(1,156)
inc 24(1,9)
gaf mij(1,155)
de hand(2,156)
naar japan(1,156)
delegatie uit(1,108)
12 engelhard(1,4)
de waarheid(3,156)
19 itv(2,4)
der stoel(2,100)
voorlopig geheim(1,22)
wachten op(1,156)
afspraak met(1,128)
de telegraaf(1,156)
30 mca(1,5)
27 dow(9,10)
niet afgerond(1,40)
27 cont(3,30)
geen andere(1,156)
communisten willen(1,64)
niet bereikbaar(1,128)
ontkenning van(1,149)
in china(1,156)
kamer akkoord(1,37)
in sankt(1,54)
ten voorbeeld(1,156)
inc 22(2,9)
30 303(1,65)
akzona 19(7,2)
19 akzona(2,4)
19 18(7,150)
12 nl(1,41)
20 cpc(1,3)
uit zwitserland(1,156)
praten maar(1,130)
lockheed affaire(49,1)
in 1956(1,58)
van agt(6,86)
zeden en(1,156)
een subcommissie(1,111)
de cpn(1,58)
kosten betalen(1,115)
de koningin(1,156)
29 cont(16,20)
victor baarn(3,4)
31 asa(2,7)
mee te(1,151)
in frankrijk(1,156)
aflevering van(1,156)
bijzonder vreemd(1,75)
23 grace(1,15)
als verkoopleider(1,32)
32 int(3,67)
het onderzoek(1,156)
10 miljoen(1,77)
waar blijft(2,156)
mag wel(1,156)
et paso(1,8)
child 43(3,1)
54 34(1,90)
29 cities(2,12)
als degene(1,123)
het eerst(1,156)
justitie verklaarde(1,121)
81 motorola(1,2)
van steekpenningen(3,67)
lawine van(2,97)
26 dow(1,13)
in zwitserland(2,156)
10 12(1,156)
uit eigen(1,156)
werd door(2,156)
46 nat(1,50)
oil 28(1,34)
20 207(1,80)
melding van(1,156)
88 uniroyal(1,1)
blij met(3,106)
begint met(2,156)
in opschudding(1,152)
11 12(5,156)
betrokken bij(2,139)
hoofdofficier van(1,134)
te gast(2,137)
weer vrij(1,136)
besluit van(2,156)
adviseerde hij(1,79)
oil 27(5,33)
een goede(1,156)
de communistische(1,110)
157 15(1,82)
53 col(1,12)
for holland(1,50)
niet wezenlijk(1,116)
13 15(3,156)
moed om(1,156)
min dollar(1,30)
voorzitter van(2,156)
in staat(8,156)
30 dagen(1,156)
44 nat(2,56)
niet verder(1,156)
ine 44(1,11)
de franse(1,138)
spoeddebat in(1,21)
asa 21(1,3)
46 40(1,132)
paso 12(1,3)
in wall(10,93)
in orde(1,156)
blijken van(1,156)
28 cont(5,27)
manh 29(7,1)
hebben gisteren(1,156)
brands 40(9,16)
257 int(1,8)
pow 19(13,8)
man achter(1,123)
28 dow(8,10)
in dienst(1,156)
25 253(1,62)
betalingen aan(3,148)
inc 26(4,8)
bezit van(2,156)
23 goodyear(1,10)
de tweede(1,156)
gevecht om(1,106)
rapport donner(13,1)
voorlichtingsman van(1,15)
ons parlement(1,137)
haar werkwijze(1,71)
tijdens de(1,156)
justitie heeft(1,156)
27 goodyear(1,11)
der lek(1,149)
doofpot te(1,112)
oil 26(23,34)
beschuldigingen over(1,86)
de amerikaanse(2,102)
voorstel van(1,156)
bekend is(1,156)
een protest(1,156)
16 15(7,153)
woedend op(1,138)
franse blad(1,56)
hoe werkt(1,101)
tijdens een(3,141)
in washington(3,140)
leden van(1,156)
vertrouwen in(1,156)
aan den(2,156)
beurs blijft(1,101)
26 cons(4,28)
weken bezig(1,99)
47 col(4,15)
denken over(1,154)
hield stand(3,122)
cola 84(9,4)
kwestie van(1,156)
commissie uit(1,155)
29 asarco(1,5)
raad van(1,156)
gast bij(2,117)
13 12(1,154)
toestemming om(1,146)
we toch(2,141)
ontvangst van(1,156)
werd gedwongen(1,137)
de firma(2,156)
de commissie(11,156)
burroughs 91(1,3)
nu wel(1,156)
de voorzitter(1,156)
invloed uit(1,156)
mag geen(1,156)
geen nare(2,53)
wist niet(1,156)
inhoud van(1,156)
21 20(2,156)
92 publ(1,3)
de wereld(2,156)
kamer stemt(1,26)
ai geruime(1,11)
slachtoffers zijn(1,124)
48 col(4,17)
13 carling(1,1)
de zaak(3,156)
mp 14(2,5)
201 21(1,62)
in 1960(1,63)
weer uitgesteld(1,100)
afscheid van(1,156)
29 north(2,18)
een grote(1,95)
weggehaald uit(1,82)
de koninklijke(1,156)
uyl tijdens(1,15)
18 mart(2,8)
37 57(2,93)
de japanse(4,86)
namens de(1,156)
wijze mannen(2,102)
positie van(3,156)
am nat(36,19)
boeing 40(5,15)
mysterie van(1,106)
gillette 25(1,7)
overeenstemming over(1,109)
amerikaanse commissie(1,48)
wiegel tijdens(1,11)
in florida(1,134)
pvda stelt(1,25)
ik vroeg(1,155)
manh 28(23,1)
24 min(2,123)
amerikaanse rechter(1,38)
25 24(7,152)
cola 82(2,4)
verder dan(1,156)
zijn leven(1,156)
49 col(2,12)
42 union(1,37)
half mei(1,154)
eerste gesprek(1,86)
gas terug(1,28)
neer op(1,146)
gedaan heeft(1,156)
niet schuldig(1,156)
23 25(4,156)
slag om(2,129)
eerst bijeen(1,87)
35 cont(5,33)
als onderwerp(1,132)
weer naar(2,154)
vragen over(1,156)
co ofa(2,1)
51 fair(2,7)
of justice(1,67)
schaadt ook(1,63)
de vraag(2,156)
in spanje(2,156)
de beurs(1,156)
35 am(27,76)
27 texas(1,21)
21 cent(1,130)
eis tegen(1,59)
malaise in(1,126)
de wolken(1,156)
34 cont(5,20)
naar bonn(1,112)
53 un(1,53)
kweken voor(1,51)
verklaringen over(1,128)
38 58(1,80)
het werkstuk(1,84)
verklaring van(6,156)
nieuwe gegevens(1,105)
20 19(11,154)
het revanchisme(1,14)
zijn hoofd(1,156)
17 chase(1,9)
onderzoek nodig(1,52)
hun baan(1,86)
een hoeveelheid(1,141)
adviseur van(1,135)
geen slecht(1,129)
deze buitengewone(1,155)
80 phelps(1,3)
made in(1,134)
twee kamerleden(1,75)
was signed(1,8)
lockheed betaalde(1,1)
een koopje(1,144)
exxon 90(1,4)
schakel in(1,136)
excuses voor(1,81)
to stop(1,42)
de minister(1,156)
uitwas van(1,84)
33 53(1,92)
commissaris van(1,156)
de zwitsers(1,151)
toevlucht te(1,129)
minister visser(1,14)
klachten tegen(1,124)
de havenarbeiders(1,95)
nu ook(1,156)
oil 23(1,30)
verzoek van(1,156)
29 39(1,116)
is bedoeld(1,155)
was bedoeld(1,139)
cola 87(1,1)
gyp 14(1,1)
bemiddeling bij(1,102)
dochter van(1,156)
thriller met(1,52)
weer zoiets(1,45)
een kwestie(1,138)
een boek(1,156)
32 52(1,99)
echt goed(1,80)
geen verklaring(1,129)
sys 38(1,1)
erfenis van(1,156)
een nieuwe(1,156)
kan bewijzen(1,155)
de klm(2,74)
22 asarco(2,3)
voorlichtingsdienst van(1,77)
de doofpot(2,109)
55 coca(4,3)
inc 21(1,10)
beschuldigingen aan(1,111)
inmiddels is(1,156)
opdracht tot(1,125)
in noorwegen(1,156)
later iets(1,148)
geen akkoord(1,44)
praten met(2,123)
84 colgate(10,2)
uit spanje(1,156)
in 1963(1,50)
mij niets(1,156)
document over(1,74)
183 18(1,77)
orders voor(1,155)
26 cont(2,23)
11 burl(1,7)
itv 11(1,4)
gaat toch(1,145)
10 11(3,156)
zegslieden in(1,51)
betaling van(2,156)
een conferentie(1,135)
een speciaal(1,156)
29 procent(1,61)
beschikbaar voor(1,146)
23 28(1,151)
cash 34(1,5)
to aid(1,17)
geur van(2,143)
de bal(1,156)
vanaf 1961(1,31)
de vroegere(3,156)
blijft nog(2,156)
125 eastern(3,2)
haag minister(1,56)
18 chase(1,8)
inzet van(1,139)
van den(3,156)
huiszoeking in(1,143)
amerika bereid(1,67)
beschuldiging van(2,156)
ross 24(2,4)
drugs 16(1,4)
aankopen van(1,62)
de praatstoel(1,29)
heeft ontvangen(1,156)
populariteit van(1,153)
maar we(1,148)
in 1967(1,45)
zij woont(1,123)
10 15(1,156)
coalitie met(1,104)
was bestemd(1,156)
zich niet(1,156)
niet klaar(1,142)
dicht tegen(1,113)
stappen tegen(1,87)
31 kansas(3,24)
op bezoek(1,123)
22 miljoen(1,44)
broer jean(1,10)
het aannemen(1,156)
zal doen(1,156)
in holland(1,156)
door herman(3,131)
het zwijgen(1,156)
in tokio(4,107)
amerikaanse blad(1,53)
geen speciale(1,122)
22 tandy(1,6)
zijn positie(1,132)
zichtbaar is(1,126)
affaire wordt(1,122)
kregen geen(2,114)
hebben aangenomen(1,156)
regering blijft(1,87)
oil 24(1,32)
burroughs 87(4,2)
35 nat(1,59)
het geld(2,156)
beleid van(1,156)
washington the(1,21)
mining 60(1,3)
de erfenis(1,156)
inc 19(2,6)
19 cons(19,32)
de korrel(1,146)
grace 25(1,8)
crisis in(1,155)
te hebben(2,156)
de senaat(1,156)
nederland betreft(1,144)
secretaris van(1,156)
op weg(5,156)
ine 43(2,11)
oil 22(1,29)
beslag op(2,154)
is noodzakelijk(1,156)
terugtreden van(1,96)
niet zichtbaar(1,123)
67 int(1,51)
het plotselinge(1,149)
in 1972(1,39)
11 li(1,155)
23 26(2,155)
een luxueus(1,82)
te trappen(1,133)
28 am(2,80)
28 cons(9,31)
broadc 23(1,1)
de voorlichtingsdienst(1,80)
een officieel(1,156)
in tokyo(1,70)
31 am(4,86)
boeing 27(3,10)
de legpuzzel(1,36)
japanse maatschappij(1,30)
zich achter(1,156)
meer gegevens(3,113)
oil 19(2,29)
nieuws uit(1,156)
de luchtmacht(1,78)
117 am(1,37)
inc 18(1,9)
krijgt nu(1,125)
dubbelrol van(1,59)
can 38(7,23)
vooral in(1,156)
16 19(1,154)
door henk(2,76)
akzona 21(1,2)
am brandt(4,8)
de zwijgende(1,128)
het rookgordijn(1,59)
passiviteit van(1,65)
kamerlid wil(1,36)
fractie heeft(1,93)
de lunch(1,121)
de bewapening(2,143)
de monarchie(1,156)
31 mca(1,3)
kreeg geen(5,135)
30 cities(19,12)
is bereid(1,156)
mensen uit(1,76)
belang van(1,156)
eis van(1,119)
staf van(1,156)
schenking aan(1,88)
40 am(10,87)
46 col(2,11)
is uitgevonden(1,150)
de poort(1,156)
een mens(1,90)
de zondebok(2,118)
23 nat(2,64)
31 int(1,67)
besteding van(1,156)
drie prinsen(2,42)
25 gulf(2,13)
in oostenrijk(1,156)
spaanse officieren(1,12)
cola 80(5,7)
is onzeker(1,156)
29 cons(3,25)
burroughs 86(1,3)
in colombia(1,67)
40 4c(1,16)
27 am(30,77)
in 1974(2,38)
handel in(1,156)
de baan(1,156)
13 am(4,88)
functie van(1,156)
luchtvaartshow in(2,15)
80 motorola(1,1)
nieuwe beschuldigingen(1,65)
corruptie en(2,97)
rol van(3,156)
27 int(1,65)
op eigen(2,156)
in turkije(1,156)
een luchtvaartshow(1,12)
de buren(2,156)
30 cont(7,50)
wie zij(1,156)
24 251(1,43)
eenheid van(1,156)
24 goodyear(3,9)
geen redelijk(1,120)
geen nieuws(1,156)
aandelen enz(14,19)
te nebben(1,156)
gegevens uit(1,116)
regering zal(1,119)
verklaring over(1,144)
aow wordt(1,31)
vuurwerk op(1,150)
regina 1976(1,1)
te openbaren(1,155)
29 comm(6,21)
naam van(2,156)
verblijfplaats van(1,155)
to question(1,15)
goed af(1,155)
van beers(3,153)
onderzoek kan(1,153)
een borgtocht(1,107)
geen namen(2,134)
intriges en(1,118)
snel naar(1,138)
21 grace(4,12)
van onze(14,156)
cola 86(3,1)
deze order(1,129)
over stadsvernieuwing(1,17)
in actie(2,120)
apeco 17(1,1)
drie wijzen(1,107)
eigen huid(1,86)
21 am(9,85)
worden geloofd(1,87)
26 36(1,135)
het perspectief(1,115)
anaconda 30(10,16)
kabinetscrisis in(1,95)
tot secretaris(1,155)
child 42(1,1)
van corruptie(2,99)
zijn talloze(1,58)
brug komen(1,105)
mocht niet(1,127)
in bezit(1,156)
de noordelijken(1,115)
is woedend(1,134)
niet nagaan(1,139)
uyl verwacht(3,10)
lang bekend(1,155)
28 26(1,143)
20 alcan(2,7)
of nee(1,95)
werktuigen voor(1,150)
uyl had(1,27)
harddraverij en(1,148)
te weinig(1,156)
verhoor van(1,156)
de kamer(3,156)
steekpenningen te(1,56)
door fred(1,99)
niet gepubliceerd(1,126)
mag komen(1,149)
het zweedse(1,65)
de steekpenningenaffaire(1,2)
oud minister(4,155)
68 int(3,50)
113 nat(2,15)
pont 125(7,8)
kan niet(1,156)
voorwaarden voor(1,156)
goodyear 20(1,10)
bekende naam(1,97)
banden met(1,154)
28 dart(3,10)
kopen bij(2,62)
weer verder(1,123)
geen lachje(1,41)
28 int(3,66)
first week(1,13)
een andere(1,156)
23 am(40,81)
rede van(1,156)
cont tel(33,19)
motie van(1,156)
hoge kringen(1,36)
aan de(5,156)
subcommissie van(1,127)
dubbelganger van(1,80)
am tel(42,90)
oppositie wil(1,82)
37 pac(2,21)
home 34(5,6)
waarvan de(1,156)
26 am(20,80)
26 int(1,63)
17 asarco(7,4)
omkopingen door(1,1)
asiel in(1,40)
commissie van(14,156)
30 asa(2,6)
ben geen(1,155)
bij fred(1,72)
45 col(9,14)
rapport van(2,156)
40 boeing(1,10)
zeggen waar(1,148)
bij nader(5,156)
met haar(1,156)
zijn hand(1,147)
over de(5,156)
corruptie in(2,99)
of comedy(1,18)
de vs(2,134)
onderwerpen als(1,155)
gebeurtenissen uit(1,153)
verkiezingen in(1,156)
graag naar(1,108)
regering neemt(1,85)
17 am(1,82)
is nu(2,156)
methoden van(1,129)
een feit(1,155)
gaan samen(1,106)
landmacht in(1,131)
citicorp 30(18,3)
door hans(3,110)
27 atl(6,16)
onderzoek in(4,156)
49 flor(1,2)
het italiaanse(1,131)
de positie(1,156)
40 coca(1,5)
pitt 10(2,2)
in het(10,156)
cola 85(3,3)
geld ontvangen(2,153)
28 atl(3,13)
de aanklacht(1,129)
weer bezig(1,117)
gevangenen uit(1,150)
de tekst(1,156)
voorzichtig met(2,123)
22 am(14,84)
ppr en(1,27)
bonn wil(1,40)
omdat het(1,156)
met een(4,156)
borgtocht van(1,115)
in ons(1,156)
kabinet moet(1,138)
82 colgate(3,3)
vrijspraak voor(1,117)
maanden nodig(1,58)
cash 33(1,9)
roept vragen(2,29)
in opmars(2,52)
te veel(1,156)
gaat niet(1,156)
zich zorgen(1,77)
43 54(1,85)
de stemming(2,156)
19 am(6,82)
25 heinz(1,11)
duidelijk uit(1,156)
ook geen(1,156)
van start(1,97)
van beschuldiging(7,156)
32 western(1,11)
bedoeld voor(1,118)
33 gen(2,50)
22 epe(10,9)
affaire in(4,154)
verschil van(1,156)
van omkoping(1,41)
informatie vragen(1,26)
oil 74(1,20)
kon zich(1,156)
onze tijd(2,153)
steekpenningen aan(1,35)
19 23(1,155)
aan buitenlanders(1,128)
stopt met(1,57)
15 union(1,42)
het oude(1,156)
burroughs 92(1,2)
de sunday(1,104)
niets te(2,156)
42 flor(2,3)
kandidatenlijst van(1,43)
naar west(1,148)
231 am(1,13)
van praag(2,156)
uit rotterdam(1,156)
street moest(3,22)
te hoog(1,156)
in new(4,149)
zijn functies(1,97)
opdracht aan(1,131)
de miljoenendans(1,9)
reacties van(1,79)
gelegenheid van(1,156)
chrysler 20(2,22)
zich tegen(1,156)
33 03(1,33)
marx en(1,113)
tweede reis(1,148)
president van(2,156)
de ethiek(1,99)
beroering over(1,61)
de kans(1,156)
zich horen(1,61)
als inspecteur(4,146)
aan het(1,156)
was zeer(1,156)
licht komen(1,155)
het japanse(1,70)
gegevens ter(1,112)
34 gen(1,52)
hof van(1,156)
12 11(1,156)
37 gen(1,55)
geen nieuwe(1,156)
democratie is(1,123)
onderhouden met(1,155)
en andere(1,156)
een hoge(1,69)
kamer over(3,156)
zich terug(1,156)
waar zit(1,121)
een nader(1,156)
52 fair(2,4)
steun voor(2,156)
263 int(1,7)
wat omhoog(2,90)
in parijs(2,156)
24 epe(2,9)
zich nu(1,156)
hoger op(2,61)
in japan(23,155)
zijn er(1,156)
een commissie(1,155)
13 nat(2,61)
oordeel van(3,156)
oil 174(1,4)
motor 55(4,44)
maar zij(1,156)
voor allen(1,156)
achter de(1,156)
home 33(19,4)
deed ons(1,155)
kvp en(1,49)
echtpaar uit(1,107)
niets aan(1,156)
op vrije(1,156)
80 colgate(3,7)
li 11(1,155)
26 37(1,119)
21 nat(1,62)
uitgezocht door(1,88)
weer op(1,156)
87 colgate(3,1)
ruime omzet(1,44)
bij wie(1,156)
liet niets(1,155)
34 col(3,10)
58 philips(1,21)
naast de(1,156)
oil 20(1,34)
nieuwe voorzitter(1,122)
4000 per(1,127)
werkstuk van(1,84)
60 union(1,40)
zesde maand(2,49)
inc 20(3,9)
bij de(4,156)
of march(1,68)
motor 56(1,27)
zusters van(1,156)
zaak nog(1,156)
zijn pensioen(1,156)
brief van(1,156)
administratie van(1,156)
gaan akkoord(1,33)
bij onderzoek(1,156)
10 el(4,145)
van belastingontduiking(1,58)
japan heeft(1,143)
naar lech(1,17)
volgens amerikaanse(1,59)
de populariteit(1,154)
10 13(1,156)
in den(6,156)
23 epe(14,9)
bij het(2,156)
24 am(9,79)
het vrije(17,156)
en ontvoeringen(2,44)
golf van(1,156)
steekt zijn(1,111)
komst naar(1,113)
zijn doel(1,156)
het gaat(1,156)
kring van(1,156)
18 am(1,79)
26 atl(22,11)
al hun(1,156)
gaan zei(1,117)
werden zij(1,156)
door de(2,156)
conclusies van(2,108)
13 19(3,149)
zou weten(1,154)
handel en(1,156)
besmet door(1,98)
gunst van(1,156)
naar het(2,156)
top van(3,156)
van dassault(1,12)
steeds niet(1,156)
de rue(1,156)
de nieuwe(2,156)
grote pressie(1,14)
14 am(6,82)
de inhoud(1,156)
van ome(1,152)
34 us(1,8)
bekend hoe(1,156)
drie modellen(1,76)
commission to(1,16)
30 cons(1,34)
achter het(2,156)
de taak(1,156)
kon geen(1,156)
voort met(1,156)
10 20(2,156)
nederland heeft(1,156)
23 dart(1,6)
een krant(1,120)
slimme man(1,15)
zijn advocaat(1,138)
blijft hier(1,155)
om geld(1,156)
21 pac(2,25)
18 cons(9,32)
recht tot(1,131)
in eigen(3,156)
door nico(6,82)
trainer van(1,86)
geld voor(2,156)
nieuwe jaar(1,156)
is nog(1,156)
wil nu(1,156)
gas 23(2,36)
klm naar(1,54)
33 30(1,144)
bedreigd met(1,156)
in eindhoven(1,106)
20 grace(1,9)
ging om(2,155)
de tros(1,122)
bezoek van(3,156)
tussenpersoon voor(1,22)
de wapens(1,156)
is geen(1,156)
29 dow(3,8)
27 colt(9,4)
als een(2,156)
irak en(1,79)
de bodem(1,156)
16 asarco(6,4)
nieuwe druk(1,150)
de rol(1,156)
gaan naar(1,156)
81 colgate(5,2)
jaren belangrijk(1,114)
op het(1,156)
antwoord aan(1,156)
25 cons(2,31)
genoemd als(2,156)
min mining(2,3)
tweede brief(1,147)
de dubbelrol(1,60)
in de(16,156)
ons niet(1,156)
oil 25(1,32)
nederlandse functionaris(1,6)
president directeur(2,92)
walm van(1,99)
eerherstel van(1,90)
loonlijst van(1,40)
star 19(1,27)
stil en(1,156)
verdrag over(1,123)
asa 18(1,2)
voor de(9,156)
hoopt op(1,155)
16 nat(2,54)
zijn kritiek(2,98)
maken met(1,156)
rondom de(1,156)
deining in(1,88)
32 53(1,79)
uit 1960(1,35)
opschudding in(3,148)
wil niet(1,156)
gisteren in(2,156)
92 celanese(1,1)
van holland(1,156)
breda gevangen(1,14)
door louis(1,148)
door frits(1,100)
te worden(1,156)
25 colt(9,6)
de liefde(1,156)
dag weer(1,128)
akzona 20(1,2)
voor het(4,156)
regering had(1,108)
taak van(1,156)
burroughs 88(3,2)
speculaties in(1,99)
zal nooit(1,156)
hielp bij(1,101)
tegen wie(1,155)
van het(10,156)
18 akzona(1,3)
am el(36,54)
heeft betaald(1,155)
gulden mee(1,91)
33 52(1,82)
maar niet(1,156)
nieuwe minister(1,156)
motor 57(1,26)
stijgt met(1,108)
compensatie van(1,121)
28 n.a(1,6)
het hoogst(1,156)
maakt geen(2,155)
geen vuurwerk(1,75)
onderwerp van(1,156)
buiten de(1,156)
bewapening en(1,119)
ze al(1,153)
83 colgate(3,2)
vs willen(3,38)
radio en(2,75)
rond de(1,155)
ook veel(1,156)
wil wel(3,156)
broadc 21(1,1)
26 kim(1,10)
door drs(2,84)
alleen bezig(1,140)
niets zegt(1,134)
vaag over(2,49)
geen bewijzen(2,136)
niet belangrijk(1,156)
volk zich(1,156)
de man(3,156)
aan irak(1,57)
ook voor(1,156)
reis om(1,155)
van werkspoor(3,71)
klm 39(1,10)
30 comm(8,28)
om nadere(1,156)
13 10(1,155)
partijbestuur van(2,89)
leefde onder(1,88)
25 fluor(1,6)
veel te(1,156)
een week(1,152)
een parlementaire(1,136)
53 34(1,67)
niet vasthouden(1,99)
geen verband(1,156)
door bert(4,72)
aannemen van(2,156)
wat anderen(4,149)
verhaal is(1,156)
gift voor(1,148)
wilde niet(1,156)
passages in(1,113)
dood van(1,156)
de strijdkrachten(2,156)
agreement was(1,15)
wijze van(1,156)
uit te(1,156)
de mensen(1,148)
commissie wil(1,142)
aanklacht in(1,125)
ontsnappen door(1,116)
frits van(3,116)
moet nog(1,156)
record van(1,109)
royaal met(1,103)
am brand(5,14)
nu maar(1,156)
japan naar(1,130)
star 18(1,31)
de moeilijke(1,129)
de put(1,156)
benoemd om(1,156)
tegen de(1,156)
betrokken zou(1,122)
op internationaal(1,109)
hoofdkantoor van(1,119)
can 33(13,16)
navo is(1,44)
nederlandse autoriteit(1,7)
chrysler 21(3,11)
geld kreeg(1,106)
vriend van(2,156)
nieuw stukje(1,65)
de schandalen(2,130)
van dit(2,156)
nieuws over(1,137)
ontvangen dat(1,156)
het grijpen(1,129)
100 punten(1,106)
de voorgrond(1,126)
verblijft op(1,71)
de groene(1,156)
ons recht(1,130)
11 10(2,156)
kan zijn(1,156)
prof mr(1,108)
onder de(1,156)
worst en(1,153)
ook actief(1,85)
31 comm(12,23)
ontslag van(1,156)
weigert te(1,151)
ex president(1,54)
zijn we(2,154)
44 ill(1,3)
zijn bedrijf(1,156)
de keiharde(1,70)
persoonlijke brieven(1,52)
52 gen(5,47)
waarheid over(2,124)
martin deelen(1,11)
koningin zal(2,155)
de verslagen(1,156)
week of(1,156)
commissie church(3,1)
heeft geen(1,156)
dat de(2,156)
geen coalitie(1,57)
communisten en(1,96)
appartement aan(1,33)
57 38(1,58)
staat om(1,156)
om te(1,156)
nederland mag(1,144)
zich over(2,156)
pers heeft(2,146)
namen van(2,156)
komt uit(1,156)
tegen het(2,156)
nederland krijgt(1,78)
vast wall(1,9)
25 34(1,140)
23 may(2,23)
uit het(2,156)
klaar te(2,147)
regering geeft(1,86)
conclusie van(2,156)
poel laat(2,7)
135 eastern(1,1)
op de(9,156)
aanslag is(1,155)
nederland en(1,156)
van de(43,156)
27 kim(2,9)
15 10(1,156)
hebben om(1,156)
dit geeft(1,156)
13 contr(2,10)
wil geen(1,156)
dat het(1,156)
gereden en(1,154)
18 15(1,151)
25 am(30,89)
is niet(2,156)
wordt duidelijk(1,147)
rolletje in(1,61)
voedsel aan(1,155)
meer belasting(1,134)
22 int(5,59)
vertraging bij(1,109)
cola 88(1,2)
met tegels(1,99)
bernhard ontkent(1,1)
het nieuws(1,156)
north hl(1,4)
verwarring en(1,156)
ontvangen hebben(1,156)
nodig voor(1,70)
in hoger(1,63)
chrysler 19(25,9)
hoge nederlandse(2,45)
materiaal over(1,90)
vredeling gaat(1,2)
nieuwe directie(1,135)
14 10(1,156)
voor een(2,156)
in drachten(1,90)
ja of(1,154)
commissie werd(1,156)
stukken uit(2,156)
advocaat william(1,4)
12 amst(28,97)
asa 28(1,3)
de geur(1,143)
poort van(1,156)
12 am(23,90)
trok weer(1,98)
winst uit(1,125)
door jacques(2,101)
van sympathie(1,150)
19 40(1,136)
kotchian zijn(1,1)
was vooral(1,156)
na jaren(1,156)
schuld van(1,156)
niet blij(2,113)
vrijheid en(1,156)
van strauss(1,146)
burroughs 90(6,1)
uit de(7,156)
12 10(2,156)
van alle(1,156)
meer materiaal(1,91)
in februari(1,154)
kamer zal(1,155)
st inc(11,3)
en verder(1,156)
71 gen(1,48)
had niets(1,156)
parlement wil(1,79)
vrede in(1,156)
aan anderen(1,156)
donner heeft(2,43)
naar eventuele(1,52)
volgende begroting(1,31)
hadden niets(2,149)
25 23(2,150)
73 gen(2,39)
zich in(2,156)
geworden over(1,156)
de verkoop(1,156)
19 13(1,132)
kleine omzet(2,89)
vraagt om(1,156)
en t.v(1,49)
weer in(3,156)
de tafel(1,156)
lambert van(3,133)
over zicht(4,104)
en buitenland(6,153)
foto van(1,100)
en leed(1,156)
68 gen(1,44)
betaald zou(1,140)
can 34(4,15)
eisten een(1,54)
betalingen in(1,152)
street kon(2,29)
unilever 42(1,6)
geld meer(1,154)
ook strafbaar(1,85)
in januari(1,151)
dist 23(2,4)
21 19(1,137)
is gereed(2,156)
de vervanging(1,156)
geweest bij(1,156)
doordrukken van(1,32)
konden toch(1,125)
met robert(1,98)
thans in(1,156)
de nerveuze(1,85)
schuiven op(1,114)
ook in(3,156)
commentaar van(1,100)
op een(2,156)
geen bankrekening(1,5)
11 am(5,122)
hier ging(1,126)
blijft bij(3,156)
kabinet houdt(1,39)
vrouw en(1,156)
zaak gaat(2,133)
brief naar(1,153)
van vervalste(1,47)
bedrijven in(1,150)
binnen en(4,156)
asa 23(1,3)
zich op(3,156)
wellicht een(1,130)
ploeg van(1,141)
19 imp(3,5)
de aanval(1,156)
in bescherming(2,156)
kabinet had(1,153)
26 24(1,137)
recht voor(2,131)
15 am(2,81)
17 rep(1,22)
opheldering in(1,99)
bevorderen van(1,156)
van verschillende(1,156)
en corruptie(1,91)
naar de(3,156)
uyl was(1,30)
speelde zij(1,119)
om 10(1,156)
uitgevonden en(1,155)
chauffeur van(1,94)
geen actie(1,103)
studeren op(1,52)
over een(1,156)
luchtmacht in(1,75)
groothandelsprijzen voor(1,32)
rechtstreeks op(1,127)
ook maar(1,156)
18 imp(2,7)
11 16(1,156)
in west(2,155)
aardbevingen en(1,114)
de marine(1,156)
stelt vragen(1,69)
door henny(1,62)
naar den(1,156)
van genua(1,156)
japan wil(1,82)
of hij(1,156)
voor z'n(1,89)
woorden uit(1,156)
aan egypte(1,119)
27 25(1,147)
door johan(1,139)
gooien naar(1,88)
op televisie(1,44)
16 cons(1,20)
tegen een(1,156)
als vals(1,43)
een onverwacht(1,155)
can 32(22,16)
am air(3,7)
commissie houdt(1,115)
is een(1,156)
van ons(2,156)
hoorzittingen van(1,26)
was al(1,156)
50 col(2,19)
op alle(1,156)
carter houdt(1,5)
inzage van(1,155)
publiek heeft(1,156)
geboren in(1,156)
toen de(1,156)
55 gen(1,51)
zoekt nog(1,127)
opzet of(1,125)
dollar voor(2,129)
is beter(1,156)
26 colt(8,5)
19 10(5,154)
van werktuigen(1,152)
op rekening(1,156)
10 25(3,156)
veel blijken(1,125)
door piet(2,112)
de bijzondere(1,156)
dollar gestort(1,8)
zaak in(1,156)
politie gaat(1,98)
de prins(21,156)
28 colt(6,4)
voor vele(2,156)
vorstin en(1,146)
waar de(1,156)
pvda ging(1,31)
januari uitspraak(1,56)
geen betaling(1,136)
klaar met(1,122)
18 10(4,156)
programma van(1,156)
amerikaanse gegevens(1,23)
goede steun(1,79)
de mand(1,156)
het moeilijk(1,130)
brief over(1,156)
watergate en(1,13)
hoort niet(1,136)
345 35(1,15)
regering is(1,121)
blijven zei(1,98)
maar beslist(1,115)
licht op(1,156)
is ook(1,156)
72 gen(1,40)
spiegel van(2,153)
panoramiek over(1,6)
bernhard is(2,64)
weer lager(1,122)
ine 19(23,9)
vast aan(1,156)
lezing van(1,156)
instellen om(1,107)
pas in(2,156)
vs hebben(1,45)
fractieleiders in(1,44)
actief in(3,105)
werk van(1,156)
175 gillette(1,1)
86 can(2,13)
bernhard was(1,59)
ingewijde in(1,60)
en chantage(1,72)
bij verkoop(1,156)
20 10(3,156)
van prinses(1,156)
door dassault(1,2)
ed 31(11,11)
telegrammen van(2,132)
zaken zal(1,156)
mensen over(1,64)
airco 17(2,6)
vraag voor(1,156)
om een(1,156)
burroughs 96(1,1)
pvda lid(1,32)
58 37(1,52)
beter op(1,156)
koningin en(4,156)
voor beide(1,156)
19 16(1,137)
de deugd(1,155)
geeft je(1,103)
dienst van(1,156)
schandaal in(3,115)
in amsterdam(1,156)
29 royal(1,18)
moest terug(1,118)
en frankrijk(2,156)
zwitserland en(1,156)
in augustus(2,156)
wat is(1,156)
dit uiterst(1,133)
van nederland(1,156)
zijdelings ter(1,13)
te zijn(3,156)
rapport zou(1,140)
89 colgate(1,2)
and johnson(1,8)
druk van(2,156)
bij grotere(1,55)
reis van(1,156)
getuigenissen die(1,84)
pleiter voor(1,111)
boek van(1,156)
met zijn(1,156)
csu en(1,30)
opnieuw in(1,131)
verder over(1,156)
10 am(1,104)
home 32(7,4)
krijgt ook(1,122)
street had(1,46)
vraag was(1,156)
geen verhaal(1,117)
verder terrein(1,63)
lager op(1,156)
zijn ze(1,156)
zit geen(1,111)
is gescheiden(1,153)
onzeker over(1,47)
amerikaanse wet(1,50)
28 au(2,102)
weer vast(2,121)
was het(1,156)
42 31(2,86)
de aankoop(1,156)
later vast(1,124)
30 20(1,154)
weer flauw(4,45)
burroughs 101(2,2)
41 li(1,66)
104 can(1,7)
de minst(1,156)
ai co(2,80)
tijd verdwenen(2,87)
henk ten(1,41)
en japan(1,152)
operations in(1,32)
van japan(2,156)
vaker in(1,91)
wereld vandaag(2,36)
spreker op(1,155)
in een(1,156)
over steekpenningen(2,7)
het kort(3,156)
wie is(1,156)
binnen 30(1,145)
waarheid zal(1,155)
uyl neemt(1,6)
blad le(1,154)
regering krijgt(1,53)
kabinet onder(1,141)
leiden naar(1,152)
23 au(1,99)
dat is(1,156)
stukken over(1,156)
met den(1,156)
gisteren een(1,156)
nederland moet(1,154)
afrika en(1,156)
medewerking bij(2,149)
een jaar(1,156)
101 can(2,13)
geld te(2,156)
biedt ons(1,130)
niet praten(1,114)
beschikt nog(1,96)
de drie(2,156)
47 cr(1,7)
met het(1,156)
vindt prof(1,42)
ambtenaren in(1,156)
of niet(1,156)
kim 44(2,4)
beurs van(310,156)
15 asarco(17,1)
die in(2,156)
home 35(3,5)
en griekenland(1,155)
zij later(1,156)
ministers willen(1,78)
commissie sprak(1,80)
control dat(1,11)
en leg(1,136)
op 16(1,156)
over ons(1,156)
27 au(2,94)
van leerkrachten(1,98)
om de(4,156)
washington amerika(1,26)
doden bij(1,55)
japan en(3,152)
vandaag in(3,117)
italiaans kabinet(2,2)
zaken in(2,156)
oefenen in(1,156)
klm zal(1,49)
japan blijft(1,46)
graag aan(1,106)
van der(7,156)
bernhard werd(1,45)
justitie in(1,156)
met de(7,156)
verschaffen van(1,156)
honeywell 41(1,1)
was een(1,156)
42 ill(1,4)
belangrijk voor(1,156)
lek in(1,155)
geld op(1,156)
start in(1,92)
arbeid en(1,156)
kans voor(1,155)
times over(1,125)
debat met(2,132)
de betaling(2,156)
perspectief van(1,100)
een miljoen(1,97)
europa en(1,156)
met extra(1,156)
van een(5,156)
en vice(1,150)
in hongkong(1,120)
vast op(7,156)
commissie had(1,155)
arrestaties in(5,89)
gegevens voor(2,132)
plan van(1,156)
de eventuele(1,112)
en democratie(1,105)
regering parlement(1,35)
kotchian en(1,1)
week zeer(1,155)
belastingdienst in(1,53)
el 51(1,37)
en moraal(2,107)
in midden(1,156)
ben alleen(1,127)
10 22(1,153)
rood en(1,156)
dollar heeft(1,95)
uyl nog(2,24)
1972 werden(1,18)
moest later(1,104)
voor multinationale(1,11)
naar wapenaankopen(2,1)
34 25(1,130)
vliegtuig met(1,86)
vooral de(1,156)
opnieuw met(1,126)
bal toe(1,81)
niet te(1,156)
ziet af(2,119)
vertel het(1,112)
commissie is(1,156)
zaak van(1,156)
carter en(1,90)
tijd niet(1,156)
omzet iets(1,81)
heeft nog(2,156)
is weer(1,154)
over te(3,156)
van 4000(1,156)
in huis(1,156)
man zou(3,156)
zaak te(1,156)
die verklaringen(1,151)
na arrestatie(2,67)
onrust bij(1,104)
voor elektriciteit(2,40)
burroughs 95(1,1)
juliana werd(1,77)
gestort op(1,125)
om drie(1,156)
22 10(4,154)
22 au(1,96)
documenten in(2,134)
24 cpc(1,1)
102 can(1,7)
was besproken(1,134)
er mag(1,154)
niet uit(1,156)
de troon(1,156)
onze naam(1,120)
can 13(2,17)
voor bemiddeling(1,88)
chrysler 18(1,10)
onderzoek van(4,156)
mark aan(1,120)
stemt in(3,151)
week naar(1,156)
regering in(2,132)
rechts op(1,121)
verder te(1,156)
het jaar(1,156)
huis van(2,156)
voor eerherstel(1,33)
van wie(2,156)
ik aanvaard(1,118)
zijn oude(1,155)
27 gen(1,56)
regering laat(1,81)
besloten een(1,156)
twee hoge(2,54)
en weisbrod(3,1)
33 25(1,129)
in breda(1,137)
de beurscommissie(1,58)
schmidt had(1,50)
de trom(1,151)
24 el(1,108)
cable 10(3,5)
30 49(1,101)
van verdachte(1,149)
en pauline(2,127)
had om(1,156)
kissinger over(1,7)
luchtmacht en(1,74)
stand br(1,85)
lof en(1,155)
37 all(4,18)
flauw op(1,110)
marine is(1,156)
jan laan(10,56)
het militaire(1,156)
betreft geen(1,145)
het is(1,156)
dan een(2,156)
komt niet(1,156)
helden en(1,146)
mogelijk naar(1,156)
met 25.000(1,99)
bernhard en(2,118)
niets van(1,156)
21 10(2,153)
herstel in(3,155)
verrassingen in(1,100)
niels van(1,108)
miljoen aan(3,70)
verklaarde de(1,156)
en legt(1,156)
door martin(2,114)
christendemocraten in(1,29)
in rotterdam(1,156)
terug uit(2,156)
commissie moet(1,153)
int 34(1,19)
gaat met(1,156)
te dure(1,114)
hoofdboekhouder van(1,33)
vragen van(1,156)
een triest(1,85)
gebruikt door(1,156)
heeft recht(1,127)
dollars to(1,21)
de ware(1,156)
motor 47(1,21)
street weer(11,27)
met steekpenningen(2,22)
nederlanders niet(1,147)
mogelijk ook(1,156)
vermoeden van(1,156)
en oplichting(1,112)
lockheedaffaire in(1,1)
staat op(3,156)
olies en(1,66)
op zijn(3,156)
18 pan(1,10)
air 71(1,10)
zij blijft(1,156)
weer zwak(1,45)
van idaho(1,27)
met kissinger(1,11)
zaak wil(1,149)
niet over(1,156)
handhaven van(1,156)
45 santa(1,5)
verzet van(1,154)
is bijzonder(1,156)
10 all(1,120)
ver terug(1,100)
29 colt(1,6)
19 au(3,104)
beweringen in(1,128)
bestaan over(1,152)
asa 17(2,2)
ontmoeting op(1,136)
wordt ook(1,156)
wil zich(1,156)
concerns en(1,66)
over toelating(1,76)
vrouw van(1,156)
terug zonder(1,150)
26 au(4,85)
en beroofd(1,150)
13 au(1,101)
en politici(1,103)
and holland(1,40)
conferentie in(1,147)
advocaat van(1,156)
kamerlid van(1,116)
nooit aan(1,156)
de koster(1,155)
cooperation in(1,11)
economie van(1,114)
van maandag(1,156)
terug op(2,156)
verschijnsel van(1,153)
naar zijn(1,156)
toch een(2,156)
85 colgate(1,1)
noodzakelijk voor(1,156)
actief bij(1,78)
46 cr(1,5)
voor twee(2,156)
voor multinationals(1,14)
niets voor(1,156)
25 10(7,155)
chrysler 14(1,10)
de getuigenissen(1,156)
regeringspartij in(1,48)
dat tijdens(1,156)
aan een(2,156)
japan is(1,148)
robijns en(2,34)
en socialisten(1,131)
nemen tot(1,156)
en claus(1,84)
van breda(1,156)
niet ontvangen(1,156)
drie adviseurs(1,12)
wel langer(1,125)
met olie(1,155)
journalistiek en(1,110)
steekpenningen zijn(1,15)
portemonnee van(1,35)
niet in(4,156)
sprak met(7,156)
wel praten(1,77)
het geheime(2,156)
beslissing in(1,156)
belastingbetalers in(1,56)
heeft deze(1,156)
30 gen(4,71)
congres in(1,155)
stoel met(1,147)
van sydney(1,150)
materiaal komt(1,50)
op tv(2,104)
snel over(1,123)
hartelijk om(1,119)
14 midi(2,1)
wel of(1,156)
leden kunnen(1,155)
later is(1,156)
anderen over(1,156)
staat van(7,156)
10 21(1,155)
om informatie(1,95)
binnen de(1,156)
ons geen(1,156)
en fred(1,112)
el 55(1,55)
nog lachen(1,83)
nieuws van(1,156)
op slot(1,130)
gerritsen die(1,92)
vergadert over(1,28)
evening of(1,17)
fors in(1,41)
beur van(2,94)
zijn woord(1,156)
ed 32(1,12)
naar een(1,156)
43 ford(1,25)
op nummer(1,121)
dassault in(1,5)
gaat maar(1,153)
toch kans(1,97)
antwoord te(1,156)
14 25(1,151)
gekomen welke(1,145)
zich voor(2,156)
stukken aan(1,155)
om verder(1,156)
met mensen(1,66)
88 can(3,9)
nat re(2,14)
zijn nog(1,156)
20 amst(1,97)
werd in(1,156)
nog beslissen(1,75)
van drie(13,156)
geld over(1,143)
de malle(1,117)
niet op(1,156)
het grote(2,86)
ook de(1,156)
95 sears(1,2)
dollar op(1,108)
afzijdig van(1,77)
nog zoek(1,109)
stemming in(1,156)
weduwen van(1,154)
oil 190(3,3)
op hoog(1,156)
hand op(1,156)
geven op(1,156)
van president(1,156)
brengt het(1,156)
scoort het(1,61)
defensie in(1,131)
stukken zijn(1,156)
door geert(3,87)
asa 15(18,1)
meer te(1,156)
lid blijven(1,92)
de kaarten(1,156)
dan maar(1,156)
jaren in(1,156)
die als(1,156)
over nederland(1,156)
er tegen(1,156)
10 19(2,154)
klant van(1,109)
over zijn(1,156)
had nog(1,156)
jaar goed(2,151)
steekpenningen van(2,50)
wil nog(1,156)
26 10(7,150)
juist voor(1,156)
praktijken uit(1,47)
18 au(1,105)
storm in(1,156)
van new(6,156)
eens in(1,156)
gen tel(7,56)
de weekbladen(1,105)
10 amst(2,111)
vliegtuig in(1,86)
en oranje(1,156)
verliest het(1,150)
can 83(1,11)
de dochter(1,156)
partijen op(1,156)
van washington(1,156)
geld aan(1,156)
failliet te(1,110)
zaken over(1,156)
naar da(1,155)
in juni(2,141)
zij is(2,156)
bernhard als(1,55)
29 19(1,114)
verschillende amerikaanse(1,53)
11 mars(2,24)
csu in(1,27)
en tv(1,156)
drs den(5,55)
niet besproken(1,135)
prins zelf(1,115)
laat het(1,156)
niet naar(1,156)
krijgt het(1,147)
premier van(3,129)
gesprekken in(1,154)
geen inzage(1,96)
ou 28(2,29)
de tijd(1,156)
van twee(1,156)
te traag(1,127)
tegen beschuldigingen(2,38)
menten en(1,110)
vvd niet(1,39)
125 25(2,76)
int 43(11,16)
10 ad(1,68)
olie hoger(2,8)
vakantie voor(1,51)
van amsterdam(306,156)
mannen op(1,156)
inzage in(1,156)
ed 29(7,9)
rembrandt en(1,129)
bernhard op(1,57)
partij van(1,156)
deden het(1,156)
orders zijn(1,147)
en visser(1,156)
nu voor(1,156)
man van(1,156)
holland wordt(1,155)
toch zijn(1,156)
tel tel(4,82)
niet staken(1,109)
ind 34(19,24)
figuur met(1,119)
van prins(13,156)
wie de(2,156)
31 li(1,83)
gistermiddag met(1,112)
gas 24(1,29)
hoofdstuk van(1,156)
dag tot(1,156)
niets ontvangen(1,137)
wet tegen(1,154)
mei tot(1,156)
niet door(2,156)
orders in(1,150)
arrestatie in(1,127)
veel functies(1,28)
de mist(1,156)
van haarlem(1,156)
onderzoek worden(1,155)
dollar in(1,127)
dagje in(1,79)
commissie kan(1,153)
van hercules(1,122)
jaar met(1,156)
italianen naar(1,79)
al een(1,156)
ou 27(1,28)
waarom de(1,156)
met oranje(1,146)
huid te(1,149)
de dag(6,156)
of support(1,9)
genoemd is(1,156)
van vorig(1,151)
sterk in(1,156)
legt zijn(1,121)
wie was(1,156)
vliegt de(1,125)
recht en(3,143)
prinsen naast(1,6)
campagne op(1,110)
zaak mag(1,127)
aankopen te(1,49)
meuser en(3,12)
komt met(2,156)
de dochters(1,154)
in bern(1,146)
stukken voor(1,156)
hoe de(1,156)
87 can(2,9)
dag voor(1,156)
in politieke(2,152)
vluchten in(1,115)
kabinet staat(1,93)
ind 33(10,20)
in geding(1,100)
beschuldigingen in(2,142)
commissie gaat(2,110)
gedaan in(1,156)
niets met(1,156)
staatshoofd in(1,79)
28 10(8,153)
proces in(1,152)
29 10(2,151)
zich er(1,156)
de walm(1,79)
bij zijn(2,156)
naar methoden(1,59)
can 35(9,15)
spreekt met(2,156)
verslaggevers het(1,53)
25 125(2,95)
ploeg te(2,153)
25 comm(1,18)
33 15(1,121)
vs en(1,150)
motor 37(1,16)
aan bonn(2,48)
33 klm(1,8)
hebben veel(1,156)
42 ford(1,22)
blijft als(1,156)
int 42(9,17)
order van(1,156)
document in(1,123)
bernhard in(4,72)
optie had(1,19)
vliegtuigen aan(1,85)
zal graag(1,79)
geen onderzoek(1,155)
43 cr(8,6)
afleggen voor(1,127)
dit hoort(1,107)
onzorgvuldigheid en(1,10)
in delfshaven(1,68)
applaus voor(1,100)
55 25(1,126)
wel in(1,156)
ed 30(6,10)
10 26(4,149)
steekpenningen in(1,24)
verder aan(1,156)
onderzoek tegen(2,149)
waarschijnlijk met(1,156)
35 all(4,22)
wel over(1,156)
voor japan(1,141)
en prins(6,156)
jan van(3,156)
man in(1,156)
het niet(1,156)
van vele(1,156)
puzzel en(1,37)
rechts is(1,113)
blijft de(2,156)
24 74(2,74)
heeft aan(1,156)
tijd door(2,156)
cia en(2,35)
strauss is(1,89)
wordt een(1,156)
formeel in(1,115)
van 25(1,156)
verdachte in(1,117)
manh 30(1,1)
kijken in(2,112)
van doctor(1,155)
voor zijn(2,156)
ontvangen van(1,156)
en ik(2,156)
ploeg waren(1,73)
zij met(1,156)
zijn netten(1,116)
kan het(1,156)
betaald aan(1,156)
36 all(15,13)
niet bij(1,156)
blijft lid(1,71)
in herstel(4,85)
96 can(1,6)
bij defensie(1,50)
door jan(1,156)
was voor(1,156)
in los(1,110)
37 ford(1,28)
lockheed heeft(1,13)
27 10(7,148)
zal niet(2,156)
ontvangst in(1,156)
verwacht geen(2,126)
goed op(1,156)
maar door(1,156)
die drie(1,156)
nog moeten(1,156)
de neptunes(1,16)
mijn mensen(1,51)
en bedrijfsleven(1,83)
uitnodigingen van(1,49)
thyssen en(1,53)
of per(1,156)
houding in(1,155)
wolken van(1,145)
vandaag voor(1,112)
van elkaar(1,143)
van mr(1,156)
27 all(3,23)
kamerlid dat(1,105)
zaak uit(1,156)
commissie krijgt(1,61)
weisbrod en(2,2)
zij op(1,156)
street vast(7,7)
in debat(2,128)
terug in(2,156)
nog in(1,156)
haag en(1,156)
belemmerd in(1,133)
tinus en(2,43)
belangrijk zegt(1,34)
vrienden in(1,156)
papieren voor(2,149)
en peschar(3,7)
krijgsmacht en(1,60)
als de(1,156)
heeft in(1,156)
van fokker(1,97)
boter op(1,149)
de industrieel(1,136)
en holtrop(1,97)
het begon(1,149)
corporation in(1,92)
arbeiders van(1,153)
niet voor(1,156)
tast ook(1,29)
douglas en(1,117)
17 ta(1,71)
bereid aan(1,151)
18 gen(5,48)
commissie geen(1,148)
kamerleden van(1,114)
vloeide in(1,68)
verkoopleider de(1,31)
de letter(1,156)
int 46(1,11)
can 31(4,11)
meerderheid moet(1,119)
premier den(2,85)
verder in(1,156)
amerika over(1,146)
komt eind(2,54)
na te(1,156)
bet hl(4,46)
jaar door(1,156)
weg van(1,156)
van tinus(1,62)
het hier(1,156)
wat nederland(1,154)
in financieel(1,116)
94 can(2,7)
werk geven(1,133)
en z'n(1,93)
openbaarheid in(2,123)
engeland om(1,155)
beleid bij(1,119)
de order(1,156)
krijgen in(1,151)
washington en(2,154)
zelf haar(1,137)
en onwil(1,114)
brit had(1,23)
dinsdag in(1,131)
van progressieve(1,83)
uitvoeren of(1,102)
en vrijheid(1,156)
dollar hebben(1,81)
voor radio(1,78)
strauss als(1,49)
buitenlandse regering(1,28)
over aankoop(1,90)
af als(1,156)
verder door(1,156)
land uit(1,156)
en oud(1,156)
stoel in(1,155)
geen langdurige(1,69)
van koningin(2,156)
is in(1,156)
affaire nog(1,77)
vragen en(1,156)
neem die(1,119)
en strauss(1,112)
beurs niet(2,154)
laan en(5,155)
17 gen(3,43)
generaal van(2,156)
justitie over(1,150)
vs heeft(1,47)
bernhard bij(1,41)
koersen in(1,134)
en persoonlijke(1,156)
geen gouden(1,119)
spreekt in(1,156)
21 all(5,24)
onderzoek mee(1,57)
meer bewijzen(1,142)
zaak blijkt(1,81)
kissinger op(1,11)
programma zelf(1,64)
zij een(1,156)
10 28(5,148)
10 un(1,65)
papieren van(1,155)
stukken op(1,156)
is teer(1,117)
zich veel(1,156)
niet betrokken(2,149)
door edo(1,37)
geven geen(1,150)
zijn al(1,156)
dossiers in(1,51)
nog over(1,156)
met ontslag(1,141)
gas 25(31,26)
de jaren(1,156)
niet dat(2,156)
de vrijstaat(1,113)
getuige tegen(1,97)
asa 16(7,1)
in hilton(1,32)
ook betrokken(1,107)
mig 25(1,2)
en marine(1,156)
op goederen(1,155)
kamerleden in(4,116)
tegen rumor(1,1)
van geheime(1,156)
44 cr(5,5)
stukje in(1,148)
italiaanse partijen(1,7)
waren in(1,156)
bij kleine(2,156)
bernhard een(1,64)
stukken te(1,156)
werd niet(1,156)
onderzoek geen(1,139)
terug als(2,153)
en weer(1,156)
beter in(2,156)
verder met(1,156)
en anti(1,123)
donner en(5,99)
en colombia(1,78)
stemming bij(2,155)
ou 22(1,30)
licht in(2,156)
25 western(1,9)
van 1960(1,57)
zwitsers in(1,97)
brandt in(1,120)
zou nog(1,156)
heeft vele(1,156)
concern geen(1,31)
voorop bij(1,48)
104 fair(1,2)
boven dit(1,153)
protest over(1,91)
dat prins(3,155)
praten ik(1,97)
10 27(4,152)
en vriend(1,156)
maandag op(2,156)
voor onderzoek(2,130)
dat zijn(2,156)
buitenland krijgt(1,31)
met namen(1,156)
wapen en(1,156)
voor geheime(1,145)
en japanse(18,66)
10 97(1,100)
geven in(1,156)
en spanje(1,156)
lichten door(1,105)
kan veel(1,152)
rechts in(1,121)
ind 32(17,15)
van 30(1,156)
gegevens naar(1,84)
am st(41,96)
haughton en(1,2)
philips 29(2,14)
23 el(1,94)
nederland op(1,156)
heinz 27(2,3)
int 44(1,11)
24 all(6,25)
onderzoek bij(2,156)
nu alle(1,156)
prins heeft(1,156)
voor toezicht(1,119)
was in(1,156)
kamerleden aan(1,95)
31 12(1,128)
kamerleden naar(1,58)
carter op(1,24)
een bekend(1,156)
betrokkenen aan(1,78)
die het(2,156)
omstreeks 1968(1,3)
kamer nog(1,155)
gaat bij(1,156)
spanning om(1,88)
pac 18(7,16)
door lambert(1,47)
om steekpenningen(1,5)
buren van(1,155)
is de(2,156)
op springen(3,97)
terecht zijn(1,116)
niet met(1,156)
toen niet(1,156)
in mei(2,156)
vliegtuigen voor(1,85)
goed zijn(1,156)
van militaire(1,156)
maand in(2,156)
laat de(2,156)
omkoperij door(1,2)
kreeg niets(1,83)
kamer liet(1,134)
leed van(1,152)
gehad van(1,156)
onderzoek aan(2,156)
commissie in(1,156)
in porties(1,42)
voor klm(1,39)
van onderzoek(4,156)
niet uitgezonden(1,70)
sprak in(1,156)
met stemmen(1,152)
int 45(2,12)
om uit(1,156)
ze mijn(1,115)
eendracht in(1,124)
willen ook(1,155)
de lockheed(13,61)
verhaal in(1,153)
japan als(1,114)
boek maar(1,122)
iets in(1,156)
wil meer(2,138)
tot spreken(1,154)
16 gen(1,42)
na 23(1,126)
maakte voor(1,154)
wie in(1,156)
en de(4,156)
brak met(1,121)
fonds in(1,156)
volgen de(1,156)
vliegtuig niet(1,84)
van nederlandse(1,145)
ik het(1,156)
televisie blijft(1,10)
bestseller te(1,18)
namen in(2,156)
van jan(1,156)
besproken in(1,142)
begon bij(1,137)
derde land(1,67)
22 all(2,23)
rust door(1,154)
voorzover prins(1,1)
na hard(1,84)
prins had(2,145)
sprak niet(1,147)
28 all(1,22)
gezin door(1,152)
genoemd in(5,155)
betrekken is(1,99)
krijgen alle(1,98)
nederlandse commissie(1,52)
duitse en(1,88)
leven door(2,156)
omkoping in(2,10)
el 15(1,101)
aan prins(2,155)
zette ook(1,104)
zijn bij(1,156)
93 can(1,8)
procent heeft(1,80)
klm in(1,56)
vandaag de(5,112)
contract over(1,95)
nederland voor(1,156)
1961 een(1,38)
om hierdoor(1,115)
23 all(5,20)
voor overleg(1,95)
minder schepen(1,66)
dochters in(1,144)
vragen op(2,156)
op joods(1,43)
mensen van(1,106)
van 1968(1,39)
eisen en(3,133)
japan in(5,145)
beschuldiging in(1,154)
geweest in(1,156)
prins en(2,156)
op retour(1,65)
nu de(1,156)
10 29(2,143)
prins kreeg(1,50)
agent in(1,156)
zitten bij(1,122)
zelfmoord in(1,119)
als nederland(2,155)
anderen er(4,152)
leest als(1,113)
1974 als(1,24)
affaire niet(1,104)
ook klm(1,34)
utrecht gaat(1,93)
met aftreden(1,86)
bank zou(1,146)
van lockheed(30,38)
naar nieuwe(1,156)
op steun(1,120)
35 ford(4,37)
van bedrijven(1,131)
en een(1,156)
regering naar(2,100)
van 40(1,156)
vast in(3,156)
de steekpenningen(1,41)
van stof(1,155)
goodwill te(1,58)
krijgt in(2,130)
liggen anders(1,59)
verhoor in(1,132)
zouden niet(1,156)
church heeft(1,12)
klm nog(1,42)
pilt 10(1,1)
had drie(1,152)
heeft voor(1,156)
zet niet(1,104)
rechtstreeks voor(1,110)
een pension(1,109)
airco 19(3,3)
26 all(1,25)
van blaam(1,104)
st 29(17,85)
president en(1,156)
nog voor(1,156)
en klm(1,50)
mot 71(1,16)
shell en(1,85)
welkom voor(1,88)
villa van(1,143)
van 1,1(1,94)
111 el(1,35)
agt en(1,40)
wat in(1,156)
al in(1,156)
va 21(1,79)
dat bedrijf(1,154)
die de(1,156)
order te(1,154)
senaat voor(1,144)
vossen in(1,75)
kraaien van(1,78)
zag de(1,156)
prins werd(2,147)
vrij op(2,153)
de suiker(1,156)
int 41(2,13)
put in(1,146)
materiaal van(1,121)
bij prof(1,136)
heeft alle(1,156)
ook om(1,156)
had in(1,156)
opgang van(1,135)
meest op(1,156)
militaire en(1,156)
st 28(5,100)
74 24(1,58)
tv vandaag(4,11)
op toekomstige(1,121)
krijgt van(1,140)
rijk door(1,155)
maar geld(1,137)
nu zeer(1,156)
naam prins(4,67)
nek in(1,102)
over betalingen(1,30)
pac 17(14,16)
begonnen de(1,156)
zich wat(1,156)
affaire van(3,156)
week over(4,150)
en het(3,156)
van internationaal(1,143)
autoriteiten bij(1,138)
20 all(12,40)
klm iets(2,11)
hl st(4,58)
den uy(1,21)
van 1974(2,30)
street in(1,95)
mille in(1,130)
om onder(1,156)
bank in(1,156)
tot dag(1,156)
de mari(2,99)
111 23(1,55)
met prins(5,156)
maakte van(1,156)
flauw in(1,122)
wat zijn(2,156)
steekpenningen voor(1,12)
van vrijheid(1,156)
vliegtuig voor(1,83)
en haughton(1,1)
en grote(1,83)
april van(1,156)
de schrijvende(1,75)
strauss in(1,90)
grote sussen(2,1)
van 1976(1,31)
van dienst(1,156)
beroep in(1,156)
25 all(8,35)
meuser ik(2,1)
door lockheed(9,5)
miljoen op(1,55)
onderzoekcommissie heeft(1,1)
van amerikaanse(1,92)
36 stand(1,27)
moest verder(1,97)
ook amerika(1,114)
st 31(2,95)
moet de(1,156)
in oprichting(1,90)
maandag terug(1,83)
pers wil(1,76)
strauss tot(1,25)
90 can(4,8)
van japanse(1,63)
reizen van(1,156)
lager in(2,156)
zwitserland nog(1,100)
91 can(4,5)
van doeke(1,34)
19 all(6,19)
prijs en(1,156)
van meuser(2,9)
de vragen(1,156)
met 170(1,142)
goederen van(1,156)
kop door(1,111)
avondje van(1,78)
opwinding op(1,71)
toe in(1,156)
politici te(1,85)
winst niet(1,133)
liet al(1,150)
links de(1,138)
bij lockheed(10,11)
nog zeker(1,125)
maandag naar(1,156)
aan zwitserland(1,132)
koningin gaat(1,58)
publ 17(3,3)
18 all(2,25)
beslist op(1,140)
niets gehad(1,72)
st 30(4,128)
1974 bij(1,25)
zijn alleen(1,156)
25 kim(1,7)
televisie weer(1,27)
mijn functies(1,11)
verantwoordelijkheid in(1,153)
of de(1,156)
prins geen(3,127)
in openbaar(1,156)
en bonn(3,115)
ld 11(1,82)
voor nader(1,144)
ministers op(1,155)
van oude(1,156)
in japanse(2,61)
26 burt(1,1)
in dutch(1,83)
af van(3,156)
het formeel(1,109)
loo uit(1,94)
weken voort(1,27)
mag een(1,156)
groningen loopt(1,25)
een geleense(1,25)
in japans(6,52)
buitenland ook(1,124)
ontslagen door(1,132)
aan dubieuze(1,11)
akkoord voor(1,43)
met nederland(1,156)
10 gen(4,95)
voor spaanse(1,47)
mensen door(1,80)
aan indonesische(1,35)
op onderzoek(2,131)
tros is(1,44)
van koper(1,155)
rechts aan(1,113)
saldo voor(1,137)
ontslag in(1,156)
van kapitalistische(1,90)
kamerleden stellen(1,5)
bernhard genoemd(1,2)
york in(1,113)
van kodama(5,2)
13 control(1,1)
hans de(1,143)
niets gevraagd(1,117)
air 10(2,12)
naar zichzelf(1,78)
wil met(1,156)
1968 en(1,39)
oil 176(1,1)
henk de(2,78)
zwitserland door(1,139)
getuigen in(1,156)
ind 35(11,18)
ed 18(11,6)
krijgt nieuwe(1,70)
vs over(4,46)
anderson in(1,60)
oorlogsmisdadiger in(1,16)
zwitserland over(1,87)
team geen(1,41)
japan na(1,84)
hij de(1,156)
van openbaar(1,156)
bekentenis in(3,116)
st 43(3,57)
worden nog(1,156)
voor vertrek(1,127)
van piloten(1,66)
en rien(5,96)
ford carter(1,1)
alleen cpn(1,9)
43 airco(2,2)
regering begint(1,26)
tegen andere(1,155)
kamer na(1,155)
menten naar(1,7)
zoek in(1,124)
lire in(1,110)
doet in(1,156)
baby aan(1,70)
al 25(8,117)
of verdwijnen(1,77)
met communisten(1,73)
af in(1,156)
oude staat(1,71)
lockheed president(1,1)
was klm(1,30)
spanje in(1,156)
maar werd(1,156)
tot politieke(1,146)
in onderzoek(8,147)
news in(1,100)
haag de(1,131)
kan verder(1,134)
voor carter(1,8)
menten door(1,10)
canadese en(18,55)
st 37(11,70)
tanaka in(3,7)
had direct(1,90)
in herfst(1,94)
st 41(4,61)
er kon(1,156)
15 all(1,29)
1976 door(1,21)
conclusie aan(1,120)
donner is(4,50)
van schuld(1,156)
tot op(1,156)
ook goede(1,156)
verplichtingen over(1,49)
kabinet den(1,129)
carter van(1,54)
benoemd voor(1,156)
vraag bij(1,156)
dat voor(1,156)
over nieuwe(1,149)
vs om(1,55)
van fran(1,114)
en premier(1,107)
42 cr(6,4)
77 27(1,52)
het verder(1,156)
dochter als(1,130)
vakantie af(1,24)
van hauser(1,18)
prins zou(2,133)
miljoen en(1,73)
mag in(1,156)
top met(1,109)
en eer(1,156)
ploeg bij(1,94)
slot in(1,156)
ed 19(18,6)
duisenberg was(1,4)
in cel(2,89)
uit huis(1,152)
de citroenen(1,81)
molens voor(2,49)
dominee over(1,12)
en general(1,109)
moet op(1,156)
en vance(1,12)
in buitenland(5,145)
van relaties(1,101)
door regeringen(2,39)
er van(4,156)
op ene(1,137)
ook afscheid(1,73)
onthullingen en(2,79)
van die(2,156)
uu 10(1,53)
naar beschuldigingen(2,25)
niet was(1,156)
koersen en(1,150)
analyses in(1,27)
contr dat(31,5)
kabinet zeer(1,89)
27 kans(2,27)
vermoedelijk de(1,156)
op barsten(1,28)
donner rapport(3,1)
met meuser(3,2)
41 cr(3,6)
over naar(1,155)
slotfase in(1,33)
actie meer(1,79)
zij geld(1,141)
street niet(2,45)
affaire en(1,152)
gedwongen deze(1,76)
st 32(3,78)
27 hein(1,5)
affaire een(1,150)
die vocht(1,57)
andere regering(2,84)
89 can(7,2)
bij grote(1,62)
kan na(1,156)
na verkiezingen(1,50)
februari en(1,150)
bernhard voor(1,44)
gerritsen in(3,102)
volk bij(2,155)
op na(1,156)
heeft vertrouwen(1,120)
tokio te(1,85)
leren van(1,149)
biedt op(1,137)
haag kan(1,102)
eisen in(1,84)
meer van(1,156)
om eigen(1,150)
wel worden(1,156)
lockheed wilde(1,1)
nos niet(1,137)
over 50(1,140)
over geruchten(2,65)
prins is(1,156)
nog naar(1,156)
mot 73(1,9)
om goede(1,156)
democraten nog(1,21)
ij is(1,156)
en carter(1,49)
st 42(2,59)
van vakantie(1,55)
prins te(1,155)
land er(1,154)
neer na(1,83)
niet zijn(2,156)
hoger in(2,57)
secretariaat in(1,91)
en kotchian(1,1)
mexico aan(1,102)
premier in(2,126)
geld van(5,156)
10 te(1,156)
aanrijding van(1,80)
hoekstra voor(1,123)
ook buitenlands(1,19)
bernhard door(1,27)
100 can(1,12)
hier de(2,156)
vvd voor(1,38)
pers voor(1,140)
van oud(2,156)
minister in(2,156)
wil van(1,156)
toch weg(1,108)
st 38(6,67)
eer is(1,156)
dat frans(1,126)
de reizen(1,156)
onderzoek voor(1,155)
vast bij(1,153)
in te(1,156)
van wat(1,156)
aan frits(1,69)
26 kans(2,20)
zaak en(1,156)
holtrop in(4,44)
bernhard nog(1,22)
premier geen(1,65)
st 39(2,63)
parlement de(1,156)
wil in(1,156)
blijven van(1,156)
tokio de(1,97)
orde door(1,154)
van christen(1,128)
st 33(1,82)
de loo(1,154)
met materieel(1,97)
weet na(1,116)
baarn was(1,37)
vs met(1,89)
definitief van(1,124)
ook minister(1,114)
li 40(1,43)
verklaringen wordt(1,50)
ondervraagd in(1,50)
conflict een(1,104)
niet bekende(1,151)
en centen(1,144)
trial in(1,9)
de doorgaans(1,123)
st 40(1,110)
1963 van(1,38)
van weinig(1,156)
van gulf(1,29)
st 36(5,71)
woord worden(1,137)
defensie de(1,100)
pensioen nog(1,63)
directeuren in(1,142)
laatste koning(1,68)
pension van(1,116)
prins komt(1,48)
30 japan(3,27)
kamer laat(1,74)
betrokken in(1,156)
ook kamerleden(1,33)
in groene(1,148)
bij klm(1,32)
van parlementaire(1,151)
gescheiden in(1,126)
reders te(1,16)
uit 1850(1,36)
verwachten in(1,154)
vocht een(1,94)
senaatscommissie is(1,11)
hem de(1,156)
met conclusies(2,56)
tanaka de(1,11)
pr 43(1,22)
voor russische(1,147)
flauw door(2,72)
ontkent geld(2,3)
29 japan(1,16)
in commissie(1,154)
of al(2,156)
regeringen voor(2,62)
wist van(1,154)
is ai(1,145)
37 ti(1,14)
bernhard de(1,71)
voorzitter met(1,155)
voor steekpenningen(1,6)
ss 23(1,48)
zou in(1,156)
vrienden zo(1,42)
is waarheid(1,150)
terug van(1,156)
over amerikaanse(1,51)
haag niet(1,125)
van roha(1,1)
suiker niet(1,127)
drie wijze(2,49)
haag door(4,124)
president den(1,113)
ind 23(1,23)
pot 22(2,17)
van eisen(5,122)
en commissaris(1,150)
in actuele(1,30)
voor 380(1,75)
van nazi(1,62)
uit tot(1,156)
maand over(1,143)
omzet weer(2,41)
op villa(1,100)
op medewerking(1,137)
niet van(1,156)
in nieuw(1,156)
zich van(1,156)
in italiaanse(5,64)
45 stand(1,29)
bewijzen niet(1,146)
brief na(1,84)
al 20(1,117)
jan de(1,156)
prins of(1,130)
twijfels in(1,25)
28 stand(1,33)
justitie van(1,156)
adhesiebetuigingen voor(1,2)
bernhard het(1,59)
tegen prins(3,104)
is los(1,130)
gebracht van(1,131)
mot 69(2,9)
hoog gaan(1,71)
zal snel(1,80)
kodama in(1,1)
nam gas(1,13)
prins met(1,155)
meuser in(1,3)
op kritiek(1,58)
po 22(2,5)
23 ie(1,89)
zijn firma(1,114)
premier ook(1,76)
voor dood(1,155)
had zeer(1,153)
van bejaarde(1,127)
het geen(1,156)
op rood(1,126)
op om(1,156)
pers door(1,136)
de zeer(1,156)
haast door(1,90)
miljoen ging(1,23)
met mr(2,149)
weet van(1,156)
bestrijden op(1,93)
strijd naar(1,118)
en van(1,156)
bewijzen in(1,155)
van 1.1(1,152)
casino spelen(1,1)
koningin geen(1,97)
over carter(1,5)
consequenties en(1,79)
wijzen hebben(1,77)
prins als(1,148)
jaar dat(1,156)
en iets(1,156)
slot voor(1,153)
over verkoop(1,87)
samenwerking tegen(1,47)
brandt 39(2,1)
me de(1,156)
van onthullingen(2,65)
wil mensen(1,28)
en giessen(1,45)
van 87(1,156)
de hercules(1,116)
van traditie(1,96)
tv al(1,47)
in internationale(1,111)
voor waarin(1,156)
met lockheed(10,10)
pot 21(3,14)
van boeing(1,39)
en aankoop(1,149)
en vs(1,152)
vs voor(1,106)
meuser op(1,1)
airco 20(4,2)
voor koningin(2,134)
voor new(1,128)
meuser om(1,1)
andere tijd(1,98)
op geheime(1,102)
star in(1,112)
premier de(1,136)
nog paar(1,93)
compleet op(1,106)
is wie(1,156)
bewijzen over(1,101)
amst ind(35,5)
vpro en(1,45)
van holtrop(1,50)
uit op(1,156)
voor rechter(2,116)
al 45(1,84)
generaal en(1,156)
naar democratische(1,39)
14 nl(1,27)
gistermiddag dat(1,75)
ia 17(1,82)
door christina(2,24)
vs aan(1,86)
bezig in(1,153)
26 ah(1,10)
in amerikaanse(1,68)
in ziekenhuis(1,108)
voor lockheed(9,4)
of alle(1,156)
verdwenen bij(1,82)
wel vervangen(1,40)
betrokkenen van(1,90)
van democraten(1,92)
het gedaan(1,156)
allen het(1,156)
of ai(2,96)
prins in(6,156)
aankoop te(1,121)
om amerikaanse(1,51)
hom 33(1,3)
lockheed en(4,27)
voor rijke(1,91)
over nederlanders(1,47)
of ford(1,71)
prins op(1,155)
betaalde in(1,126)
church van(1,42)
hauser in(1,7)
by lockheed(1,1)
elkaar de(1,138)
op zwitserse(1,44)
ook oud(1,108)
brandt 40(1,1)
over recht(2,105)
ontslag om(1,103)
met werk(1,149)
aan italiaanse(1,52)
paul is(1,110)
26 tl(2,25)
had prins(1,103)
lockheed in(2,12)
in theologie(1,61)
lockheed hebben(1,2)
drie van(2,156)
amerika de(3,156)
door aly(1,3)
klm ir(1,3)
of terug(1,153)
op goed(4,156)
al 23(4,93)
over inhoud(1,70)
president bij(1,151)
of 57(1,78)
drie in(1,156)
de 1,6(1,30)
lockheed aan(2,4)
voor colombia(1,21)
in tweede(3,155)
dollar van(3,111)
ind 26(22,11)
van denken(4,155)
dinsdag niet(1,118)
al 36(1,72)
was prins(1,139)
van navo(1,43)
en ministers(1,156)
om namen(1,101)
bewezen de(1,154)
buitenland nu(1,67)
voor premier(1,64)
ind 27(2,9)
in administratie(1,142)
over prins(4,104)
voor boekhouder(1,52)
maarseveen de(1,13)
vol uit(1,123)
al 22(5,97)
boekhouder de(1,139)
paar had(1,95)
cpn het(1,41)
over en(1,156)
voor mei(1,156)
oprichting voor(1,103)
oranje geen(1,43)
airco 21(2,3)
al 42(2,66)
juni met(1,129)
dat vliegtuig(1,75)
contact van(1,91)
de dollars(1,123)
tel 57(1,23)
en 1974(1,31)
over resultaten(1,58)
prins door(2,142)
tel 32(2,43)
lockheed is(1,7)
met amerikanen(1,81)
rekening in(1,156)
bernhard niet(1,17)
prins een(1,156)
directeur in(1,155)
bernhard mag(1,2)
op achtergrond(1,71)
afnemers om(1,19)
valt van(1,154)
met schmidt(1,36)
die prins(1,155)
en lockheed(5,24)
op als(1,156)
moet inzicht(1,14)
bij tv(1,88)
naam ons(1,97)
prins niet(3,147)
en april(1,156)
al co(15,72)
uit bedrijfsleven(1,22)
gulf en(1,39)
van voorzitter(1,156)
inzien de(2,144)
gepubliceerd een(1,92)
groot onderzoek(1,31)
als lockheed(1,3)
al 24(12,95)
voor vrouw(1,145)
al 43(1,56)
46 airco(1,1)
hoofdstad de(1,156)
agt alleen(1,5)
net van(1,156)
ik hebben(1,150)
voor prins(11,154)
prins moet(1,71)
willen geld(1,36)
op zwitserland(1,108)
wie om(1,122)
commissies de(1,91)
ed 17(2,5)
25 japan(1,21)
al 26(9,83)
handelingen het(1,126)
ford en(1,102)
niet getuigen(1,97)
aan lockheed(5,2)
al 19(2,83)
op bedrijven(1,80)
moeten tot(1,155)
in derde(1,140)
uit in(1,156)
street tegen(3,8)
toelichting de(1,151)
moet lid(1,65)
paar in(1,148)
orion van(1,69)
voor britse(1,55)
en ploeg(7,122)
wat werd(1,149)
bij politie(1,110)
van donner(1,45)
an niet(1,142)
van niets(2,156)
co of(41,121)
de 1001(1,99)
al 27(5,81)
hom 34(1,2)
am te(1,155)
van ex(2,150)
dc 10(1,88)
de 1000(1,156)
mei met(2,156)
van sterdam(1,99)
42 airco(2,1)
ind 19(3,11)
al 28(3,83)
naar prins(1,117)
over betaling(1,77)
bij eerder(1,78)
sta boven(1,5)
aangenomen van(1,155)
41 du(10,7)
vroeg dat(1,140)
strauss het(1,58)
het mijn(1,156)
donner op(3,25)
over lockheed(27,1)
20 ail(1,1)
miljoen van(4,51)
in past(1,74)
nieuwe rembrandt(1,5)
42 du(5,9)
miljoen niet(1,41)
gaan volgende(1,34)
jones weer(1,3)
kunnen over(1,154)
mag van(2,156)
tegen huis(1,64)
gaat mogelijk(1,25)
en cia(2,27)
aan strauss(3,20)
bernhard geld(2,1)
sprake in(1,135)
op westduitse(1,36)
over emigranten(1,4)
in vs(12,129)
van 106(1,153)
van russen(1,140)
van vs(3,149)
een enig(2,68)
drie aan(1,155)
drie voor(1,154)
van dag(1,156)
corruptie het(1,27)
tel 37(1,32)
en omzet(1,134)
de menten(1,34)
20 alt(7,6)
ds ton(1,22)
37 al(4,53)
sydney van(1,74)
43 du(4,9)
co ol(3,8)
ik zijn(1,156)
voor beurs(1,77)
naar hoge(1,44)
van wilde(1,154)
met vs(1,97)
haarlem het(1,152)
drie had(1,104)
affaire de(1,135)
zei van(1,128)
veiligheid de(1,148)
zaak de(1,156)
in brief(1,110)
en crisis(1,85)
40 du(6,15)
rond prins(1,4)
41 al(1,56)
steekpenningen een(1,2)
40 al(4,91)
neer niet(1,67)
van zich(1,156)
38 al(2,52)
33 al(1,58)
ind 20(2,13)
pistool de(1,56)
de all(1,145)
in 34(1,152)
ingezonden van(1,140)
op stukken(1,139)
van rapport(2,147)
in kamer(2,152)
met gebeurtenissen(1,69)
tel 28(1,43)
tel 29(4,42)
in vast(1,133)
drie over(1,108)
46 du(3,5)
aan vu(1,41)
tel 27(1,45)
letter de(1,153)
door in(1,156)
krijgt nader(1,2)
voor massa(1,59)
voor orion(1,13)
47 du(1,4)
25 in(1,156)
44 du(2,5)
in volgende(1,155)
ook steekpenningen(1,1)
op prins(3,143)
tel 26(1,47)
van koninklijk(2,144)
nr het(1,124)
neergelegd van(1,73)
street nu(2,4)
aan onderzoek(2,105)
22 alt(1,3)
van bevolking(1,156)
14 is(1,155)
met veiligheid(1,64)
lockheed te(1,4)
met bank(1,132)
op mini(1,26)
voor vs(1,88)
brand 40(3,7)
19 al(1,90)
is hubert(1,19)
prins nu(1,51)
drie heeft(1,102)
openbaar nog(1,41)
bij arbeiders(1,68)
28 al(1,73)
in kabinet(2,148)
met onderzoek(1,118)
lockheed een(1,6)
positie de(1,147)
voor in(1,156)
betalingen het(1,28)
drie te(1,155)
lockheed op(2,4)
prins wel(1,42)
tel 13(4,50)
lockheed ook(2,1)
voor op(2,156)
zaak ik(1,97)
lockheed voor(3,4)
heil de(1,123)
lunch de(1,66)
39 al(1,32)
naar kamer(3,92)
in zaak(6,139)
meer concerns(1,1)
aan van(1,156)
tegen lockheed(3,1)
tel 30(3,50)
met rapport(1,75)
tel 25(1,53)
van te(1,156)
drie niet(1,127)
niet geld(1,106)
aan in(1,156)
achter prins(1,9)
la in(1,154)
donner het(1,23)
tegen bernhard(1,3)
van raad(1,156)
in ster(1,70)
van commissie(5,155)
op huis(1,137)
uit vs(4,25)
binnen pvda(1,2)
de mede(1,156)
is leren(1,35)
tel 14(1,48)
van regering(4,101)
sussen is(1,2)
prins weet(1,5)
ook naam(1,74)
aan regering(1,68)
uyl drie(1,1)
ford moet(1,13)
papieren de(1,106)
ind 13(5,6)
kunnen hoog(1,27)
ind 14(1,7)
tel 15(26,52)
lockheed van(2,6)
om positie(1,40)
ook onderzoek(2,42)
de 58(1,147)
een la(1,142)
prof van(2,131)
in rapport(1,113)
donner nu(1,1)
voor tegen(1,156)
uit ziekenhuis(1,30)
aan commissie(1,102)
dat 24(6,123)
bij tel(1,98)
in met(2,156)
het lockheed(1,7)
om zaak(1,71)
elk 21(1,14)
om lockheed(4,1)
dat 22(12,117)
42 er(2,50)
van church(1,7)
dat 23(12,116)
44 er(1,52)
in reacties(1,19)
werd dag(1,78)
hoogst bij(1,19)
un 18(1,2)
in transacties(1,9)
lockheed de(1,8)
in james(2,28)
van opdracht(1,78)
op bezit(1,77)
prins grote(1,5)
ford to(1,4)
in door(1,156)
oi 27(1,1)
in prins(1,104)
van er(1,156)
van besloten(1,109)
in markt(1,76)
church voor(1,1)
in verklaring(2,51)
naar regering(1,12)
prins geld(1,1)
te 59(1,13)
