takeo fukuda(1,10)
serve overhof(2,20)
ferry knemeijer(1,14)
warnderink vinke(3,29)
indira ghandi(1,23)
leonid brezjnef(1,17)
ijsbrand hiddes(1,9)
helmut kohl(1,25)
hiddes galema(1,13)
academy awards(1,26)
bondskanselier helmut(1,22)
wall street(39,107)
banda abao(1,35)
cindu key(2,25)
aow aww(1,34)
know how(1,37)
ballast nedam(2,27)
spreiding rijksdiensten(2,19)
golden tulip(1,26)
elseviers magazine(1,27)
achtergestelde lening(1,21)
ed wisborg(6,14)
elseviers weekblad(1,47)
rob warnderink(3,9)
helmut schmidt(1,32)
nvv nkv(1,16)
limburgs dagblad(3,53)
franz josef(1,95)
psf offshore(1,2)
amsterdamse effectenbeurs(2,52)
optimistische geluiden(1,55)
forse winstdaling(2,23)
new york(5,155)
afbrokkelende koersen(1,65)
edo brandt(7,19)
british enkalon(1,17)
friesch groningsche(1,84)
gevoelige knauw(1,46)
costa gomes(1,15)
chamotte unie(2,48)
broeders hoeder(1,97)
internationaal monetair(1,58)
josef strauss(1,50)
monetair fonds(1,53)
geziene gast(1,93)
franse kalimijnen(1,23)
europese kernmacht(1,25)
caribisch gebied(1,40)
sluitende begroting(1,60)
prins bernhard(1,72)
sociaal democraten(1,113)
volksvijand nummer(1,41)
reddeloos verloren(1,149)
nationale investeringsbank(1,34)
coos verweij(2,4)
sociale voorzieningen(1,82)
ongewenste vreemdeling(1,47)
math weijers(1,7)
sprankje hoop(1,86)
cor lommers(1,9)
estel hoogovens(1,10)
scholten honig(3,20)
stijgende loonkosten(1,27)
verenigde staten(1,117)
nationaal grondbezit(1,85)
economische recessie(3,35)
lijnrecht tegenover(1,126)
fiat 128(1,26)
haagse redactie(1,48)
ihc holland(1,33)
bittere armoede(1,118)
marcus bakker(1,50)
wijst erop(1,114)
vervoersbonden nvv(1,3)
opgewekte stemming(1,136)
zuid afrika(1,144)
felle kritiek(1,80)
zeventiger jaren(2,87)
harde klappen(1,91)
flauw gestemd(4,122)
nationaal produkt(1,41)
ruwe olie(2,122)
hogere olieprijs(2,16)
louis velleman(1,33)
buitenlandse zaken(2,107)
luide bijval(1,91)
stempel drukt(1,95)
vietnam cambodja(1,23)
4,5 miljoen(1,40)
eerdere uitspraken(1,26)
miljard gulden(1,44)
somber gestemd(1,110)
drs bogers(1,20)
tulip hotels(1,22)
groeiende onvrede(1,17)
chemische concerns(1,33)
sylvio croes(1,1)
negatief effect(1,32)
vergrote kapitaal(1,36)
geld lenen(1,52)
7,5 procent(1,42)
onze beursredacteur(4,33)
middelgrote ondernemingen(1,42)
laatste stuiptrekking(1,81)
openbaar vervoer(1,74)
du pont(1,153)
gelatine delft(2,14)
deli atjeh(1,46)
structureel probleem(1,30)
monetaire stelsel(1,48)
exclusief interview(1,57)
financieel beleid(1,129)
komend najaar(1,45)
15,1 miljard(2,14)
jean jacques(1,144)
tweede jaarhelft(2,23)
thv international(2,6)
bert stoop(1,24)
economisch herstel(10,81)
da costa(1,156)
3,7 procent(1,43)
moeilijke taak(1,128)
economische groei(5,49)
miljard mark(1,55)
nader inzien(2,154)
8,5 miljoen(1,40)
sluitende exploitatie(1,68)
wisselden elkaar(1,105)
dure plicht(2,125)
anderhalf miljard(1,42)
evangelische kerk(1,154)
armste landen(2,30)
beduidend lager(1,116)
westerse landen(1,56)
west duitsland(11,57)
bevredigend resultaat(1,144)
planmatige voorbereiding(1,8)
zuid vietnam(1,39)
3,6 procent(1,37)
nationaal inkomen(2,93)
belangrijke rol(1,156)
toenemende werkloosheid(2,89)
economische opleving(1,71)
snelle expansie(1,49)
president peron(1,20)
amro bank(1,32)
vast gestemd(3,145)
europese staalindustrie(1,29)
westduitse spd(1,22)
rotterdamse haven(1,60)
slechte tijden(2,134)
vorig jaar(4,156)
hogere uitkering(1,52)
somber beeld(2,84)
eerste halfjaar(4,156)
david rockefeller(1,16)
minister duisenberg(4,10)
derde kwartaal(5,156)
henk hoekstra(2,43)
hoog peil(1,109)
sociaal economische(1,82)
tweede helft(1,156)
tweede kamer(2,156)
ten cate(1,156)
kaak gesteld(1,139)
volle capaciteit(1,94)
reden waarom(1,156)
zes maanden(2,156)
grote concerns(3,53)
uitzonderlijk hoge(2,49)
westerse wereld(2,52)
redelijk optimistisch(1,29)
ten aanzien(1,156)
kalme handel(2,89)
collectieve lasten(1,22)
economische bedrijvigheid(1,75)
hogere koersen(2,51)
economische malaise(2,52)
volgend jaar(3,156)
herman kahn(1,11)
limburgse arbeidsmarkt(1,17)
huidige recessie(2,19)
economische inzinking(1,66)
duizenden betogers(1,40)
800.000 gulden(1,68)
economische vraagstukken(2,111)
groeiende werkloosheid(1,43)
18,4 procent(1,18)
hele wereld(2,65)
onze correspondent(4,156)
illegale vreemdelingen(1,18)
sociale lasten(1,75)
huidige crisis(1,94)
beperkte capaciteit(2,69)
fors hoger(1,30)
argentijnse regering(1,56)
vrije volk(3,106)
midden oosten(1,72)
enorme klap(1,50)
dertig procent(1,100)
gelder papier(1,44)
economische situatie(3,80)
belachelijk laag(1,83)
openbare werken(1,156)
economische ontwikkeling(2,115)
eten gooit(2,57)
betere resultaten(1,147)
bijna verdubbeld(1,138)
amerikaanse handelsbalans(1,29)
belangrijk deel(1,156)
tweede fase(1,75)
vrijwel uitgesloten(1,92)
beraadt zich(1,58)
bruynzeel zaandam(1,14)
procent gestegen(1,87)
veel gevaarlijker(1,153)
nauwelijks merkbaar(1,107)
gerrit hepkema(1,11)
kwalijk genomen(1,148)
jaap metz(2,15)
miljoen werklozen(7,39)
gerard krul(2,12)
sterk gedaald(2,128)
kwart miljoen(1,52)
lange termijn(3,103)
aantal personeelsleden(1,49)
erg moeilijk(1,103)
eerste kwartaal(1,156)
mevrouw peron(2,15)
eerste aanzet(1,39)
politieke ontwikkelingen(1,64)
belangrijk element(1,91)
procent hoger(1,54)
rode cijfers(4,33)
zwaar getroffen(1,145)
europese commissie(2,49)
eerste helft(1,156)
esso nederland(2,44)
zuid amerika(1,156)
economisch leven(1,100)
maastrichtse machinefabriek(1,5)
amerikaanse economie(7,49)
nieuwe staatslening(1,51)
hangt af(1,156)
streep gezet(1,72)
ontwikkelingen rond(1,42)
fors lagere(3,25)
nederlandsche bank(1,156)
iets lager(1,156)
westduitse economie(2,39)
botsing tussen(1,62)
concentreerde zich(1,109)
scherpe winstdaling(1,3)
nieuw zeeland(1,156)
massaal ontslag(1,39)
ons land(5,156)
onze haagse(1,52)
grote schoonmaak(1,58)
lager peil(1,116)
tegenover elkaar(1,135)
papierfabriek roermond(1,14)
procent gedaald(1,70)
standpunten uiteen(1,30)
ten einde(2,156)
kapitalistische chaos(1,11)
amsterdamse haven(1,57)
gehele land(1,73)
sociaal zwakken(1,21)
verdere internationalisering(1,7)
25 jarig(1,145)
oeso verwacht(3,25)
nederlandse economie(1,52)
japanse regering(1,62)
grote verschuivingen(1,49)
lichte opleving(1,52)
ir stikker(1,18)
der doef(1,32)
per aandeel(2,156)
v.d louw(1,34)
spaanse regering(1,62)
korter werken(4,59)
iets hoger(1,60)
hoge inflatie(1,22)
bouwer bonn(1,8)
monetaire conferentie(1,21)
paar dagen(1,156)
weinig speelruimte(1,40)
huidige samenleving(1,87)
centrale bank(1,113)
forse verlaging(1,23)
verzet tegen(1,156)
sinds 1958(2,37)
beloofde land(1,148)
grof geld(1,125)
1974 1975(1,18)
west europa(1,109)
technische mogelijkheden(1,74)
rijke landen(4,75)
half miljoen(3,83)
hoger personeel(2,48)
sprong vooruit(2,99)
heus wel(1,62)
honderden mensen(1,61)
goede resultaten(1,156)
miljoen mensen(2,43)
gedraagt zich(1,152)
staatssecretaris meijer(1,7)
street sloot(1,32)
wim kremer(1,15)
minister lubbers(7,19)
ter wereld(2,156)
louis harris(1,13)
erg somber(1,69)
den haag(2,156)
zoek naar(2,122)
vijftig miljoen(1,41)
benelux duitsland(2,20)
lange duur(1,144)
herstelde zich(1,156)
nog steeds(6,156)
lagere nettowinst(1,26)
rekening houden(1,129)
den uyl(10,76)
non actief(1,66)
britse kranten(1,47)
dank zij(4,156)
doen stijgen(1,156)
goede kansen(1,130)
nog somberder(1,112)
drs brouwers(1,18)
grote belangstelling(2,69)
internationale politiek(1,114)
der lugt(1,152)
groot belang(1,156)
eerste plaats(1,156)
economische moeilijkheden(1,80)
fors lager(2,28)
met name(1,156)
nam afscheid(1,139)
japanse scheepsbouw(2,15)
verdere spreiding(1,33)
der grinten(1,131)
buigt zich(2,135)
friese bedrijfsleven(1,46)
nog erger(1,156)
gouden roos(1,80)
vijfde divisie(1,48)
ongerust over(1,156)
crane nederland(2,14)
eerst sinds(2,135)
handhaafde zich(1,110)
74 75(1,155)
minder dan(1,156)
25ste congres(1,12)
nog toekomstmuziek(1,84)
arme landen(3,63)
ten grondslag(1,156)
huidige economische(1,82)
boekte vorig(1,27)
ben je(1,142)
alle sectoren(1,69)
hoger dividend(1,47)
ontslagen werknemers(1,41)
ruimte genoeg(1,149)
nieuw element(1,135)
erg positief(1,34)
ben ik(1,156)
komend jaar(1,96)
eerste kamer(1,156)
iets beter(1,156)
spoedig herstel(3,154)
andere munteenheden(1,19)
oliesector buiten(1,2)
europese economie(2,48)
per saldo(1,140)
zo lekker(1,64)
eigen vermogen(2,139)
derde wereld(2,43)
scherp conflict(1,70)
dr zijlstra(2,70)
scherp gedaald(1,54)
richt zich(1,125)
werkt hard(1,97)
eind 1974(1,18)
ir klijnstra(1,6)
duidelijke verbetering(2,66)
werkloosheid bestrijden(1,30)
amsterdam rubber(1,84)
twee maanden(1,156)
sociale dienst(1,59)
poging om(2,156)
sprake geweest(1,156)
strijd tegen(2,156)
zware druk(1,107)
maanden cel(1,37)
stap terug(1,126)
zware dreun(1,12)
verontrusting over(1,58)
niet uitgesloten(1,154)
deze week(2,156)
meer dan(3,156)
zeer moeilijk(1,132)
dr witteveen(2,48)
een heleboel(1,61)
kanttekeningen bij(3,46)
vijf miljard(1,40)
praten over(1,137)
miljoen toeristen(2,39)
70 procent(1,97)
dividend over(1,155)
worden doorgelicht(1,44)
overeind blijven(1,55)
cao onderhandelingen(1,19)
weer normaal(1,106)
sluiting bedreigd(1,31)
aangepast aan(1,96)
korte looptijd(1,39)
vol gas(2,86)
grote moeilijkheden(2,62)
zeer slecht(2,156)
boekjaar 1974(1,3)
nog slechter(1,150)
elke nederlander(1,80)
grote interesse(1,53)
der hoeven(1,156)
eigen schuld(1,156)
franse economie(1,46)
diep wantrouwen(1,60)
hele westerse(1,41)
licht herstel(3,83)
in feite(1,85)
sterker dan(1,156)
veel minder(1,156)
steeds duurder(1,107)
redelijk goed(2,155)
steeds meer(2,156)
der stee(1,45)
aanzet tot(1,90)
goedkoper dan(2,62)
weinig handel(1,152)
volgende keer(1,135)
secretaris generaal(1,155)
tweede plaats(1,156)
wordt bedreigd(1,156)
positieve berichten(1,63)
grens bereikt(2,111)
niet rooskleurig(1,119)
blijft stijgen(1,83)
let vooral(1,123)
een paar(1,156)
bezoek aan(1,156)
nog nooit(1,156)
amerikaanse minister(1,60)
recessie voorbij(1,6)
74 daf(2,12)
snel groeien(1,82)
nieuwe verkiezingen(1,156)
zeer sterk(1,156)
blijven toenemen(2,122)
extra heffingen(1,38)
duitse regering(1,64)
optimistisch over(2,91)
moeilijke tijd(1,101)
lagere winst(2,62)
uit vrees(1,156)
leidt tot(1,156)
zo slecht(1,91)
huidige ontwikkeling(1,82)
piet heil(1,30)
ver vooruit(2,148)
erop dat(1,135)
per dag(1,156)
confrontatie met(1,105)
te dringen(1,156)
onder luide(1,155)
op zoek(2,104)
gunstig beeld(1,90)
dit jaar(19,156)
ben romijn(1,13)
tekort aan(3,137)
britse pers(1,60)
halve kracht(1,127)
rijkste land(1,79)
tevreden over(2,156)
wordt aangepakt(1,103)
had voorspeld(1,130)
half jaar(1,156)
alles wijst(1,118)
grootste vijand(1,135)
feiten spreken(1,140)
lang wachten(1,156)
onder invloed(2,138)
het partijbestuur(2,104)
hopen dat(1,156)
verrast door(1,156)
vrij gunstig(1,154)
beter resultaat(2,136)
zeer vast(2,155)
koel ontvangen(1,125)
volgens ramingen(1,47)
geen toestemming(1,124)
domper op(1,94)
nederland chemie(2,30)
we hoeven(1,90)
somberder dan(1,72)
economische maatregelen(1,91)
minder optimistische(1,43)
moet worden(2,156)
iets gedaald(2,137)
ter verbetering(1,156)
zich heen(1,156)
zo goedkoop(1,69)
het oliewapen(1,10)
jan bouwer(7,24)
onze economie(1,68)
te overwinnen(1,156)
800 000(1,113)
kunnen worden(1,156)
zo goed(2,141)
snel voorbij(1,115)
nieuw leven(1,156)
onzekerheid over(2,141)
dr rutten(1,59)
te bevorderen(1,156)
pessimistisch over(1,81)
te vergroten(1,66)
felle botsing(1,27)
gewone mensen(1,61)
kunnen helpen(1,156)
groter verband(1,56)
geert jan(6,85)
genoeg om(1,156)
veel meer(1,156)
actie tegen(1,151)
wennen aan(1,105)
sombere situatie(2,21)
te brengen(1,156)
niet meer(4,156)
of the(1,156)
ruim miljoen(2,55)
onderzoek naar(1,156)
progressieve regering(1,23)
kleine winst(1,134)
zo sterk(1,95)
zes keer(1,96)
25 jaar(1,156)
aluminium industrie(1,21)
afwentelen op(1,81)
totaal verrast(1,64)
geen aanwijzingen(1,105)
jan brouwer(1,142)
werkloosheid neemt(1,59)
na 1945(1,51)
het bedrijfsleven(2,91)
zwarte bevolking(1,114)
425 miljoen(1,35)
toekomst optimistisch(2,43)
shell nederland(2,49)
groter tekort(1,40)
uit angst(1,140)
te verwachten(2,156)
van thijn(1,95)
800.000 nederlanders(1,7)
onder druk(4,102)
bata best(1,11)
vrees voor(1,156)
in mineur(1,111)
deze zomer(1,118)
opnieuw uitgesteld(1,80)
lager wall(1,23)
olie daalde(1,34)
dan ook(1,156)
van kemenade(1,123)
internationale toestand(1,85)
mooi weer(1,141)
niet ontevreden(1,132)
zal worden(2,156)
te wijzen(1,156)
procent minder(1,97)
te houden(1,156)
oproep tot(1,103)
vanaf morgen(1,96)
met geweld(1,156)
regeringsverklaring waarin(1,23)
gaan werken(1,141)
in contanten(1,154)
weg naar(5,156)
laatste kans(1,118)
nieuwe aandelen(1,54)
betekenen dat(1,63)
eind maart(1,91)
commissie meent(2,150)
verdere toekomst(2,109)
tering naar(1,133)
haar activiteiten(1,48)
the union(1,111)
kritiek op(1,140)
10 procent(3,133)
alleen maar(4,156)
geen geld(1,156)
fel tegen(1,110)
ruim vijf(1,156)
45 procent(1,84)
niet erg(1,147)
zwart rood(1,107)
politieke strijd(1,118)
gaat achteruit(1,113)
zeker niet(1,156)
buitenlandse kapitaal(1,58)
vruchten af(1,124)
president gekozen(1,151)
vooral gericht(1,106)
amerikaans plan(2,34)
geen woord(1,156)
stelde zich(1,156)
andere keus(1,153)
strijd om(1,155)
kon olie(2,72)
ruim zes(1,156)
verkorting van(1,156)
oppositie eist(1,9)
vooruitzichten voor(1,127)
miljoen passagiers(1,40)
erg mee(1,105)
van koophandel(2,156)
zeer groot(1,156)
kunnen doen(1,156)
dagelijkse belangen(1,20)
het welzijnswerk(1,26)
een adempauze(1,66)
te keren(1,125)
goed voorbeeld(2,155)
gaat verdwijnen(1,91)
sterke man(2,115)
aanval op(1,156)
worden belegd(1,153)
extra uitgaven(1,107)
tot verbetering(1,156)
geen dividend(2,136)
prof dr(1,118)
vrije pers(1,116)
nog grotere(1,62)
het congres(1,156)
onvrede met(1,45)
moet zorgen(1,154)
verband tussen(1,69)
economisch onderzoek(1,71)
rob jager(3,9)
worden gelaten(1,156)
mikt op(1,44)
angst voor(1,153)
houdt rekening(2,106)
geen verrassing(1,107)
harde les(1,126)
het hoofd(1,156)
een geweldige(1,156)
vaak goedkoper(2,27)
vraag naar(1,156)
zal blijven(2,156)
directeur generaal(1,151)
eeg landen(1,26)
weer winstgevend(1,32)
denken aan(1,156)
philips computer(1,16)
het kabinet(5,156)
50 miljoen(2,64)
toch nog(1,156)
verhoging van(3,95)
slechte cijfers(1,58)
goede zaak(1,156)
beroep op(1,156)
bijzonder hard(1,106)
kans op(1,156)
gewone man(1,95)
ned antillen(1,43)
van crm(1,29)
goedkope dollar(2,9)
twee maten(1,142)
een glimlach(1,156)
gewaarborgd door(1,155)
uyl sprak(2,20)
aanzien van(1,156)
nog niet(8,156)
optreden tegen(1,137)
slecht resultaat(1,87)
even groot(1,156)
van hulten(1,132)
keer zo(1,60)
snel herstel(1,73)
te dichten(1,145)
getroffen door(1,156)
meldingsplicht voor(1,31)
interesse voor(1,89)
een aantal(1,156)
bezegeling van(1,104)
weinig positieve(1,73)
de obligatiemarkt(1,81)
nog geen(3,156)
bestrijding van(2,156)
feite alleen(1,56)
op madagascar(1,115)
goed gestemd(2,143)
bevordering van(1,156)
zijn schouders(1,126)
zou hebben(1,156)
gedaan om(1,156)
wijzen op(1,156)
te lijf(1,154)
duitse fiscus(1,12)
nog enigszins(1,89)
een felle(1,156)
verlaging van(2,156)
het toerisme(1,100)
legde hem(1,139)
van speyk(1,145)
street zette(2,12)
geen ruimte(1,142)
de gevarenzone(1,54)
stagnatie in(1,139)
gisteren begonnen(1,150)
president ford(1,15)
regering heeft(1,131)
van moock(2,87)
boven alles(1,156)
het schip(3,156)
worden gedaan(2,156)
belangstelling voor(1,156)
afhankelijk van(1,156)
verlenging van(1,156)
zou worden(1,156)
duurder worden(1,129)
naar israel(1,38)
zeer positieve(1,88)
bijdrage tot(1,155)
aanvallen op(1,156)
doet niets(1,156)
spreiding van(2,100)
de bundesbank(1,39)
rekenen op(2,156)
het olierijke(1,37)
te komen(1,156)
terug te(2,156)
dialoog met(1,67)
geen subsidie(1,145)
een enorme(1,136)
nieuwe uitgaven(1,151)
onze welvaart(1,144)
groot wantrouwen(1,115)
brief aan(2,156)
plannen om(1,152)
grote omzet(2,54)
worden gekocht(1,156)
groter verlies(1,37)
de oliecrisis(1,26)
hoofd bieden(1,146)
de koersontwikkeling(1,69)
begonnen met(1,156)
eerste zes(2,156)
van ommeren(5,156)
niet eens(1,156)
in friesland(1,156)
een gevoelige(1,156)
stijging van(1,147)
economische orde(1,76)
jacht naar(1,119)
een belangrijk(1,156)
de pous(1,41)
van gelder(5,156)
de aandelenkoersen(1,47)
veel vertrouwen(1,156)
de eeg(1,39)
internationale bedrijfsleven(1,40)
economische toekomst(1,88)
met garantie(1,138)
gevaar voor(1,156)
hoge winst(2,41)
produktie daalde(1,9)
warme winter(1,37)
wordt aangepast(1,75)
de zeventiger(2,85)
meer werkgelegenheid(2,67)
optimisme over(1,80)
oeso meent(2,2)
zeer fors(3,43)
is gedaald(1,155)
tegen zaterdagmiddagsluiting(1,1)
af te(1,156)
leugens over(1,84)
lage koers(2,69)
trager dan(2,82)
in bonn(1,119)
nooit zo(1,80)
van beleg(1,156)
overschot van(2,156)
zes antilliaanse(1,17)
een bijdrage(1,139)
gaat omhoog(1,79)
de regeringsverklaring(1,80)
dat hij(2,156)
opgelicht door(1,112)
fusie met(2,103)
in toom(1,156)
de huidige(2,156)
zware olie(1,72)
state of(1,144)
te denken(1,156)
een belangrijke(1,156)
uitgaven voor(1,156)
slechte economie(1,14)
begin 1975(2,14)
een kwart(1,156)
twintig man(1,142)
ruimte voor(1,156)
de toekomst(1,156)
geen verbetering(1,145)
omdat er(1,156)
niet zo(3,152)
gericht op(1,127)
weliswaar nog(1,103)
geeft moed(2,104)
om zeep(1,108)
in europa(3,156)
meer begrip(1,96)
de olieprijs(2,36)
exploitatie van(1,155)
zal komen(1,156)
verliesgevend zijn(1,31)
zorgen voor(1,156)
bescherming van(1,156)
gestemd over(1,152)
een nieuw(1,156)
de kaak(1,155)
groot aanbod(1,114)
het roer(1,156)
regering wil(1,103)
de knel(1,114)
er zit(2,138)
loop van(2,156)
heel stel(1,90)
losgekoppeld van(1,32)
schuldig aan(2,156)
procent meer(1,104)
een onderzoek(1,156)
120 miljard(2,27)
teken van(2,89)
naar spanje(1,156)
terugslag op(1,113)
opdracht uitgevoerd(1,54)
in waterland(1,155)
de produktielanden(1,28)
beschuldigd van(2,156)
de v.s(2,95)
voorrang aan(1,110)
overzicht van(5,133)
handelaar in(1,156)
de betalingsbalans(1,94)
de bres(1,156)
wisseling van(1,156)
in amerika(6,156)
daling van(1,156)
de pvda(1,50)
de amsterdamse(2,120)
in duitsland(4,85)
herstel van(6,156)
stuit op(1,140)
bouw van(2,156)
winst over(2,141)
niet spectaculair(2,46)
aantal vragen(1,137)
verbetering van(2,156)
de consument(1,131)
klap krijgen(1,47)
reacties op(2,78)
geen echte(1,119)
geen meldingsplicht(1,9)
een sterke(2,156)
rekent op(5,156)
zijn stempel(1,121)
elkaar af(1,118)
een streep(1,142)
12 procent(2,100)
unilever begon(2,18)
britse film(1,45)
directeur van(1,156)
zorgen over(1,103)
analyse van(1,144)
leider van(1,152)
het huwelijk(1,156)
maar weinig(1,156)
regering denkt(1,74)
niet beter(1,156)
niet mogelijk(1,156)
helft van(4,156)
profiteert van(2,121)
nederlander die(1,156)
houding ten(1,149)
medewerking van(1,156)
kern van(1,156)
groei van(2,155)
tussen negers(1,21)
5,75 miljard(3,1)
er nog(1,156)
nu nog(1,156)
verkeren in(1,63)
agiobonus van(2,24)
subsidie voor(1,155)
of nauwelijks(1,108)
de italianen(1,153)
uit denemarken(1,151)
neemt snel(1,103)
lagere groei(1,18)
te hopen(1,156)
weer flink(2,113)
in engeland(4,156)
laurens ten(1,26)
de praktijk(1,156)
effect zou(1,119)
denkt aan(3,156)
men praat(1,118)
de nederlandse(1,156)
werkelijk progressieve(1,5)
het vad(1,86)
gevolg van(1,156)
bevorderd worden(1,155)
grootste onderneming(1,71)
basis voor(2,140)
toeristen naar(1,79)
aftreden van(1,156)
klein geld(1,140)
de eerste(2,156)
opmerkelijk goed(1,81)
een moeilijke(1,125)
het krijt(1,132)
toerisme naar(1,64)
niet slecht(1,156)
oorzaak van(2,156)
onze partij(1,141)
lagere omzet(2,36)
de grondstoffenprijzen(1,61)
de waarheid(2,156)
het hele(1,88)
177 miljoen(1,28)
der stoel(1,100)
het aanbod(1,156)
wachten op(1,156)
de enci(1,57)
kleine man(1,138)
geen andere(1,156)
de regering(1,156)
werkloosheid blijft(6,47)
meer belangstelling(1,156)
niet kwijt(1,119)
de werkgelegenheid(1,86)
afzet van(1,151)
vooral kwalijk(1,45)
miljoen subsidie(1,31)
de cpn(2,58)
het zaad(1,156)
tendens naar(1,66)
miljoen verlies(1,34)
de schuldige(2,156)
deze redenen(1,156)
teruggang in(1,149)
snel toe(1,143)
street bleef(2,24)
voor miljoenen(1,51)
te blijven(1,156)
van rijksdiensten(1,45)
zit vast(1,114)
de inflatie(2,79)
het eerst(3,156)
winnaar van(1,107)
de werkloosheid(3,109)
element in(1,150)
de duivel(1,156)
de provincie(2,156)
naar amsterdam(1,156)
niet verder(1,156)
nog verder(1,156)
de jeugd(1,156)
gebeurtenissen die(1,156)
in wall(4,93)
waarschuwing aan(3,156)
gered door(1,156)
heeft zich(1,156)
zeer sombere(1,76)
industrielanden hebben(1,21)
hebben gisteren(1,156)
de tweede(1,156)
tot eind(1,120)
nieuw voorstel(2,156)
54 miljoen(1,41)
de amerikaanse(1,102)
mede omdat(1,141)
symbool voor(1,97)
praat met(1,106)
gevolgen van(1,156)
is gisteren(1,156)
in washington(1,140)
vertrouwen in(3,156)
gevaarlijker is(1,144)
winststijging van(1,39)
opleving in(1,88)
uyl ziet(1,17)
van stapel(1,156)
hoop op(3,156)
nieuwe inflatie(1,32)
woord over(1,156)
raad van(1,156)
charters naar(1,19)
hard getroffen(1,41)
is dus(1,156)
de brug(1,156)
de verkiezingen(1,156)
beeld van(1,156)
winst per(2,130)
verlies van(4,156)
al deze(1,156)
wordt aangehouden(1,149)
de markt(1,156)
het pessimisme(1,120)
mr maas(1,107)
de wereld(2,156)
krijgen omdat(1,131)
door dr(2,156)
duitse auto(1,49)
kan alleen(1,156)
nog duurder(1,134)
te remmen(1,118)
afscheid van(1,156)
te pessimistisch(1,121)
voorlopig weinig(1,48)
de japanse(1,86)
de gevolgen(1,156)
wijze mannen(1,102)
de arbeidersbeweging(1,113)
uitgeput door(1,146)
en middelgrote(1,56)
tot ongewenste(1,52)
werknemers kwijt(1,8)
verder dan(1,156)
teruggang van(2,152)
de hele(3,95)
om zich(1,156)
concludeert uit(2,77)
nog toenemen(2,135)
het verweer(1,102)
geluiden over(1,50)
kijk uit(1,97)
klad in(2,98)
recessie in(8,40)
het vertrouwen(1,156)
de wet(1,156)
situatie in(2,99)
jaar vast(1,153)
de beurs(4,156)
ondernemers moeten(1,78)
flink lager(2,40)
hausse in(2,99)
draait op(2,89)
zolang de(1,79)
in strijd(1,156)
wij staan(1,156)
uitdaging voor(1,80)
zonder werk(4,156)
ziet voorlopig(1,33)
want al(1,156)
bron van(1,156)
werkloosheid terug(1,33)
te laag(1,156)
niet direct(1,151)
dupe van(2,141)
de antillen(1,142)
bij suralco(1,11)
opleving van(3,100)
drukt op(1,154)
problemen met(1,81)
omvang van(1,156)
eventjes maar(1,79)
tekort op(1,152)
de crisis(2,156)
we eten(2,101)
met grote(1,91)
betalingsbalans zal(1,43)
naar venezuela(1,132)
het westduitse(1,49)
alle sprookjes(1,41)
de doorslag(1,112)
meerderheid van(1,156)
gedeeltelijk geslaagd(1,36)
lagere omzetten(1,10)
de gebeurtenissen(1,156)
verder terug(1,138)
stoom af(2,76)
tot samenwerking(1,125)
een nieuwe(4,156)
van synthetische(1,81)
van sinkel(1,61)
de recessie(8,41)
toom te(1,155)
bres voor(1,107)
bij hoogovens(1,38)
praten met(1,123)
vooraan in(1,156)
niet bereikt(3,156)
nieuwe type(1,102)
nieuwe golf(1,76)
eerst nog(2,156)
der sterkste(1,135)
bedrijven naar(2,156)
de baas(1,156)
gang van(1,156)
een zeer(1,156)
past niet(1,133)
gaat over(2,156)
grote leider(1,58)
het financieel(1,156)
houden met(1,156)
de schietboom(1,14)
laatste stap(1,96)
van den(2,156)
parlementaire jaar(1,91)
of slechter(1,113)
de verbruikers(1,156)
geen maatregelen(1,141)
ruim 10(2,156)
invloed van(2,156)
onder zware(1,150)
het eten(2,156)
meer mogelijk(1,156)
in tokio(1,107)
belgische markt(1,75)
steeg met(1,133)
der spiegel(1,99)
onze steden(1,154)
ook niet(1,156)
de internationale(1,151)
taak om(1,156)
weinig verbetering(1,135)
per rolstoel(1,17)
geen roet(2,91)
gasten uit(1,134)
alle kwaad(1,141)
hun fouten(2,95)
een heel(1,156)
advies van(1,156)
op jacht(1,122)
de derde(1,156)
opgaan in(1,133)
economische verwachtingen(1,24)
daarvan kan(1,156)
de gewone(1,156)
crisis in(1,155)
op weg(7,156)
de kostprijs(1,113)
is noodzakelijk(1,156)
een lange(1,156)
heffing op(1,153)
dieptepunt van(1,66)
wordt begonnen(1,126)
ondanks de(1,156)
nieuwe economische(2,88)
regering wilson(1,9)
niet forceren(1,47)
hoe ziet(1,122)
aftreden werd(1,122)
op wielen(1,150)
nieuws uit(2,156)
is er(1,156)
is weliswaar(1,108)
opzeggen van(1,139)
nieuwe toekomst(2,134)
illegaal in(1,58)
aanwijzingen voor(1,132)
de studentenstops(1,9)
bij kalme(2,114)
redden door(1,154)
steeds langer(1,102)
liquidatie van(1,155)
komt nog(1,156)
een gelukkig(1,156)
laag geweest(1,117)
overeind te(1,124)
een totale(1,133)
de rentedaling(1,34)
is onaanvaardbaar(1,68)
stonden onder(1,148)
wacht op(1,156)
de rai(1,96)
succes heeft(1,145)
in 1974(9,38)
de baan(1,156)
een zwakke(1,141)
dreiging met(1,89)
in 1980(1,71)
links en(1,156)
in zicht(2,125)
het oeroude(1,75)
de feiten(1,156)
op eigen(1,156)
mr gerrit(1,70)
cpn wil(1,20)
wending in(2,150)
winstdaling van(3,28)
voor alle(1,156)
er veel(1,156)
fiscus heeft(1,81)
in 1985(1,46)
de blokkades(1,23)
termijn nodig(1,40)
regering doet(1,86)
kon shell(2,39)
gevolgen voor(1,156)
zal heus(1,53)
hebben geleden(1,156)
doen we(1,132)
britse centrale(1,20)
jaar weer(2,136)
werkloosheid in(3,106)
voor verdere(2,156)
geen opleving(1,39)
het kapitaal(1,156)
amerikaanse kerken(1,43)
geen verhoging(2,57)
minimumlonen en(1,28)
slechts kleine(1,156)
van onze(9,156)
knelpunt in(1,36)
de macht(1,135)
derde conferentie(1,65)
het wonder(1,156)
werklozen in(2,58)
tekenen van(1,73)
zit nog(2,151)
in 1976(4,37)
brug komen(1,105)
somber over(1,55)
de winst(1,156)
de economie(4,142)
met forse(2,59)
in 1975(3,53)
naderbij te(1,138)
militaire raad(1,72)
voor investeringen(1,48)
groeien naar(1,76)
ramingen van(1,141)
de kamer(2,156)
zich vooral(1,156)
uit limburg(1,156)
dan verwacht(3,152)
winst en(2,156)
en wee(1,156)
de economische(1,138)
moeten zijn(1,156)
mensen zonder(1,64)
ligt dan(1,156)
de luchtvaart(2,122)
in ierland(1,73)
goed verwerkt(1,71)
aan de(6,156)
daalde met(3,106)
olieproduktie van(2,35)
conjunctuur in(1,78)
doek over(1,115)
alle projecten(1,45)
weg te(1,156)
bij nader(2,156)
over de(6,156)
niet overgeslagen(1,64)
het derde(2,156)
18 miljard(1,39)
aanbod van(1,156)
de puree(1,69)
gezet door(1,147)
krijgen om(1,155)
de vs(2,134)
rood goud(1,53)
regering moet(1,104)
vooruitzichten zijn(1,122)
regering neemt(1,85)
klaar voor(1,136)
gaan samen(1,106)
de onderneming(1,156)
door hans(1,110)
door jaap(2,89)
het laatste(1,156)
uitgaan dat(1,148)
de koersdalingen(2,66)
terecht zou(1,121)
niveau van(1,119)
in het(15,156)
minder winst(3,95)
de rug(1,153)
vragen voor(1,156)
komen om(1,156)
met een(3,156)
in ons(2,156)
begin dit(1,66)
een baan(1,133)
zijn antwoord(1,156)
vooral niet(1,156)
de gunst(2,156)
in opmars(1,52)
er slecht(2,155)
bij deze(2,156)
cijfers zijn(1,151)
000 werknemers(1,18)
zone van(1,101)
japanse arbeiders(2,17)
er is(1,156)
gouden tijd(1,118)
in uitzicht(1,117)
chemisch verdrag(1,2)
nog net(2,140)
we er(1,155)
blijft achter(1,107)
een tweede(1,156)
de crisisverschijnselen(1,29)
geleden door(1,156)
de monopolies(1,87)
zweden heeft(1,153)
het internationale(1,144)
wereld zou(1,154)
bereid tot(1,156)
met verlies(1,156)
maasstad heeft(1,52)
te vaag(1,121)
einde van(1,156)
niet somber(3,91)
kleiner tekort(1,7)
zijn geschrokken(1,70)
aan het(3,156)
er meestal(1,132)
effect van(1,156)
hard aan(1,142)
de massa(1,156)
geen nieuwe(1,156)
moeilijkheden met(1,126)
kamer over(1,156)
met 7,5(1,47)
geduld en(1,156)
door gerard(2,137)
hard toe(1,75)
belofte niet(1,151)
steun voor(1,156)
van economische(2,122)
tot president(1,156)
in parijs(2,156)
verweer van(1,101)
meren en(1,147)
hoger op(1,61)
in japan(7,155)
achter de(1,156)
weerstand aan(1,136)
op vrije(1,156)
de steek(1,142)
door cees(4,57)
staan er(2,156)
van discriminatie(1,63)
nog ruimte(1,128)
minister simon(1,23)
schade die(1,156)
op niveau(1,82)
door kees(2,90)
op nieuw(1,155)
werkloosheid zal(2,98)
wereldbank en(1,50)
zich nog(1,156)
koerst op(1,30)
de schade(1,156)
de problemen(1,101)
bij de(4,156)
in alle(1,156)
de top(2,154)
met weinig(1,156)
peil ligt(1,39)
kan er(1,156)
vooral op(3,156)
offers te(1,154)
is uniek(1,79)
krijgt geen(1,126)
bij het(2,156)
lager resultaat(3,34)
het vrije(2,156)
werkt met(1,152)
monopolies en(1,74)
naar eenheid(1,129)
probleem van(1,110)
economie gaat(1,33)
zijn gezag(1,156)
worden aangericht(1,115)
door rob(6,70)
minder toeristen(1,21)
door de(2,156)
winst kon(2,99)
worden genezen(1,140)
de moeilijkheden(2,137)
stelsel dat(1,155)
samenleving die(1,107)
van rsv(1,22)
top van(1,156)
marionet van(1,56)
toezeggingen van(1,143)
het 25ste(1,127)
steeds niet(1,156)
wat nu(1,156)
gaat optreden(1,90)
kreeg vorig(2,36)
buitenlandse bureaus(1,1)
koersdalingen van(1,57)
ijver voor(1,155)
door een(1,156)
hoogste inkomen(1,29)
r.k kerk(1,65)
de actie(1,155)
ziekteverzuim en(1,29)
nederland heeft(1,156)
toestemming voor(1,133)
misleiding van(1,143)
bureaucratie en(1,107)
zonder brood(1,125)
zou dan(1,156)
een plan(1,156)
gunstig voor(1,156)
plan voor(2,156)
de lange(1,156)
nieuwe jaar(2,156)
is nog(2,156)
maatregelen zal(1,156)
de hoofdredacteur(2,150)
woningbouw in(1,90)
vvd en(1,48)
bedrijfsleven zou(1,69)
de vrouw(2,156)
te hulp(2,156)
de rode(1,140)
voor 695(1,42)
cosmetica en(1,42)
als een(2,156)
verschuivingen op(1,58)
de koek(2,156)
kunnen zijn(1,156)
voor verbetering(2,156)
op het(1,156)
de negatieve(1,135)
remmen en(1,108)
trouwens alleen(1,116)
en economisch(1,121)
door wim(8,73)
in de(27,156)
al dan(1,156)
alleen bij(1,156)
president directeur(1,92)
door cor(1,86)
de rijke(1,156)
dat geval(1,156)
voor de(10,156)
de tegenwerking(1,154)
hoopt op(3,155)
eindje op(2,100)
door louis(2,148)
gaat het(1,156)
voor het(5,156)
crisis is(1,154)
van het(3,156)
gemeenteraadslid van(1,106)
tekort van(1,156)
recessie zal(1,19)
maar als(1,156)
en fris(1,91)
een verdere(1,143)
meer winst(6,122)
geweld aan(1,156)
het type(1,132)
congres van(2,156)
buiten de(2,156)
toekomst niet(1,156)
regering gaat(2,84)
weer verhoogd(1,86)
socialisme en(1,130)
sparren en(1,143)
kees van(2,110)
gezamenlijk met(1,156)
kampen met(1,155)
nederlanders staan(1,65)
de man(1,156)
blijft even(1,148)
opnieuw terug(1,101)
sterk onder(1,139)
over 1974(2,12)
klijnstra en(1,82)
recessie is(1,27)
wereldranglijst van(2,44)
de grote(1,98)
roet in(2,114)
moeilijkheden te(1,129)
bedrijven hebben(2,95)
overheid geen(2,108)
gisteren is(1,156)
overschot op(1,155)
import van(1,112)
door bert(1,72)
de bondskanselier(1,76)
navo en(1,44)
chemie en(2,140)
staalindustrie in(1,77)
schieten op(1,152)
haast bij(1,143)
of boot(2,123)
korter gaan(1,21)
moet nog(1,156)
groei en(1,156)
economie kan(1,64)
problemen bij(1,71)
werd hem(1,156)
de moeilijke(1,129)
tegen de(4,156)
telegraaf amsterdam(1,40)
al of(1,156)
dalen maar(1,133)
door ruud(2,33)
amerika zou(1,138)
moeizaam op(2,77)
italianen zijn(1,132)
situatie op(2,91)
van dit(2,156)
landen moeten(1,115)
bij philips(1,82)
werkt op(3,156)
worden door(2,156)
onder de(2,156)
in reactie(2,111)
plaats voor(1,156)
van engeland(1,156)
somber in(3,107)
beursweek met(1,15)
winst van(1,156)
sprookjes die(1,83)
engeland zal(2,155)
bleef vrij(2,126)
nu ruim(1,156)
kan nu(1,156)
belang voor(1,156)
geloof in(1,156)
van hun(2,156)
dat de(6,156)
te hard(3,156)
met 1,7(1,43)
zich over(3,156)
kerken en(1,156)
komt uit(1,156)
29 miljoen(1,42)
meer orders(2,86)
rekening met(2,156)
die ons(1,156)
kunnen hebben(2,156)
van zaken(1,156)
hulp van(1,156)
omdat de(1,156)
op de(12,156)
door bernard(1,114)
grijpt om(1,80)
oeso in(1,29)
van de(33,156)
meer hulp(2,123)
spek en(1,156)
meer moeilijkheden(1,109)
gevaar is(1,156)
moet snel(1,94)
handelsbalans van(1,93)
richten op(1,126)
groep van(2,155)
nederland zal(1,156)
nu niet(2,156)
voor een(3,156)
daarbij zal(1,156)
steeds achter(1,116)
voor herstel(3,148)
studeert op(2,56)
de nek(1,120)
spanje heeft(1,156)
weer aan(1,152)
voor immigratie(1,102)
ruud van(2,42)
in moeilijkheden(5,126)
na jaren(1,156)
adviseurs van(1,108)
eens met(1,156)
uit de(6,156)
inflatie en(1,78)
een antwoord(1,156)
niet best(1,154)
op volle(2,140)
rol meer(1,100)
van alle(1,156)
pompen en(1,156)
een werkelijk(1,156)
musea in(1,108)
te biecht(1,90)
duitsland en(3,74)
regering geen(1,106)
record voor(1,103)
klap voor(2,92)
vraagt om(2,156)
3e plaats(1,98)
een exclusief(1,76)
weer in(2,156)
fractie in(1,133)
dieptepunt voor(1,33)
woning in(1,156)
naar ons(1,156)
bedrijfsleven in(1,87)
waar het(1,156)
universiteiten in(1,132)
door peter(2,127)
de vrede(1,156)
tot een(1,156)
daalde in(1,137)
nieuwe rol(1,113)
plannen zijn(1,154)
macht van(2,133)
ook in(2,156)
op een(1,156)
is redelijk(2,143)
economie zal(1,74)
aanvraag voor(1,153)
ook kritiek(1,65)
blijft bij(4,156)
herstellen van(1,156)
nederland gaat(1,123)
tot overname(1,152)
voor engeland(2,156)
zich op(1,156)
van anderhalf(1,156)
name bij(1,140)
fabrieken in(2,156)
directie noemt(1,27)
waarom geen(1,141)
de lift(1,114)
in rijnmond(1,33)
wel overeind(1,31)
naar de(2,156)
en plassen(1,127)
landen willen(1,88)
het rollen(1,137)
werken en(1,156)
hoe het(1,156)
vreemdelingen in(1,155)
in west(5,155)
met 16,5(1,21)
nieuw fonds(1,66)
uit vertwijfeling(1,22)
niet waar(1,156)
steek zal(1,95)
als uitgesloten(1,98)
is een(1,156)
van ons(2,156)
gaan geven(1,134)
en neer(1,156)
gast in(1,139)
economie is(1,86)
is nodig(1,68)
zich herstellen(1,108)
in geval(1,156)
minister mr(1,110)
van amerika(1,156)
meer jongeren(1,58)
door piet(1,112)
kamer van(2,156)
onzekerheden en(1,72)
zijn vaak(1,128)
ford biedt(1,22)
dat amerika(1,147)
dan niet(1,156)
bier en(1,156)
aan ons(1,156)
na de(2,156)
keer niet(1,143)
stond weer(1,113)
in dollars(1,128)
door ed(5,151)
negers en(1,154)
sparen en(7,155)
loopt op(1,153)
problemen van(1,100)
of er(1,156)
door onze(1,156)
actief in(1,105)
storend voor(1,53)
over ontwikkelingen(1,31)
de zomer(1,156)
rond 25(1,79)
initiatieven van(1,64)
roer moet(1,46)
duisenberg van(1,21)
conflict bij(1,87)
mensen over(1,64)
eisen voor(1,86)
van loon(2,156)
verlies voor(1,156)
oliecrisis en(1,18)
ook bij(1,156)
om overeind(1,65)
antwoord weet(1,91)
leven in(2,156)
zakken en(1,156)
zijn poging(1,125)
onaanvaardbaar voor(1,64)
wijst uit(2,103)
vakorganisaties en(1,89)
in amsterdam(1,156)
uitkering voor(1,56)
en frankrijk(2,156)
wat is(1,156)
1976 zeer(1,20)
niet aan(1,156)
de defensie(1,152)
uyl weet(1,10)
lus om(1,65)
jaar zal(1,156)
ziet het(1,156)
druk van(1,156)
in frankfort(1,154)
ons nu(1,156)
tussen hoop(2,48)
koersdalingen in(1,37)
van haar(1,156)
om vrede(1,155)
en rob(1,96)
rijnmond zal(1,24)
wijzen naar(1,136)
van af(1,156)
werkt weer(1,90)
berichtgeving van(1,81)
zeker meer(1,156)
is het(1,156)
te somber(1,112)
groei in(6,108)
wereld vandaag(1,36)
in een(1,156)
omzet van(1,156)
de rente(2,156)
het kort(9,156)
belastingen in(1,156)
door klaas(2,142)
recessie en(2,33)
in heerenveen(1,98)
dringen aan(1,150)
nederland moet(1,154)
gegadigden op(1,148)
burgers en(1,156)
alleen in(1,156)
op kosten(1,156)
miljoenennota en(1,36)
personeelsleden in(1,47)
vrouw met(1,156)
100 min(1,81)
slecht voor(2,153)
vakbonden in(2,91)
die niet(1,156)
in roosendaal(1,90)
zou overigens(1,143)
meer haast(1,113)
is dat(1,156)
arbeid voor(1,156)
lenen aan(1,57)
die in(1,156)
uyl en(1,36)
jaar achter(1,119)
maakte plaats(1,128)
energie aan(1,123)
bonden en(1,155)
bestuur blijft(2,122)
om de(4,156)
zaken in(1,156)
maatregelen voor(1,156)
toeristen in(1,94)
van der(10,156)
op herstel(1,156)
van rambouillet(1,37)
met de(4,156)
procent zou(1,84)
oplopen van(1,55)
geld op(1,156)
bij siemens(2,52)
de bedrijven(1,156)
dus een(1,156)
een miljoen(3,97)
europa en(1,156)
met postzegel(1,109)
van een(3,156)
van collectieve(1,97)
staan op(1,156)
vast op(1,156)
heeft een(1,156)
ontreddering en(1,64)
crisis te(1,155)
plan van(1,156)
over problemen(1,78)
en democratie(1,105)
duitsland trekt(1,12)
raken door(1,106)
in midden(1,156)
want de(1,156)
jaar nog(2,156)
gedaald met(1,100)
een dieper(1,138)
leven en(1,156)
arbeiders zijn(1,153)
naar herstel(3,108)
kritiek van(1,154)
mannen zijn(1,156)
bijna half(1,111)
niet te(4,156)
ziet af(1,119)
industrie in(2,156)
1976 met(1,24)
van tien(2,156)
valt terug(1,78)
stijgen met(2,112)
over te(1,156)
door fusie(1,75)
een der(1,156)
en unilever(1,65)
vervolging in(1,153)
bleef goed(2,137)
tijd voor(2,156)
wereldbank in(2,44)
van honderdduizenden(1,123)
armoede in(1,155)
studentenstops en(1,6)
voor ondernemers(1,83)
remt de(1,70)
niet uit(3,156)
biedt geen(1,122)
zich als(1,156)
nog sprake(1,141)
economie in(5,88)
plaats zou(1,156)
regering in(2,132)
een beweging(1,136)
door marijke(1,42)
van supertankers(2,10)
olieprijs wordt(1,6)
de arbeid(1,156)
treft het(1,153)
en bonen(1,65)
bernhard naar(1,42)
correspondent in(1,154)
de weg(1,156)
1974 met(1,26)
toekomst vooral(1,97)
bij hoesch(1,14)
het werkelijk(1,156)
nederland wil(1,132)
lubbers over(2,21)
vooral akzo(2,14)
jan laan(6,56)
zich door(2,156)
dan een(1,156)
jaar verwacht(1,116)
komt niet(1,156)
met verlichting(1,120)
niets van(1,156)
hier en(1,156)
houdt in(1,156)
houden en(1,156)
voelbaar in(1,73)
herstel in(10,155)
of wat(1,156)
grote landen(1,60)
in grouw(1,75)
in rotterdam(2,156)
er aan(1,156)
vos en(1,156)
wat doen(1,154)
gaat met(1,156)
redt het(1,90)
niet stopzetten(1,37)
kemenade en(1,38)
kranten zullen(1,57)
schepen in(1,156)
bij een(4,156)
heeft ook(1,156)
inspirerende en(1,30)
met 40.000(1,100)
op zijn(1,156)
dollar of(1,112)
strop van(2,98)
albert van(1,156)
belastingverlaging in(1,53)
de wonden(2,156)
pvda in(1,49)
inflatie af(1,17)
de sociaal(1,123)
minder olie(4,35)
opslag voor(2,94)
goed te(1,156)
stellingen van(1,156)
peter van(2,154)
belangstelling in(1,156)
en verhagen(1,124)
vermoedelijk met(1,155)
in textiel(1,74)
geboren is(1,156)
geen tweede(1,155)
hem in(1,156)
en zuid(1,156)
zaad van(1,156)
moet opnieuw(1,105)
inleidingen op(1,47)
en winst(2,142)
aangehouden maar(1,120)
wee van(1,152)
uitspraken dat(1,117)
het beter(1,156)
rotterdam heeft(1,156)
cpn in(1,49)
jaar vermoedelijk(4,114)
door coos(2,8)
roermond en(1,155)
optimisme en(1,108)
economie van(1,114)
spd in(1,47)
te boven(3,156)
onderneming in(1,156)
van 500(1,156)
weet het(1,156)
van aramco(2,10)
congres tegen(2,101)
1975 met(1,35)
japan is(1,148)
de daden(2,156)
partij kan(1,155)
in rambouillet(1,10)
dat nu(1,156)
en boersma(1,118)
maand begonnen(1,73)
enigszins in(1,94)
bouwer en(1,113)
nederland haalt(2,27)
wonder van(1,147)
recessie nog(1,10)
scheepsbouw in(1,137)
in meppel(1,107)
niet in(1,156)
sprak met(2,156)
van paul(1,155)
congres in(1,155)
strijd in(1,156)
door alle(1,156)
had een(1,156)
op tv(1,104)
krijgt meer(1,109)
kwartaal nog(1,112)
ook door(1,156)
was gunstig(1,151)
staat van(1,156)
doktert aan(1,3)
maanden van(2,156)
bevolking nog(1,153)
komt maar(2,154)
1945 zijn(1,52)
vs zullen(1,45)
investeringen te(1,48)
zou zakken(1,76)
in bolsward(1,105)
zou het(2,156)
pous en(1,21)
fors in(3,41)
jongeren zonder(1,37)
naar een(2,156)
pessimisme van(1,102)
wat denken(1,105)
had beschouwd(1,129)
redding voor(2,126)
steeds als(1,156)
plassen in(1,124)
zij gaan(2,156)
beleid niet(1,115)
resultaten op(1,154)
landen in(2,156)
economie verder(1,24)
planbureau in(1,44)
en hogere(1,63)
heeft weinig(1,156)
de partijen(1,156)
blijven nog(2,156)
op beurzen(1,41)
friesland nog(1,121)
voorzieningen op(1,89)
europa nog(2,154)
niet op(2,156)
bnp in(2,19)
ook de(1,156)
groenevelt en(1,28)
dollar op(1,108)
wordt weer(1,141)
dienst voor(1,156)
wordt eerst(1,156)
wordt geboren(1,140)
rotterdam 10(1,155)
aandelen worden(1,49)
en nu(3,156)
voor verhoging(1,57)
in discussie(1,156)
regeringsbeleid wordt(1,16)
zich goed(1,156)
niet omhoog(1,102)
door geert(6,87)
over economie(2,68)
voor bezinning(1,50)
een economische(2,116)
onrust op(1,127)
zal mede(1,155)
man ontslaan(1,14)
moeilijk jaar(5,88)
krijgt hulp(1,33)
krachtig door(2,148)
redenen is(1,155)
treedt niet(1,141)
over economische(4,96)
computer heeft(1,32)
het pond(1,156)
praktijk in(1,150)
wal en(2,156)
prijsverhogingen en(1,43)
en kramer(1,153)
dagblad de(1,156)
fors op(2,42)
de textiel(2,95)
de anderen(1,156)
kabinet van(2,156)
en kleine(1,156)
groeit onder(1,45)
van arbeidsplaatsen(1,31)
werken bij(2,156)
maar veel(1,156)
geld en(18,156)
dik in(1,137)
in juni(2,141)
blij te(1,120)
jaar al(1,156)
economie niet(1,77)
zomer in(1,155)
ondernemers geen(1,64)
op non(1,149)
de hudson(1,125)
dal heen(1,22)
als colijn(1,34)
resultaten blijven(2,47)
een vat(1,156)
congres wil(1,74)
stacaravan of(2,27)
de twee(1,156)
voor amerika(1,152)
geweest voor(1,156)
verkiezingen is(1,154)
baas heeft(1,96)
aktie van(1,71)
economie nog(1,60)
weinig echt(1,53)
en communisme(2,87)
meer op(2,156)
van amsterdam(1,156)
deden het(1,156)
aarzelen met(1,103)
kvp geen(1,23)
verzet in(1,144)
maar een(2,156)
groeien in(1,117)
vallen ook(1,137)
1974 was(1,22)
pers gaat(1,86)
onderwijs niet(1,156)
hoogovens in(1,113)
geen matiging(1,9)
zal nog(1,156)
hebben dat(1,156)
crisis en(1,150)
dollar in(1,127)
niet aangediend(1,12)
jaar met(2,156)
recessie te(3,31)
de wal(3,156)
boot door(1,150)
de dag(1,156)
zaak geweest(1,130)
wel is(1,156)
aan racisme(1,16)
in andere(1,156)
resultaten bij(1,128)
huwelijk is(1,156)
arkel en(1,102)
in zwart(1,156)
achter bij(1,148)
krijgt twee(1,100)
key en(1,81)
een onbegrijpelijk(1,132)
injectie van(1,75)
en wiegel(1,43)
op lange(3,154)
staat voor(3,156)
inderdaad wordt(1,130)
trok door(1,145)
passagiers op(1,156)
de rijnmond(1,40)
voor openbare(1,156)
moet bevorderd(1,53)
zijn beduidend(1,58)
terrein met(1,152)
jaar voor(1,156)
en pvda(1,48)
voor bestrijding(1,108)
duivel te(1,127)
of na(1,156)
de rijn(1,156)
dan in(1,156)
en oppositieleider(1,26)
dat zou(2,156)
die aan(1,156)
op zelfde(1,143)
voorspeld en(1,136)
merkt er(1,109)
1974 af(1,11)
komen in(1,156)
recessie op(2,22)
klanten bij(1,82)
door snelle(2,113)
zal geen(1,156)
genomen dat(1,156)
zakt in(1,77)
overigens kunnen(1,126)
in juli(2,140)
voordat een(1,131)
de ser(1,139)
goed is(1,156)
door philips(1,100)
begonnen moet(1,97)
zomer een(1,155)
man in(1,156)
die kant(1,117)
toch gedeeltelijk(1,66)
het niet(3,156)
jaar in(2,156)
in naam(1,156)
financieel en(1,140)
tijd door(1,156)
gaat zich(1,143)
geweldige tijd(1,32)
verloren gevecht(1,11)
miljard in(5,49)
beurs gaat(1,51)
machinefabriek in(2,101)
ook met(1,156)
noodlot van(2,110)
kan het(1,156)
als steun(1,113)
van diamanten(1,146)
in herstel(5,85)
in april(1,156)
door jan(7,156)
de dollar(8,133)
verband niet(1,156)
nu teveel(1,40)
in oirsbeek(1,51)
en dat(1,156)
echt nieuws(1,24)
vandaag bij(2,102)
tegen 1980(2,26)
verwacht geen(2,126)
terug met(1,156)
morgen bij(1,156)
kapitaal dat(2,155)
dat laatste(1,156)
van bestuur(1,156)
winkel van(1,156)
werkgelegenheid door(1,61)
en goed(18,156)
verlies bij(4,149)
vertrouwen van(2,156)
spanje weer(1,93)
nog in(5,156)
dreigt voor(1,108)
kunnen beter(1,105)
goed vol(1,112)
keren door(1,60)
hulp uit(2,153)
als de(2,156)
week tot(1,156)
voor politieke(1,150)
morgen in(1,156)
rentabiliteit te(1,47)
heeft in(1,156)
bonden op(1,114)
zet nog(1,103)
zette in(2,133)
waren de(1,156)
miljoen in(1,76)
reclame bij(1,111)
auto industrie(3,39)
zullen dit(1,156)
dreigt in(1,146)
zou ko(1,75)
van consumenten(1,92)
van samenwerking(1,126)
miljard uit(1,39)
winst in(4,143)
dat een(1,156)
miljoen voor(2,73)
laatste zou(1,156)
en winsten(1,124)
van werkloosheid(1,108)
en pessimisme(1,77)
reclame in(2,115)
hoop en(2,156)
oosten door(1,150)
klm en(1,59)
blijft in(1,156)
om inflatie(1,46)
meer economische(1,86)
in usa(1,47)
wordt het(1,156)
wereld door(2,156)
amerika staat(2,94)
om al(1,156)
wel vindt(1,119)
barometer in(1,81)
dat toch(1,156)
voor 800(1,155)
is in(1,156)
in grote(1,78)
dan naar(1,156)
op vrachtwagens(1,64)
de olie(1,156)
per man(1,148)
moeilijkheden door(1,114)
en waar(1,156)
kijkt over(1,64)
heeft na(2,156)
plicht voor(2,125)
begrip in(1,115)
maar in(1,156)
fme in(1,19)
het wel(3,156)
in bonus(1,42)
hal en(2,146)
dollars worden(1,97)
op tegenstand(1,118)
handel over(1,155)
zet door(3,108)
europa in(1,156)
werk en(1,156)
van belasting(2,156)
met ontslag(1,141)
sprong bij(1,118)
consumptie te(1,115)
hoorde maar(1,106)
mark in(1,132)
langer door(1,155)
computer voor(1,33)
philips en(1,155)
rokken in(2,115)
dollar en(1,140)
en gezondheid(1,156)
geweest van(1,156)
zijn dat(1,156)
haag maakt(1,70)
stad aan(1,156)
ontwikkeling niet(1,147)
van liquidatie(1,144)
voor zuid(1,142)
de groot(2,156)
zijn ook(1,156)
die een(1,156)
krijgt zijn(1,126)
heffing in(1,141)
zitting over(1,148)
220 man(1,42)
liter minder(1,25)
maandag op(1,156)
dat zijn(1,156)
wereld worden(1,148)
ontslag bij(1,150)
olie is(1,152)
maar over(1,156)
op lagere(2,152)
1974 per(1,13)
koek is(2,125)
met 12(2,156)
beleg op(1,112)
voorzitter de(1,156)
niet of(1,156)
dan de(1,156)
belasting in(2,156)
wereld op(1,156)
inzien van(1,156)
1976 weer(1,12)
wereld al(1,120)
pers in(1,153)
handel is(2,156)
economie komt(1,20)
geheel 1974(2,5)
handel op(1,156)
nederlandse les(1,31)
die het(1,156)
nvv over(1,11)
winst bij(4,126)
zou een(2,156)
beurs kijkt(1,2)
is de(2,156)
unilever en(2,66)
jaar misschien(2,115)
niet met(1,156)
beurs in(1,156)
makkelijk door(1,61)
werd de(1,156)
van olie(1,156)
naam wordt(1,152)
dobberen in(1,16)
weer tegen(1,130)
te groot(2,156)
en franz(1,105)
omzetten en(1,109)
commissie in(2,156)
geen stand(1,155)
drastisch om(1,21)
bank van(1,156)
voor klm(1,39)
met militaire(1,156)
overleg in(2,152)
dollar maar(1,79)
ergste van(1,146)
en kok(1,156)
voor bescherming(1,116)
beter of(1,147)
voor meer(1,156)
over verdere(1,120)
munten van(1,152)
voor fabrikanten(1,114)
begroting in(3,60)
zal in(1,156)
en de(3,156)
van 16(1,156)
is onze(1,156)
biedt zeer(1,79)
zette door(2,100)
al het(2,156)
frankrijk moeten(2,127)
inflatie door(2,47)
limburg had(1,99)
heeft genoeg(1,145)
amerika in(2,156)
rollen door(1,109)
in ned(1,155)
voor minder(2,156)
wielen op(1,128)
b.v op(1,120)
is op(3,156)
bij lindeteves(1,21)
toch in(2,156)
de lus(1,123)
zal de(1,156)
kreeg in(1,148)
jaar op(2,156)
van unilever(1,65)
je bij(1,146)
worden met(1,156)
klm in(1,56)
onderhandelingen voor(1,149)
vandaag de(1,112)
zijn niet(1,156)
bedrijfsleven voor(1,74)
hebben in(1,156)
voor economisch(2,78)
met sluiting(1,127)
voorstel kan(1,142)
minder schepen(2,66)
op bevordering(1,148)
stijgen dat(1,122)
gedaald op(2,116)
verwacht dit(3,130)
met giscard(1,8)
goederen niet(1,155)
top in(1,117)
en vrees(2,156)
bedrijven meer(1,84)
op retour(2,65)
thijn in(1,28)
goed hoger(2,25)
nu de(3,156)
zijn die(1,156)
ook klm(1,34)
bremen en(1,156)
nederland ook(1,156)
bewoners aan(1,147)
iets op(2,156)
positief en(1,108)
naar nieuwe(2,156)
motieven bij(1,68)
amerika nu(1,103)
snelst in(1,48)
weerstand op(1,74)
mij in(1,156)
van beperkende(1,98)
voor nieuwe(2,156)
slaat in(1,156)
eisen werk(1,15)
moet meer(1,155)
de mark(1,156)
die zijn(1,156)
alles nodig(1,48)
groep in(1,133)
van morgen(1,156)
contracten en(1,144)
winst door(1,130)
nog achter(2,134)
valuta van(1,79)
deze inflatie(2,31)
faillissementen en(1,99)
recessie nu(1,4)
nog voor(1,156)
en philips(2,146)
met 24(2,156)
opleving niet(2,24)
van 29(1,156)
cel voor(1,85)
wat in(1,156)
flink in(1,130)
hulp door(2,155)
voor 1977(1,19)
die de(2,156)
vs al(2,51)
en bezuiniging(1,135)
en daarvan(1,156)
van recessie(8,31)
blijft na(1,146)
van 18(1,156)
en werkloosheid(4,104)
een verloren(1,154)
van nationaal(2,152)
als zeer(1,156)
had in(1,156)
die grote(1,75)
vs wordt(2,48)
kritiek in(1,122)
toekomst door(2,151)
nu zeer(2,156)
economie met(2,73)
van burgers(1,155)
miljard voor(1,45)
crisis of(1,84)
en het(3,156)
maar betekenen(1,37)
van nationale(1,156)
en zeer(1,156)
street in(2,95)
jaar zeer(2,156)
cda met(2,21)
dalen op(1,129)
en arbeiders(1,156)
door ervaring(1,138)
en die(1,156)
en overvloed(1,145)
van uitkering(1,59)
waar door(1,156)
kok van(2,156)
geding om(1,46)
nederland wijst(1,36)
engeland een(2,156)
zaken door(2,156)
niet moet(1,156)
centraal in(1,79)
voor grote(1,63)
de roe(1,144)
welvaart op(1,152)
reorganisatie op(1,107)
van amerikaanse(1,92)
en kedichem(1,9)
moeilijk en(1,125)
door ben(1,155)
hoger kon(1,30)
voor japanse(2,56)
tankers op(1,18)
van schmidt(2,149)
boven aan(1,155)
kerncentrales voor(1,13)
eisen een(1,75)
op kleine(1,155)
niet wordt(1,156)
olie weer(1,46)
met 29(2,156)
meer produktie(1,32)
rente in(1,156)
sterk kunnen(1,100)
toe in(1,156)
vraag in(1,156)
voor nederlandse(1,100)
goud aan(1,149)
prijzen en(1,156)
recessie van(2,38)
in mannheim(1,103)
miljard op(1,41)
programma in(1,156)
toe door(2,156)
over herstel(2,75)
halfjaar voor(1,86)
aan eigen(1,156)
zou de(1,156)
en nao(1,43)
wal gaat(1,37)
geldt de(1,156)
dan onder(1,156)
van 180(1,156)
omzet en(2,155)
jaren van(1,156)
partijen van(1,156)
af van(2,156)
het kan(1,156)
ondernemingen ook(1,89)
zijn goed(1,156)
brouwers van(1,120)
looptijd en(2,54)
aanbod zo(1,36)
aanwezig voor(1,130)
nieuws in(1,156)
aruba in(1,82)
bakker in(1,155)
met volvo(1,36)
zicht van(1,128)
moet in(1,156)
juist meer(2,132)
van naderende(1,104)
zou dat(1,156)
de vad(1,92)
gelaten in(1,155)
bezit wordt(1,143)
groeien van(1,108)
zijn schuldig(1,145)
uit onderzoek(2,69)
prijzen met(1,156)
op 40(2,156)
paul de(1,155)
ziet een(1,156)
voorzitter raad(1,57)
schip keren(1,6)
kritiek door(1,90)
1974 vrij(1,5)
in winkel(1,139)
maatregelen vooral(1,57)
kant al(1,120)
meijer van(1,155)
in slechte(2,139)
japan op(3,132)
man moeten(1,144)
auto steeds(1,63)
inzinking nog(1,14)
61 bij(2,120)
en joden(1,153)
bij lagere(2,119)
in eerste(6,156)
werkelijk over(1,114)
liep te(1,156)
der tuin(2,134)
volk der(1,153)
blijft groot(1,114)
verlies in(1,156)
over defensie(1,50)
wil geld(1,84)
van hier(1,156)
tot nieuwe(1,156)
van groot(1,156)
crisis voor(1,119)
is te(1,156)
mei in(1,156)
beter geen(1,125)
van ns(1,156)
niet dalen(1,87)
over cao(1,22)
om japan(1,100)
personeel door(2,137)
douglas in(2,81)
nu 45(1,97)
van hal(1,156)
op verdere(1,156)
verwacht een(1,153)
leren op(2,111)
kabinet den(1,129)
nog door(1,156)
allen van(1,156)
halfjaar niet(1,57)
en aow(1,37)
heeft honderden(1,89)
van zijlstra(1,129)
goed wordt(1,154)
blijft uit(1,149)
voor t.v(1,35)
van grote(2,86)
na goed(2,132)
olie van(1,154)
verwacht in(1,156)
dsm op(1,26)
japan uit(1,91)
vad een(1,84)
en negatief(1,86)
en verlenging(1,130)
eiland bij(1,141)
en geringe(1,155)
net maken(1,107)
en verhoging(1,61)
er van(2,156)
ministers vos(1,5)
aan lagere(1,125)
van jaren(1,156)
vaak de(1,156)
waar waren(1,137)
salon is(1,109)
ons na(1,156)
van die(1,156)
1975 op(1,28)
tot 188(1,85)
op lijst(1,98)
en op(1,156)
vs in(1,133)
maar terug(1,123)
op luchthaven(1,33)
oplossing meer(1,82)
tot onafhankelijkheid(1,77)
op gelijk(1,154)
leerde in(1,98)
huisvrouw te(2,115)
goed gehad(1,99)
op 70(1,156)
over gaat(1,108)
bij uiterst(2,94)
eerste mei(1,104)
goed door(8,156)
stoel door(1,113)
is voordat(1,118)
begon dit(2,112)
middenstand van(1,96)
herstel door(4,106)
heeft vertrouwen(1,120)
hij begin(1,95)
van volgend(1,124)
telegraaf op(2,120)
weet op(1,156)
gelder in(2,139)
meer van(1,156)
nu per(1,134)
door diana(1,44)
al voor(1,156)
moet om(1,156)
in ban(2,130)
philips in(1,128)
halen in(1,150)
verwachten een(1,140)
de btw(1,29)
toeristisch jaar(1,3)
het dan(1,156)
van faillissementen(1,94)
brengt alle(1,98)
1958 van(1,43)
directie moet(1,80)
olie door(1,112)
partijbestuur voor(1,42)
toestaan in(1,101)
van economisch(1,100)
hoekstra voor(1,123)
van 61(2,156)
op minder(1,156)
op nieuwe(2,156)
lugt voorzitter(1,2)
voor achtergestelde(1,4)
van crisis(1,151)
imf voor(2,15)
vast bij(2,153)
van exxon(1,23)
moeten de(1,156)
op tegen(1,156)
van franse(1,90)
op maatregelen(1,155)
van kruisinga(1,20)
na verlies(1,59)
met inflatie(1,42)
moreel in(1,76)
met europa(1,155)
nu voorkomen(1,84)
jaar miljoen(2,40)
bureaus op(1,40)
stap tegen(1,41)
resultaat bij(2,106)
dat dan(1,156)
en hal(1,144)
maatregelen bij(1,155)
vs op(1,115)
markt door(1,154)
dollar niet(1,79)
weer de(1,155)
is zal(1,156)
bonn het(1,58)
kleine en(1,156)
voor of(1,156)
van rijk(1,155)
ons verdiend(1,28)
om ingrijpen(2,38)
met ogem(2,9)
anders met(1,156)
en or(1,155)
bij klm(1,32)
zou als(1,156)
londen weer(2,103)
in groter(1,60)
vs naar(3,56)
met 425(1,72)
voor ihc(1,11)
olie niet(1,116)
zout van(1,155)
deel op(1,155)
japan voor(1,129)
tijdens bezoek(1,28)
bereikt ook(1,97)
van gouden(1,155)
goed we(1,111)
produktie dit(1,30)
van westduitse(2,44)
het buitenlandse(1,101)
bij sociale(1,86)
van economie(5,87)
laag van(1,155)
en dollars(2,95)
zou in(1,156)
in franse(1,78)
van winsten(1,114)
op antillen(1,19)
over amerikaanse(1,51)
schmidt zijn(1,40)
een iets(1,144)
dividend in(1,122)
van hoog(1,156)
over vervolging(1,26)
voor bruynzeel(1,10)
gaan van(2,156)
hard van(1,141)
in nieuw(1,156)
af na(2,142)
en serve(1,10)
anwb zijn(1,36)
recessie de(2,22)
en beleggen(8,63)
gezondheid een(1,143)
maken een(1,156)
van produktie(1,68)
ford waarschuwt(1,1)
na winst(2,28)
in rode(1,68)
ontslag voor(3,124)
gaan net(1,84)
op lonen(1,45)
tot week(1,135)
de ruim(1,154)
frankrijk dit(2,146)
verlies ook(1,123)
vergaderde met(1,52)
tv op(1,92)
van n.o(1,71)
bank ziet(1,32)
van redelijke(1,120)
gulden nog(1,111)
dollar dat(1,86)
verwacht meer(2,95)
in dat(1,156)
vezels na(1,2)
zal langzaam(1,65)
rust de(1,156)
bonn uit(2,33)
vooroverleg voor(2,3)
landen dit(1,96)
jaar van(1,156)
naar gas(1,60)
in kaas(1,147)
voor st(1,156)
het halen(1,141)
maas van(1,156)
van prijs(1,156)
telegraaf door(1,76)
hij succes(1,101)
interesse op(1,59)
het werd(1,156)
vs voor(1,106)
krijgt 50(1,33)
informatie door(2,56)
hou het(1,97)
op verlies(2,118)
voor new(2,128)
en nederlandse(1,86)
suriname de(1,156)
damrak in(1,95)
in chemie(2,39)
hoeven trouwens(1,1)
heeft en(1,156)
bij bouw(2,90)
maatregelen meer(1,88)
ontslagen in(1,144)
voorzitter over(1,126)
in britse(1,76)
van casino(1,90)
op eind(1,123)
top bij(1,62)
koning voor(1,155)
samen de(2,125)
van eeg(2,83)
gekocht een(1,124)
der wild(2,43)
voor eerste(1,156)
zweden nu(1,34)
is kunnen(1,156)
aan ruim(2,152)
en dividend(2,131)
1977 niet(1,18)
merkte tot(1,65)
op amerikaanse(1,64)
miljoen te(1,56)
een procent(1,100)
uit door(1,156)
amsterdam van(1,156)
herstel ook(2,48)
bp en(1,68)
nkv er(1,4)
in su(1,115)
beurs nu(2,49)
recessie het(1,12)
tot in(1,156)
in teken(1,50)
produktie na(1,18)
markt nu(1,97)
aan west(1,93)
waarheid met(1,148)
bij thv(2,1)
van jaar(2,156)
interview een(1,72)
in tweede(3,155)
en lindeteves(2,28)
amerika tussen(1,11)
best moet(1,57)
van bp(1,80)
optimistisch naar(1,15)
over groei(1,29)
denken de(1,155)
goed tussen(2,50)
ford geeft(1,14)
op en(2,156)
over loop(1,44)
blijven dit(1,137)
telegraaf voor(1,84)
van opec(2,17)
heeft hoop(1,124)
voor verder(1,151)
had goed(2,133)
week steeds(1,66)
voor actie(1,92)
moeten over(1,142)
van extra(1,155)
vs dit(1,47)
jaar het(1,156)
verwacht herstel(1,4)
met schmidt(2,36)
naar 3e(1,93)
de gulden(1,156)
is winst(1,105)
op spreiding(1,14)
mogelijk geen(2,102)
door recessie(1,3)
wel en(1,156)
en recessie(2,17)
voor einde(1,123)
in auto(1,91)
ook belgische(1,80)
aan op(1,156)
vi in(1,149)
op tweede(1,108)
en ksh(2,6)
gehad het(1,155)
op misbruik(1,47)
in economische(1,102)
en vulcaansoord(1,6)
gaan per(1,108)
instituut de(1,150)
telegraaf kon(1,8)
york door(2,52)
in bouw(1,143)
dan olie(1,62)
slecht van(1,152)
miljoen nog(1,40)
beschouwd het(1,152)
bij billiton(1,15)
naar kleine(1,119)
unie verwacht(2,4)
rotterdam niet(1,153)
op vierkante(1,54)
in derde(2,140)
uit in(1,156)
amsterdam nederland(1,88)
aan industrie(1,87)
hulten op(1,4)
bij bewoners(1,68)
voor moeilijk(1,79)
nodig geld(1,10)
ford wil(2,21)
vs door(1,66)
van capaciteit(5,99)
voor ontslagen(1,87)
shell aan(1,39)
voorzitter landelijk(1,2)
en resultaten(1,125)
door crisis(1,21)
verhoging en(1,52)
gedaan we(1,73)
ook britse(1,43)
street zeer(3,6)
aan kapitalistische(1,16)
in economie(6,70)
minder van(1,156)
dan van(1,156)
in arkel(1,20)
vindt van(1,154)
aan top(1,64)
het wereld(1,119)
impuls op(1,7)
mee het(1,133)
in vs(19,129)
van vs(1,149)
en kiezers(1,117)
gaat te(2,156)
40 van(2,156)
met regeringen(1,29)
over enka(1,2)
op tot(1,156)
aan goed(2,156)
laatste voor(1,155)
van haagse(1,51)
in jaar(1,156)
bij 12(2,151)
aan slecht(1,105)
te den(1,156)
bij asm(1,1)
in tv(2,129)
in v.s(3,39)
in amsterdamse(1,53)
voor toekomst(1,109)
klein krijgt(1,9)
is gevaar(1,112)
flauw van(2,115)
naar mooi(1,66)
bij van(1,156)
voor kon(1,132)
in toekomst(3,106)
over op(1,156)
in brief(2,110)
25 meer(1,127)
lindeteves en(1,21)
commentaar de(1,85)
heeft zorgen(1,54)
van zich(1,156)
enka de(1,26)
ford maakt(2,9)
in gehele(1,56)
in kamer(1,152)
op werknemers(1,35)
heeft goud(1,73)
goed een(1,156)
btw als(1,19)
in loop(1,129)
voor cpn(1,23)
op einde(1,137)
enkes in(2,1)
74 naar(1,52)
op belgische(1,100)
in haven(2,126)
voor browne(1,2)
jaar omzet(1,24)
dollar de(2,119)
op limburgs(1,28)
bont de(1,101)
dat klm(1,28)
van bevolking(2,156)
voor amro(1,17)
van fiat(1,76)
goed het(1,156)
in scheepsbouw(2,33)
geld grof(1,1)
met scheppen(1,37)
geen snel(1,41)
op rechtse(1,14)
groot op(1,155)
van boekingen(1,23)
over in(1,156)
worden het(1,156)
can in(1,59)
ford in(1,79)
goed de(2,156)
en record(1,61)
in congres(1,104)
groot over(1,136)
street toch(2,2)
in bedrijfsleven(1,49)
ford verwacht(1,5)
zijn verteld(1,32)
herstel het(2,75)
en 3,7(1,6)
aan door(1,156)
van toename(1,40)
door utrecht(1,108)
op ged(1,54)
van week(1,144)
zegt grote(1,20)
april omhoog(1,3)
ged van(1,85)
koersen de(1,125)
te weer(1,155)
ford tijdens(1,2)
op verbruik(1,15)
van verkopen(1,49)
op jaar(1,155)
eert de(1,105)
met pierson(1,10)
op door(1,156)
van regering(2,101)
aan regering(1,68)
op moeilijk(1,75)
in huidige(1,82)
in 76(2,115)
van oliecrisis(1,3)
in 74(5,115)
renault in(1,50)
hal hebben(1,19)
op erg(1,76)
ford voor(2,60)
in rapport(1,113)
bij met(1,156)
aan industrielanden(2,1)
in jaarverslag(3,50)
ford ziet(1,3)
12 meer(2,86)
omlaag voor(1,11)
de met(1,156)
aan tweede(1,123)
zal jaren(1,84)
van voor(1,156)
thv en(2,2)
voor van(1,156)
en thv(1,1)
ford tegen(1,16)
van antillen(1,28)
23 meer(2,38)
van autobedrijven(1,6)
rolinco in(1,4)
op woning(1,56)
in door(1,156)
ford door(1,27)
met regering(1,45)
ford het(1,57)
op helft(2,40)
bij 1974(1,2)
